ISO-10303-21;
HEADER;
FILE_DESCRIPTION (( 'STEP AP214' ),
    '1' );
FILE_NAME ('22-23C-R6GHBHW-C01-2C.STEP',
    '2024-08-13T12:38:36',
    ( '' ),
    ( '' ),
    'SwSTEP 2.0',
    'SolidWorks 2023',
    '' );
FILE_SCHEMA (( 'AUTOMOTIVE_DESIGN' ));
ENDSEC;

DATA;
#1 = CARTESIAN_POINT ( 'NONE',  ( 1.050000000000000044, 0.000000000000000000, 0.2499999999999999445 ) ) ;
#2 = CARTESIAN_POINT ( 'NONE',  ( 0.000000000000000000, 0.000000000000000000, -0.2500000000000000555 ) ) ;
#3 = DIRECTION ( 'NONE',  ( 1.000000000000000000, 0.000000000000000000, -0.000000000000000000 ) ) ;
#4 = VERTEX_POINT ( 'NONE', #1460 ) ;
#5 = SURFACE_STYLE_USAGE ( .BOTH. , #2300 ) ;
#6 = AXIS2_PLACEMENT_3D ( 'NONE', #760, #3015, #237 ) ;
#7 = CIRCLE ( 'NONE', #1244, 0.1499999999999999667 ) ;
#8 = EDGE_CURVE ( 'NONE', #3182, #2747, #3317, .T. ) ;
#9 = LINE ( 'NONE', #1079, #188 ) ;
#10 = VECTOR ( 'NONE', #3228, 1000.000000000000000 ) ;
#11 = LINE ( 'NONE', #1038, #1193 ) ;
#12 = LINE ( 'NONE', #40, #818 ) ;
#13 = DIRECTION ( 'NONE',  ( -1.084202172485504434E-16, 0.000000000000000000, -1.000000000000000000 ) ) ;
#14 = FILL_AREA_STYLE_COLOUR ( '', #951 ) ;
#15 =( GEOMETRIC_REPRESENTATION_CONTEXT ( 3 ) GLOBAL_UNCERTAINTY_ASSIGNED_CONTEXT ( ( #619 ) ) GLOBAL_UNIT_ASSIGNED_CONTEXT ( ( #2843, #2584, #2670 ) ) REPRESENTATION_CONTEXT ( 'NONE', 'WORKASPACE' ) );
#16 = FILL_AREA_STYLE_COLOUR ( '', #1023 ) ;
#17 = VECTOR ( 'NONE', #1785, 1000.000000000000000 ) ;
#18 = FACE_OUTER_BOUND ( 'NONE', #1993, .T. ) ;
#19 = EDGE_LOOP ( 'NONE', ( #1718, #1837, #1752, #1119 ) ) ;
#20 = CARTESIAN_POINT ( 'NONE',  ( 1.349999999999999867, -0.02000000000000000042, 0.09999999999999950595 ) ) ;
#21 = ORIENTED_EDGE ( 'NONE', *, *, #741, .T. ) ;
#22 = DIRECTION ( 'NONE',  ( -0.000000000000000000, 1.000000000000000000, -0.000000000000000000 ) ) ;
#23 = DIRECTION ( 'NONE',  ( -2.168404344971008079E-15, 0.000000000000000000, -1.000000000000000000 ) ) ;
#24 = LINE ( 'NONE', #323, #1539 ) ;
#25 = SURFACE_SIDE_STYLE ('',( #3092 ) ) ;
#26 = SURFACE_STYLE_USAGE ( .BOTH. , #801 ) ;
#27 = ADVANCED_FACE ( 'NONE', ( #2804 ), #2857, .F. ) ;
#28 = VECTOR ( 'NONE', #625, 1000.000000000000000 ) ;
#29 = SURFACE_STYLE_USAGE ( .BOTH. , #2327 ) ;
#30 = ORIENTED_EDGE ( 'NONE', *, *, #2692, .T. ) ;
#31 = CARTESIAN_POINT ( 'NONE',  ( -1.000000000000000000, 0.5300000000000000266, -0.2500000000000000555 ) ) ;
#32 = STYLED_ITEM ( 'NONE', ( #3306 ), #27 ) ;
#33 = VECTOR ( 'NONE', #2726, 1000.000000000000000 ) ;
#34 = COLOUR_RGB ( '',0.9686274509803921573, 0.8784313725490195957, 0.5999999999999999778 ) ;
#35 =( NAMED_UNIT ( * ) SI_UNIT ( $, .STERADIAN. ) SOLID_ANGLE_UNIT ( ) );
#36 = MECHANICAL_DESIGN_GEOMETRIC_PRESENTATION_REPRESENTATION (  '', ( #3106 ), #2801 ) ;
#37 = DIRECTION ( 'NONE',  ( -0.000000000000000000, 0.000000000000000000, 1.000000000000000000 ) ) ;
#38 = CARTESIAN_POINT ( 'NONE',  ( 0.000000000000000000, 0.000000000000000000, 0.000000000000000000 ) ) ;
#39 = STYLED_ITEM ( 'NONE', ( #2750 ), #427 ) ;
#40 = CARTESIAN_POINT ( 'NONE',  ( -0.2999999999999998779, -0.000000000000000000, 0.000000000000000000 ) ) ;
#41 = CARTESIAN_POINT ( 'NONE',  ( -1.175000000000000044, -0.02000000000000000042, -0.2000000000000000944 ) ) ;
#42 = EDGE_CURVE ( 'NONE', #2930, #3055, #1861, .T. ) ;
#43 = ADVANCED_FACE ( 'NONE', ( #2902 ), #2648, .F. ) ;
#44 = SURFACE_STYLE_FILL_AREA ( #2850 ) ;
#45 = ORIENTED_EDGE ( 'NONE', *, *, #1691, .T. ) ;
#46 = FACE_OUTER_BOUND ( 'NONE', #3082, .T. ) ;
#47 = LINE ( 'NONE', #31, #1534 ) ;
#48 = ORIENTED_EDGE ( 'NONE', *, *, #1755, .T. ) ;
#49 = VECTOR ( 'NONE', #813, 1000.000000000000000 ) ;
#50 = FILL_AREA_STYLE ('',( #2046 ) ) ;
#51 = DIRECTION ( 'NONE',  ( 1.000000000000000000, 0.000000000000000000, 1.465055598793117192E-17 ) ) ;
#52 = STYLED_ITEM ( 'NONE', ( #621 ), #1719 ) ;
#53 = DIRECTION ( 'NONE',  ( 0.000000000000000000, 0.000000000000000000, -1.000000000000000000 ) ) ;
#54 = STYLED_ITEM ( 'NONE', ( #895 ), #2028 ) ;
#55 = DIRECTION ( 'NONE',  ( 0.000000000000000000, 1.000000000000000000, -0.000000000000000000 ) ) ;
#56 = DIRECTION ( 'NONE',  ( 0.000000000000000000, 0.000000000000000000, 1.000000000000000000 ) ) ;
#57 = CARTESIAN_POINT ( 'NONE',  ( 0.1999999999999998723, -0.02000000000000000042, -0.2500000000000000555 ) ) ;
#58 =( GEOMETRIC_REPRESENTATION_CONTEXT ( 3 ) GLOBAL_UNCERTAINTY_ASSIGNED_CONTEXT ( ( #2235 ) ) GLOBAL_UNIT_ASSIGNED_CONTEXT ( ( #1051, #2357, #1819 ) ) REPRESENTATION_CONTEXT ( 'NONE', 'WORKASPACE' ) );
#59 = DIRECTION ( 'NONE',  ( 1.000000000000000000, -0.000000000000000000, 0.000000000000000000 ) ) ;
#60 = ORIENTED_EDGE ( 'NONE', *, *, #2979, .T. ) ;
#61 = EDGE_CURVE ( 'NONE', #1490, #2904, #1233, .T. ) ;
#62 = PRESENTATION_STYLE_ASSIGNMENT (( #393 ) ) ;
#63 = ORIENTED_EDGE ( 'NONE', *, *, #2227, .T. ) ;
#64 = PLANE ( 'NONE',  #1432 ) ;
#65 = UNCERTAINTY_MEASURE_WITH_UNIT (LENGTH_MEASURE( 1.000000000000000082E-05 ), #280, 'distance_accuracy_value', 'NONE');
#66 = AXIS2_PLACEMENT_3D ( 'NONE', #3213, #2986, #1138 ) ;
#67 = AXIS2_PLACEMENT_3D ( 'NONE', #3309, #2262, #1764 ) ;
#68 = VERTEX_POINT ( 'NONE', #215 ) ;
#69 = ORIENTED_EDGE ( 'NONE', *, *, #3192, .T. ) ;
#70 = DIRECTION ( 'NONE',  ( -0.000000000000000000, 1.000000000000000000, -0.000000000000000000 ) ) ;
#71 = SURFACE_STYLE_FILL_AREA ( #3135 ) ;
#72 = FILL_AREA_STYLE_COLOUR ( '', #1076 ) ;
#73 = SURFACE_SIDE_STYLE ('',( #2732 ) ) ;
#74 = FILL_AREA_STYLE ('',( #1068 ) ) ;
#75 = LINE ( 'NONE', #2122, #3271 ) ;
#76 = ORIENTED_EDGE ( 'NONE', *, *, #1245, .F. ) ;
#77 = UNCERTAINTY_MEASURE_WITH_UNIT (LENGTH_MEASURE( 1.000000000000000082E-05 ), #926, 'distance_accuracy_value', 'NONE');
#78 = LINE ( 'NONE', #1098, #3234 ) ;
#79 = EDGE_LOOP ( 'NONE', ( #3199, #1900, #1770, #3232 ) ) ;
#80 = ORIENTED_EDGE ( 'NONE', *, *, #1865, .F. ) ;
#81 = CARTESIAN_POINT ( 'NONE',  ( 0.1999999999999999001, -0.02000000000000000042, -2.168404344971007635E-17 ) ) ;
#82 = MECHANICAL_DESIGN_GEOMETRIC_PRESENTATION_REPRESENTATION (  '', ( #2834 ), #634 ) ;
#83 = PRODUCT_DEFINITION ( 'UNKNOWN', '', #2624, #1438 ) ;
#84 = DIRECTION ( 'NONE',  ( 0.000000000000000000, 1.000000000000000000, -0.000000000000000000 ) ) ;
#85 = VECTOR ( 'NONE', #1197, 1000.000000000000000 ) ;
#86 = VERTEX_POINT ( 'NONE', #3050 ) ;
#87 = PLANE ( 'NONE',  #2533 ) ;
#88 = AXIS2_PLACEMENT_3D ( 'NONE', #2448, #2466, #354 ) ;
#89 = EDGE_CURVE ( 'NONE', #953, #430, #736, .T. ) ;
#90 = EDGE_CURVE ( 'NONE', #1232, #3007, #3312, .T. ) ;
#91 = COLOUR_RGB ( '',1.000000000000000000, 1.000000000000000000, 1.000000000000000000 ) ;
#92 = DIRECTION ( 'NONE',  ( 0.000000000000000000, -0.000000000000000000, 1.000000000000000000 ) ) ;
#93 = DIRECTION ( 'NONE',  ( 1.000000000000000000, 0.000000000000000000, -2.168404344971009657E-15 ) ) ;
#94 =( LENGTH_UNIT ( ) NAMED_UNIT ( * ) SI_UNIT ( .MILLI., .METRE. ) );
#95 = MECHANICAL_DESIGN_GEOMETRIC_PRESENTATION_REPRESENTATION (  '', ( #1230 ), #3009 ) ;
#96 = CARTESIAN_POINT ( 'NONE',  ( 0.7999999999999999334, -0.02000000000000000042, -0.2000000000000001221 ) ) ;
#97 = DIRECTION ( 'NONE',  ( 1.000000000000000000, 0.000000000000000000, 0.000000000000000000 ) ) ;
#98 = FILL_AREA_STYLE ('',( #2402 ) ) ;
#99 = PRESENTATION_STYLE_ASSIGNMENT (( #2914 ) ) ;
#100 = EDGE_LOOP ( 'NONE', ( #1440, #1651, #2166, #2488 ) ) ;
#101 = ORIENTED_EDGE ( 'NONE', *, *, #1164, .F. ) ;
#102 = CARTESIAN_POINT ( 'NONE',  ( -0.4999999999999998890, 0.000000000000000000, 0.2499999999999999445 ) ) ;
#103 = PLANE ( 'NONE',  #2034 ) ;
#104 = VERTEX_POINT ( 'NONE', #244 ) ;
#105 = DIRECTION ( 'NONE',  ( 0.000000000000000000, 0.000000000000000000, 1.000000000000000000 ) ) ;
#106 = FILL_AREA_STYLE_COLOUR ( '', #230 ) ;
#107 = UNCERTAINTY_MEASURE_WITH_UNIT (LENGTH_MEASURE( 1.000000000000000082E-05 ), #605, 'distance_accuracy_value', 'NONE');
#108 = SURFACE_STYLE_USAGE ( .BOTH. , #1668 ) ;
#109 = EDGE_CURVE ( 'NONE', #1599, #2709, #395, .T. ) ;
#110 = DIRECTION ( 'NONE',  ( 0.000000000000000000, 0.000000000000000000, 1.000000000000000000 ) ) ;
#111 = LINE ( 'NONE', #2208, #1201 ) ;
#112 = FILL_AREA_STYLE_COLOUR ( '', #1979 ) ;
#113 = VERTEX_POINT ( 'NONE', #140 ) ;
#114 = FILL_AREA_STYLE_COLOUR ( '', #1571 ) ;
#115 = ADVANCED_FACE ( 'NONE', ( #2687 ), #487, .T. ) ;
#116 =( NAMED_UNIT ( * ) SI_UNIT ( $, .STERADIAN. ) SOLID_ANGLE_UNIT ( ) );
#117 = CARTESIAN_POINT ( 'NONE',  ( -1.349999999999999867, -0.02000000000000000042, 0.04999999999999991257 ) ) ;
#118 = DIRECTION ( 'NONE',  ( 0.000000000000000000, 0.000000000000000000, -1.000000000000000000 ) ) ;
#119 = VECTOR ( 'NONE', #1484, 1000.000000000000000 ) ;
#120 = VERTEX_POINT ( 'NONE', #1511 ) ;
#121 = SURFACE_STYLE_FILL_AREA ( #1901 ) ;
#122 = DIRECTION ( 'NONE',  ( -0.000000000000000000, 0.000000000000000000, -1.000000000000000000 ) ) ;
#123 = VECTOR ( 'NONE', #2589, 1000.000000000000000 ) ;
#124 = PRESENTATION_STYLE_ASSIGNMENT (( #163 ) ) ;
#125 = ORIENTED_EDGE ( 'NONE', *, *, #1297, .T. ) ;
#126 = MECHANICAL_DESIGN_GEOMETRIC_PRESENTATION_REPRESENTATION (  '', ( #3125 ), #15 ) ;
#127 = VERTEX_POINT ( 'NONE', #2707 ) ;
#128 = FILL_AREA_STYLE_COLOUR ( '', #1352 ) ;
#129 = DIRECTION ( 'NONE',  ( 0.000000000000000000, 0.000000000000000000, -1.000000000000000000 ) ) ;
#130 = DIRECTION ( 'NONE',  ( -0.000000000000000000, 1.000000000000000000, -0.000000000000000000 ) ) ;
#131 = LINE ( 'NONE', #1688, #713 ) ;
#132 = EDGE_CURVE ( 'NONE', #1679, #1766, #1734, .T. ) ;
#133 = FACE_OUTER_BOUND ( 'NONE', #1100, .T. ) ;
#134 = LINE ( 'NONE', #155, #1409 ) ;
#135 = FILL_AREA_STYLE_COLOUR ( '', #241 ) ;
#136 = EDGE_LOOP ( 'NONE', ( #2837, #2809, #2689, #1841 ) ) ;
#137 = ORIENTED_EDGE ( 'NONE', *, *, #1185, .T. ) ;
#138 = CARTESIAN_POINT ( 'NONE',  ( 0.2999999999999998224, -0.02000000000000000042, 0.1999999999999999556 ) ) ;
#139 = CARTESIAN_POINT ( 'NONE',  ( 0.4999999999999997780, 0.000000000000000000, 0.000000000000000000 ) ) ;
#140 = CARTESIAN_POINT ( 'NONE',  ( -1.349999999999999867, 0.5300000000000000266, 0.09999999999999947820 ) ) ;
#141 = ORIENTED_EDGE ( 'NONE', *, *, #1957, .F. ) ;
#142 = ORIENTED_EDGE ( 'NONE', *, *, #2668, .T. ) ;
#143 = DIRECTION ( 'NONE',  ( 0.000000000000000000, 0.000000000000000000, 1.000000000000000000 ) ) ;
#144 = AXIS2_PLACEMENT_3D ( 'NONE', #2387, #2869, #2114 ) ;
#145 = UNCERTAINTY_MEASURE_WITH_UNIT (LENGTH_MEASURE( 1.000000000000000082E-05 ), #1750, 'distance_accuracy_value', 'NONE');
#146 = DIRECTION ( 'NONE',  ( 1.000000000000000000, 0.000000000000000000, 0.000000000000000000 ) ) ;
#147 = MECHANICAL_DESIGN_GEOMETRIC_PRESENTATION_REPRESENTATION (  '', ( #3100 ), #2283 ) ;
#148 = LINE ( 'NONE', #1173, #3327 ) ;
#149 = SURFACE_STYLE_USAGE ( .BOTH. , #419 ) ;
#150 = PRESENTATION_LAYER_ASSIGNMENT (  '', '', ( #1579 ) ) ;
#151 = VECTOR ( 'NONE', #2559, 1000.000000000000000 ) ;
#152 = ORIENTED_EDGE ( 'NONE', *, *, #182, .T. ) ;
#153 = DIRECTION ( 'NONE',  ( -0.9544799780350298191, 0.2982749931359467421, 0.000000000000000000 ) ) ;
#154 = CARTESIAN_POINT ( 'NONE',  ( 0.4999999999999993339, -0.02000000000000000042, -1.084202172485502659E-15 ) ) ;
#155 = CARTESIAN_POINT ( 'NONE',  ( 1.050000000000000266, 0.5500000000000000444, 0.2499999999999999445 ) ) ;
#156 =( NAMED_UNIT ( * ) PLANE_ANGLE_UNIT ( ) SI_UNIT ( $, .RADIAN. ) );
#157 =( NAMED_UNIT ( * ) PLANE_ANGLE_UNIT ( ) SI_UNIT ( $, .RADIAN. ) );
#158 = VERTEX_POINT ( 'NONE', #2509 ) ;
#159 = STYLED_ITEM ( 'NONE', ( #1463 ), #256 ) ;
#160 =( LENGTH_UNIT ( ) NAMED_UNIT ( * ) SI_UNIT ( .MILLI., .METRE. ) );
#161 = EDGE_CURVE ( 'NONE', #1059, #2152, #1746, .T. ) ;
#162 = AXIS2_PLACEMENT_3D ( 'NONE', #1926, #93, #2397 ) ;
#163 = SURFACE_STYLE_USAGE ( .BOTH. , #916 ) ;
#164 = EDGE_LOOP ( 'NONE', ( #2577, #2095, #1619, #445 ) ) ;
#165 = UNCERTAINTY_MEASURE_WITH_UNIT (LENGTH_MEASURE( 1.000000000000000082E-05 ), #1115, 'distance_accuracy_value', 'NONE');
#166 = UNCERTAINTY_MEASURE_WITH_UNIT (LENGTH_MEASURE( 1.000000000000000082E-05 ), #1342, 'distance_accuracy_value', 'NONE');
#167 = ORIENTED_EDGE ( 'NONE', *, *, #522, .F. ) ;
#168 = LINE ( 'NONE', #2783, #990 ) ;
#169 = SURFACE_STYLE_FILL_AREA ( #401 ) ;
#170 = CARTESIAN_POINT ( 'NONE',  ( -1.050000000000000044, -0.02000000000000000042, 0.2499999999999999445 ) ) ;
#171 = DIRECTION ( 'NONE',  ( -0.2982749931359466866, -0.9544799780350297080, 0.000000000000000000 ) ) ;
#172 = CARTESIAN_POINT ( 'NONE',  ( 0.2999999999999998779, -0.02000000000000000042, 0.000000000000000000 ) ) ;
#173 = EDGE_LOOP ( 'NONE', ( #325, #275, #48, #246 ) ) ;
#174 = LINE ( 'NONE', #1196, #1510 ) ;
#175 = CIRCLE ( 'NONE', #2481, 0.08124999999999978073 ) ;
#176 = DIRECTION ( 'NONE',  ( 0.000000000000000000, 0.000000000000000000, 1.000000000000000000 ) ) ;
#177 = ORIENTED_EDGE ( 'NONE', *, *, #1452, .F. ) ;
#178 = AXIS2_PLACEMENT_3D ( 'NONE', #1894, #153, #1368 ) ;
#179 = EDGE_LOOP ( 'NONE', ( #167, #727, #3187, #1427, #1216, #3246, #319, #2990, #932, #999, #2960, #1002, #2493, #3049, #1420, #370, #567, #2625, #769, #948, #2369 ) ) ;
#180 = VECTOR ( 'NONE', #1846, 1000.000000000000000 ) ;
#181 =( NAMED_UNIT ( * ) SI_UNIT ( $, .STERADIAN. ) SOLID_ANGLE_UNIT ( ) );
#182 = EDGE_CURVE ( 'NONE', #1167, #270, #1984, .T. ) ;
#183 = EDGE_LOOP ( 'NONE', ( #340, #2526, #653, #3193 ) ) ;
#184 = VERTEX_POINT ( 'NONE', #2249 ) ;
#185 =( NAMED_UNIT ( * ) PLANE_ANGLE_UNIT ( ) SI_UNIT ( $, .RADIAN. ) );
#186 = STYLED_ITEM ( 'NONE', ( #2614 ), #1036 ) ;
#187 = EDGE_CURVE ( 'NONE', #594, #2842, #1505, .T. ) ;
#188 = VECTOR ( 'NONE', #2303, 1000.000000000000000 ) ;
#189 = PLANE ( 'NONE',  #3171 ) ;
#190 = VECTOR ( 'NONE', #1965, 1000.000000000000000 ) ;
#191 = ORIENTED_EDGE ( 'NONE', *, *, #2480, .T. ) ;
#192 = CARTESIAN_POINT ( 'NONE',  ( 1.000000000000000000, -0.000000000000000000, -0.2000000000000001221 ) ) ;
#193 = SURFACE_STYLE_USAGE ( .BOTH. , #227 ) ;
#194 = LINE ( 'NONE', #2934, #306 ) ;
#195 = ORIENTED_EDGE ( 'NONE', *, *, #2010, .T. ) ;
#196 = DIRECTION ( 'NONE',  ( -1.465055598793117192E-17, 0.000000000000000000, 1.000000000000000000 ) ) ;
#197 = UNCERTAINTY_MEASURE_WITH_UNIT (LENGTH_MEASURE( 1.000000000000000082E-05 ), #1747, 'distance_accuracy_value', 'NONE');
#198 = CARTESIAN_POINT ( 'NONE',  ( 1.349999999999999867, -0.02000000000000000042, 0.2499999999999999445 ) ) ;
#199 = ORIENTED_EDGE ( 'NONE', *, *, #1597, .T. ) ;
#200 = UNCERTAINTY_MEASURE_WITH_UNIT (LENGTH_MEASURE( 1.000000000000000082E-05 ), #582, 'distance_accuracy_value', 'NONE');
#201 = FILL_AREA_STYLE ('',( #72 ) ) ;
#202 = CARTESIAN_POINT ( 'NONE',  ( 0.000000000000000000, 0.000000000000000000, 0.000000000000000000 ) ) ;
#203 = EDGE_CURVE ( 'NONE', #2408, #2531, #468, .T. ) ;
#204 = DIRECTION ( 'NONE',  ( -0.000000000000000000, -1.000000000000000000, -0.000000000000000000 ) ) ;
#205 = DIRECTION ( 'NONE',  ( -0.000000000000000000, 1.000000000000000000, 0.000000000000000000 ) ) ;
#206 = MECHANICAL_DESIGN_GEOMETRIC_PRESENTATION_REPRESENTATION (  '', ( #1845 ), #2392 ) ;
#207 = ORIENTED_EDGE ( 'NONE', *, *, #1671, .F. ) ;
#208 = DIRECTION ( 'NONE',  ( -1.000000000000000000, 0.000000000000000000, 0.000000000000000000 ) ) ;
#209 = DIRECTION ( 'NONE',  ( 0.000000000000000000, 0.000000000000000000, 1.000000000000000000 ) ) ;
#210 = DIRECTION ( 'NONE',  ( -0.000000000000000000, -1.000000000000000000, -0.000000000000000000 ) ) ;
#211 = VECTOR ( 'NONE', #1990, 1000.000000000000000 ) ;
#212 = VECTOR ( 'NONE', #2958, 1000.000000000000000 ) ;
#213 = DIRECTION ( 'NONE',  ( 0.000000000000000000, 0.000000000000000000, -1.000000000000000000 ) ) ;
#214 = VERTEX_POINT ( 'NONE', #1009 ) ;
#215 = CARTESIAN_POINT ( 'NONE',  ( 1.150000000000000355, 0.5500000000000000444, 0.04999999999999994033 ) ) ;
#216 = VECTOR ( 'NONE', #779, 1000.000000000000000 ) ;
#217 = CARTESIAN_POINT ( 'NONE',  ( -0.2999999999999998779, -0.02000000000000000042, 0.000000000000000000 ) ) ;
#218 =( NAMED_UNIT ( * ) SI_UNIT ( $, .STERADIAN. ) SOLID_ANGLE_UNIT ( ) );
#219 = ORIENTED_EDGE ( 'NONE', *, *, #3196, .F. ) ;
#220 = DIRECTION ( 'NONE',  ( 0.000000000000000000, 0.000000000000000000, 1.000000000000000000 ) ) ;
#221 = PRESENTATION_STYLE_ASSIGNMENT (( #2748 ) ) ;
#222 = SURFACE_STYLE_FILL_AREA ( #3259 ) ;
#223 = ORIENTED_EDGE ( 'NONE', *, *, #2979, .F. ) ;
#224 = EDGE_CURVE ( 'NONE', #329, #593, #1492, .T. ) ;
#225 =( LENGTH_UNIT ( ) NAMED_UNIT ( * ) SI_UNIT ( .MILLI., .METRE. ) );
#226 = CARTESIAN_POINT ( 'NONE',  ( -1.050000000000000044, -0.02000000000000000042, 0.04999999999999995420 ) ) ;
#227 = SURFACE_SIDE_STYLE ('',( #2018 ) ) ;
#228 = CARTESIAN_POINT ( 'NONE',  ( -0.5999999999999998668, 0.000000000000000000, 0.2499999999999999445 ) ) ;
#229 =( NAMED_UNIT ( * ) PLANE_ANGLE_UNIT ( ) SI_UNIT ( $, .RADIAN. ) );
#230 = COLOUR_RGB ( '',0.000000000000000000, 0.5019607843137254832, 0.000000000000000000 ) ;
#231 = ORIENTED_EDGE ( 'NONE', *, *, #1716, .F. ) ;
#232 = CARTESIAN_POINT ( 'NONE',  ( -1.349999999999999867, -0.02000000000000000042, -0.1000000000000000749 ) ) ;
#233 = VECTOR ( 'NONE', #1617, 1000.000000000000114 ) ;
#234 = DIRECTION ( 'NONE',  ( 0.000000000000000000, 0.000000000000000000, -1.000000000000000000 ) ) ;
#235 = STYLED_ITEM ( 'NONE', ( #2519 ), #1207 ) ;
#236 = CARTESIAN_POINT ( 'NONE',  ( 0.000000000000000000, -0.02000000000000000042, -0.2500000000000000555 ) ) ;
#237 = DIRECTION ( 'NONE',  ( 0.000000000000000000, 0.000000000000000000, 1.000000000000000000 ) ) ;
#238 = PRESENTATION_LAYER_ASSIGNMENT (  '', '', ( #2978 ) ) ;
#239 = SURFACE_SIDE_STYLE ('',( #776 ) ) ;
#240 = DIRECTION ( 'NONE',  ( 0.000000000000000000, 0.000000000000000000, 1.000000000000000000 ) ) ;
#241 = COLOUR_RGB ( '',1.000000000000000000, 1.000000000000000000, 1.000000000000000000 ) ;
#242 = DIRECTION ( 'NONE',  ( 0.000000000000000000, 0.000000000000000000, 1.000000000000000000 ) ) ;
#243 = ADVANCED_FACE ( 'NONE', ( #3280 ), #3295, .F. ) ;
#244 = CARTESIAN_POINT ( 'NONE',  ( -0.7999999999999999334, 0.000000000000000000, -0.2000000000000001221 ) ) ;
#245 = EDGE_CURVE ( 'NONE', #2781, #594, #2293, .T. ) ;
#246 = ORIENTED_EDGE ( 'NONE', *, *, #2343, .T. ) ;
#247 = ORIENTED_EDGE ( 'NONE', *, *, #1158, .T. ) ;
#248 = LINE ( 'NONE', #307, #820 ) ;
#249 = CARTESIAN_POINT ( 'NONE',  ( 0.5999999999999998668, -0.02000000000000000042, -0.1000000000000000194 ) ) ;
#250 = MECHANICAL_DESIGN_GEOMETRIC_PRESENTATION_REPRESENTATION (  '', ( #2558 ), #1266 ) ;
#251 = SURFACE_STYLE_USAGE ( .BOTH. , #484 ) ;
#252 = CARTESIAN_POINT ( 'NONE',  ( 0.2999999999999993783, -0.000000000000000000, -6.505213034913013785E-16 ) ) ;
#253 = CARTESIAN_POINT ( 'NONE',  ( 1.350000000000000311, 0.5300000000000000266, 0.000000000000000000 ) ) ;
#254 = VECTOR ( 'NONE', #3033, 1000.000000000000000 ) ;
#255 = CARTESIAN_POINT ( 'NONE',  ( 0.2999999999999998779, 0.000000000000000000, -0.2500000000000000555 ) ) ;
#256 = ADVANCED_FACE ( 'NONE', ( #2491 ), #1777, .F. ) ;
#257 = ORIENTED_EDGE ( 'NONE', *, *, #1356, .F. ) ;
#258 = LINE ( 'NONE', #232, #1344 ) ;
#259 = LINE ( 'NONE', #1279, #2062 ) ;
#260 = STYLED_ITEM ( 'NONE', ( #1551 ), #333 ) ;
#261 = CARTESIAN_POINT ( 'NONE',  ( 0.1999999999999999001, 0.000000000000000000, 0.2499999999999999445 ) ) ;
#262 = COLOUR_RGB ( '',1.000000000000000000, 1.000000000000000000, 1.000000000000000000 ) ;
#263 = DIRECTION ( 'NONE',  ( 0.000000000000000000, 0.000000000000000000, -1.000000000000000000 ) ) ;
#264 =( NAMED_UNIT ( * ) SI_UNIT ( $, .STERADIAN. ) SOLID_ANGLE_UNIT ( ) );
#265 = FACE_OUTER_BOUND ( 'NONE', #508, .T. ) ;
#266 = DIRECTION ( 'NONE',  ( -1.000000000000000000, 0.000000000000000000, 1.465055598793117192E-17 ) ) ;
#267 = CARTESIAN_POINT ( 'NONE',  ( -0.4999999999999993339, -0.02000000000000000042, -1.084202172485502659E-15 ) ) ;
#268 = DIRECTION ( 'NONE',  ( -0.000000000000000000, -1.000000000000000000, -0.000000000000000000 ) ) ;
#269 = CARTESIAN_POINT ( 'NONE',  ( 0.000000000000000000, 0.5500000000000000444, 0.2499999999999999445 ) ) ;
#270 = VERTEX_POINT ( 'NONE', #1304 ) ;
#271 = LINE ( 'NONE', #2316, #119 ) ;
#272 = EDGE_CURVE ( 'NONE', #1982, #184, #1067, .T. ) ;
#273 = LINE ( 'NONE', #2319, #2794 ) ;
#274 = MECHANICAL_DESIGN_GEOMETRIC_PRESENTATION_REPRESENTATION (  '', ( #1664 ), #806 ) ;
#275 = ORIENTED_EDGE ( 'NONE', *, *, #245, .F. ) ;
#276 = LINE ( 'NONE', #544, #1035 ) ;
#277 = PLANE ( 'NONE',  #2196 ) ;
#278 = EDGE_CURVE ( 'NONE', #2878, #810, #2356, .T. ) ;
#279 = COLOUR_RGB ( '',0.9686274509803921573, 0.8784313725490195957, 0.5999999999999999778 ) ;
#280 =( LENGTH_UNIT ( ) NAMED_UNIT ( * ) SI_UNIT ( .MILLI., .METRE. ) );
#281 = PLANE ( 'NONE',  #162 ) ;
#282 = FILL_AREA_STYLE_COLOUR ( '', #2569 ) ;
#283 = VECTOR ( 'NONE', #2690, 1000.000000000000000 ) ;
#284 = MECHANICAL_DESIGN_GEOMETRIC_PRESENTATION_REPRESENTATION (  '', ( #2777 ), #1522 ) ;
#285 = FACE_OUTER_BOUND ( 'NONE', #2003, .T. ) ;
#286 = CARTESIAN_POINT ( 'NONE',  ( 1.249999999999999778, -0.02000000000000000042, -0.2500000000000000555 ) ) ;
#287 = ORIENTED_EDGE ( 'NONE', *, *, #2738, .T. ) ;
#288 = ORIENTED_EDGE ( 'NONE', *, *, #2482, .F. ) ;
#289 = CARTESIAN_POINT ( 'NONE',  ( 0.000000000000000000, 0.000000000000000000, 0.000000000000000000 ) ) ;
#290 = UNCERTAINTY_MEASURE_WITH_UNIT (LENGTH_MEASURE( 1.000000000000000082E-05 ), #429, 'distance_accuracy_value', 'NONE');
#291 = EDGE_CURVE ( 'NONE', #2842, #2649, #2341, .T. ) ;
#292 = EDGE_CURVE ( 'NONE', #214, #3055, #2874, .T. ) ;
#293 = DIRECTION ( 'NONE',  ( -0.000000000000000000, -0.000000000000000000, -1.000000000000000000 ) ) ;
#294 = LINE ( 'NONE', #581, #1249 ) ;
#295 = SURFACE_STYLE_FILL_AREA ( #2875 ) ;
#296 = DIRECTION ( 'NONE',  ( 0.000000000000000000, -1.000000000000000000, 0.000000000000000000 ) ) ;
#297 = VECTOR ( 'NONE', #866, 1000.000000000000000 ) ;
#298 = CARTESIAN_POINT ( 'NONE',  ( -1.175000000000000044, 0.000000000000000000, -0.2000000000000000944 ) ) ;
#299 = ORIENTED_EDGE ( 'NONE', *, *, #2544, .T. ) ;
#300 = DIRECTION ( 'NONE',  ( 1.000000000000000000, 0.000000000000000000, 0.000000000000000000 ) ) ;
#301 = SURFACE_STYLE_FILL_AREA ( #1839 ) ;
#302 = MECHANICAL_DESIGN_GEOMETRIC_PRESENTATION_REPRESENTATION (  '', ( #32 ), #470 ) ;
#303 = VECTOR ( 'NONE', #268, 1000.000000000000000 ) ;
#304 = ORIENTED_EDGE ( 'NONE', *, *, #2581, .T. ) ;
#305 = CARTESIAN_POINT ( 'NONE',  ( -1.349999999999999867, -0.02000000000000000042, 0.04999999999999991257 ) ) ;
#306 = VECTOR ( 'NONE', #882, 1000.000000000000000 ) ;
#307 = CARTESIAN_POINT ( 'NONE',  ( -1.349999999999999867, 0.5300000000000000266, 0.000000000000000000 ) ) ;
#308 = VECTOR ( 'NONE', #816, 1000.000000000000000 ) ;
#309 = AXIS2_PLACEMENT_3D ( 'NONE', #453, #2507, #213 ) ;
#310 = DIRECTION ( 'NONE',  ( -1.000000000000000000, 0.000000000000000000, 1.465055598793117192E-17 ) ) ;
#311 = PRESENTATION_LAYER_ASSIGNMENT (  '', '', ( #580 ) ) ;
#312 = EDGE_CURVE ( 'NONE', #3182, #1937, #24, .T. ) ;
#313 = UNCERTAINTY_MEASURE_WITH_UNIT (LENGTH_MEASURE( 1.000000000000000082E-05 ), #2162, 'distance_accuracy_value', 'NONE');
#314 = CARTESIAN_POINT ( 'NONE',  ( 1.050000000000000044, -0.02000000000000000042, 0.2499999999999999445 ) ) ;
#315 = EDGE_LOOP ( 'NONE', ( #1124, #1147, #711, #823 ) ) ;
#316 = PLANE ( 'NONE',  #144 ) ;
#317 = DIRECTION ( 'NONE',  ( 1.000000000000000000, 0.000000000000000000, 0.000000000000000000 ) ) ;
#318 = VERTEX_POINT ( 'NONE', #1789 ) ;
#319 = ORIENTED_EDGE ( 'NONE', *, *, #2029, .T. ) ;
#320 =( LENGTH_UNIT ( ) NAMED_UNIT ( * ) SI_UNIT ( .MILLI., .METRE. ) );
#321 = PLANE ( 'NONE',  #2048 ) ;
#322 = SURFACE_STYLE_FILL_AREA ( #201 ) ;
#323 = CARTESIAN_POINT ( 'NONE',  ( -1.349999999999999867, -0.02000000000000000042, 0.09999999999999950595 ) ) ;
#324 = COLOUR_RGB ( '',0.9686274509803921573, 0.8784313725490195957, 0.5999999999999999778 ) ;
#325 = ORIENTED_EDGE ( 'NONE', *, *, #187, .F. ) ;
#326 = SURFACE_STYLE_USAGE ( .BOTH. , #1117 ) ;
#327 = EDGE_CURVE ( 'NONE', #3066, #1232, #1832, .T. ) ;
#328 = STYLED_ITEM ( 'NONE', ( #965 ), #960 ) ;
#329 = VERTEX_POINT ( 'NONE', #1020 ) ;
#330 = DIRECTION ( 'NONE',  ( -1.000000000000000000, 0.000000000000000000, 0.000000000000000000 ) ) ;
#331 = VERTEX_POINT ( 'NONE', #2336 ) ;
#332 = LINE ( 'NONE', #1143, #1159 ) ;
#333 = ADVANCED_FACE ( 'NONE', ( #2847 ), #800, .T. ) ;
#334 = ADVANCED_FACE ( 'NONE', ( #2067 ), #281, .T. ) ;
#335 = UNCERTAINTY_MEASURE_WITH_UNIT (LENGTH_MEASURE( 1.000000000000000082E-05 ), #603, 'distance_accuracy_value', 'NONE');
#336 = SURFACE_STYLE_USAGE ( .BOTH. , #1294 ) ;
#337 =( LENGTH_UNIT ( ) NAMED_UNIT ( * ) SI_UNIT ( .MILLI., .METRE. ) );
#338 = PRESENTATION_STYLE_ASSIGNMENT (( #2647 ) ) ;
#339 = FILL_AREA_STYLE_COLOUR ( '', #3206 ) ;
#340 = ORIENTED_EDGE ( 'NONE', *, *, #2388, .T. ) ;
#341 = ORIENTED_EDGE ( 'NONE', *, *, #1572, .F. ) ;
#342 = PRESENTATION_STYLE_ASSIGNMENT (( #657 ) ) ;
#343 = LINE ( 'NONE', #1403, #976 ) ;
#344 = UNCERTAINTY_MEASURE_WITH_UNIT (LENGTH_MEASURE( 1.000000000000000082E-05 ), #320, 'distance_accuracy_value', 'NONE');
#345 = DIRECTION ( 'NONE',  ( 0.000000000000000000, 0.000000000000000000, -1.000000000000000000 ) ) ;
#346 = FILL_AREA_STYLE ('',( #114 ) ) ;
#347 =( NAMED_UNIT ( * ) SI_UNIT ( $, .STERADIAN. ) SOLID_ANGLE_UNIT ( ) );
#348 = FILL_AREA_STYLE_COLOUR ( '', #3154 ) ;
#349 = LINE ( 'NONE', #2456, #387 ) ;
#350 = PRESENTATION_STYLE_ASSIGNMENT (( #5 ) ) ;
#351 = ORIENTED_EDGE ( 'NONE', *, *, #481, .T. ) ;
#352 = CARTESIAN_POINT ( 'NONE',  ( 1.350000000000000311, -0.02000000000000000042, -0.1000000000000001166 ) ) ;
#353 = ORIENTED_EDGE ( 'NONE', *, *, #2998, .T. ) ;
#354 = DIRECTION ( 'NONE',  ( 1.084202172485504557E-16, 0.000000000000000000, -1.000000000000000000 ) ) ;
#355 = EDGE_CURVE ( 'NONE', #1090, #1976, #870, .T. ) ;
#356 = ADVANCED_FACE ( 'NONE', ( #1408 ), #3185, .F. ) ;
#357 = PRESENTATION_LAYER_ASSIGNMENT (  '', '', ( #1803 ) ) ;
#358 = EDGE_LOOP ( 'NONE', ( #304, #1642, #739, #3176, #2385, #1585 ) ) ;
#359 = CARTESIAN_POINT ( 'NONE',  ( 1.175000000000000044, -0.02000000000000000042, -0.2000000000000000944 ) ) ;
#360 = VECTOR ( 'NONE', #1498, 1000.000000000000000 ) ;
#361 = DIRECTION ( 'NONE',  ( 0.000000000000000000, -1.000000000000000000, 0.000000000000000000 ) ) ;
#362 = STYLED_ITEM ( 'NONE', ( #1306 ), #2814 ) ;
#363 = CARTESIAN_POINT ( 'NONE',  ( 0.000000000000000000, 0.000000000000000000, -0.2500000000000000555 ) ) ;
#364 = FILL_AREA_STYLE ('',( #2632 ) ) ;
#365 = CARTESIAN_POINT ( 'NONE',  ( -0.7722419928825625668, 1.258825622775800790, -0.2500000000000000555 ) ) ;
#366 = MECHANICAL_DESIGN_GEOMETRIC_PRESENTATION_REPRESENTATION (  '', ( #2681 ), #1856 ) ;
#367 = DIRECTION ( 'NONE',  ( 0.000000000000000000, 0.000000000000000000, 1.000000000000000000 ) ) ;
#368 = FACE_OUTER_BOUND ( 'NONE', #1379, .T. ) ;
#369 = SURFACE_STYLE_FILL_AREA ( #1448 ) ;
#370 = ORIENTED_EDGE ( 'NONE', *, *, #3172, .T. ) ;
#371 = DIRECTION ( 'NONE',  ( 0.000000000000000000, 0.000000000000000000, 1.000000000000000000 ) ) ;
#372 = FILL_AREA_STYLE ('',( #1637 ) ) ;
#373 = EDGE_LOOP ( 'NONE', ( #2199, #141, #877, #805 ) ) ;
#374 = ORIENTED_EDGE ( 'NONE', *, *, #3148, .F. ) ;
#375 = CARTESIAN_POINT ( 'NONE',  ( 0.000000000000000000, 0.000000000000000000, -0.2000000000000001221 ) ) ;
#376 = EDGE_CURVE ( 'NONE', #430, #2878, #131, .T. ) ;
#377 = SURFACE_STYLE_USAGE ( .BOTH. , #1169 ) ;
#378 = CARTESIAN_POINT ( 'NONE',  ( -1.175000000000000044, 0.000000000000000000, -0.2812499999999998890 ) ) ;
#379 = LINE ( 'NONE', #2206, #2838 ) ;
#380 = LINE ( 'NONE', #2888, #180 ) ;
#381 = CYLINDRICAL_SURFACE ( 'NONE', #478, 0.1499999999999999667 ) ;
#382 = EDGE_CURVE ( 'NONE', #1934, #1855, #906, .T. ) ;
#383 = CARTESIAN_POINT ( 'NONE',  ( -0.2999999999999998779, -0.02000000000000000042, -0.2500000000000000555 ) ) ;
#384 = VECTOR ( 'NONE', #978, 1000.000000000000000 ) ;
#385 = PRESENTATION_STYLE_ASSIGNMENT (( #2695 ) ) ;
#386 = EDGE_LOOP ( 'NONE', ( #2903, #753, #2376, #3304, #1952 ) ) ;
#387 = VECTOR ( 'NONE', #3211, 1000.000000000000000 ) ;
#388 =( LENGTH_UNIT ( ) NAMED_UNIT ( * ) SI_UNIT ( .MILLI., .METRE. ) );
#389 = FILL_AREA_STYLE_COLOUR ( '', #279 ) ;
#390 = STYLED_ITEM ( 'NONE', ( #62 ), #2080 ) ;
#391 = ORIENTED_EDGE ( 'NONE', *, *, #2641, .F. ) ;
#392 =( GEOMETRIC_REPRESENTATION_CONTEXT ( 3 ) GLOBAL_UNCERTAINTY_ASSIGNED_CONTEXT ( ( #1886 ) ) GLOBAL_UNIT_ASSIGNED_CONTEXT ( ( #729, #700, #3043 ) ) REPRESENTATION_CONTEXT ( 'NONE', 'WORKASPACE' ) );
#393 = SURFACE_STYLE_USAGE ( .BOTH. , #1141 ) ;
#394 = PRESENTATION_LAYER_ASSIGNMENT (  '', '', ( #186 ) ) ;
#395 = LINE ( 'NONE', #3300, #3051 ) ;
#396 = VERTEX_POINT ( 'NONE', #1112 ) ;
#397 = VECTOR ( 'NONE', #2938, 1000.000000000000000 ) ;
#398 = ORIENTED_EDGE ( 'NONE', *, *, #382, .F. ) ;
#399 = PRESENTATION_STYLE_ASSIGNMENT (( #377 ) ) ;
#400 = DIRECTION ( 'NONE',  ( 1.000000000000000000, 0.000000000000000000, -1.355252715606881529E-16 ) ) ;
#401 = FILL_AREA_STYLE ('',( #904 ) ) ;
#402 = DIRECTION ( 'NONE',  ( -0.000000000000000000, 1.000000000000000000, -0.000000000000000000 ) ) ;
#403 = SURFACE_SIDE_STYLE ('',( #2694 ) ) ;
#404 = EDGE_CURVE ( 'NONE', #3020, #2178, #2141, .T. ) ;
#405 = EDGE_CURVE ( 'NONE', #3283, #1090, #148, .T. ) ;
#406 = SURFACE_STYLE_FILL_AREA ( #1042 ) ;
#407 = CARTESIAN_POINT ( 'NONE',  ( 0.000000000000000000, -0.02000000000000000042, 0.000000000000000000 ) ) ;
#408 = PLANE ( 'NONE',  #67 ) ;
#409 =( LENGTH_UNIT ( ) NAMED_UNIT ( * ) SI_UNIT ( .MILLI., .METRE. ) );
#410 = ORIENTED_EDGE ( 'NONE', *, *, #2738, .F. ) ;
#411 = ORIENTED_EDGE ( 'NONE', *, *, #1939, .F. ) ;
#412 = SURFACE_STYLE_USAGE ( .BOTH. , #1394 ) ;
#413 = ORIENTED_EDGE ( 'NONE', *, *, #982, .T. ) ;
#414 = ORIENTED_EDGE ( 'NONE', *, *, #1939, .T. ) ;
#415 = CARTESIAN_POINT ( 'NONE',  ( 1.050000000000000266, 0.5300000000000000266, -0.2500000000000000555 ) ) ;
#416 = VECTOR ( 'NONE', #210, 1000.000000000000000 ) ;
#417 = VECTOR ( 'NONE', #2057, 1000.000000000000000 ) ;
#418 =( NAMED_UNIT ( * ) SI_UNIT ( $, .STERADIAN. ) SOLID_ANGLE_UNIT ( ) );
#419 = SURFACE_SIDE_STYLE ('',( #889 ) ) ;
#420 = VECTOR ( 'NONE', #2253, 1000.000000000000000 ) ;
#421 = ORIENTED_EDGE ( 'NONE', *, *, #2784, .T. ) ;
#422 = FILL_AREA_STYLE ('',( #3307 ) ) ;
#423 = CARTESIAN_POINT ( 'NONE',  ( -1.000000000000000000, -0.02000000000000000042, -0.2500000000000000555 ) ) ;
#424 = COLOUR_RGB ( '',0.9686274509803921573, 0.8784313725490195957, 0.5999999999999999778 ) ;
#425 = CARTESIAN_POINT ( 'NONE',  ( 0.000000000000000000, 0.5500000000000000444, 0.2499999999999999445 ) ) ;
#426 = ADVANCED_FACE ( 'NONE', ( #3225 ), #381, .F. ) ;
#427 = ADVANCED_FACE ( 'NONE', ( #1958 ), #2768, .F. ) ;
#428 = COLOUR_RGB ( '',0.9686274509803921573, 0.8784313725490195957, 0.5999999999999999778 ) ;
#429 =( LENGTH_UNIT ( ) NAMED_UNIT ( * ) SI_UNIT ( .MILLI., .METRE. ) );
#430 = VERTEX_POINT ( 'NONE', #2994 ) ;
#431 = EDGE_LOOP ( 'NONE', ( #21, #1634, #2898, #673 ) ) ;
#432 = SURFACE_STYLE_USAGE ( .BOTH. , #2501 ) ;
#433 = ORIENTED_EDGE ( 'NONE', *, *, #2802, .F. ) ;
#434 = CARTESIAN_POINT ( 'NONE',  ( 1.000000000000000000, 0.5300000000000000266, -0.2500000000000000555 ) ) ;
#435 = CARTESIAN_POINT ( 'NONE',  ( 1.000000000000000000, 0.000000000000000000, 0.000000000000000000 ) ) ;
#436 = VECTOR ( 'NONE', #3139, 1000.000000000000000 ) ;
#437 =( LENGTH_UNIT ( ) NAMED_UNIT ( * ) SI_UNIT ( .MILLI., .METRE. ) );
#438 = ORIENTED_EDGE ( 'NONE', *, *, #2441, .F. ) ;
#439 = VECTOR ( 'NONE', #2538, 1000.000000000000000 ) ;
#440 = ADVANCED_FACE ( 'NONE', ( #1457 ), #2535, .T. ) ;
#441 = EDGE_LOOP ( 'NONE', ( #1392, #1695, #69, #2133 ) ) ;
#442 = STYLED_ITEM ( 'NONE', ( #1896 ), #1938 ) ;
#443 = SURFACE_STYLE_USAGE ( .BOTH. , #1262 ) ;
#444 = EDGE_CURVE ( 'NONE', #1490, #3020, #2518, .T. ) ;
#445 = ORIENTED_EDGE ( 'NONE', *, *, #404, .T. ) ;
#446 = CARTESIAN_POINT ( 'NONE',  ( 0.4999999999999997780, 0.000000000000000000, 0.2499999999999999445 ) ) ;
#447 = FACE_OUTER_BOUND ( 'NONE', #2797, .T. ) ;
#448 = STYLED_ITEM ( 'NONE', ( #399 ), #584 ) ;
#449 =( GEOMETRIC_REPRESENTATION_CONTEXT ( 3 ) GLOBAL_UNCERTAINTY_ASSIGNED_CONTEXT ( ( #714 ) ) GLOBAL_UNIT_ASSIGNED_CONTEXT ( ( #757, #1517, #2445 ) ) REPRESENTATION_CONTEXT ( 'NONE', 'WORKASPACE' ) );
#450 = ORIENTED_EDGE ( 'NONE', *, *, #1037, .F. ) ;
#451 = DIRECTION ( 'NONE',  ( 2.668805347656633581E-15, 0.000000000000000000, -1.000000000000000000 ) ) ;
#452 = PLANE ( 'NONE',  #2313 ) ;
#453 = CARTESIAN_POINT ( 'NONE',  ( -1.175000000000000044, -0.02000000000000000042, -0.2812499999999998890 ) ) ;
#454 = ORIENTED_EDGE ( 'NONE', *, *, #312, .F. ) ;
#455 = DIRECTION ( 'NONE',  ( -0.000000000000000000, -0.000000000000000000, 1.000000000000000000 ) ) ;
#456 = UNCERTAINTY_MEASURE_WITH_UNIT (LENGTH_MEASURE( 1.000000000000000082E-05 ), #1157, 'distance_accuracy_value', 'NONE');
#457 = CARTESIAN_POINT ( 'NONE',  ( 1.050000000000000266, 0.5500000000000000444, -0.2500000000000000555 ) ) ;
#458 = ORIENTED_EDGE ( 'NONE', *, *, #404, .F. ) ;
#459 = UNCERTAINTY_MEASURE_WITH_UNIT (LENGTH_MEASURE( 1.000000000000000082E-05 ), #3293, 'distance_accuracy_value', 'NONE');
#460 = CARTESIAN_POINT ( 'NONE',  ( 0.000000000000000000, -0.02000000000000000042, 0.2499999999999999445 ) ) ;
#461 = ADVANCED_FACE ( 'NONE', ( #2226 ), #1724, .F. ) ;
#462 = FILL_AREA_STYLE_COLOUR ( '', #262 ) ;
#463 = DIRECTION ( 'NONE',  ( 3.097720492815727659E-16, 0.000000000000000000, -1.000000000000000000 ) ) ;
#464 = EDGE_CURVE ( 'NONE', #1411, #2531, #276, .T. ) ;
#465 = ORIENTED_EDGE ( 'NONE', *, *, #1503, .F. ) ;
#466 = PRESENTATION_LAYER_ASSIGNMENT (  '', '', ( #3100 ) ) ;
#467 = DIRECTION ( 'NONE',  ( -0.000000000000000000, 1.000000000000000000, -0.000000000000000000 ) ) ;
#468 = LINE ( 'NONE', #2000, #1920 ) ;
#469 = DIRECTION ( 'NONE',  ( 0.000000000000000000, 0.000000000000000000, 1.000000000000000000 ) ) ;
#470 =( GEOMETRIC_REPRESENTATION_CONTEXT ( 3 ) GLOBAL_UNCERTAINTY_ASSIGNED_CONTEXT ( ( #2672 ) ) GLOBAL_UNIT_ASSIGNED_CONTEXT ( ( #761, #2826, #1804 ) ) REPRESENTATION_CONTEXT ( 'NONE', 'WORKASPACE' ) );
#471 = CIRCLE ( 'NONE', #2334, 0.1500000000000004385 ) ;
#472 =( NAMED_UNIT ( * ) SI_UNIT ( $, .STERADIAN. ) SOLID_ANGLE_UNIT ( ) );
#473 = PRESENTATION_LAYER_ASSIGNMENT (  '', '', ( #1224 ) ) ;
#474 = SURFACE_STYLE_FILL_AREA ( #2511 ) ;
#475 = CIRCLE ( 'NONE', #309, 0.08124999999999978073 ) ;
#476 = ORIENTED_EDGE ( 'NONE', *, *, #3111, .F. ) ;
#477 = FACE_OUTER_BOUND ( 'NONE', #647, .T. ) ;
#478 = AXIS2_PLACEMENT_3D ( 'NONE', #2207, #204, #1191 ) ;
#479 = EDGE_CURVE ( 'NONE', #2665, #1398, #1548, .T. ) ;
#480 = SURFACE_STYLE_FILL_AREA ( #2257 ) ;
#481 = EDGE_CURVE ( 'NONE', #3194, #1944, #9, .T. ) ;
#482 = EDGE_CURVE ( 'NONE', #1339, #270, #2085, .T. ) ;
#483 = CARTESIAN_POINT ( 'NONE',  ( -1.000000000000000000, 0.5300000000000000266, 0.2499999999999999445 ) ) ;
#484 = SURFACE_SIDE_STYLE ('',( #1228 ) ) ;
#485 = CARTESIAN_POINT ( 'NONE',  ( 0.000000000000000000, 0.000000000000000000, 0.000000000000000000 ) ) ;
#486 =( LENGTH_UNIT ( ) NAMED_UNIT ( * ) SI_UNIT ( .MILLI., .METRE. ) );
#487 = PLANE ( 'NONE',  #838 ) ;
#488 = VECTOR ( 'NONE', #510, 1000.000000000000000 ) ;
#489 = VECTOR ( 'NONE', #208, 1000.000000000000000 ) ;
#490 = DIRECTION ( 'NONE',  ( -0.000000000000000000, 1.000000000000000000, -0.000000000000000000 ) ) ;
#491 = ORIENTED_EDGE ( 'NONE', *, *, #1075, .F. ) ;
#492 = CARTESIAN_POINT ( 'NONE',  ( -0.4999999999999997780, 0.000000000000000000, -0.2500000000000000555 ) ) ;
#493 = PRESENTATION_LAYER_ASSIGNMENT (  '', '', ( #54 ) ) ;
#494 = FILL_AREA_STYLE_COLOUR ( '', #1893 ) ;
#495 = VECTOR ( 'NONE', #2890, 1000.000000000000000 ) ;
#496 =( NAMED_UNIT ( * ) PLANE_ANGLE_UNIT ( ) SI_UNIT ( $, .RADIAN. ) );
#497 = COLOUR_RGB ( '',0.9686274509803921573, 0.8784313725490195957, 0.5999999999999999778 ) ;
#498 = AXIS2_PLACEMENT_3D ( 'NONE', #1596, #2640, #2840 ) ;
#499 = CARTESIAN_POINT ( 'NONE',  ( 1.175000000000000044, -0.02000000000000000042, -0.2812499999999998890 ) ) ;
#500 = EDGE_CURVE ( 'NONE', #640, #1663, #558, .T. ) ;
#501 = CARTESIAN_POINT ( 'NONE',  ( 0.000000000000000000, 0.5300000000000000266, 0.2499999999999999445 ) ) ;
#502 = VECTOR ( 'NONE', #1790, 1000.000000000000000 ) ;
#503 = FILL_AREA_STYLE ('',( #14 ) ) ;
#504 = DIRECTION ( 'NONE',  ( -0.000000000000000000, -1.000000000000000000, -0.000000000000000000 ) ) ;
#505 = ORIENTED_EDGE ( 'NONE', *, *, #2975, .F. ) ;
#506 = CARTESIAN_POINT ( 'NONE',  ( 0.4999999999999997780, -0.02000000000000000042, 0.2499999999999999445 ) ) ;
#507 = DIRECTION ( 'NONE',  ( 2.168404344971008474E-15, 0.000000000000000000, -1.000000000000000000 ) ) ;
#508 = EDGE_LOOP ( 'NONE', ( #411, #1997, #1577, #1496 ) ) ;
#509 = DIRECTION ( 'NONE',  ( 1.000000000000000000, 0.000000000000000000, 0.000000000000000000 ) ) ;
#510 = DIRECTION ( 'NONE',  ( -1.000000000000000000, 0.000000000000000000, -1.355252715606880789E-16 ) ) ;
#511 = FILL_AREA_STYLE ('',( #2308 ) ) ;
#512 = PRESENTATION_LAYER_ASSIGNMENT (  '', '', ( #1967 ) ) ;
#513 = SURFACE_SIDE_STYLE ('',( #2774 ) ) ;
#514 = CARTESIAN_POINT ( 'NONE',  ( 6.439163722665173490E-35, 0.000000000000000000, 4.395166796379349727E-18 ) ) ;
#515 = VECTOR ( 'NONE', #841, 1000.000000000000000 ) ;
#516 = EDGE_CURVE ( 'NONE', #2807, #127, #2288, .T. ) ;
#517 = LINE ( 'NONE', #1118, #1998 ) ;
#518 = STYLED_ITEM ( 'NONE', ( #124 ), #2598 ) ;
#519 = CARTESIAN_POINT ( 'NONE',  ( -0.4999999999999997780, -0.02000000000000000042, 0.1999999999999999278 ) ) ;
#520 = MECHANICAL_DESIGN_GEOMETRIC_PRESENTATION_REPRESENTATION (  '', ( #1013 ), #2403 ) ;
#521 = EDGE_LOOP ( 'NONE', ( #2583, #1733, #3237, #1160 ) ) ;
#522 = EDGE_CURVE ( 'NONE', #953, #1454, #2375, .T. ) ;
#523 = LINE ( 'NONE', #1544, #546 ) ;
#524 = EDGE_CURVE ( 'NONE', #953, #1323, #2856, .T. ) ;
#525 = PLANE ( 'NONE',  #1353 ) ;
#526 = AXIS2_PLACEMENT_3D ( 'NONE', #2928, #1960, #1907 ) ;
#527 = LINE ( 'NONE', #1584, #2025 ) ;
#528 = ORIENTED_EDGE ( 'NONE', *, *, #1133, .F. ) ;
#529 = LINE ( 'NONE', #798, #2818 ) ;
#530 = CARTESIAN_POINT ( 'NONE',  ( -0.5999999999999998668, -0.02000000000000000042, -0.1000000000000000194 ) ) ;
#531 = DIRECTION ( 'NONE',  ( 0.000000000000000000, 0.000000000000000000, -1.000000000000000000 ) ) ;
#532 = UNCERTAINTY_MEASURE_WITH_UNIT (LENGTH_MEASURE( 1.000000000000000082E-05 ), #2373, 'distance_accuracy_value', 'NONE');
#533 = PLANE ( 'NONE',  #1195 ) ;
#534 = SURFACE_SIDE_STYLE ('',( #562 ) ) ;
#535 = DIRECTION ( 'NONE',  ( 0.000000000000000000, 0.000000000000000000, 1.000000000000000000 ) ) ;
#536 = CARTESIAN_POINT ( 'NONE',  ( -0.2999999999999993783, -0.02000000000000000042, -6.505213034913013785E-16 ) ) ;
#537 = SURFACE_SIDE_STYLE ('',( #44 ) ) ;
#538 = EDGE_LOOP ( 'NONE', ( #583, #1250, #901, #125 ) ) ;
#539 =( GEOMETRIC_REPRESENTATION_CONTEXT ( 3 ) GLOBAL_UNCERTAINTY_ASSIGNED_CONTEXT ( ( #1235 ) ) GLOBAL_UNIT_ASSIGNED_CONTEXT ( ( #1725, #3044, #975 ) ) REPRESENTATION_CONTEXT ( 'NONE', 'WORKASPACE' ) );
#540 = EDGE_CURVE ( 'NONE', #1490, #1934, #529, .T. ) ;
#541 = FILL_AREA_STYLE ('',( #339 ) ) ;
#542 = PRESENTATION_LAYER_ASSIGNMENT (  '', '', ( #2970 ) ) ;
#543 = VERTEX_POINT ( 'NONE', #3134 ) ;
#544 = CARTESIAN_POINT ( 'NONE',  ( -6.439163722665173490E-35, -0.000000000000000000, 4.395166796379349727E-18 ) ) ;
#545 = DIRECTION ( 'NONE',  ( 0.000000000000000000, 0.000000000000000000, 1.000000000000000000 ) ) ;
#546 = VECTOR ( 'NONE', #2578, 999.9999999999998863 ) ;
#547 = FILL_AREA_STYLE ('',( #1084 ) ) ;
#548 =( NAMED_UNIT ( * ) PLANE_ANGLE_UNIT ( ) SI_UNIT ( $, .RADIAN. ) );
#549 = VECTOR ( 'NONE', #1981, 1000.000000000000000 ) ;
#550 =( LENGTH_UNIT ( ) NAMED_UNIT ( * ) SI_UNIT ( .MILLI., .METRE. ) );
#551 = VECTOR ( 'NONE', #509, 1000.000000000000000 ) ;
#552 = CARTESIAN_POINT ( 'NONE',  ( 0.4999999999999997780, -0.02000000000000000042, -0.2500000000000000555 ) ) ;
#553 = CYLINDRICAL_SURFACE ( 'NONE', #3212, 0.1500000000000004663 ) ;
#554 = VERTEX_POINT ( 'NONE', #1520 ) ;
#555 =( NAMED_UNIT ( * ) SI_UNIT ( $, .STERADIAN. ) SOLID_ANGLE_UNIT ( ) );
#556 = VERTEX_POINT ( 'NONE', #2884 ) ;
#557 = EDGE_CURVE ( 'NONE', #3285, #1148, #3325, .T. ) ;
#558 = LINE ( 'NONE', #1033, #2923 ) ;
#559 = LINE ( 'NONE', #2086, #1774 ) ;
#560 = PLANE ( 'NONE',  #663 ) ;
#561 = EDGE_CURVE ( 'NONE', #113, #2548, #248, .T. ) ;
#562 = SURFACE_STYLE_FILL_AREA ( #547 ) ;
#563 = DIRECTION ( 'NONE',  ( 0.000000000000000000, 0.000000000000000000, 1.000000000000000000 ) ) ;
#564 =( GEOMETRIC_REPRESENTATION_CONTEXT ( 3 ) GLOBAL_UNCERTAINTY_ASSIGNED_CONTEXT ( ( #313 ) ) GLOBAL_UNIT_ASSIGNED_CONTEXT ( ( #2162, #858, #1871 ) ) REPRESENTATION_CONTEXT ( 'NONE', 'WORKASPACE' ) );
#565 = STYLED_ITEM ( 'NONE', ( #3101 ), #2557 ) ;
#566 = SURFACE_STYLE_USAGE ( .BOTH. , #537 ) ;
#567 = ORIENTED_EDGE ( 'NONE', *, *, #1186, .T. ) ;
#568 = UNCERTAINTY_MEASURE_WITH_UNIT (LENGTH_MEASURE( 1.000000000000000082E-05 ), #1048, 'distance_accuracy_value', 'NONE');
#569 = DIRECTION ( 'NONE',  ( 1.000000000000000000, 0.000000000000000000, -3.097720492815728152E-16 ) ) ;
#570 = ORIENTED_EDGE ( 'NONE', *, *, #464, .F. ) ;
#571 = DIRECTION ( 'NONE',  ( -0.2982749931359468532, 0.9544799780350297080, 0.000000000000000000 ) ) ;
#572 = VECTOR ( 'NONE', #1022, 1000.000000000000000 ) ;
#573 = FACE_OUTER_BOUND ( 'NONE', #3029, .T. ) ;
#574 = CARTESIAN_POINT ( 'NONE',  ( 0.4999999999999993339, -0.000000000000000000, -1.084202172485502659E-15 ) ) ;
#575 = AXIS2_PLACEMENT_3D ( 'NONE', #2017, #3046, #3063 ) ;
#576 =( GEOMETRIC_REPRESENTATION_CONTEXT ( 3 ) GLOBAL_UNCERTAINTY_ASSIGNED_CONTEXT ( ( #1741 ) ) GLOBAL_UNIT_ASSIGNED_CONTEXT ( ( #388, #891, #116 ) ) REPRESENTATION_CONTEXT ( 'NONE', 'WORKASPACE' ) );
#577 = ADVANCED_FACE ( 'NONE', ( #1018 ), #1788, .F. ) ;
#578 = SURFACE_STYLE_USAGE ( .BOTH. , #3184 ) ;
#579 = CARTESIAN_POINT ( 'NONE',  ( 1.349999999999999867, -0.02000000000000000042, 0.04999999999999991257 ) ) ;
#580 = STYLED_ITEM ( 'NONE', ( #2943 ), #356 ) ;
#581 = CARTESIAN_POINT ( 'NONE',  ( 0.000000000000000000, 0.5500000000000000444, -0.2500000000000000555 ) ) ;
#582 =( LENGTH_UNIT ( ) NAMED_UNIT ( * ) SI_UNIT ( .MILLI., .METRE. ) );
#583 = ORIENTED_EDGE ( 'NONE', *, *, #1842, .F. ) ;
#584 = ADVANCED_FACE ( 'NONE', ( #573 ), #617, .T. ) ;
#585 = UNCERTAINTY_MEASURE_WITH_UNIT (LENGTH_MEASURE( 1.000000000000000082E-05 ), #2132, 'distance_accuracy_value', 'NONE');
#586 = FACE_OUTER_BOUND ( 'NONE', #967, .T. ) ;
#587 = FILL_AREA_STYLE_COLOUR ( '', #3207 ) ;
#588 = ORIENTED_EDGE ( 'NONE', *, *, #1318, .T. ) ;
#589 = ORIENTED_EDGE ( 'NONE', *, *, #1181, .T. ) ;
#590 = CARTESIAN_POINT ( 'NONE',  ( 0.7999999999999999334, 0.000000000000000000, -0.2500000000000000555 ) ) ;
#591 = CARTESIAN_POINT ( 'NONE',  ( -1.000000000000000000, -0.02000000000000000042, -0.2000000000000001221 ) ) ;
#592 =( NAMED_UNIT ( * ) SI_UNIT ( $, .STERADIAN. ) SOLID_ANGLE_UNIT ( ) );
#593 = VERTEX_POINT ( 'NONE', #595 ) ;
#594 = VERTEX_POINT ( 'NONE', #359 ) ;
#595 = CARTESIAN_POINT ( 'NONE',  ( -1.050000000000000044, 0.000000000000000000, 0.04999999999999995420 ) ) ;
#596 = CARTESIAN_POINT ( 'NONE',  ( -1.150000000000000355, 0.5500000000000000444, 0.04999999999999994033 ) ) ;
#597 = PRESENTATION_LAYER_ASSIGNMENT (  '', '', ( #2588 ) ) ;
#598 = FACE_OUTER_BOUND ( 'NONE', #164, .T. ) ;
#599 = PRESENTATION_STYLE_ASSIGNMENT (( #3204 ) ) ;
#600 = LINE ( 'NONE', #2572, #672 ) ;
#601 = LINE ( 'NONE', #1611, #2342 ) ;
#602 = EDGE_LOOP ( 'NONE', ( #2700, #1120, #454, #438, #1210, #827, #918, #3266, #1568, #886 ) ) ;
#603 =( LENGTH_UNIT ( ) NAMED_UNIT ( * ) SI_UNIT ( .MILLI., .METRE. ) );
#604 = FILL_AREA_STYLE ('',( #2912 ) ) ;
#605 =( LENGTH_UNIT ( ) NAMED_UNIT ( * ) SI_UNIT ( .MILLI., .METRE. ) );
#606 = EDGE_CURVE ( 'NONE', #704, #2703, #1422, .T. ) ;
#607 = ADVANCED_FACE ( 'NONE', ( #1382 ), #2390, .T. ) ;
#608 = ORIENTED_EDGE ( 'NONE', *, *, #312, .T. ) ;
#609 =( GEOMETRIC_REPRESENTATION_CONTEXT ( 3 ) GLOBAL_UNCERTAINTY_ASSIGNED_CONTEXT ( ( #344 ) ) GLOBAL_UNIT_ASSIGNED_CONTEXT ( ( #320, #1864, #1347 ) ) REPRESENTATION_CONTEXT ( 'NONE', 'WORKASPACE' ) );
#610 = VERTEX_POINT ( 'NONE', #2414 ) ;
#611 = EDGE_CURVE ( 'NONE', #2703, #543, #641, .T. ) ;
#612 = PRESENTATION_LAYER_ASSIGNMENT (  '', '', ( #933 ) ) ;
#613 = CARTESIAN_POINT ( 'NONE',  ( 0.4999999999999997780, 0.000000000000000000, -0.2500000000000000555 ) ) ;
#614 =( NAMED_UNIT ( * ) PLANE_ANGLE_UNIT ( ) SI_UNIT ( $, .RADIAN. ) );
#615 = VERTEX_POINT ( 'NONE', #2766 ) ;
#616 = LINE ( 'NONE', #375, #744 ) ;
#617 = PLANE ( 'NONE',  #2213 ) ;
#618 =( NAMED_UNIT ( * ) PLANE_ANGLE_UNIT ( ) SI_UNIT ( $, .RADIAN. ) );
#619 = UNCERTAINTY_MEASURE_WITH_UNIT (LENGTH_MEASURE( 1.000000000000000082E-05 ), #2843, 'distance_accuracy_value', 'NONE');
#620 = LINE ( 'NONE', #363, #3260 ) ;
#621 = PRESENTATION_STYLE_ASSIGNMENT (( #2926 ) ) ;
#622 = DIRECTION ( 'NONE',  ( -0.000000000000000000, -1.000000000000000000, -0.000000000000000000 ) ) ;
#623 =( NAMED_UNIT ( * ) SI_UNIT ( $, .STERADIAN. ) SOLID_ANGLE_UNIT ( ) );
#624 = ORIENTED_EDGE ( 'NONE', *, *, #245, .T. ) ;
#625 = DIRECTION ( 'NONE',  ( 1.000000000000000000, 0.000000000000000000, 0.000000000000000000 ) ) ;
#626 =( NAMED_UNIT ( * ) SI_UNIT ( $, .STERADIAN. ) SOLID_ANGLE_UNIT ( ) );
#627 = DIRECTION ( 'NONE',  ( -0.000000000000000000, 1.000000000000000000, -0.000000000000000000 ) ) ;
#628 =( NAMED_UNIT ( * ) SI_UNIT ( $, .STERADIAN. ) SOLID_ANGLE_UNIT ( ) );
#629 = VERTEX_POINT ( 'NONE', #3275 ) ;
#630 = EDGE_CURVE ( 'NONE', #1218, #864, #168, .T. ) ;
#631 = CARTESIAN_POINT ( 'NONE',  ( -0.4999999999999997780, -0.02000000000000000042, 0.000000000000000000 ) ) ;
#632 = ORIENTED_EDGE ( 'NONE', *, *, #1593, .T. ) ;
#633 = FACE_OUTER_BOUND ( 'NONE', #2823, .T. ) ;
#634 =( GEOMETRIC_REPRESENTATION_CONTEXT ( 3 ) GLOBAL_UNCERTAINTY_ASSIGNED_CONTEXT ( ( #1578 ) ) GLOBAL_UNIT_ASSIGNED_CONTEXT ( ( #1367, #2763, #2497 ) ) REPRESENTATION_CONTEXT ( 'NONE', 'WORKASPACE' ) );
#635 = FACE_OUTER_BOUND ( 'NONE', #712, .T. ) ;
#636 = MECHANICAL_DESIGN_GEOMETRIC_PRESENTATION_REPRESENTATION (  '', ( #1485 ), #1756 ) ;
#637 = CARTESIAN_POINT ( 'NONE',  ( 0.000000000000000000, 0.000000000000000000, 0.2499999999999999445 ) ) ;
#638 = ADVANCED_FACE ( 'NONE', ( #1441 ), #2992, .F. ) ;
#639 = ORIENTED_EDGE ( 'NONE', *, *, #1573, .T. ) ;
#640 = VERTEX_POINT ( 'NONE', #3026 ) ;
#641 = LINE ( 'NONE', #1643, #283 ) ;
#642 = COLOUR_RGB ( '',1.000000000000000000, 1.000000000000000000, 1.000000000000000000 ) ;
#643 = PLANE ( 'NONE',  #1576 ) ;
#644 = DIRECTION ( 'NONE',  ( 0.000000000000000000, 1.000000000000000000, 0.000000000000000000 ) ) ;
#645 = DIRECTION ( 'NONE',  ( 1.355252715606881282E-16, 0.000000000000000000, -1.000000000000000000 ) ) ;
#646 = AXIS2_PLACEMENT_3D ( 'NONE', #314, #97, #2174 ) ;
#647 = EDGE_LOOP ( 'NONE', ( #1346, #1721, #2483, #1902 ) ) ;
#648 = COLOUR_RGB ( '',1.000000000000000000, 1.000000000000000000, 1.000000000000000000 ) ;
#649 = CARTESIAN_POINT ( 'NONE',  ( 1.349999999999999867, -0.02000000000000000042, 0.04999999999999991257 ) ) ;
#650 = CARTESIAN_POINT ( 'NONE',  ( -1.264902534566420813E-17, -0.02000000000000000042, -0.09999999999999993616 ) ) ;
#651 = EDGE_LOOP ( 'NONE', ( #2762, #3298, #2151, #639 ) ) ;
#652 = CARTESIAN_POINT ( 'NONE',  ( 0.4999999999999997780, -0.02000000000000000042, 0.000000000000000000 ) ) ;
#653 = ORIENTED_EDGE ( 'NONE', *, *, #2247, .T. ) ;
#654 = SURFACE_SIDE_STYLE ('',( #915 ) ) ;
#655 = ORIENTED_EDGE ( 'NONE', *, *, #630, .F. ) ;
#656 = EDGE_LOOP ( 'NONE', ( #1912, #2919, #2084, #837 ) ) ;
#657 = SURFACE_STYLE_USAGE ( .BOTH. , #887 ) ;
#658 = ADVANCED_FACE ( 'NONE', ( #447 ), #697, .F. ) ;
#659 = CARTESIAN_POINT ( 'NONE',  ( 1.175000000000000044, 0.000000000000000000, -0.2812499999999998890 ) ) ;
#660 = VECTOR ( 'NONE', #51, 1000.000000000000000 ) ;
#661 = FILL_AREA_STYLE ('',( #2656 ) ) ;
#662 = CARTESIAN_POINT ( 'NONE',  ( -1.349999999999999867, 0.5500000000000000444, -0.2500000000000000555 ) ) ;
#663 = AXIS2_PLACEMENT_3D ( 'NONE', #1561, #1314, #263 ) ;
#664 = EDGE_LOOP ( 'NONE', ( #2724, #414, #247, #2105, #1415, #723 ) ) ;
#665 = PLANE ( 'NONE',  #1821 ) ;
#666 = VECTOR ( 'NONE', #3067, 1000.000000000000000 ) ;
#667 = SURFACE_SIDE_STYLE ('',( #911 ) ) ;
#668 = CARTESIAN_POINT ( 'NONE',  ( -1.249999999999999778, -0.02000000000000000042, -0.2500000000000000555 ) ) ;
#669 = CARTESIAN_POINT ( 'NONE',  ( -0.5999999999999999778, -0.02000000000000000042, 0.2499999999999999445 ) ) ;
#670 = ORIENTED_EDGE ( 'NONE', *, *, #1842, .T. ) ;
#671 = FILL_AREA_STYLE_COLOUR ( '', #3150 ) ;
#672 = VECTOR ( 'NONE', #1040, 1000.000000000000000 ) ;
#673 = ORIENTED_EDGE ( 'NONE', *, *, #2851, .F. ) ;
#674 =( LENGTH_UNIT ( ) NAMED_UNIT ( * ) SI_UNIT ( .MILLI., .METRE. ) );
#675 = AXIS2_PLACEMENT_3D ( 'NONE', #1922, #2430, #143 ) ;
#676 = FACE_OUTER_BOUND ( 'NONE', #602, .T. ) ;
#677 = ORIENTED_EDGE ( 'NONE', *, *, #1898, .F. ) ;
#678 = MECHANICAL_DESIGN_GEOMETRIC_PRESENTATION_REPRESENTATION (  '', ( #2102 ), #2320 ) ;
#679 = UNCERTAINTY_MEASURE_WITH_UNIT (LENGTH_MEASURE( 1.000000000000000082E-05 ), #409, 'distance_accuracy_value', 'NONE');
#680 = ORIENTED_EDGE ( 'NONE', *, *, #444, .T. ) ;
#681 = SURFACE_STYLE_FILL_AREA ( #2976 ) ;
#682 = PRESENTATION_LAYER_ASSIGNMENT (  '', '', ( #2104 ) ) ;
#683 =( NAMED_UNIT ( * ) SI_UNIT ( $, .STERADIAN. ) SOLID_ANGLE_UNIT ( ) );
#684 = EDGE_CURVE ( 'NONE', #3066, #329, #1251, .T. ) ;
#685 = CARTESIAN_POINT ( 'NONE',  ( -0.1999999999999999001, -0.000000000000000000, -2.168404344971007635E-17 ) ) ;
#686 = ORIENTED_EDGE ( 'NONE', *, *, #2759, .T. ) ;
#687 = FILL_AREA_STYLE_COLOUR ( '', #1234 ) ;
#688 =( NAMED_UNIT ( * ) SI_UNIT ( $, .STERADIAN. ) SOLID_ANGLE_UNIT ( ) );
#689 = CARTESIAN_POINT ( 'NONE',  ( -0.7999999999999999334, -0.02000000000000000042, -0.2000000000000001221 ) ) ;
#690 = FILL_AREA_STYLE_COLOUR ( '', #34 ) ;
#691 = ORIENTED_EDGE ( 'NONE', *, *, #2023, .F. ) ;
#692 = SURFACE_STYLE_USAGE ( .BOTH. , #3254 ) ;
#693 = EDGE_LOOP ( 'NONE', ( #450, #1631, #1345, #2821, #860 ) ) ;
#694 = ORIENTED_EDGE ( 'NONE', *, *, #2440, .T. ) ;
#695 = VECTOR ( 'NONE', #371, 1000.000000000000000 ) ;
#696 = ORIENTED_EDGE ( 'NONE', *, *, #292, .F. ) ;
#697 = PLANE ( 'NONE',  #2442 ) ;
#698 = FACE_OUTER_BOUND ( 'NONE', #3279, .T. ) ;
#699 = VECTOR ( 'NONE', #3081, 1000.000000000000000 ) ;
#700 =( NAMED_UNIT ( * ) PLANE_ANGLE_UNIT ( ) SI_UNIT ( $, .RADIAN. ) );
#701 = FILL_AREA_STYLE_COLOUR ( '', #2307 ) ;
#702 = EDGE_CURVE ( 'NONE', #810, #104, #1239, .T. ) ;
#703 =( NAMED_UNIT ( * ) SI_UNIT ( $, .STERADIAN. ) SOLID_ANGLE_UNIT ( ) );
#704 = VERTEX_POINT ( 'NONE', #2242 ) ;
#705 = LINE ( 'NONE', #2771, #2765 ) ;
#706 = SURFACE_SIDE_STYLE ('',( #945 ) ) ;
#707 = VECTOR ( 'NONE', #2419, 1000.000000000000000 ) ;
#708 = CARTESIAN_POINT ( 'NONE',  ( -1.000000000000000000, 1.330000000000000071, 0.2499999999999999445 ) ) ;
#709 = ADVANCED_FACE ( 'NONE', ( #2255 ), #2272, .F. ) ;
#710 = SURFACE_SIDE_STYLE ('',( #3252 ) ) ;
#711 = ORIENTED_EDGE ( 'NONE', *, *, #2617, .T. ) ;
#712 = EDGE_LOOP ( 'NONE', ( #1800, #299, #2729, #3181, #2924, #2792, #2682, #2604, #2616, #1918 ) ) ;
#713 = VECTOR ( 'NONE', #1152, 1000.000000000000000 ) ;
#714 = UNCERTAINTY_MEASURE_WITH_UNIT (LENGTH_MEASURE( 1.000000000000000082E-05 ), #757, 'distance_accuracy_value', 'NONE');
#715 = DIRECTION ( 'NONE',  ( -0.000000000000000000, 1.000000000000000000, -0.000000000000000000 ) ) ;
#716 = ORIENTED_EDGE ( 'NONE', *, *, #1791, .T. ) ;
#717 = CARTESIAN_POINT ( 'NONE',  ( -1.050000000000000044, -0.02000000000000000042, 0.2499999999999999445 ) ) ;
#718 = CARTESIAN_POINT ( 'NONE',  ( 0.7999999999999999334, -0.02000000000000000042, 0.000000000000000000 ) ) ;
#719 = ORIENTED_EDGE ( 'NONE', *, *, #1069, .T. ) ;
#720 = FACE_OUTER_BOUND ( 'NONE', #1840, .T. ) ;
#721 = PRESENTATION_LAYER_ASSIGNMENT (  '', '', ( #2090 ) ) ;
#722 = CARTESIAN_POINT ( 'NONE',  ( 0.5999999999999998668, -0.02000000000000000042, 0.2499999999999999445 ) ) ;
#723 = ORIENTED_EDGE ( 'NONE', *, *, #90, .F. ) ;
#724 =( NAMED_UNIT ( * ) SI_UNIT ( $, .STERADIAN. ) SOLID_ANGLE_UNIT ( ) );
#725 = ADVANCED_FACE ( 'NONE', ( #3321 ), #525, .F. ) ;
#726 = LINE ( 'NONE', #1014, #2674 ) ;
#727 = ORIENTED_EDGE ( 'NONE', *, *, #89, .T. ) ;
#728 = STYLED_ITEM ( 'NONE', ( #2980 ), #1107 ) ;
#729 =( LENGTH_UNIT ( ) NAMED_UNIT ( * ) SI_UNIT ( .MILLI., .METRE. ) );
#730 = LINE ( 'NONE', #2064, #1933 ) ;
#731 = ORIENTED_EDGE ( 'NONE', *, *, #2223, .T. ) ;
#732 = CARTESIAN_POINT ( 'NONE',  ( 0.7499999999999997780, 1.330000000000000071, -0.2500000000000000555 ) ) ;
#733 = FILL_AREA_STYLE ('',( #2505 ) ) ;
#734 = CARTESIAN_POINT ( 'NONE',  ( 0.5999999999999998668, 0.000000000000000000, -0.1000000000000000194 ) ) ;
#735 = ORIENTED_EDGE ( 'NONE', *, *, #2364, .T. ) ;
#736 = LINE ( 'NONE', #1661, #2287 ) ;
#737 = FACE_OUTER_BOUND ( 'NONE', #2997, .T. ) ;
#738 = EDGE_CURVE ( 'NONE', #914, #120, #2404, .T. ) ;
#739 = ORIENTED_EDGE ( 'NONE', *, *, #2618, .T. ) ;
#740 =( LENGTH_UNIT ( ) NAMED_UNIT ( * ) SI_UNIT ( .MILLI., .METRE. ) );
#741 = EDGE_CURVE ( 'NONE', #2178, #864, #1354, .T. ) ;
#742 =( LENGTH_UNIT ( ) NAMED_UNIT ( * ) SI_UNIT ( .MILLI., .METRE. ) );
#743 = LINE ( 'NONE', #718, #2005 ) ;
#744 = VECTOR ( 'NONE', #1401, 1000.000000000000000 ) ;
#745 = VECTOR ( 'NONE', #146, 1000.000000000000000 ) ;
#746 = DIRECTION ( 'NONE',  ( -0.000000000000000000, 1.000000000000000000, -0.000000000000000000 ) ) ;
#747 = DIRECTION ( 'NONE',  ( 0.000000000000000000, 0.000000000000000000, -1.000000000000000000 ) ) ;
#748 = CARTESIAN_POINT ( 'NONE',  ( -0.1999999999999999001, 0.000000000000000000, -0.2500000000000000555 ) ) ;
#749 = ORIENTED_EDGE ( 'NONE', *, *, #3056, .T. ) ;
#750 = DIRECTION ( 'NONE',  ( 1.000000000000000000, 0.000000000000000000, 0.000000000000000000 ) ) ;
#751 = PRESENTATION_LAYER_ASSIGNMENT (  '', '', ( #2128 ) ) ;
#752 = LINE ( 'NONE', #3270, #1056 ) ;
#753 = ORIENTED_EDGE ( 'NONE', *, *, #2739, .T. ) ;
#754 =( NAMED_UNIT ( * ) PLANE_ANGLE_UNIT ( ) SI_UNIT ( $, .RADIAN. ) );
#755 = STYLED_ITEM ( 'NONE', ( #2599 ), #334 ) ;
#756 = PRESENTATION_LAYER_ASSIGNMENT (  '', '', ( #2803 ) ) ;
#757 =( LENGTH_UNIT ( ) NAMED_UNIT ( * ) SI_UNIT ( .MILLI., .METRE. ) );
#758 = EDGE_CURVE ( 'NONE', #1059, #1949, #259, .T. ) ;
#759 =( NAMED_UNIT ( * ) PLANE_ANGLE_UNIT ( ) SI_UNIT ( $, .RADIAN. ) );
#760 = CARTESIAN_POINT ( 'NONE',  ( 0.000000000000000000, 0.000000000000000000, 0.000000000000000000 ) ) ;
#761 =( LENGTH_UNIT ( ) NAMED_UNIT ( * ) SI_UNIT ( .MILLI., .METRE. ) );
#762 = LINE ( 'NONE', #2522, #384 ) ;
#763 = DIRECTION ( 'NONE',  ( -0.000000000000000000, 1.000000000000000000, -0.000000000000000000 ) ) ;
#764 = FILL_AREA_STYLE ('',( #2816 ) ) ;
#765 = LINE ( 'NONE', #1780, #216 ) ;
#766 = PRESENTATION_LAYER_ASSIGNMENT (  '', '', ( #1659 ) ) ;
#767 = VECTOR ( 'NONE', #37, 1000.000000000000000 ) ;
#768 = DIRECTION ( 'NONE',  ( -1.000000000000000000, 0.000000000000000000, -1.355252715606881529E-16 ) ) ;
#769 = ORIENTED_EDGE ( 'NONE', *, *, #873, .T. ) ;
#770 = CARTESIAN_POINT ( 'NONE',  ( 0.7999999999999999334, -0.02000000000000000042, 0.000000000000000000 ) ) ;
#771 = CARTESIAN_POINT ( 'NONE',  ( 1.264902534566420813E-17, -0.000000000000000000, -0.09999999999999993616 ) ) ;
#772 = VECTOR ( 'NONE', #171, 1000.000000000000114 ) ;
#773 = ORIENTED_EDGE ( 'NONE', *, *, #224, .T. ) ;
#774 = DIRECTION ( 'NONE',  ( -0.000000000000000000, 1.000000000000000000, -0.000000000000000000 ) ) ;
#775 = COLOUR_RGB ( '',0.9686274509803921573, 0.8784313725490195957, 0.5999999999999999778 ) ;
#776 = SURFACE_STYLE_FILL_AREA ( #1257 ) ;
#777 = ADVANCED_FACE ( 'NONE', ( #2129 ), #3158, .F. ) ;
#778 = DIRECTION ( 'NONE',  ( 0.000000000000000000, 1.000000000000000000, -0.000000000000000000 ) ) ;
#779 = DIRECTION ( 'NONE',  ( -1.000000000000000000, 0.000000000000000000, -0.000000000000000000 ) ) ;
#780 = EDGE_CURVE ( 'NONE', #2965, #1690, #2478, .T. ) ;
#781 = FILL_AREA_STYLE ('',( #587 ) ) ;
#782 = CARTESIAN_POINT ( 'NONE',  ( -1.349999999999999867, 0.5300000000000000266, 0.09999999999999947820 ) ) ;
#783 = EDGE_LOOP ( 'NONE', ( #608, #1263, #1674, #191, #1355 ) ) ;
#784 = LINE ( 'NONE', #1324, #1483 ) ;
#785 =( LENGTH_UNIT ( ) NAMED_UNIT ( * ) SI_UNIT ( .MILLI., .METRE. ) );
#786 = CARTESIAN_POINT ( 'NONE',  ( -6.776263578034420431E-18, 0.5500000000000000444, 0.05000000000000009992 ) ) ;
#787 = CARTESIAN_POINT ( 'NONE',  ( -1.100000000000000311, 0.000000000000000000, -0.2500000000000000555 ) ) ;
#788 =( GEOMETRIC_REPRESENTATION_CONTEXT ( 3 ) GLOBAL_UNCERTAINTY_ASSIGNED_CONTEXT ( ( #2125 ) ) GLOBAL_UNIT_ASSIGNED_CONTEXT ( ( #824, #2315, #2626 ) ) REPRESENTATION_CONTEXT ( 'NONE', 'WORKASPACE' ) );
#789 = CARTESIAN_POINT ( 'NONE',  ( -1.150000000000000355, 0.5300000000000000266, 0.000000000000000000 ) ) ;
#790 = CARTESIAN_POINT ( 'NONE',  ( 0.4999999999999997780, -0.000000000000000000, 0.1999999999999999278 ) ) ;
#791 = COLOUR_RGB ( '',1.000000000000000000, 1.000000000000000000, 1.000000000000000000 ) ;
#792 =( GEOMETRIC_REPRESENTATION_CONTEXT ( 3 ) GLOBAL_UNCERTAINTY_ASSIGNED_CONTEXT ( ( #290 ) ) GLOBAL_UNIT_ASSIGNED_CONTEXT ( ( #429, #614, #2935 ) ) REPRESENTATION_CONTEXT ( 'NONE', 'WORKASPACE' ) );
#793 = EDGE_CURVE ( 'NONE', #3283, #214, #3174, .T. ) ;
#794 =( LENGTH_UNIT ( ) NAMED_UNIT ( * ) SI_UNIT ( .MILLI., .METRE. ) );
#795 =( GEOMETRIC_REPRESENTATION_CONTEXT ( 3 ) GLOBAL_UNCERTAINTY_ASSIGNED_CONTEXT ( ( #1936 ) ) GLOBAL_UNIT_ASSIGNED_CONTEXT ( ( #1497, #2020, #2968 ) ) REPRESENTATION_CONTEXT ( 'NONE', 'WORKASPACE' ) );
#796 = ORIENTED_EDGE ( 'NONE', *, *, #1412, .T. ) ;
#797 = COLOUR_RGB ( '',0.9686274509803921573, 0.8784313725490195957, 0.5999999999999999778 ) ;
#798 = CARTESIAN_POINT ( 'NONE',  ( 0.4999999999999997780, -0.02000000000000000042, 0.000000000000000000 ) ) ;
#799 = DIRECTION ( 'NONE',  ( 0.000000000000000000, -1.000000000000000000, 0.000000000000000000 ) ) ;
#800 = PLANE ( 'NONE',  #2848 ) ;
#801 = SURFACE_SIDE_STYLE ('',( #295 ) ) ;
#802 = VECTOR ( 'NONE', #23, 1000.000000000000000 ) ;
#803 = EDGE_CURVE ( 'NONE', #2185, #1892, #1198, .T. ) ;
#804 = DIRECTION ( 'NONE',  ( 1.000000000000000000, 0.000000000000000000, 0.000000000000000000 ) ) ;
#805 = ORIENTED_EDGE ( 'NONE', *, *, #2305, .T. ) ;
#806 =( GEOMETRIC_REPRESENTATION_CONTEXT ( 3 ) GLOBAL_UNCERTAINTY_ASSIGNED_CONTEXT ( ( #2627 ) ) GLOBAL_UNIT_ASSIGNED_CONTEXT ( ( #2949, #1652, #3292 ) ) REPRESENTATION_CONTEXT ( 'NONE', 'WORKASPACE' ) );
#807 = PLANE ( 'NONE',  #88 ) ;
#808 =( GEOMETRIC_REPRESENTATION_CONTEXT ( 3 ) GLOBAL_UNCERTAINTY_ASSIGNED_CONTEXT ( ( #2349 ) ) GLOBAL_UNIT_ASSIGNED_CONTEXT ( ( #740, #1264, #2284 ) ) REPRESENTATION_CONTEXT ( 'NONE', 'WORKASPACE' ) );
#809 = ORIENTED_EDGE ( 'NONE', *, *, #1452, .T. ) ;
#810 = VERTEX_POINT ( 'NONE', #689 ) ;
#811 = LINE ( 'NONE', #2872, #2606 ) ;
#812 = DIRECTION ( 'NONE',  ( 0.000000000000000000, 0.000000000000000000, 1.000000000000000000 ) ) ;
#813 = DIRECTION ( 'NONE',  ( -0.000000000000000000, -1.000000000000000000, -0.000000000000000000 ) ) ;
#814 = VECTOR ( 'NONE', #2664, 1000.000000000000000 ) ;
#815 = COLOUR_RGB ( '',0.9686274509803921573, 0.8784313725490195957, 0.5999999999999999778 ) ;
#816 = DIRECTION ( 'NONE',  ( -0.000000000000000000, -1.000000000000000000, -0.000000000000000000 ) ) ;
#817 = LINE ( 'NONE', #1592, #495 ) ;
#818 = VECTOR ( 'NONE', #535, 1000.000000000000000 ) ;
#819 = LINE ( 'NONE', #834, #2187 ) ;
#820 = VECTOR ( 'NONE', #2551, 1000.000000000000000 ) ;
#821 = MECHANICAL_DESIGN_GEOMETRIC_PRESENTATION_REPRESENTATION (  '', ( #1416 ), #3131 ) ;
#822 = DIRECTION ( 'NONE',  ( -0.000000000000000000, -1.000000000000000000, -0.000000000000000000 ) ) ;
#823 = ORIENTED_EDGE ( 'NONE', *, *, #1318, .F. ) ;
#824 =( LENGTH_UNIT ( ) NAMED_UNIT ( * ) SI_UNIT ( .MILLI., .METRE. ) );
#825 = ADVANCED_FACE ( 'NONE', ( #2492 ), #1947, .F. ) ;
#826 = PLANE ( 'NONE',  #2881 ) ;
#827 = ORIENTED_EDGE ( 'NONE', *, *, #1074, .F. ) ;
#828 = CARTESIAN_POINT ( 'NONE',  ( 0.000000000000000000, 0.5300000000000000266, 0.2499999999999999445 ) ) ;
#829 = LINE ( 'NONE', #1559, #49 ) ;
#830 = EDGE_CURVE ( 'NONE', #2218, #1142, #2164, .T. ) ;
#831 = CARTESIAN_POINT ( 'NONE',  ( -0.4999999999999997780, -0.02000000000000000042, -0.2500000000000000555 ) ) ;
#832 = CARTESIAN_POINT ( 'NONE',  ( 6.439163722665173490E-35, -0.02000000000000000042, 4.395166796379349727E-18 ) ) ;
#833 = LINE ( 'NONE', #2907, #1783 ) ;
#834 = CARTESIAN_POINT ( 'NONE',  ( 1.150000000000000355, 0.5500000000000000444, 0.000000000000000000 ) ) ;
#835 = VECTOR ( 'NONE', #822, 1000.000000000000000 ) ;
#836 = VERTEX_POINT ( 'NONE', #669 ) ;
#837 = ORIENTED_EDGE ( 'NONE', *, *, #3301, .T. ) ;
#838 = AXIS2_PLACEMENT_3D ( 'NONE', #1146, #2266, #3267 ) ;
#839 = UNCERTAINTY_MEASURE_WITH_UNIT (LENGTH_MEASURE( 1.000000000000000082E-05 ), #2395, 'distance_accuracy_value', 'NONE');
#840 = FILL_AREA_STYLE_COLOUR ( '', #1104 ) ;
#841 = DIRECTION ( 'NONE',  ( 0.000000000000000000, 0.000000000000000000, -1.000000000000000000 ) ) ;
#842 = CLOSED_SHELL ( 'NONE', ( #2887, #1665, #1719, #584, #243, #1209, #2557, #427, #917, #43, #1276, #658, #256, #577, #960, #2598, #2814, #461, #426, #2933, #3316, #1526, #356, #2832, #2867, #3324, #2339, #334, #2165, #3221, #333, #2028, #1758, #2204, #607, #2785, #2833, #777, #27, #115, #2500, #2080, #2610, #2561, #3152, #1640, #1775, #2344, #709, #1938, #3243, #3240, #1207, #1057, #440, #1107, #1669, #1451, #638, #850, #2733, #2094, #2119, #2225 ) ) ;
#843 = COLOUR_RGB ( '',0.9686274509803921573, 0.8784313725490195957, 0.5999999999999999778 ) ;
#844 = ORIENTED_EDGE ( 'NONE', *, *, #2716, .T. ) ;
#845 = DIRECTION ( 'NONE',  ( -0.000000000000000000, 1.000000000000000000, -0.000000000000000000 ) ) ;
#846 = VECTOR ( 'NONE', #994, 1000.000000000000000 ) ;
#847 = FILL_AREA_STYLE ('',( #128 ) ) ;
#848 = LINE ( 'NONE', #2575, #2634 ) ;
#849 = AXIS2_PLACEMENT_3D ( 'NONE', #2006, #1183, #2546 ) ;
#850 = ADVANCED_FACE ( 'NONE', ( #2721 ), #408, .T. ) ;
#851 = CARTESIAN_POINT ( 'NONE',  ( 0.000000000000000000, 1.330000000000000071, 0.000000000000000000 ) ) ;
#852 = DIRECTION ( 'NONE',  ( -0.000000000000000000, 1.000000000000000000, -0.000000000000000000 ) ) ;
#853 = PRESENTATION_LAYER_ASSIGNMENT (  '', '', ( #2297 ) ) ;
#854 = DIRECTION ( 'NONE',  ( 1.084202172485504434E-16, 0.000000000000000000, -1.000000000000000000 ) ) ;
#855 = DIRECTION ( 'NONE',  ( 1.000000000000000000, 0.000000000000000000, -1.355252715606880789E-16 ) ) ;
#856 = ORIENTED_EDGE ( 'NONE', *, *, #2959, .T. ) ;
#857 = UNCERTAINTY_MEASURE_WITH_UNIT (LENGTH_MEASURE( 1.000000000000000082E-05 ), #160, 'distance_accuracy_value', 'NONE');
#858 =( NAMED_UNIT ( * ) PLANE_ANGLE_UNIT ( ) SI_UNIT ( $, .RADIAN. ) );
#859 = SURFACE_STYLE_FILL_AREA ( #1370 ) ;
#860 = ORIENTED_EDGE ( 'NONE', *, *, #3073, .T. ) ;
#861 = SURFACE_SIDE_STYLE ('',( #2971 ) ) ;
#862 = VERTEX_POINT ( 'NONE', #2053 ) ;
#863 = CARTESIAN_POINT ( 'NONE',  ( -1.175000000000000044, -0.02000000000000000042, -0.2812499999999998890 ) ) ;
#864 = VERTEX_POINT ( 'NONE', #2524 ) ;
#865 = VECTOR ( 'NONE', #2844, 1000.000000000000000 ) ;
#866 = DIRECTION ( 'NONE',  ( 0.000000000000000000, 0.000000000000000000, 1.000000000000000000 ) ) ;
#867 = DIRECTION ( 'NONE',  ( -1.000000000000000000, 0.000000000000000000, 0.000000000000000000 ) ) ;
#868 =( LENGTH_UNIT ( ) NAMED_UNIT ( * ) SI_UNIT ( .MILLI., .METRE. ) );
#869 = MECHANICAL_DESIGN_GEOMETRIC_PRESENTATION_REPRESENTATION (  '', ( #1554 ), #2425 ) ;
#870 = LINE ( 'NONE', #1940, #909 ) ;
#871 = MECHANICAL_DESIGN_GEOMETRIC_PRESENTATION_REPRESENTATION (  '', ( #442 ), #985 ) ;
#872 = LINE ( 'NONE', #1689, #929 ) ;
#873 = EDGE_CURVE ( 'NONE', #158, #1976, #2555, .T. ) ;
#874 = PLANE ( 'NONE',  #1530 ) ;
#875 = SURFACE_STYLE_USAGE ( .BOTH. , #2678 ) ;
#876 = EDGE_CURVE ( 'NONE', #3253, #1690, #1507, .T. ) ;
#877 = ORIENTED_EDGE ( 'NONE', *, *, #2618, .F. ) ;
#878 = CARTESIAN_POINT ( 'NONE',  ( -1.349999999999999867, 0.5300000000000000266, 0.2499999999999999445 ) ) ;
#879 =( NAMED_UNIT ( * ) PLANE_ANGLE_UNIT ( ) SI_UNIT ( $, .RADIAN. ) );
#880 = ORIENTED_EDGE ( 'NONE', *, *, #90, .T. ) ;
#881 = COLOUR_RGB ( '',0.000000000000000000, 0.5019607843137254832, 0.000000000000000000 ) ;
#882 = DIRECTION ( 'NONE',  ( 1.000000000000000000, 0.000000000000000000, 0.000000000000000000 ) ) ;
#883 = SURFACE_STYLE_USAGE ( .BOTH. , #2686 ) ;
#884 = DIRECTION ( 'NONE',  ( -0.000000000000000000, 0.000000000000000000, 1.000000000000000000 ) ) ;
#885 = EDGE_LOOP ( 'NONE', ( #2479, #3147, #1421 ) ) ;
#886 = ORIENTED_EDGE ( 'NONE', *, *, #1794, .T. ) ;
#887 = SURFACE_SIDE_STYLE ('',( #2652 ) ) ;
#888 = FILL_AREA_STYLE_COLOUR ( '', #3239 ) ;
#889 = SURFACE_STYLE_FILL_AREA ( #1942 ) ;
#890 = SURFACE_STYLE_USAGE ( .BOTH. , #1154 ) ;
#891 =( NAMED_UNIT ( * ) PLANE_ANGLE_UNIT ( ) SI_UNIT ( $, .RADIAN. ) );
#892 = CARTESIAN_POINT ( 'NONE',  ( 0.7999999999999999334, 0.000000000000000000, -0.2000000000000001221 ) ) ;
#893 = SURFACE_SIDE_STYLE ('',( #3191 ) ) ;
#894 = ORIENTED_EDGE ( 'NONE', *, *, #3041, .F. ) ;
#895 = PRESENTATION_STYLE_ASSIGNMENT (( #2179 ) ) ;
#896 = DIRECTION ( 'NONE',  ( -1.084202172485504557E-16, 0.000000000000000000, -1.000000000000000000 ) ) ;
#897 = EDGE_CURVE ( 'NONE', #2878, #2630, #3296, .T. ) ;
#898 = PRESENTATION_LAYER_ASSIGNMENT (  '', '', ( #2879 ) ) ;
#899 = LINE ( 'NONE', #1917, #212 ) ;
#900 =( GEOMETRIC_REPRESENTATION_CONTEXT ( 3 ) GLOBAL_UNCERTAINTY_ASSIGNED_CONTEXT ( ( #1805 ) ) GLOBAL_UNIT_ASSIGNED_CONTEXT ( ( #1309, #2594, #555 ) ) REPRESENTATION_CONTEXT ( 'NONE', 'WORKASPACE' ) );
#901 = ORIENTED_EDGE ( 'NONE', *, *, #2764, .T. ) ;
#902 = ORIENTED_EDGE ( 'NONE', *, *, #2305, .F. ) ;
#903 = STYLED_ITEM ( 'NONE', ( #1236 ), #2733 ) ;
#904 = FILL_AREA_STYLE_COLOUR ( '', #2074 ) ;
#905 = STYLED_ITEM ( 'NONE', ( #2922 ), #2867 ) ;
#906 = LINE ( 'NONE', #2962, #3061 ) ;
#907 = CARTESIAN_POINT ( 'NONE',  ( 0.2999999999999998224, 0.000000000000000000, 0.2499999999999999445 ) ) ;
#908 = ORIENTED_EDGE ( 'NONE', *, *, #1503, .T. ) ;
#909 = VECTOR ( 'NONE', #622, 1000.000000000000000 ) ;
#910 = AXIS2_PLACEMENT_3D ( 'NONE', #2504, #1713, #1999 ) ;
#911 = SURFACE_STYLE_FILL_AREA ( #604 ) ;
#912 = DIRECTION ( 'NONE',  ( -0.000000000000000000, -1.000000000000000000, -0.000000000000000000 ) ) ;
#913 = DIRECTION ( 'NONE',  ( 1.000000000000000000, 0.000000000000000000, 0.000000000000000000 ) ) ;
#914 = VERTEX_POINT ( 'NONE', #1779 ) ;
#915 = SURFACE_STYLE_FILL_AREA ( #2666 ) ;
#916 = SURFACE_SIDE_STYLE ('',( #2183 ) ) ;
#917 = ADVANCED_FACE ( 'NONE', ( #2506 ), #1494, .F. ) ;
#918 = ORIENTED_EDGE ( 'NONE', *, *, #2581, .F. ) ;
#919 = ORIENTED_EDGE ( 'NONE', *, *, #2112, .T. ) ;
#920 = UNCERTAINTY_MEASURE_WITH_UNIT (LENGTH_MEASURE( 1.000000000000000082E-05 ), #1298, 'distance_accuracy_value', 'NONE');
#921 = VECTOR ( 'NONE', #1458, 1000.000000000000000 ) ;
#922 = FILL_AREA_STYLE_COLOUR ( '', #428 ) ;
#923 = CARTESIAN_POINT ( 'NONE',  ( -1.349999999999999867, 0.5500000000000000444, 0.04999999999999992645 ) ) ;
#924 = ORIENTED_EDGE ( 'NONE', *, *, #2182, .F. ) ;
#925 =( GEOMETRIC_REPRESENTATION_CONTEXT ( 3 ) GLOBAL_UNCERTAINTY_ASSIGNED_CONTEXT ( ( #839 ) ) GLOBAL_UNIT_ASSIGNED_CONTEXT ( ( #2395, #1888, #1975 ) ) REPRESENTATION_CONTEXT ( 'NONE', 'WORKASPACE' ) );
#926 =( LENGTH_UNIT ( ) NAMED_UNIT ( * ) SI_UNIT ( .MILLI., .METRE. ) );
#927 = SURFACE_STYLE_FILL_AREA ( #1633 ) ;
#928 = ORIENTED_EDGE ( 'NONE', *, *, #132, .F. ) ;
#929 = VECTOR ( 'NONE', #1365, 1000.000000000000000 ) ;
#930 = CARTESIAN_POINT ( 'NONE',  ( -0.4999999999999997780, -0.000000000000000000, 0.000000000000000000 ) ) ;
#931 =( GEOMETRIC_REPRESENTATION_CONTEXT ( 3 ) GLOBAL_UNCERTAINTY_ASSIGNED_CONTEXT ( ( #2189 ) ) GLOBAL_UNIT_ASSIGNED_CONTEXT ( ( #742, #759, #1208 ) ) REPRESENTATION_CONTEXT ( 'NONE', 'WORKASPACE' ) );
#932 = ORIENTED_EDGE ( 'NONE', *, *, #2663, .F. ) ;
#933 = STYLED_ITEM ( 'NONE', ( #221 ), #658 ) ;
#934 = ORIENTED_EDGE ( 'NONE', *, *, #2716, .F. ) ;
#935 = EDGE_CURVE ( 'NONE', #704, #396, #1259, .T. ) ;
#936 =( NAMED_UNIT ( * ) PLANE_ANGLE_UNIT ( ) SI_UNIT ( $, .RADIAN. ) );
#937 = VECTOR ( 'NONE', #2295, 1000.000000000000000 ) ;
#938 = CARTESIAN_POINT ( 'NONE',  ( 0.2999999999999998779, -0.02000000000000000042, 0.2499999999999999445 ) ) ;
#939 = EDGE_CURVE ( 'NONE', #1072, #3208, #1986, .T. ) ;
#940 = CARTESIAN_POINT ( 'NONE',  ( 1.150000000000000355, 0.5300000000000000266, 0.2499999999999999445 ) ) ;
#941 =( NAMED_UNIT ( * ) PLANE_ANGLE_UNIT ( ) SI_UNIT ( $, .RADIAN. ) );
#942 = EDGE_LOOP ( 'NONE', ( #2352, #3164, #987, #195 ) ) ;
#943 = LINE ( 'NONE', #1962, #2148 ) ;
#944 = DIRECTION ( 'NONE',  ( 0.000000000000000000, 0.000000000000000000, -1.000000000000000000 ) ) ;
#945 = SURFACE_STYLE_FILL_AREA ( #1964 ) ;
#946 = CARTESIAN_POINT ( 'NONE',  ( -1.175000000000000044, -0.02000000000000000042, -0.2812499999999998890 ) ) ;
#947 = SURFACE_STYLE_FILL_AREA ( #1859 ) ;
#948 = ORIENTED_EDGE ( 'NONE', *, *, #2160, .T. ) ;
#949 = CARTESIAN_POINT ( 'NONE',  ( 1.249999999999999778, 0.000000000000000000, -0.2500000000000000555 ) ) ;
#950 = VERTEX_POINT ( 'NONE', #2036 ) ;
#951 = COLOUR_RGB ( '',0.000000000000000000, 0.5019607843137254832, 0.000000000000000000 ) ;
#952 = LINE ( 'NONE', #2655, #3072 ) ;
#953 = VERTEX_POINT ( 'NONE', #1270 ) ;
#954 = DIRECTION ( 'NONE',  ( 0.000000000000000000, 1.000000000000000000, -0.000000000000000000 ) ) ;
#955 = PRESENTATION_LAYER_ASSIGNMENT (  '', '', ( #1485 ) ) ;
#956 = VECTOR ( 'NONE', #490, 1000.000000000000000 ) ;
#957 = FACE_OUTER_BOUND ( 'NONE', #3059, .T. ) ;
#958 = VECTOR ( 'NONE', #3047, 1000.000000000000000 ) ;
#959 = ORIENTED_EDGE ( 'NONE', *, *, #2045, .F. ) ;
#960 = ADVANCED_FACE ( 'NONE', ( #1021 ), #452, .F. ) ;
#961 = EDGE_CURVE ( 'NONE', #1949, #2531, #12, .T. ) ;
#962 = DIRECTION ( 'NONE',  ( -0.000000000000000000, 1.000000000000000000, -0.000000000000000000 ) ) ;
#963 = SURFACE_STYLE_FILL_AREA ( #2523 ) ;
#964 = PRESENTATION_LAYER_ASSIGNMENT (  '', '', ( #2621 ) ) ;
#965 = PRESENTATION_STYLE_ASSIGNMENT (( #1212 ) ) ;
#966 = DIRECTION ( 'NONE',  ( -3.097720492815728152E-16, 0.000000000000000000, -1.000000000000000000 ) ) ;
#967 = EDGE_LOOP ( 'NONE', ( #2870, #2347, #3257, #1399 ) ) ;
#968 =( GEOMETRIC_REPRESENTATION_CONTEXT ( 3 ) GLOBAL_UNCERTAINTY_ASSIGNED_CONTEXT ( ( #3202 ) ) GLOBAL_UNIT_ASSIGNED_CONTEXT ( ( #3136, #2613, #264 ) ) REPRESENTATION_CONTEXT ( 'NONE', 'WORKASPACE' ) );
#969 = CARTESIAN_POINT ( 'NONE',  ( -0.4999999999999997780, -0.02000000000000000042, -0.2500000000000000555 ) ) ;
#970 = UNCERTAINTY_MEASURE_WITH_UNIT (LENGTH_MEASURE( 1.000000000000000082E-05 ), #3109, 'distance_accuracy_value', 'NONE');
#971 = CARTESIAN_POINT ( 'NONE',  ( 1.050000000000000044, 0.000000000000000000, 0.2499999999999999445 ) ) ;
#972 = VERTEX_POINT ( 'NONE', #1564 ) ;
#973 = SURFACE_STYLE_USAGE ( .BOTH. , #2730 ) ;
#974 = SURFACE_STYLE_USAGE ( .BOTH. , #1708 ) ;
#975 =( NAMED_UNIT ( * ) SI_UNIT ( $, .STERADIAN. ) SOLID_ANGLE_UNIT ( ) );
#976 = VECTOR ( 'NONE', #1625, 1000.000000000000000 ) ;
#977 = ORIENTED_EDGE ( 'NONE', *, *, #998, .F. ) ;
#978 = DIRECTION ( 'NONE',  ( -0.000000000000000000, -1.000000000000000000, -0.000000000000000000 ) ) ;
#979 = FILL_AREA_STYLE_COLOUR ( '', #648 ) ;
#980 = VECTOR ( 'NONE', #3167, 1000.000000000000000 ) ;
#981 =( LENGTH_UNIT ( ) NAMED_UNIT ( * ) SI_UNIT ( .MILLI., .METRE. ) );
#982 = EDGE_CURVE ( 'NONE', #1218, #640, #817, .T. ) ;
#983 = PLANE ( 'NONE',  #2745 ) ;
#984 = ORIENTED_EDGE ( 'NONE', *, *, #2998, .F. ) ;
#985 =( GEOMETRIC_REPRESENTATION_CONTEXT ( 3 ) GLOBAL_UNCERTAINTY_ASSIGNED_CONTEXT ( ( #77 ) ) GLOBAL_UNIT_ASSIGNED_CONTEXT ( ( #926, #1414, #688 ) ) REPRESENTATION_CONTEXT ( 'NONE', 'WORKASPACE' ) );
#986 = LINE ( 'NONE', #1720, #151 ) ;
#987 = ORIENTED_EDGE ( 'NONE', *, *, #376, .F. ) ;
#988 = PRESENTATION_STYLE_ASSIGNMENT (( #973 ) ) ;
#989 = MECHANICAL_DESIGN_GEOMETRIC_PRESENTATION_REPRESENTATION (  '', ( #328 ), #3028 ) ;
#990 = VECTOR ( 'NONE', #3287, 1000.000000000000000 ) ;
#991 = PRESENTATION_STYLE_ASSIGNMENT (( #432 ) ) ;
#992 = SURFACE_STYLE_USAGE ( .BOTH. , #3289 ) ;
#993 = DIRECTION ( 'NONE',  ( 0.000000000000000000, 0.000000000000000000, 1.000000000000000000 ) ) ;
#994 = DIRECTION ( 'NONE',  ( 0.000000000000000000, 0.000000000000000000, 1.000000000000000000 ) ) ;
#995 = EDGE_LOOP ( 'NONE', ( #3143, #1087, #528, #1711 ) ) ;
#996 = CARTESIAN_POINT ( 'NONE',  ( 0.7499999999999997780, 1.330000000000000071, 0.2499999999999999445 ) ) ;
#997 = EDGE_CURVE ( 'NONE', #2185, #2152, #1317, .T. ) ;
#998 = EDGE_CURVE ( 'NONE', #318, #2329, #833, .T. ) ;
#999 = ORIENTED_EDGE ( 'NONE', *, *, #161, .T. ) ;
#1000 = FILL_AREA_STYLE_COLOUR ( '', #3299 ) ;
#1001 = COLOUR_RGB ( '',0.9686274509803921573, 0.8784313725490195957, 0.5999999999999999778 ) ;
#1002 = ORIENTED_EDGE ( 'NONE', *, *, #1815, .T. ) ;
#1003 = SURFACE_SIDE_STYLE ('',( #480 ) ) ;
#1004 = LINE ( 'NONE', #2289, #921 ) ;
#1005 =( GEOMETRIC_REPRESENTATION_CONTEXT ( 3 ) GLOBAL_UNCERTAINTY_ASSIGNED_CONTEXT ( ( #532 ) ) GLOBAL_UNIT_ASSIGNED_CONTEXT ( ( #2373, #2854, #592 ) ) REPRESENTATION_CONTEXT ( 'NONE', 'WORKASPACE' ) );
#1006 = PRESENTATION_LAYER_ASSIGNMENT (  '', '', ( #2459 ) ) ;
#1007 = MECHANICAL_DESIGN_GEOMETRIC_PRESENTATION_REPRESENTATION (  '', ( #2460 ), #2565 ) ;
#1008 = DIRECTION ( 'NONE',  ( 1.355252715606881036E-16, 0.000000000000000000, -1.000000000000000000 ) ) ;
#1009 = CARTESIAN_POINT ( 'NONE',  ( -1.050000000000000266, 0.5500000000000000444, 0.2499999999999999445 ) ) ;
#1010 = CARTESIAN_POINT ( 'NONE',  ( -0.7999999999999999334, -0.02000000000000000042, -0.2500000000000000555 ) ) ;
#1011 = AXIS2_PLACEMENT_3D ( 'NONE', #863, #3180, #1878 ) ;
#1012 = LINE ( 'NONE', #3310, #1639 ) ;
#1013 = STYLED_ITEM ( 'NONE', ( #2755 ), #2933 ) ;
#1014 = CARTESIAN_POINT ( 'NONE',  ( 0.000000000000000000, -0.02000000000000000042, -0.2500000000000000555 ) ) ;
#1015 = ORIENTED_EDGE ( 'NONE', *, *, #3258, .F. ) ;
#1016 =( LENGTH_UNIT ( ) NAMED_UNIT ( * ) SI_UNIT ( .MILLI., .METRE. ) );
#1017 = EDGE_CURVE ( 'NONE', #86, #1749, #294, .T. ) ;
#1018 = FACE_OUTER_BOUND ( 'NONE', #1635, .T. ) ;
#1019 = LINE ( 'NONE', #3328, #767 ) ;
#1020 = CARTESIAN_POINT ( 'NONE',  ( -1.050000000000000044, -0.02000000000000000042, 0.04999999999999995420 ) ) ;
#1021 = FACE_OUTER_BOUND ( 'NONE', #885, .T. ) ;
#1022 = DIRECTION ( 'NONE',  ( 1.000000000000000000, 0.000000000000000000, -1.264902534566421675E-16 ) ) ;
#1023 = COLOUR_RGB ( '',1.000000000000000000, 1.000000000000000000, 1.000000000000000000 ) ;
#1024 = COLOUR_RGB ( '',1.000000000000000000, 1.000000000000000000, 1.000000000000000000 ) ;
#1025 = SURFACE_STYLE_FILL_AREA ( #781 ) ;
#1026 = PRODUCT ( '22-23C-R6GHBHW-C01-2C', '22-23C-R6GHBHW-C01-2C', '', ( #1697 ) ) ;
#1027 = LINE ( 'NONE', #286, #3311 ) ;
#1028 = ORIENTED_EDGE ( 'NONE', *, *, #2521, .F. ) ;
#1029 = FILL_AREA_STYLE_COLOUR ( '', #2453 ) ;
#1030 = MECHANICAL_DESIGN_GEOMETRIC_PRESENTATION_REPRESENTATION (  '', ( #3175 ), #808 ) ;
#1031 = EDGE_CURVE ( 'NONE', #1357, #1148, #3137, .T. ) ;
#1032 = PRESENTATION_LAYER_ASSIGNMENT (  '', '', ( #328 ) ) ;
#1033 = CARTESIAN_POINT ( 'NONE',  ( 1.000000000000000000, -0.02000000000000000042, -0.2000000000000001221 ) ) ;
#1034 = LINE ( 'NONE', #2596, #488 ) ;
#1035 = VECTOR ( 'NONE', #1843, 1000.000000000000000 ) ;
#1036 = MANIFOLD_SOLID_BREP ( 'Cut-Extrude1', #2464 ) ;
#1037 = EDGE_CURVE ( 'NONE', #2696, #1703, #2380, .T. ) ;
#1038 = CARTESIAN_POINT ( 'NONE',  ( 0.000000000000000000, 0.5300000000000000266, 0.2499999999999999445 ) ) ;
#1039 = COLOUR_RGB ( '',1.000000000000000000, 1.000000000000000000, 1.000000000000000000 ) ;
#1040 = DIRECTION ( 'NONE',  ( -0.000000000000000000, 1.000000000000000000, -0.000000000000000000 ) ) ;
#1041 = DIRECTION ( 'NONE',  ( 0.000000000000000000, 0.000000000000000000, -1.000000000000000000 ) ) ;
#1042 = FILL_AREA_STYLE ('',( #16 ) ) ;
#1043 = FILL_AREA_STYLE_COLOUR ( '', #1806 ) ;
#1044 = ORIENTED_EDGE ( 'NONE', *, *, #2458, .T. ) ;
#1045 = DIRECTION ( 'NONE',  ( 1.000000000000000000, -0.000000000000000000, 0.000000000000000000 ) ) ;
#1046 = SURFACE_STYLE_FILL_AREA ( #1860 ) ;
#1047 = SURFACE_STYLE_USAGE ( .BOTH. , #1532 ) ;
#1048 =( LENGTH_UNIT ( ) NAMED_UNIT ( * ) SI_UNIT ( .MILLI., .METRE. ) );
#1049 = COLOUR_RGB ( '',0.000000000000000000, 0.5019607843137254832, 0.000000000000000000 ) ;
#1050 =( LENGTH_UNIT ( ) NAMED_UNIT ( * ) SI_UNIT ( .MILLI., .METRE. ) );
#1051 =( LENGTH_UNIT ( ) NAMED_UNIT ( * ) SI_UNIT ( .MILLI., .METRE. ) );
#1052 = EDGE_CURVE ( 'NONE', #1814, #1357, #600, .T. ) ;
#1053 = FILL_AREA_STYLE_COLOUR ( '', #797 ) ;
#1054 = MECHANICAL_DESIGN_GEOMETRIC_PRESENTATION_REPRESENTATION (  '', ( #3052 ), #1371 ) ;
#1055 = DIRECTION ( 'NONE',  ( -2.168404344971008079E-15, 0.000000000000000000, -1.000000000000000000 ) ) ;
#1056 = VECTOR ( 'NONE', #1217, 1000.000000000000000 ) ;
#1057 = ADVANCED_FACE ( 'NONE', ( #265 ), #1284, .T. ) ;
#1058 = DIRECTION ( 'NONE',  ( 1.000000000000000000, 0.000000000000000000, -1.355252715606880789E-16 ) ) ;
#1059 = VERTEX_POINT ( 'NONE', #383 ) ;
#1060 = PRESENTATION_LAYER_ASSIGNMENT (  '', '', ( #2681 ) ) ;
#1061 = AXIS2_PLACEMENT_3D ( 'NONE', #38, #1333, #2325 ) ;
#1062 =( GEOMETRIC_REPRESENTATION_CONTEXT ( 3 ) GLOBAL_UNCERTAINTY_ASSIGNED_CONTEXT ( ( #459 ) ) GLOBAL_UNIT_ASSIGNED_CONTEXT ( ( #3293, #2455, #1676 ) ) REPRESENTATION_CONTEXT ( 'NONE', 'WORKASPACE' ) );
#1063 = CARTESIAN_POINT ( 'NONE',  ( 0.4999999999999997780, -0.02000000000000000042, 0.1999999999999999278 ) ) ;
#1064 = DIRECTION ( 'NONE',  ( -0.000000000000000000, 1.000000000000000000, -0.000000000000000000 ) ) ;
#1065 = LINE ( 'NONE', #2101, #660 ) ;
#1066 = CARTESIAN_POINT ( 'NONE',  ( 0.000000000000000000, 0.000000000000000000, 0.2499999999999999445 ) ) ;
#1067 = LINE ( 'NONE', #579, #2957 ) ;
#1068 = FILL_AREA_STYLE_COLOUR ( '', #2712 ) ;
#1069 = EDGE_CURVE ( 'NONE', #1749, #2218, #1174, .T. ) ;
#1070 = LINE ( 'NONE', #2623, #303 ) ;
#1071 = MECHANICAL_DESIGN_GEOMETRIC_PRESENTATION_REPRESENTATION (  '', ( #235 ), #1287 ) ;
#1072 = VERTEX_POINT ( 'NONE', #907 ) ;
#1073 = FILL_AREA_STYLE ('',( #1029 ) ) ;
#1074 = EDGE_CURVE ( 'NONE', #2665, #2548, #2927, .T. ) ;
#1075 = EDGE_CURVE ( 'NONE', #2930, #2360, #111, .T. ) ;
#1076 = COLOUR_RGB ( '',0.9686274509803921573, 0.8784313725490195957, 0.5999999999999999778 ) ;
#1077 = FILL_AREA_STYLE_COLOUR ( '', #791 ) ;
#1078 = EDGE_LOOP ( 'NONE', ( #1857, #1327, #2192, #2651, #719, #2635 ) ) ;
#1079 = CARTESIAN_POINT ( 'NONE',  ( 0.7999999999999999334, -0.02000000000000000042, -0.2000000000000001221 ) ) ;
#1080 = FILL_AREA_STYLE_COLOUR ( '', #2146 ) ;
#1081 = COLOUR_RGB ( '',0.9686274509803921573, 0.8784313725490195957, 0.5999999999999999778 ) ;
#1082 = AXIS2_PLACEMENT_3D ( 'NONE', #1153, #1941, #2172 ) ;
#1083 = CYLINDRICAL_SURFACE ( 'NONE', #1459, 0.08124999999999978073 ) ;
#1084 = FILL_AREA_STYLE_COLOUR ( '', #2186 ) ;
#1085 = CARTESIAN_POINT ( 'NONE',  ( -1.150000000000000355, 0.5500000000000000444, 0.2499999999999999445 ) ) ;
#1086 = ORIENTED_EDGE ( 'NONE', *, *, #2458, .F. ) ;
#1087 = ORIENTED_EDGE ( 'NONE', *, *, #2517, .T. ) ;
#1088 =( NAMED_UNIT ( * ) SI_UNIT ( $, .STERADIAN. ) SOLID_ANGLE_UNIT ( ) );
#1089 = EDGE_CURVE ( 'NONE', #2812, #1982, #2158, .T. ) ;
#1090 = VERTEX_POINT ( 'NONE', #662 ) ;
#1091 = EDGE_LOOP ( 'NONE', ( #2168, #398, #749, #2019 ) ) ;
#1092 = LINE ( 'NONE', #2073, #2256 ) ;
#1093 =( LENGTH_UNIT ( ) NAMED_UNIT ( * ) SI_UNIT ( .MILLI., .METRE. ) );
#1094 = DIRECTION ( 'NONE',  ( 0.000000000000000000, 0.000000000000000000, 1.000000000000000000 ) ) ;
#1095 = ORIENTED_EDGE ( 'NONE', *, *, #479, .F. ) ;
#1096 = AXIS2_PLACEMENT_3D ( 'NONE', #1969, #196, #3021 ) ;
#1097 = SURFACE_SIDE_STYLE ('',( #406 ) ) ;
#1098 = CARTESIAN_POINT ( 'NONE',  ( 1.150000000000000355, 0.5500000000000000444, 0.2499999999999999445 ) ) ;
#1099 = COLOUR_RGB ( '',0.9686274509803921573, 0.8784313725490195957, 0.5999999999999999778 ) ;
#1100 = EDGE_LOOP ( 'NONE', ( #1991, #1680, #1527, #491 ) ) ;
#1101 = ORIENTED_EDGE ( 'NONE', *, *, #1313, .F. ) ;
#1102 = CARTESIAN_POINT ( 'NONE',  ( 1.350000000000000311, 0.5500000000000000444, 0.04999999999999991257 ) ) ;
#1103 = COLOUR_RGB ( '',0.9686274509803921573, 0.8784313725490195957, 0.5999999999999999778 ) ;
#1104 = COLOUR_RGB ( '',0.9686274509803921573, 0.8784313725490195957, 0.5999999999999999778 ) ;
#1105 = ORIENTED_EDGE ( 'NONE', *, *, #1794, .F. ) ;
#1106 = VECTOR ( 'NONE', #2775, 1000.000000000000000 ) ;
#1107 = ADVANCED_FACE ( 'NONE', ( #1444 ), #2191, .T. ) ;
#1108 = FILL_AREA_STYLE_COLOUR ( '', #775 ) ;
#1109 = SURFACE_SIDE_STYLE ('',( #1150 ) ) ;
#1110 = DIRECTION ( 'NONE',  ( 1.000000000000000000, 0.000000000000000000, -1.355252715606881036E-16 ) ) ;
#1111 = EDGE_CURVE ( 'NONE', #1892, #3023, #3205, .T. ) ;
#1112 = CARTESIAN_POINT ( 'NONE',  ( 0.2999999999999998779, -0.02000000000000000042, 0.000000000000000000 ) ) ;
#1113 = EDGE_CURVE ( 'NONE', #2661, #1531, #872, .T. ) ;
#1114 = DIRECTION ( 'NONE',  ( -1.000000000000000000, 0.000000000000000000, -1.355252715606881282E-16 ) ) ;
#1115 =( LENGTH_UNIT ( ) NAMED_UNIT ( * ) SI_UNIT ( .MILLI., .METRE. ) );
#1116 = SURFACE_STYLE_FILL_AREA ( #503 ) ;
#1117 = SURFACE_SIDE_STYLE ('',( #2622 ) ) ;
#1118 = CARTESIAN_POINT ( 'NONE',  ( -0.2999999999999998224, -0.02000000000000000042, 0.1999999999999999556 ) ) ;
#1119 = ORIENTED_EDGE ( 'NONE', *, *, #606, .T. ) ;
#1120 = ORIENTED_EDGE ( 'NONE', *, *, #2306, .F. ) ;
#1121 =( NAMED_UNIT ( * ) PLANE_ANGLE_UNIT ( ) SI_UNIT ( $, .RADIAN. ) );
#1122 = FILL_AREA_STYLE ('',( #2564 ) ) ;
#1123 = PLANE ( 'NONE',  #3004 ) ;
#1124 = ORIENTED_EDGE ( 'NONE', *, *, #2364, .F. ) ;
#1125 = PRESENTATION_LAYER_ASSIGNMENT (  '', '', ( #235 ) ) ;
#1126 = FILL_AREA_STYLE ('',( #1108 ) ) ;
#1127 =( NAMED_UNIT ( * ) PLANE_ANGLE_UNIT ( ) SI_UNIT ( $, .RADIAN. ) );
#1128 =( NAMED_UNIT ( * ) PLANE_ANGLE_UNIT ( ) SI_UNIT ( $, .RADIAN. ) );
#1129 =( GEOMETRIC_REPRESENTATION_CONTEXT ( 3 ) GLOBAL_UNCERTAINTY_ASSIGNED_CONTEXT ( ( #2899 ) ) GLOBAL_UNIT_ASSIGNED_CONTEXT ( ( #3169, #754, #2532 ) ) REPRESENTATION_CONTEXT ( 'NONE', 'WORKASPACE' ) );
#1130 = DIRECTION ( 'NONE',  ( 1.000000000000000000, -0.000000000000000000, 0.000000000000000000 ) ) ;
#1131 = FACE_OUTER_BOUND ( 'NONE', #521, .T. ) ;
#1132 = ORIENTED_EDGE ( 'NONE', *, *, #2760, .T. ) ;
#1133 = EDGE_CURVE ( 'NONE', #554, #2661, #2474, .T. ) ;
#1134 = SURFACE_STYLE_FILL_AREA ( #346 ) ;
#1135 = SURFACE_STYLE_USAGE ( .BOTH. , #2400 ) ;
#1136 = VECTOR ( 'NONE', #1094, 1000.000000000000000 ) ;
#1137 = FACE_OUTER_BOUND ( 'NONE', #179, .T. ) ;
#1138 = DIRECTION ( 'NONE',  ( 0.000000000000000000, 0.000000000000000000, 1.000000000000000000 ) ) ;
#1139 = PLANE ( 'NONE',  #1489 ) ;
#1140 = VERTEX_POINT ( 'NONE', #940 ) ;
#1141 = SURFACE_SIDE_STYLE ('',( #121 ) ) ;
#1142 = VERTEX_POINT ( 'NONE', #2995 ) ;
#1143 = CARTESIAN_POINT ( 'NONE',  ( 1.350000000000000311, -0.02000000000000000042, -0.1000000000000001166 ) ) ;
#1144 = VECTOR ( 'NONE', #1220, 1000.000000000000000 ) ;
#1145 =( LENGTH_UNIT ( ) NAMED_UNIT ( * ) SI_UNIT ( .MILLI., .METRE. ) );
#1146 = CARTESIAN_POINT ( 'NONE',  ( -0.7999999999999999334, -0.02000000000000000042, 0.000000000000000000 ) ) ;
#1147 = ORIENTED_EDGE ( 'NONE', *, *, #1791, .F. ) ;
#1148 = VERTEX_POINT ( 'NONE', #1959 ) ;
#1149 =( NAMED_UNIT ( * ) PLANE_ANGLE_UNIT ( ) SI_UNIT ( $, .RADIAN. ) );
#1150 = SURFACE_STYLE_FILL_AREA ( #2154 ) ;
#1151 =( NAMED_UNIT ( * ) SI_UNIT ( $, .STERADIAN. ) SOLID_ANGLE_UNIT ( ) );
#1152 = DIRECTION ( 'NONE',  ( 0.000000000000000000, 0.000000000000000000, 1.000000000000000000 ) ) ;
#1153 = CARTESIAN_POINT ( 'NONE',  ( -1.349999999999999867, -0.02000000000000000042, 0.2499999999999999445 ) ) ;
#1154 = SURFACE_SIDE_STYLE ('',( #1134 ) ) ;
#1155 = CARTESIAN_POINT ( 'NONE',  ( -0.7999999999999999334, -0.000000000000000000, 0.000000000000000000 ) ) ;
#1156 = CARTESIAN_POINT ( 'NONE',  ( 0.2999999999999998779, -0.02000000000000000042, 0.000000000000000000 ) ) ;
#1157 =( LENGTH_UNIT ( ) NAMED_UNIT ( * ) SI_UNIT ( .MILLI., .METRE. ) );
#1158 = EDGE_CURVE ( 'NONE', #1961, #120, #1610, .T. ) ;
#1159 = VECTOR ( 'NONE', #1621, 1000.000000000000000 ) ;
#1160 = ORIENTED_EDGE ( 'NONE', *, *, #2595, .T. ) ;
#1161 = DIRECTION ( 'NONE',  ( 0.000000000000000000, 0.000000000000000000, 1.000000000000000000 ) ) ;
#1162 = LINE ( 'NONE', #930, #695 ) ;
#1163 = MECHANICAL_DESIGN_GEOMETRIC_PRESENTATION_REPRESENTATION (  '', ( #390 ), #3308 ) ;
#1164 = EDGE_CURVE ( 'NONE', #640, #3194, #1388, .T. ) ;
#1165 = CARTESIAN_POINT ( 'NONE',  ( 1.050000000000000044, -0.02000000000000000042, 0.04999999999999995420 ) ) ;
#1166 = COLOUR_RGB ( '',0.9686274509803921573, 0.8784313725490195957, 0.5999999999999999778 ) ;
#1167 = VERTEX_POINT ( 'NONE', #1744 ) ;
#1168 = EDGE_LOOP ( 'NONE', ( #63, #1784, #2071, #844 ) ) ;
#1169 = SURFACE_SIDE_STYLE ('',( #1402 ) ) ;
#1170 = PRESENTATION_LAYER_ASSIGNMENT (  '', '', ( #32 ) ) ;
#1171 =( LENGTH_UNIT ( ) NAMED_UNIT ( * ) SI_UNIT ( .MILLI., .METRE. ) );
#1172 = MECHANICAL_DESIGN_GEOMETRIC_PRESENTATION_REPRESENTATION (  '', ( #905 ), #1705 ) ;
#1173 = CARTESIAN_POINT ( 'NONE',  ( 0.000000000000000000, 0.5500000000000000444, -0.2500000000000000555 ) ) ;
#1174 = LINE ( 'NONE', #1890, #3291 ) ;
#1175 = PRESENTATION_LAYER_ASSIGNMENT (  '', '', ( #3216 ) ) ;
#1176 = VERTEX_POINT ( 'NONE', #1521 ) ;
#1177 = COLOUR_RGB ( '',0.9686274509803921573, 0.8784313725490195957, 0.5999999999999999778 ) ;
#1178 = DIRECTION ( 'NONE',  ( 1.000000000000000000, 0.000000000000000000, -2.168404344971008474E-15 ) ) ;
#1179 = DIRECTION ( 'NONE',  ( -0.000000000000000000, 1.000000000000000000, -0.000000000000000000 ) ) ;
#1180 = ORIENTED_EDGE ( 'NONE', *, *, #1431, .T. ) ;
#1181 = EDGE_CURVE ( 'NONE', #3020, #3194, #743, .T. ) ;
#1182 = CARTESIAN_POINT ( 'NONE',  ( 0.000000000000000000, -0.02000000000000000042, -0.2000000000000001221 ) ) ;
#1183 = DIRECTION ( 'NONE',  ( 0.000000000000000000, 0.000000000000000000, 1.000000000000000000 ) ) ;
#1184 = LINE ( 'NONE', #2667, #2611 ) ;
#1185 = EDGE_CURVE ( 'NONE', #836, #3007, #2258, .T. ) ;
#1186 = EDGE_CURVE ( 'NONE', #836, #1372, #3326, .T. ) ;
#1187 = ORIENTED_EDGE ( 'NONE', *, *, #540, .F. ) ;
#1188 = EDGE_LOOP ( 'NONE', ( #735, #677, #1476, #287 ) ) ;
#1189 = SURFACE_STYLE_USAGE ( .BOTH. , #1706 ) ;
#1190 = CIRCLE ( 'NONE', #1875, 0.08124999999999978073 ) ;
#1191 = DIRECTION ( 'NONE',  ( 0.000000000000000000, 0.000000000000000000, -1.000000000000000000 ) ) ;
#1192 = CARTESIAN_POINT ( 'NONE',  ( -1.050000000000000044, -0.02000000000000000042, 0.04999999999999995420 ) ) ;
#1193 = VECTOR ( 'NONE', #2066, 1000.000000000000000 ) ;
#1194 = CARTESIAN_POINT ( 'NONE',  ( 1.350000000000000089, 0.5300000000000000266, 0.2500000000000000000 ) ) ;
#1195 = AXIS2_PLACEMENT_3D ( 'NONE', #1473, #1627, #1363 ) ;
#1196 = CARTESIAN_POINT ( 'NONE',  ( -1.050000000000000044, 0.000000000000000000, 0.2499999999999999445 ) ) ;
#1197 = DIRECTION ( 'NONE',  ( -0.000000000000000000, 1.000000000000000000, -0.000000000000000000 ) ) ;
#1198 = LINE ( 'NONE', #2421, #190 ) ;
#1199 = CARTESIAN_POINT ( 'NONE',  ( 0.5999999999999998668, -0.02000000000000000042, -1.858632295689436102E-16 ) ) ;
#1200 = EDGE_LOOP ( 'NONE', ( #691, #3010, #2566, #773 ) ) ;
#1201 = VECTOR ( 'NONE', #1130, 1000.000000000000000 ) ;
#1202 = PRESENTATION_LAYER_ASSIGNMENT (  '', '', ( #2650 ) ) ;
#1203 = FILL_AREA_STYLE ('',( #2706 ) ) ;
#1204 = ORIENTED_EDGE ( 'NONE', *, *, #2140, .T. ) ;
#1205 = PRESENTATION_STYLE_ASSIGNMENT (( #578 ) ) ;
#1206 = ORIENTED_EDGE ( 'NONE', *, *, #355, .F. ) ;
#1207 = ADVANCED_FACE ( 'NONE', ( #1488 ), #189, .F. ) ;
#1208 =( NAMED_UNIT ( * ) SI_UNIT ( $, .STERADIAN. ) SOLID_ANGLE_UNIT ( ) );
#1209 = ADVANCED_FACE ( 'NONE', ( #957 ), #2536, .F. ) ;
#1210 = ORIENTED_EDGE ( 'NONE', *, *, #561, .T. ) ;
#1211 = SURFACE_SIDE_STYLE ('',( #2248 ) ) ;
#1212 = SURFACE_STYLE_USAGE ( .BOTH. , #513 ) ;
#1213 = ORIENTED_EDGE ( 'NONE', *, *, #803, .F. ) ;
#1214 = FILL_AREA_STYLE ('',( #2793 ) ) ;
#1215 = FACE_OUTER_BOUND ( 'NONE', #373, .T. ) ;
#1216 = ORIENTED_EDGE ( 'NONE', *, *, #2140, .F. ) ;
#1217 = DIRECTION ( 'NONE',  ( 2.168404344971008079E-15, 0.000000000000000000, -1.000000000000000000 ) ) ;
#1218 = VERTEX_POINT ( 'NONE', #2751 ) ;
#1219 = SURFACE_STYLE_FILL_AREA ( #1722 ) ;
#1220 = DIRECTION ( 'NONE',  ( -0.000000000000000000, 1.000000000000000000, -0.000000000000000000 ) ) ;
#1221 = PRESENTATION_LAYER_ASSIGNMENT (  '', '', ( #1970 ) ) ;
#1222 = STYLED_ITEM ( 'NONE', ( #1699 ), #2610 ) ;
#1223 = DIRECTION ( 'NONE',  ( 0.000000000000000000, 0.000000000000000000, 1.000000000000000000 ) ) ;
#1224 = STYLED_ITEM ( 'NONE', ( #1603 ), #2887 ) ;
#1225 = ORIENTED_EDGE ( 'NONE', *, *, #482, .T. ) ;
#1226 = CARTESIAN_POINT ( 'NONE',  ( 0.5999999999999998668, -0.02000000000000000042, -1.858632295689436102E-16 ) ) ;
#1227 = SURFACE_SIDE_STYLE ('',( #2772 ) ) ;
#1228 = SURFACE_STYLE_FILL_AREA ( #733 ) ;
#1229 = LINE ( 'NONE', #435, #254 ) ;
#1230 = STYLED_ITEM ( 'NONE', ( #2602 ), #3221 ) ;
#1231 = FILL_AREA_STYLE_COLOUR ( '', #2434 ) ;
#1232 = VERTEX_POINT ( 'NONE', #1996 ) ;
#1233 = LINE ( 'NONE', #2449, #420 ) ;
#1234 = COLOUR_RGB ( '',0.9686274509803921573, 0.8784313725490195957, 0.5999999999999999778 ) ;
#1235 = UNCERTAINTY_MEASURE_WITH_UNIT (LENGTH_MEASURE( 1.000000000000000082E-05 ), #1725, 'distance_accuracy_value', 'NONE');
#1236 = PRESENTATION_STYLE_ASSIGNMENT (( #443 ) ) ;
#1237 = ORIENTED_EDGE ( 'NONE', *, *, #780, .T. ) ;
#1238 = FILL_AREA_STYLE_COLOUR ( '', #2486 ) ;
#1239 = LINE ( 'NONE', #3013, #1144 ) ;
#1240 = CARTESIAN_POINT ( 'NONE',  ( 1.349999999999999867, -0.02000000000000000042, 0.2499999999999999445 ) ) ;
#1241 = ORIENTED_EDGE ( 'NONE', *, *, #1031, .T. ) ;
#1242 =( NAMED_UNIT ( * ) PLANE_ANGLE_UNIT ( ) SI_UNIT ( $, .RADIAN. ) );
#1243 = PLANE ( 'NONE',  #1768 ) ;
#1244 = AXIS2_PLACEMENT_3D ( 'NONE', #1194, #1712, #240 ) ;
#1245 = EDGE_CURVE ( 'NONE', #3023, #1148, #1004, .T. ) ;
#1246 = DIRECTION ( 'NONE',  ( -1.000000000000000000, 0.000000000000000000, 0.000000000000000000 ) ) ;
#1247 = VECTOR ( 'NONE', #627, 1000.000000000000000 ) ;
#1248 = CARTESIAN_POINT ( 'NONE',  ( -1.150000000000000355, 0.5300000000000000266, 0.04999999999999994033 ) ) ;
#1249 = VECTOR ( 'NONE', #1351, 1000.000000000000000 ) ;
#1250 = ORIENTED_EDGE ( 'NONE', *, *, #2915, .F. ) ;
#1251 = LINE ( 'NONE', #717, #2719 ) ;
#1252 = VECTOR ( 'NONE', #2063, 1000.000000000000000 ) ;
#1253 = VECTOR ( 'NONE', #2273, 1000.000000000000000 ) ;
#1254 = ORIENTED_EDGE ( 'NONE', *, *, #1616, .F. ) ;
#1255 = SURFACE_STYLE_USAGE ( .BOTH. , #1003 ) ;
#1256 = SURFACE_STYLE_USAGE ( .BOTH. , #2274 ) ;
#1257 = FILL_AREA_STYLE ('',( #1549 ) ) ;
#1258 = PLANE ( 'NONE',  #1289 ) ;
#1259 = LINE ( 'NONE', #2276, #2769 ) ;
#1260 = DIRECTION ( 'NONE',  ( 0.000000000000000000, 0.000000000000000000, 1.000000000000000000 ) ) ;
#1261 = EDGE_CURVE ( 'NONE', #184, #2680, #730, .T. ) ;
#1262 = SURFACE_SIDE_STYLE ('',( #474 ) ) ;
#1263 = ORIENTED_EDGE ( 'NONE', *, *, #1426, .F. ) ;
#1264 =( NAMED_UNIT ( * ) PLANE_ANGLE_UNIT ( ) SI_UNIT ( $, .RADIAN. ) );
#1265 =( NAMED_UNIT ( * ) PLANE_ANGLE_UNIT ( ) SI_UNIT ( $, .RADIAN. ) );
#1266 =( GEOMETRIC_REPRESENTATION_CONTEXT ( 3 ) GLOBAL_UNCERTAINTY_ASSIGNED_CONTEXT ( ( #2911 ) ) GLOBAL_UNIT_ASSIGNED_CONTEXT ( ( #674, #1375, #3178 ) ) REPRESENTATION_CONTEXT ( 'NONE', 'WORKASPACE' ) );
#1267 =( NAMED_UNIT ( * ) PLANE_ANGLE_UNIT ( ) SI_UNIT ( $, .RADIAN. ) );
#1268 = DIRECTION ( 'NONE',  ( 0.000000000000000000, 0.000000000000000000, 1.000000000000000000 ) ) ;
#1269 =( LENGTH_UNIT ( ) NAMED_UNIT ( * ) SI_UNIT ( .MILLI., .METRE. ) );
#1270 = CARTESIAN_POINT ( 'NONE',  ( -1.100000000000000089, -0.02000000000000000042, -0.2500000000000000555 ) ) ;
#1271 = MECHANICAL_DESIGN_GEOMETRIC_PRESENTATION_REPRESENTATION (  '', ( #2128 ), #795 ) ;
#1272 = LINE ( 'NONE', #514, #1810 ) ;
#1273 = AXIS2_PLACEMENT_3D ( 'NONE', #2473, #1501, #2014 ) ;
#1274 =( GEOMETRIC_REPRESENTATION_CONTEXT ( 3 ) GLOBAL_UNCERTAINTY_ASSIGNED_CONTEXT ( ( #2432 ) ) GLOBAL_UNIT_ASSIGNED_CONTEXT ( ( #3032, #3018, #2554 ) ) REPRESENTATION_CONTEXT ( 'NONE', 'WORKASPACE' ) );
#1275 = DIRECTION ( 'NONE',  ( 1.000000000000000000, -0.000000000000000000, 0.000000000000000000 ) ) ;
#1276 = ADVANCED_FACE ( 'NONE', ( #1281 ), #321, .F. ) ;
#1277 = CARTESIAN_POINT ( 'NONE',  ( -1.000000000000000000, 1.330000000000000071, -0.2500000000000000555 ) ) ;
#1278 = ORIENTED_EDGE ( 'NONE', *, *, #1913, .F. ) ;
#1279 = CARTESIAN_POINT ( 'NONE',  ( -0.2999999999999998779, -0.02000000000000000042, -0.2500000000000000555 ) ) ;
#1280 = EDGE_CURVE ( 'NONE', #1745, #3198, #2585, .T. ) ;
#1281 = FACE_OUTER_BOUND ( 'NONE', #431, .T. ) ;
#1282 =( LENGTH_UNIT ( ) NAMED_UNIT ( * ) SI_UNIT ( .MILLI., .METRE. ) );
#1283 = CARTESIAN_POINT ( 'NONE',  ( -1.050000000000000266, 0.5500000000000000444, 0.2499999999999999445 ) ) ;
#1284 = PLANE ( 'NONE',  #1349 ) ;
#1285 = CARTESIAN_POINT ( 'NONE',  ( -0.2999999999999998779, 0.000000000000000000, 0.2499999999999999445 ) ) ;
#1286 = CARTESIAN_POINT ( 'NONE',  ( 0.4999999999999993339, -0.02000000000000000042, -1.084202172485502659E-15 ) ) ;
#1287 =( GEOMETRIC_REPRESENTATION_CONTEXT ( 3 ) GLOBAL_UNCERTAINTY_ASSIGNED_CONTEXT ( ( #1468 ) ) GLOBAL_UNIT_ASSIGNED_CONTEXT ( ( #2047, #496, #2787 ) ) REPRESENTATION_CONTEXT ( 'NONE', 'WORKASPACE' ) );
#1288 = DIRECTION ( 'NONE',  ( -0.000000000000000000, -1.000000000000000000, -0.000000000000000000 ) ) ;
#1289 = AXIS2_PLACEMENT_3D ( 'NONE', #2489, #1008, #1446 ) ;
#1290 = CARTESIAN_POINT ( 'NONE',  ( 1.050000000000000044, -0.02000000000000000042, 0.04999999999999995420 ) ) ;
#1291 = FACE_OUTER_BOUND ( 'NONE', #2222, .T. ) ;
#1292 = ORIENTED_EDGE ( 'NONE', *, *, #3070, .F. ) ;
#1293 = STYLED_ITEM ( 'NONE', ( #1205 ), #1739 ) ;
#1294 = SURFACE_SIDE_STYLE ('',( #1822 ) ) ;
#1295 = DIRECTION ( 'NONE',  ( -1.000000000000000000, -0.000000000000000000, -0.000000000000000000 ) ) ;
#1296 = STYLED_ITEM ( 'NONE', ( #1305 ), #1057 ) ;
#1297 = EDGE_CURVE ( 'NONE', #68, #610, #829, .T. ) ;
#1298 =( LENGTH_UNIT ( ) NAMED_UNIT ( * ) SI_UNIT ( .MILLI., .METRE. ) );
#1299 = EDGE_CURVE ( 'NONE', #1176, #2408, #1065, .T. ) ;
#1300 = SURFACE_STYLE_USAGE ( .BOTH. , #2885 ) ;
#1301 = SURFACE_STYLE_USAGE ( .BOTH. , #239 ) ;
#1302 = DIRECTION ( 'NONE',  ( -0.000000000000000000, 1.000000000000000000, -0.000000000000000000 ) ) ;
#1303 = VECTOR ( 'NONE', #176, 1000.000000000000000 ) ;
#1304 = CARTESIAN_POINT ( 'NONE',  ( 1.199999999999999512, -0.02000000000000000042, 0.2499999999999998890 ) ) ;
#1305 = PRESENTATION_STYLE_ASSIGNMENT (( #1808 ) ) ;
#1306 = PRESENTATION_STYLE_ASSIGNMENT (( #566 ) ) ;
#1307 = DIRECTION ( 'NONE',  ( -0.000000000000000000, 1.000000000000000000, -0.000000000000000000 ) ) ;
#1308 = ORIENTED_EDGE ( 'NONE', *, *, #1052, .F. ) ;
#1309 =( LENGTH_UNIT ( ) NAMED_UNIT ( * ) SI_UNIT ( .MILLI., .METRE. ) );
#1310 = ORIENTED_EDGE ( 'NONE', *, *, #935, .T. ) ;
#1311 = LINE ( 'NONE', #1329, #297 ) ;
#1312 =( NAMED_UNIT ( * ) PLANE_ANGLE_UNIT ( ) SI_UNIT ( $, .RADIAN. ) );
#1313 = EDGE_CURVE ( 'NONE', #629, #1323, #559, .T. ) ;
#1314 = DIRECTION ( 'NONE',  ( 1.000000000000000000, 0.000000000000000000, 0.000000000000000000 ) ) ;
#1315 = VECTOR ( 'NONE', #571, 1000.000000000000114 ) ;
#1316 = CARTESIAN_POINT ( 'NONE',  ( 0.000000000000000000, -0.02000000000000000042, -0.2000000000000001221 ) ) ;
#1317 = LINE ( 'NONE', #2121, #1608 ) ;
#1318 = EDGE_CURVE ( 'NONE', #950, #127, #1034, .T. ) ;
#1319 = VECTOR ( 'NONE', #2115, 1000.000000000000000 ) ;
#1320 = MECHANICAL_DESIGN_GEOMETRIC_PRESENTATION_REPRESENTATION (  '', ( #903 ), #2947 ) ;
#1321 = LINE ( 'NONE', #2070, #699 ) ;
#1322 = CARTESIAN_POINT ( 'NONE',  ( -0.2999999999999998779, -0.02000000000000000042, 0.000000000000000000 ) ) ;
#1323 = VERTEX_POINT ( 'NONE', #787 ) ;
#1324 = CARTESIAN_POINT ( 'NONE',  ( -0.7999999999999999334, -0.02000000000000000042, 0.000000000000000000 ) ) ;
#1325 = SURFACE_SIDE_STYLE ('',( #301 ) ) ;
#1326 = MECHANICAL_DESIGN_GEOMETRIC_PRESENTATION_REPRESENTATION (  '', ( #580 ), #3219 ) ;
#1327 = ORIENTED_EDGE ( 'NONE', *, *, #2764, .F. ) ;
#1328 = ORIENTED_EDGE ( 'NONE', *, *, #3056, .F. ) ;
#1329 = CARTESIAN_POINT ( 'NONE',  ( 1.050000000000000266, 0.5300000000000000266, -0.000000000000000000 ) ) ;
#1330 = DIRECTION ( 'NONE',  ( 0.000000000000000000, -1.000000000000000000, 0.000000000000000000 ) ) ;
#1331 = FILL_AREA_STYLE_COLOUR ( '', #2967 ) ;
#1332 = LINE ( 'NONE', #2597, #2534 ) ;
#1333 = DIRECTION ( 'NONE',  ( 0.000000000000000000, 1.000000000000000000, -0.000000000000000000 ) ) ;
#1334 = LINE ( 'NONE', #2078, #1921 ) ;
#1335 =( LENGTH_UNIT ( ) NAMED_UNIT ( * ) SI_UNIT ( .MILLI., .METRE. ) );
#1336 = EDGE_CURVE ( 'NONE', #554, #3222, #1092, .T. ) ;
#1337 =( GEOMETRIC_REPRESENTATION_CONTEXT ( 3 ) GLOBAL_UNCERTAINTY_ASSIGNED_CONTEXT ( ( #3022 ) ) GLOBAL_UNIT_ASSIGNED_CONTEXT ( ( #1818, #1312, #3105 ) ) REPRESENTATION_CONTEXT ( 'NONE', 'WORKASPACE' ) );
#1338 = FACE_OUTER_BOUND ( 'NONE', #2740, .T. ) ;
#1339 = VERTEX_POINT ( 'NONE', #3117 ) ;
#1340 = UNCERTAINTY_MEASURE_WITH_UNIT (LENGTH_MEASURE( 1.000000000000000082E-05 ), #1647, 'distance_accuracy_value', 'NONE');
#1341 = MECHANICAL_DESIGN_GEOMETRIC_PRESENTATION_REPRESENTATION (  '', ( #52 ), #2642 ) ;
#1342 =( LENGTH_UNIT ( ) NAMED_UNIT ( * ) SI_UNIT ( .MILLI., .METRE. ) );
#1343 = FACE_OUTER_BOUND ( 'NONE', #2265, .T. ) ;
#1344 = VECTOR ( 'NONE', #3084, 1000.000000000000000 ) ;
#1345 = ORIENTED_EDGE ( 'NONE', *, *, #561, .F. ) ;
#1346 = ORIENTED_EDGE ( 'NONE', *, *, #2617, .F. ) ;
#1347 =( NAMED_UNIT ( * ) SI_UNIT ( $, .STERADIAN. ) SOLID_ANGLE_UNIT ( ) );
#1348 = PRESENTATION_STYLE_ASSIGNMENT (( #2304 ) ) ;
#1349 = AXIS2_PLACEMENT_3D ( 'NONE', #1192, #645, #1114 ) ;
#1350 = DIRECTION ( 'NONE',  ( -1.465055598793117192E-17, 0.000000000000000000, -1.000000000000000000 ) ) ;
#1351 = DIRECTION ( 'NONE',  ( -1.000000000000000000, 0.000000000000000000, 0.000000000000000000 ) ) ;
#1352 = COLOUR_RGB ( '',0.9686274509803921573, 0.8784313725490195957, 0.5999999999999999778 ) ;
#1353 = AXIS2_PLACEMENT_3D ( 'NONE', #2317, #2042, #3068 ) ;
#1354 = LINE ( 'NONE', #2563, #2219 ) ;
#1355 = ORIENTED_EDGE ( 'NONE', *, *, #8, .F. ) ;
#1356 = EDGE_CURVE ( 'NONE', #4, #184, #1829, .T. ) ;
#1357 = VERTEX_POINT ( 'NONE', #261 ) ;
#1358 = FACE_OUTER_BOUND ( 'NONE', #358, .T. ) ;
#1359 = VERTEX_POINT ( 'NONE', #2873 ) ;
#1360 = ORIENTED_EDGE ( 'NONE', *, *, #1313, .T. ) ;
#1361 = LINE ( 'NONE', #2118, #980 ) ;
#1362 = DIRECTION ( 'NONE',  ( 0.000000000000000000, 0.000000000000000000, -1.000000000000000000 ) ) ;
#1363 = DIRECTION ( 'NONE',  ( 0.000000000000000000, 0.000000000000000000, 1.000000000000000000 ) ) ;
#1364 =( NAMED_UNIT ( * ) PLANE_ANGLE_UNIT ( ) SI_UNIT ( $, .RADIAN. ) );
#1365 = DIRECTION ( 'NONE',  ( 0.000000000000000000, 0.000000000000000000, 1.000000000000000000 ) ) ;
#1366 = DIRECTION ( 'NONE',  ( -0.000000000000000000, 1.000000000000000000, -0.000000000000000000 ) ) ;
#1367 =( LENGTH_UNIT ( ) NAMED_UNIT ( * ) SI_UNIT ( .MILLI., .METRE. ) );
#1368 = DIRECTION ( 'NONE',  ( -0.2982749931359466866, -0.9544799780350297080, 0.000000000000000000 ) ) ;
#1369 = LINE ( 'NONE', #2477, #233 ) ;
#1370 = FILL_AREA_STYLE ('',( #494 ) ) ;
#1371 =( GEOMETRIC_REPRESENTATION_CONTEXT ( 3 ) GLOBAL_UNCERTAINTY_ASSIGNED_CONTEXT ( ( #2049 ) ) GLOBAL_UNIT_ASSIGNED_CONTEXT ( ( #2941, #1405, #1151 ) ) REPRESENTATION_CONTEXT ( 'NONE', 'WORKASPACE' ) );
#1372 = VERTEX_POINT ( 'NONE', #530 ) ;
#1373 = CARTESIAN_POINT ( 'NONE',  ( -1.349999999999999867, 0.5300000000000000266, 0.2499999999999999445 ) ) ;
#1374 = VERTEX_POINT ( 'NONE', #1589 ) ;
#1375 =( NAMED_UNIT ( * ) PLANE_ANGLE_UNIT ( ) SI_UNIT ( $, .RADIAN. ) );
#1376 = VECTOR ( 'NONE', #2530, 1000.000000000000000 ) ;
#1377 = CARTESIAN_POINT ( 'NONE',  ( -1.199999999999999512, 0.5300000000000000266, 0.2499999999999999445 ) ) ;
#1378 =( GEOMETRIC_REPRESENTATION_CONTEXT ( 3 ) GLOBAL_UNCERTAINTY_ASSIGNED_CONTEXT ( ( #679 ) ) GLOBAL_UNIT_ASSIGNED_CONTEXT ( ( #409, #157, #3231 ) ) REPRESENTATION_CONTEXT ( 'NONE', 'WORKASPACE' ) );
#1379 = EDGE_LOOP ( 'NONE', ( #1101, #1740, #2246, #1206, #2592, #1132, #1787, #934, #2239, #142, #2770, #694, #1028, #2254, #177, #1380, #2776, #458, #2439, #1450, #2669, #1662, #2195, #2251, #76, #2688, #1453, #3319, #2314, #928, #1974, #3268, #3223, #2982, #2044, #3037 ) ) ;
#1380 = ORIENTED_EDGE ( 'NONE', *, *, #630, .T. ) ;
#1381 = STYLED_ITEM ( 'NONE', ( #1895 ), #3316 ) ;
#1382 = FACE_OUTER_BOUND ( 'NONE', #1547, .T. ) ;
#1383 = DIRECTION ( 'NONE',  ( -0.2982749931359468532, 0.9544799780350298191, 0.000000000000000000 ) ) ;
#1384 = ADVANCED_FACE ( 'NONE', ( #2354 ), #277, .T. ) ;
#1385 = STYLED_ITEM ( 'NONE', ( #3264 ), #243 ) ;
#1386 = UNCERTAINTY_MEASURE_WITH_UNIT (LENGTH_MEASURE( 1.000000000000000082E-05 ), #1455, 'distance_accuracy_value', 'NONE');
#1387 = CARTESIAN_POINT ( 'NONE',  ( -1.000000000000000000, 1.330000000000000071, 0.2499999999999999445 ) ) ;
#1388 = LINE ( 'NONE', #2944, #3076 ) ;
#1389 = LINE ( 'NONE', #2658, #28 ) ;
#1390 = SURFACE_STYLE_USAGE ( .BOTH. , #667 ) ;
#1391 = LINE ( 'NONE', #1156, #1247 ) ;
#1392 = ORIENTED_EDGE ( 'NONE', *, *, #3093, .F. ) ;
#1393 = DIRECTION ( 'NONE',  ( 0.000000000000000000, 0.000000000000000000, 1.000000000000000000 ) ) ;
#1394 = SURFACE_SIDE_STYLE ('',( #2725 ) ) ;
#1395 = SURFACE_STYLE_FILL_AREA ( #1122 ) ;
#1396 = PRESENTATION_LAYER_ASSIGNMENT (  '', '', ( #1820 ) ) ;
#1397 = LINE ( 'NONE', #139, #2075 ) ;
#1398 = VERTEX_POINT ( 'NONE', #596 ) ;
#1399 = ORIENTED_EDGE ( 'NONE', *, *, #1336, .F. ) ;
#1400 = COLOUR_RGB ( '',0.9686274509803921573, 0.8784313725490195957, 0.5999999999999999778 ) ;
#1401 = DIRECTION ( 'NONE',  ( 1.000000000000000000, 0.000000000000000000, 0.000000000000000000 ) ) ;
#1402 = SURFACE_STYLE_FILL_AREA ( #847 ) ;
#1403 = CARTESIAN_POINT ( 'NONE',  ( -6.776263578034420431E-18, 0.5300000000000000266, 0.05000000000000009992 ) ) ;
#1404 = VECTOR ( 'NONE', #962, 1000.000000000000000 ) ;
#1405 =( NAMED_UNIT ( * ) PLANE_ANGLE_UNIT ( ) SI_UNIT ( $, .RADIAN. ) );
#1406 = EDGE_CURVE ( 'NONE', #862, #1359, #2905, .T. ) ;
#1407 = FILL_AREA_STYLE_COLOUR ( '', #3288 ) ;
#1408 = FACE_OUTER_BOUND ( 'NONE', #173, .T. ) ;
#1409 = VECTOR ( 'NONE', #912, 1000.000000000000000 ) ;
#1410 = DIRECTION ( 'NONE',  ( -0.000000000000000000, -1.000000000000000000, -0.000000000000000000 ) ) ;
#1411 = VERTEX_POINT ( 'NONE', #3183 ) ;
#1412 = EDGE_CURVE ( 'NONE', #2548, #2696, #343, .T. ) ;
#1413 = VECTOR ( 'NONE', #463, 1000.000000000000000 ) ;
#1414 =( NAMED_UNIT ( * ) PLANE_ANGLE_UNIT ( ) SI_UNIT ( $, .RADIAN. ) );
#1415 = ORIENTED_EDGE ( 'NONE', *, *, #2600, .F. ) ;
#1416 = STYLED_ITEM ( 'NONE', ( #988 ), #638 ) ;
#1417 = ORIENTED_EDGE ( 'NONE', *, *, #500, .T. ) ;
#1418 = SURFACE_STYLE_USAGE ( .BOTH. , #654 ) ;
#1419 = PRESENTATION_STYLE_ASSIGNMENT (( #2021 ) ) ;
#1420 = ORIENTED_EDGE ( 'NONE', *, *, #1470, .F. ) ;
#1421 = ORIENTED_EDGE ( 'NONE', *, *, #291, .F. ) ;
#1422 = LINE ( 'NONE', #1624, #397 ) ;
#1423 = DIRECTION ( 'NONE',  ( 0.9544799780350298191, 0.2982749931359468532, 0.000000000000000000 ) ) ;
#1424 = PRESENTATION_STYLE_ASSIGNMENT (( #108 ) ) ;
#1425 = DIRECTION ( 'NONE',  ( 0.000000000000000000, 0.000000000000000000, 1.000000000000000000 ) ) ;
#1426 = EDGE_CURVE ( 'NONE', #329, #1937, #1361, .T. ) ;
#1427 = ORIENTED_EDGE ( 'NONE', *, *, #278, .T. ) ;
#1428 = PRESENTATION_STYLE_ASSIGNMENT (( #3263 ) ) ;
#1429 = FILL_AREA_STYLE ('',( #389 ) ) ;
#1430 =( NAMED_UNIT ( * ) PLANE_ANGLE_UNIT ( ) SI_UNIT ( $, .RADIAN. ) );
#1431 = EDGE_CURVE ( 'NONE', #1323, #2422, #1190, .T. ) ;
#1432 = AXIS2_PLACEMENT_3D ( 'NONE', #81, #2932, #896 ) ;
#1433 = EDGE_LOOP ( 'NONE', ( #2024, #3160, #3115, #1515 ) ) ;
#1434 = DIRECTION ( 'NONE',  ( -0.000000000000000000, -1.000000000000000000, -0.000000000000000000 ) ) ;
#1435 = AXIS2_PLACEMENT_3D ( 'NONE', #659, #1626, #1362 ) ;
#1436 = MECHANICAL_DESIGN_GEOMETRIC_PRESENTATION_REPRESENTATION (  '', ( #518 ), #1973 ) ;
#1437 = ORIENTED_EDGE ( 'NONE', *, *, #2542, .T. ) ;
#1438 = PRODUCT_DEFINITION_CONTEXT ( 'detailed design', #3035, 'design' ) ;
#1439 = UNCERTAINTY_MEASURE_WITH_UNIT (LENGTH_MEASURE( 1.000000000000000082E-05 ), #1854, 'distance_accuracy_value', 'NONE');
#1440 = ORIENTED_EDGE ( 'NONE', *, *, #2582, .F. ) ;
#1441 = FACE_OUTER_BOUND ( 'NONE', #1168, .T. ) ;
#1442 =( GEOMETRIC_REPRESENTATION_CONTEXT ( 3 ) GLOBAL_UNCERTAINTY_ASSIGNED_CONTEXT ( ( #1645 ) ) GLOBAL_UNIT_ASSIGNED_CONTEXT ( ( #3197, #3039, #2778 ) ) REPRESENTATION_CONTEXT ( 'NONE', 'WORKASPACE' ) );
#1443 = PRESENTATION_LAYER_ASSIGNMENT (  '', '', ( #1852 ) ) ;
#1444 = FACE_OUTER_BOUND ( 'NONE', #783, .T. ) ;
#1445 = AXIS2_PLACEMENT_3D ( 'NONE', #1909, #3210, #1595 ) ;
#1446 = DIRECTION ( 'NONE',  ( -1.000000000000000000, 0.000000000000000000, -1.355252715606881036E-16 ) ) ;
#1447 = DIRECTION ( 'NONE',  ( -0.000000000000000000, 1.000000000000000000, -0.000000000000000000 ) ) ;
#1448 = FILL_AREA_STYLE ('',( #690 ) ) ;
#1449 = EDGE_LOOP ( 'NONE', ( #152, #1556, #1471, #632 ) ) ;
#1450 = ORIENTED_EDGE ( 'NONE', *, *, #61, .T. ) ;
#1451 = ADVANCED_FACE ( 'NONE', ( #2415 ), #87, .T. ) ;
#1452 = EDGE_CURVE ( 'NONE', #1218, #2781, #848, .T. ) ;
#1453 = ORIENTED_EDGE ( 'NONE', *, *, #161, .F. ) ;
#1454 = VERTEX_POINT ( 'NONE', #41 ) ;
#1455 =( LENGTH_UNIT ( ) NAMED_UNIT ( * ) SI_UNIT ( .MILLI., .METRE. ) );
#1456 = MECHANICAL_DESIGN_GEOMETRIC_PRESENTATION_REPRESENTATION (  '', ( #2090 ), #539 ) ;
#1457 = FACE_OUTER_BOUND ( 'NONE', #1200, .T. ) ;
#1458 = DIRECTION ( 'NONE',  ( 1.000000000000000000, -0.000000000000000000, 0.000000000000000000 ) ) ;
#1459 = AXIS2_PLACEMENT_3D ( 'NONE', #1535, #1302, #1268 ) ;
#1460 = CARTESIAN_POINT ( 'NONE',  ( 1.050000000000000044, 0.000000000000000000, 0.04999999999999995420 ) ) ;
#1461 = DIRECTION ( 'NONE',  ( 1.000000000000000000, 0.000000000000000000, 0.000000000000000000 ) ) ;
#1462 = AXIS2_PLACEMENT_3D ( 'NONE', #2822, #3025, #507 ) ;
#1463 = PRESENTATION_STYLE_ASSIGNMENT (( #251 ) ) ;
#1464 =( NAMED_UNIT ( * ) SI_UNIT ( $, .STERADIAN. ) SOLID_ANGLE_UNIT ( ) );
#1465 = ORIENTED_EDGE ( 'NONE', *, *, #897, .T. ) ;
#1466 = MECHANICAL_DESIGN_GEOMETRIC_PRESENTATION_REPRESENTATION (  '', ( #1296 ), #2210 ) ;
#1467 = ORIENTED_EDGE ( 'NONE', *, *, #1164, .T. ) ;
#1468 = UNCERTAINTY_MEASURE_WITH_UNIT (LENGTH_MEASURE( 1.000000000000000082E-05 ), #2047, 'distance_accuracy_value', 'NONE');
#1469 =( LENGTH_UNIT ( ) NAMED_UNIT ( * ) SI_UNIT ( .MILLI., .METRE. ) );
#1470 = EDGE_CURVE ( 'NONE', #2117, #2807, #1835, .T. ) ;
#1471 = ORIENTED_EDGE ( 'NONE', *, *, #2065, .F. ) ;
#1472 = PRESENTATION_LAYER_ASSIGNMENT (  '', '', ( #1831 ) ) ;
#1473 = CARTESIAN_POINT ( 'NONE',  ( 0.000000000000000000, 0.5300000000000000266, 0.000000000000000000 ) ) ;
#1474 = FILL_AREA_STYLE_COLOUR ( '', #2819 ) ;
#1475 = FILL_AREA_STYLE_COLOUR ( '', #497 ) ;
#1476 = ORIENTED_EDGE ( 'NONE', *, *, #1406, .F. ) ;
#1477 = CARTESIAN_POINT ( 'NONE',  ( 0.000000000000000000, 0.5300000000000000266, 0.000000000000000000 ) ) ;
#1478 = CARTESIAN_POINT ( 'NONE',  ( -1.349999999999999867, -0.02000000000000000042, 0.000000000000000000 ) ) ;
#1479 = CARTESIAN_POINT ( 'NONE',  ( -1.050000000000000266, 0.5300000000000000266, 0.2499999999999999445 ) ) ;
#1480 = SURFACE_STYLE_FILL_AREA ( #1214 ) ;
#1481 = CARTESIAN_POINT ( 'NONE',  ( 1.050000000000000266, 0.5300000000000000266, 0.2499999999999999445 ) ) ;
#1482 = ORIENTED_EDGE ( 'NONE', *, *, #1622, .T. ) ;
#1483 = VECTOR ( 'NONE', #2348, 1000.000000000000000 ) ;
#1484 = DIRECTION ( 'NONE',  ( -1.000000000000000000, 0.000000000000000000, 1.355252715606881529E-16 ) ) ;
#1485 = STYLED_ITEM ( 'NONE', ( #2754 ), #2339 ) ;
#1486 = MECHANICAL_DESIGN_GEOMETRIC_PRESENTATION_REPRESENTATION (  '', ( #1970 ), #2512 ) ;
#1487 = EDGE_CURVE ( 'NONE', #2147, #2299, #2091, .T. ) ;
#1488 = FACE_OUTER_BOUND ( 'NONE', #386, .T. ) ;
#1489 = AXIS2_PLACEMENT_3D ( 'NONE', #650, #1655, #2144 ) ;
#1490 = VERTEX_POINT ( 'NONE', #552 ) ;
#1491 = LINE ( 'NONE', #1226, #439 ) ;
#1492 = LINE ( 'NONE', #226, #2620 ) ;
#1493 = VECTOR ( 'NONE', #1525, 1000.000000000000000 ) ;
#1494 = PLANE ( 'NONE',  #2863 ) ;
#1495 = LINE ( 'NONE', #2277, #2243 ) ;
#1496 = ORIENTED_EDGE ( 'NONE', *, *, #2306, .T. ) ;
#1497 =( LENGTH_UNIT ( ) NAMED_UNIT ( * ) SI_UNIT ( .MILLI., .METRE. ) );
#1498 = DIRECTION ( 'NONE',  ( 1.000000000000000000, -0.000000000000000000, 0.000000000000000000 ) ) ;
#1499 = VERTEX_POINT ( 'NONE', #1085 ) ;
#1500 = SURFACE_STYLE_FILL_AREA ( #2798 ) ;
#1501 = DIRECTION ( 'NONE',  ( 0.000000000000000000, 1.000000000000000000, -0.000000000000000000 ) ) ;
#1502 = FILL_AREA_STYLE_COLOUR ( '', #2267 ) ;
#1503 = EDGE_CURVE ( 'NONE', #2422, #629, #175, .T. ) ;
#1504 = LINE ( 'NONE', #2753, #2485 ) ;
#1505 = LINE ( 'NONE', #2790, #2285 ) ;
#1506 = COLOUR_RGB ( '',0.9686274509803921573, 0.8784313725490195957, 0.5999999999999999778 ) ;
#1507 = LINE ( 'NONE', #1010, #937 ) ;
#1508 = CARTESIAN_POINT ( 'NONE',  ( 0.7999999999999999334, -0.02000000000000000042, -0.2500000000000000555 ) ) ;
#1509 = EDGE_CURVE ( 'NONE', #1176, #1411, #1793, .T. ) ;
#1510 = VECTOR ( 'NONE', #944, 1000.000000000000000 ) ;
#1511 = CARTESIAN_POINT ( 'NONE',  ( -1.349999999999999867, 0.000000000000000000, -0.1000000000000000749 ) ) ;
#1512 =( NAMED_UNIT ( * ) SI_UNIT ( $, .STERADIAN. ) SOLID_ANGLE_UNIT ( ) );
#1513 = PLANE ( 'NONE',  #1757 ) ;
#1514 = VECTOR ( 'NONE', #1649, 1000.000000000000000 ) ;
#1515 = ORIENTED_EDGE ( 'NONE', *, *, #2440, .F. ) ;
#1516 = CARTESIAN_POINT ( 'NONE',  ( 1.050000000000000044, -0.02000000000000000042, 0.2499999999999999445 ) ) ;
#1517 =( NAMED_UNIT ( * ) PLANE_ANGLE_UNIT ( ) SI_UNIT ( $, .RADIAN. ) );
#1518 = MECHANICAL_DESIGN_GEOMETRIC_PRESENTATION_REPRESENTATION (  '', ( #2978 ), #931 ) ;
#1519 = PRESENTATION_LAYER_ASSIGNMENT (  '', '', ( #2271 ) ) ;
#1520 = CARTESIAN_POINT ( 'NONE',  ( -0.7500000000000001110, 1.330000000000000071, -0.2500000000000000555 ) ) ;
#1521 = CARTESIAN_POINT ( 'NONE',  ( -0.4999999999999997780, -0.02000000000000000042, -2.931528090887930080E-18 ) ) ;
#1522 =( GEOMETRIC_REPRESENTATION_CONTEXT ( 3 ) GLOBAL_UNCERTAINTY_ASSIGNED_CONTEXT ( ( #2510 ) ) GLOBAL_UNIT_ASSIGNED_CONTEXT ( ( #437, #156, #1464 ) ) REPRESENTATION_CONTEXT ( 'NONE', 'WORKASPACE' ) );
#1523 = FILL_AREA_STYLE ('',( #3107 ) ) ;
#1524 = ADVANCED_FACE ( 'NONE', ( #586 ), #2298, .T. ) ;
#1525 = DIRECTION ( 'NONE',  ( 1.000000000000000000, -0.000000000000000000, 0.000000000000000000 ) ) ;
#1526 = ADVANCED_FACE ( 'NONE', ( #133 ), #665, .T. ) ;
#1527 = ORIENTED_EDGE ( 'NONE', *, *, #2227, .F. ) ;
#1528 = LINE ( 'NONE', #2060, #1824 ) ;
#1529 =( NAMED_UNIT ( * ) SI_UNIT ( $, .STERADIAN. ) SOLID_ANGLE_UNIT ( ) );
#1530 = AXIS2_PLACEMENT_3D ( 'NONE', #2370, #300, #2330 ) ;
#1531 = VERTEX_POINT ( 'NONE', #483 ) ;
#1532 = SURFACE_SIDE_STYLE ('',( #1801 ) ) ;
#1533 = DIRECTION ( 'NONE',  ( -0.000000000000000000, -0.000000000000000000, 1.000000000000000000 ) ) ;
#1534 = VECTOR ( 'NONE', #1295, 1000.000000000000000 ) ;
#1535 = CARTESIAN_POINT ( 'NONE',  ( 1.175000000000000044, -0.02000000000000000042, -0.2812499999999998890 ) ) ;
#1536 = DIRECTION ( 'NONE',  ( 0.000000000000000000, 0.000000000000000000, -1.000000000000000000 ) ) ;
#1537 = VECTOR ( 'NONE', #1903, 1000.000000000000000 ) ;
#1538 = LINE ( 'NONE', #2573, #3322 ) ;
#1539 = VECTOR ( 'NONE', #1536, 1000.000000000000000 ) ;
#1540 = EDGE_CURVE ( 'NONE', #615, #2147, #705, .T. ) ;
#1541 = LINE ( 'NONE', #1836, #2177 ) ;
#1542 = EDGE_LOOP ( 'NONE', ( #2469, #2484, #3017, #2937 ) ) ;
#1543 = PRESENTATION_STYLE_ASSIGNMENT (( #3083 ) ) ;
#1544 = CARTESIAN_POINT ( 'NONE',  ( 0.5943060498220641419, 1.828220640569395039, -0.2500000000000000555 ) ) ;
#1545 = CARTESIAN_POINT ( 'NONE',  ( -0.2999999999999998779, 0.000000000000000000, 0.000000000000000000 ) ) ;
#1546 = EDGE_CURVE ( 'NONE', #2910, #2747, #762, .T. ) ;
#1547 = EDGE_LOOP ( 'NONE', ( #2955, #655, #413, #1417 ) ) ;
#1548 = LINE ( 'NONE', #786, #1252 ) ;
#1549 = FILL_AREA_STYLE_COLOUR ( '', #1103 ) ;
#1550 =( NAMED_UNIT ( * ) PLANE_ANGLE_UNIT ( ) SI_UNIT ( $, .RADIAN. ) );
#1551 = PRESENTATION_STYLE_ASSIGNMENT (( #3108 ) ) ;
#1552 = CARTESIAN_POINT ( 'NONE',  ( 0.1999999999999999001, -0.000000000000000000, -2.168404344971007635E-17 ) ) ;
#1553 = CARTESIAN_POINT ( 'NONE',  ( 0.2999999999999998224, 0.000000000000000000, 0.1999999999999999556 ) ) ;
#1554 = STYLED_ITEM ( 'NONE', ( #2212 ), #1640 ) ;
#1555 =( NAMED_UNIT ( * ) PLANE_ANGLE_UNIT ( ) SI_UNIT ( $, .RADIAN. ) );
#1556 = ORIENTED_EDGE ( 'NONE', *, *, #2739, .F. ) ;
#1557 = LINE ( 'NONE', #3099, #3048 ) ;
#1558 = VECTOR ( 'NONE', #1410, 1000.000000000000000 ) ;
#1559 = CARTESIAN_POINT ( 'NONE',  ( 1.150000000000000355, 0.5500000000000000444, 0.04999999999999994033 ) ) ;
#1560 = COLOUR_RGB ( '',1.000000000000000000, 1.000000000000000000, 1.000000000000000000 ) ;
#1561 = CARTESIAN_POINT ( 'NONE',  ( 1.150000000000000355, 0.5500000000000000444, 0.000000000000000000 ) ) ;
#1562 =( GEOMETRIC_REPRESENTATION_CONTEXT ( 3 ) GLOBAL_UNCERTAINTY_ASSIGNED_CONTEXT ( ( #1386 ) ) GLOBAL_UNIT_ASSIGNED_CONTEXT ( ( #1455, #185, #2224 ) ) REPRESENTATION_CONTEXT ( 'NONE', 'WORKASPACE' ) );
#1563 = SURFACE_STYLE_USAGE ( .BOTH. , #3091 ) ;
#1564 = CARTESIAN_POINT ( 'NONE',  ( 1.000000000000000000, 0.5300000000000000266, 0.2499999999999999445 ) ) ;
#1565 = PLANE ( 'NONE',  #1700 ) ;
#1566 = ORIENTED_EDGE ( 'NONE', *, *, #939, .T. ) ;
#1567 = ORIENTED_EDGE ( 'NONE', *, *, #500, .F. ) ;
#1568 = ORIENTED_EDGE ( 'NONE', *, *, #873, .F. ) ;
#1569 = DIRECTION ( 'NONE',  ( -0.000000000000000000, -1.000000000000000000, -0.000000000000000000 ) ) ;
#1570 = CARTESIAN_POINT ( 'NONE',  ( -1.100000000000000089, -0.02000000000000000042, -0.2500000000000000555 ) ) ;
#1571 = COLOUR_RGB ( '',0.000000000000000000, 0.5019607843137254832, 0.000000000000000000 ) ;
#1572 = EDGE_CURVE ( 'NONE', #1663, #1944, #2015, .T. ) ;
#1573 = EDGE_CURVE ( 'NONE', #1531, #972, #3262, .T. ) ;
#1574 = SURFACE_STYLE_FILL_AREA ( #511 ) ;
#1575 = DIRECTION ( 'NONE',  ( 1.000000000000000000, 0.000000000000000000, 2.168404344971009657E-15 ) ) ;
#1576 = AXIS2_PLACEMENT_3D ( 'NONE', #2925, #2993, #1646 ) ;
#1577 = ORIENTED_EDGE ( 'NONE', *, *, #1426, .T. ) ;
#1578 = UNCERTAINTY_MEASURE_WITH_UNIT (LENGTH_MEASURE( 1.000000000000000082E-05 ), #1367, 'distance_accuracy_value', 'NONE');
#1579 = STYLED_ITEM ( 'NONE', ( #1419 ), #43 ) ;
#1580 = PRESENTATION_LAYER_ASSIGNMENT (  '', '', ( #518 ) ) ;
#1581 = DIRECTION ( 'NONE',  ( 0.000000000000000000, -1.000000000000000000, 0.000000000000000000 ) ) ;
#1582 = ORIENTED_EDGE ( 'NONE', *, *, #1738, .F. ) ;
#1583 = COLOUR_RGB ( '',1.000000000000000000, 1.000000000000000000, 1.000000000000000000 ) ;
#1584 = CARTESIAN_POINT ( 'NONE',  ( 0.000000000000000000, 0.000000000000000000, -0.2500000000000000555 ) ) ;
#1585 = ORIENTED_EDGE ( 'NONE', *, *, #405, .T. ) ;
#1586 = ORIENTED_EDGE ( 'NONE', *, *, #1280, .F. ) ;
#1587 = LINE ( 'NONE', #2631, #3045 ) ;
#1588 = DIRECTION ( 'NONE',  ( 0.000000000000000000, 1.000000000000000000, -0.000000000000000000 ) ) ;
#1589 = CARTESIAN_POINT ( 'NONE',  ( 1.100000000000000311, 0.000000000000000000, -0.2500000000000000555 ) ) ;
#1590 = SURFACE_SIDE_STYLE ('',( #322 ) ) ;
#1591 = DIRECTION ( 'NONE',  ( 1.000000000000000000, 0.000000000000000000, 0.000000000000000000 ) ) ;
#1592 = CARTESIAN_POINT ( 'NONE',  ( 1.000000000000000000, -0.02000000000000000042, 0.000000000000000000 ) ) ;
#1593 = EDGE_CURVE ( 'NONE', #2009, #1167, #7, .T. ) ;
#1594 = ORIENTED_EDGE ( 'NONE', *, *, #3041, .T. ) ;
#1595 = DIRECTION ( 'NONE',  ( 0.000000000000000000, 0.000000000000000000, -1.000000000000000000 ) ) ;
#1596 = CARTESIAN_POINT ( 'NONE',  ( 1.264902534566420813E-17, -0.02000000000000000042, -0.09999999999999993616 ) ) ;
#1597 = EDGE_CURVE ( 'NONE', #2152, #3023, #2503, .T. ) ;
#1598 = LINE ( 'NONE', #2, #2027 ) ;
#1599 = VERTEX_POINT ( 'NONE', #732 ) ;
#1600 = VECTOR ( 'NONE', #1055, 1000.000000000000000 ) ;
#1601 = ORIENTED_EDGE ( 'NONE', *, *, #1692, .T. ) ;
#1602 =( GEOMETRIC_REPRESENTATION_CONTEXT ( 3 ) GLOBAL_UNCERTAINTY_ASSIGNED_CONTEXT ( ( #65 ) ) GLOBAL_UNIT_ASSIGNED_CONTEXT ( ( #280, #1550, #3074 ) ) REPRESENTATION_CONTEXT ( 'NONE', 'WORKASPACE' ) );
#1603 = PRESENTATION_STYLE_ASSIGNMENT (( #2900 ) ) ;
#1604 = AXIS2_PLACEMENT_3D ( 'NONE', #851, #644, #92 ) ;
#1605 = ORIENTED_EDGE ( 'NONE', *, *, #1052, .T. ) ;
#1606 =( NAMED_UNIT ( * ) SI_UNIT ( $, .STERADIAN. ) SOLID_ANGLE_UNIT ( ) );
#1607 = CARTESIAN_POINT ( 'NONE',  ( -0.2999999999999993783, -0.02000000000000000042, -6.505213034913013785E-16 ) ) ;
#1608 = VECTOR ( 'NONE', #854, 1000.000000000000000 ) ;
#1609 = PRESENTATION_STYLE_ASSIGNMENT (( #3273 ) ) ;
#1610 = LINE ( 'NONE', #2657, #2646 ) ;
#1611 = CARTESIAN_POINT ( 'NONE',  ( 0.2999999999999998224, -0.02000000000000000042, 0.1999999999999999556 ) ) ;
#1612 = EDGE_LOOP ( 'NONE', ( #3098, #686, #3006, #570 ) ) ;
#1613 = CARTESIAN_POINT ( 'NONE',  ( 1.350000000000000311, 0.5300000000000000266, 0.04999999999999991257 ) ) ;
#1614 = VECTOR ( 'NONE', #913, 1000.000000000000000 ) ;
#1615 = PRESENTATION_STYLE_ASSIGNMENT (( #3227 ) ) ;
#1616 = EDGE_CURVE ( 'NONE', #1454, #2422, #1504, .T. ) ;
#1617 = DIRECTION ( 'NONE',  ( -0.2982749931359466866, -0.9544799780350297080, 0.000000000000000000 ) ) ;
#1618 = SURFACE_STYLE_USAGE ( .BOTH. , #2893 ) ;
#1619 = ORIENTED_EDGE ( 'NONE', *, *, #1181, .F. ) ;
#1620 = ORIENTED_EDGE ( 'NONE', *, *, #203, .F. ) ;
#1621 = DIRECTION ( 'NONE',  ( -0.000000000000000000, 1.000000000000000000, -0.000000000000000000 ) ) ;
#1622 = EDGE_CURVE ( 'NONE', #615, #1684, #1491, .T. ) ;
#1623 = VERTEX_POINT ( 'NONE', #434 ) ;
#1624 = CARTESIAN_POINT ( 'NONE',  ( 0.2999999999999998779, -0.02000000000000000042, -0.2500000000000000555 ) ) ;
#1625 = DIRECTION ( 'NONE',  ( 1.000000000000000000, 0.000000000000000000, 1.355252715606881529E-16 ) ) ;
#1626 = DIRECTION ( 'NONE',  ( -0.000000000000000000, 1.000000000000000000, -0.000000000000000000 ) ) ;
#1627 = DIRECTION ( 'NONE',  ( 0.000000000000000000, 1.000000000000000000, -0.000000000000000000 ) ) ;
#1628 = SURFACE_STYLE_USAGE ( .BOTH. , #73 ) ;
#1629 =( NAMED_UNIT ( * ) SI_UNIT ( $, .STERADIAN. ) SOLID_ANGLE_UNIT ( ) );
#1630 = CARTESIAN_POINT ( 'NONE',  ( -0.7500000000000001110, 1.330000000000000071, 0.2499999999999999445 ) ) ;
#1631 = ORIENTED_EDGE ( 'NONE', *, *, #1412, .F. ) ;
#1632 = SURFACE_STYLE_FILL_AREA ( #1429 ) ;
#1633 = FILL_AREA_STYLE ('',( #135 ) ) ;
#1634 = ORIENTED_EDGE ( 'NONE', *, *, #2323, .T. ) ;
#1635 = EDGE_LOOP ( 'NONE', ( #433, #1566, #2184, #1586 ) ) ;
#1636 = PLANE ( 'NONE',  #2232 ) ;
#1637 = FILL_AREA_STYLE_COLOUR ( '', #91 ) ;
#1638 = DIRECTION ( 'NONE',  ( 0.000000000000000000, 0.000000000000000000, 1.000000000000000000 ) ) ;
#1639 = VECTOR ( 'NONE', #266, 1000.000000000000000 ) ;
#1640 = ADVANCED_FACE ( 'NONE', ( #720 ), #1258, .F. ) ;
#1641 = CARTESIAN_POINT ( 'NONE',  ( 0.000000000000000000, 0.000000000000000000, 0.000000000000000000 ) ) ;
#1642 = ORIENTED_EDGE ( 'NONE', *, *, #479, .T. ) ;
#1643 = CARTESIAN_POINT ( 'NONE',  ( 0.2999999999999998779, 0.000000000000000000, 0.000000000000000000 ) ) ;
#1644 = EDGE_CURVE ( 'NONE', #2882, #86, #943, .T. ) ;
#1645 = UNCERTAINTY_MEASURE_WITH_UNIT (LENGTH_MEASURE( 1.000000000000000082E-05 ), #3197, 'distance_accuracy_value', 'NONE');
#1646 = DIRECTION ( 'NONE',  ( 3.097720492815728152E-16, 0.000000000000000000, -1.000000000000000000 ) ) ;
#1647 =( LENGTH_UNIT ( ) NAMED_UNIT ( * ) SI_UNIT ( .MILLI., .METRE. ) );
#1648 = CARTESIAN_POINT ( 'NONE',  ( 0.7999999999999999334, -0.02000000000000000042, -0.2500000000000000555 ) ) ;
#1649 = DIRECTION ( 'NONE',  ( 1.000000000000000000, 0.000000000000000000, -1.355252715606881036E-16 ) ) ;
#1650 = SURFACE_SIDE_STYLE ('',( #2945 ) ) ;
#1651 = ORIENTED_EDGE ( 'NONE', *, *, #61, .F. ) ;
#1652 =( NAMED_UNIT ( * ) PLANE_ANGLE_UNIT ( ) SI_UNIT ( $, .RADIAN. ) );
#1653 =( NAMED_UNIT ( * ) SI_UNIT ( $, .STERADIAN. ) SOLID_ANGLE_UNIT ( ) );
#1654 = DIRECTION ( 'NONE',  ( 0.000000000000000000, -1.000000000000000000, 0.000000000000000000 ) ) ;
#1655 = DIRECTION ( 'NONE',  ( 1.264902534566421675E-16, 0.000000000000000000, 1.000000000000000000 ) ) ;
#1656 = ORIENTED_EDGE ( 'NONE', *, *, #997, .T. ) ;
#1657 = ORIENTED_EDGE ( 'NONE', *, *, #1431, .F. ) ;
#1658 = CARTESIAN_POINT ( 'NONE',  ( -0.1999999999999999001, -0.02000000000000000042, 0.2499999999999999445 ) ) ;
#1659 = STYLED_ITEM ( 'NONE', ( #2691 ), #1451 ) ;
#1660 = LINE ( 'NONE', #1165, #33 ) ;
#1661 = CARTESIAN_POINT ( 'NONE',  ( 0.000000000000000000, -0.02000000000000000042, -0.2500000000000000555 ) ) ;
#1662 = ORIENTED_EDGE ( 'NONE', *, *, #606, .F. ) ;
#1663 = VERTEX_POINT ( 'NONE', #192 ) ;
#1664 = STYLED_ITEM ( 'NONE', ( #1908 ), #1526 ) ;
#1665 = ADVANCED_FACE ( 'NONE', ( #2355 ), #1083, .F. ) ;
#1666 = CARTESIAN_POINT ( 'NONE',  ( 6.776263578034420431E-18, 0.5500000000000000444, 0.05000000000000009992 ) ) ;
#1667 = VECTOR ( 'NONE', #1447, 1000.000000000000000 ) ;
#1668 = SURFACE_SIDE_STYLE ('',( #169 ) ) ;
#1669 = ADVANCED_FACE ( 'NONE', ( #2612 ), #560, .T. ) ;
#1670 = DIRECTION ( 'NONE',  ( -0.000000000000000000, 1.000000000000000000, -0.000000000000000000 ) ) ;
#1671 = EDGE_CURVE ( 'NONE', #972, #1623, #1332, .T. ) ;
#1672 = CIRCLE ( 'NONE', #2096, 0.1500000000000004385 ) ;
#1673 = MECHANICAL_DESIGN_GEOMETRIC_PRESENTATION_REPRESENTATION (  '', ( #728 ), #2715 ) ;
#1674 = ORIENTED_EDGE ( 'NONE', *, *, #684, .F. ) ;
#1675 = SURFACE_STYLE_FILL_AREA ( #1693 ) ;
#1676 =( NAMED_UNIT ( * ) SI_UNIT ( $, .STERADIAN. ) SOLID_ANGLE_UNIT ( ) );
#1677 = DIRECTION ( 'NONE',  ( -0.000000000000000000, 1.000000000000000000, -0.000000000000000000 ) ) ;
#1678 = DIRECTION ( 'NONE',  ( 1.000000000000000000, -0.000000000000000000, 0.000000000000000000 ) ) ;
#1679 = VERTEX_POINT ( 'NONE', #831 ) ;
#1680 = ORIENTED_EDGE ( 'NONE', *, *, #1716, .T. ) ;
#1681 = STYLED_ITEM ( 'NONE', ( #350 ), #725 ) ;
#1682 = DIRECTION ( 'NONE',  ( -1.000000000000000000, 0.000000000000000000, 0.000000000000000000 ) ) ;
#1683 = ORIENTED_EDGE ( 'NONE', *, *, #3217, .F. ) ;
#1684 = VERTEX_POINT ( 'NONE', #249 ) ;
#1685 = FILL_AREA_STYLE ('',( #2013 ) ) ;
#1686 = UNCERTAINTY_MEASURE_WITH_UNIT (LENGTH_MEASURE( 1.000000000000000082E-05 ), #1269, 'distance_accuracy_value', 'NONE');
#1687 = DIRECTION ( 'NONE',  ( 1.355252715606881036E-16, 0.000000000000000000, 1.000000000000000000 ) ) ;
#1688 = CARTESIAN_POINT ( 'NONE',  ( -1.000000000000000000, -0.02000000000000000042, 0.000000000000000000 ) ) ;
#1689 = CARTESIAN_POINT ( 'NONE',  ( -1.000000000000000000, 0.5300000000000000266, -0.2500000000000000555 ) ) ;
#1690 = VERTEX_POINT ( 'NONE', #2335 ) ;
#1691 = EDGE_CURVE ( 'NONE', #556, #2030, #1019, .T. ) ;
#1692 = EDGE_CURVE ( 'NONE', #1892, #1357, #2087, .T. ) ;
#1693 = FILL_AREA_STYLE ('',( #2984 ) ) ;
#1694 = CARTESIAN_POINT ( 'NONE',  ( -1.349999999999999867, 0.000000000000000000, 0.04999999999999991257 ) ) ;
#1695 = ORIENTED_EDGE ( 'NONE', *, *, #1297, .F. ) ;
#1696 = PRESENTATION_STYLE_ASSIGNMENT (( #692 ) ) ;
#1697 = PRODUCT_CONTEXT ( 'NONE', #2741, 'mechanical' ) ;
#1698 = COLOUR_RGB ( '',0.9686274509803921573, 0.8784313725490195957, 0.5999999999999999778 ) ;
#1699 = PRESENTATION_STYLE_ASSIGNMENT (( #883 ) ) ;
#1700 = AXIS2_PLACEMENT_3D ( 'NONE', #2346, #1581, #1795 ) ;
#1701 = ORIENTED_EDGE ( 'NONE', *, *, #2281, .T. ) ;
#1702 = UNCERTAINTY_MEASURE_WITH_UNIT (LENGTH_MEASURE( 1.000000000000000082E-05 ), #2381, 'distance_accuracy_value', 'NONE');
#1703 = VERTEX_POINT ( 'NONE', #2050 ) ;
#1704 = SURFACE_SIDE_STYLE ('',( #2515 ) ) ;
#1705 =( GEOMETRIC_REPRESENTATION_CONTEXT ( 3 ) GLOBAL_UNCERTAINTY_ASSIGNED_CONTEXT ( ( #166 ) ) GLOBAL_UNIT_ASSIGNED_CONTEXT ( ( #1342, #2372, #1088 ) ) REPRESENTATION_CONTEXT ( 'NONE', 'WORKASPACE' ) );
#1706 = SURFACE_SIDE_STYLE ('',( #1925 ) ) ;
#1707 = PRESENTATION_LAYER_ASSIGNMENT (  '', '', ( #1381 ) ) ;
#1708 = SURFACE_SIDE_STYLE ('',( #3276 ) ) ;
#1709 = FILL_AREA_STYLE ('',( #701 ) ) ;
#1710 =( GEOMETRIC_REPRESENTATION_CONTEXT ( 3 ) GLOBAL_UNCERTAINTY_ASSIGNED_CONTEXT ( ( #1935 ) ) GLOBAL_UNIT_ASSIGNED_CONTEXT ( ( #1945, #3001, #1512 ) ) REPRESENTATION_CONTEXT ( 'NONE', 'WORKASPACE' ) );
#1711 = ORIENTED_EDGE ( 'NONE', *, *, #2247, .F. ) ;
#1712 = DIRECTION ( 'NONE',  ( 0.000000000000000000, 1.000000000000000000, -0.000000000000000000 ) ) ;
#1713 = DIRECTION ( 'NONE',  ( 0.000000000000000000, 0.000000000000000000, -1.000000000000000000 ) ) ;
#1714 = SURFACE_STYLE_USAGE ( .BOTH. , #706 ) ;
#1715 = SURFACE_STYLE_USAGE ( .BOTH. , #893 ) ;
#1716 = EDGE_CURVE ( 'NONE', #3055, #2710, #11, .T. ) ;
#1717 = SURFACE_STYLE_USAGE ( .BOTH. , #710 ) ;
#1718 = ORIENTED_EDGE ( 'NONE', *, *, #611, .T. ) ;
#1719 = ADVANCED_FACE ( 'NONE', ( #2846 ), #533, .T. ) ;
#1720 = CARTESIAN_POINT ( 'NONE',  ( -1.150000000000000355, 0.5500000000000000444, 0.000000000000000000 ) ) ;
#1721 = ORIENTED_EDGE ( 'NONE', *, *, #2301, .F. ) ;
#1722 = FILL_AREA_STYLE ('',( #1407 ) ) ;
#1723 = DIRECTION ( 'NONE',  ( 1.000000000000000000, 0.000000000000000000, 0.000000000000000000 ) ) ;
#1724 = PLANE ( 'NONE',  #3031 ) ;
#1725 =( LENGTH_UNIT ( ) NAMED_UNIT ( * ) SI_UNIT ( .MILLI., .METRE. ) );
#1726 = MECHANICAL_DESIGN_GEOMETRIC_PRESENTATION_REPRESENTATION (  '', ( #3173 ), #1602 ) ;
#1727 = ORIENTED_EDGE ( 'NONE', *, *, #1593, .F. ) ;
#1728 =( NAMED_UNIT ( * ) SI_UNIT ( $, .STERADIAN. ) SOLID_ANGLE_UNIT ( ) );
#1729 = PRESENTATION_LAYER_ASSIGNMENT (  '', '', ( #3175 ) ) ;
#1730 = FILL_AREA_STYLE ('',( #687 ) ) ;
#1731 = DIRECTION ( 'NONE',  ( -0.000000000000000000, 1.000000000000000000, -0.000000000000000000 ) ) ;
#1732 = LINE ( 'NONE', #2831, #572 ) ;
#1733 = ORIENTED_EDGE ( 'NONE', *, *, #272, .F. ) ;
#1734 = LINE ( 'NONE', #969, #211 ) ;
#1735 = PRESENTATION_LAYER_ASSIGNMENT (  '', '', ( #1296 ) ) ;
#1736 = AXIS2_PLACEMENT_3D ( 'NONE', #3166, #867, #1884 ) ;
#1737 = LINE ( 'NONE', #1992, #3102 ) ;
#1738 = EDGE_CURVE ( 'NONE', #1684, #2329, #952, .T. ) ;
#1739 = ADVANCED_FACE ( 'NONE', ( #2435 ), #3011, .T. ) ;
#1740 = ORIENTED_EDGE ( 'NONE', *, *, #2007, .F. ) ;
#1741 = UNCERTAINTY_MEASURE_WITH_UNIT (LENGTH_MEASURE( 1.000000000000000082E-05 ), #388, 'distance_accuracy_value', 'NONE');
#1742 = PRESENTATION_LAYER_ASSIGNMENT (  '', '', ( #2777 ) ) ;
#1743 = DIRECTION ( 'NONE',  ( 0.000000000000000000, 0.000000000000000000, -1.000000000000000000 ) ) ;
#1744 = CARTESIAN_POINT ( 'NONE',  ( 1.200000000000000178, 0.5300000000000000266, 0.2499999999999999445 ) ) ;
#1745 = VERTEX_POINT ( 'NONE', #446 ) ;
#1746 = LINE ( 'NONE', #2292, #2946 ) ;
#1747 =( LENGTH_UNIT ( ) NAMED_UNIT ( * ) SI_UNIT ( .MILLI., .METRE. ) );
#1748 = DIRECTION ( 'NONE',  ( 0.000000000000000000, 0.000000000000000000, 1.000000000000000000 ) ) ;
#1749 = VERTEX_POINT ( 'NONE', #2693 ) ;
#1750 =( LENGTH_UNIT ( ) NAMED_UNIT ( * ) SI_UNIT ( .MILLI., .METRE. ) );
#1751 = FILL_AREA_STYLE_COLOUR ( '', #3314 ) ;
#1752 = ORIENTED_EDGE ( 'NONE', *, *, #935, .F. ) ;
#1753 = AXIS2_PLACEMENT_3D ( 'NONE', #2805, #1761, #209 ) ;
#1754 = SURFACE_STYLE_FILL_AREA ( #1685 ) ;
#1755 = EDGE_CURVE ( 'NONE', #2781, #1374, #380, .T. ) ;
#1756 =( GEOMETRIC_REPRESENTATION_CONTEXT ( 3 ) GLOBAL_UNCERTAINTY_ASSIGNED_CONTEXT ( ( #2361 ) ) GLOBAL_UNIT_ASSIGNED_CONTEXT ( ( #1985, #1127, #683 ) ) REPRESENTATION_CONTEXT ( 'NONE', 'WORKASPACE' ) );
#1757 = AXIS2_PLACEMENT_3D ( 'NONE', #2547, #2280, #768 ) ;
#1758 = ADVANCED_FACE ( 'NONE', ( #598 ), #2498, .F. ) ;
#1759 = VECTOR ( 'NONE', #2868, 1000.000000000000000 ) ;
#1760 = CARTESIAN_POINT ( 'NONE',  ( -1.349999999999999867, -0.02000000000000000042, 0.2499999999999999445 ) ) ;
#1761 = DIRECTION ( 'NONE',  ( 0.000000000000000000, 1.000000000000000000, -0.000000000000000000 ) ) ;
#1762 = CARTESIAN_POINT ( 'NONE',  ( 1.200000000000000178, 0.5300000000000000266, 0.2499999999999999445 ) ) ;
#1763 = AXIS2_PLACEMENT_3D ( 'NONE', #3119, #2633, #53 ) ;
#1764 = DIRECTION ( 'NONE',  ( 0.000000000000000000, 0.000000000000000000, 1.000000000000000000 ) ) ;
#1765 = LINE ( 'NONE', #2037, #3103 ) ;
#1766 = VERTEX_POINT ( 'NONE', #492 ) ;
#1767 = PRESENTATION_STYLE_ASSIGNMENT (( #2004 ) ) ;
#1768 = AXIS2_PLACEMENT_3D ( 'NONE', #154, #1178, #2476 ) ;
#1769 = CARTESIAN_POINT ( 'NONE',  ( 1.050000000000000044, -0.02000000000000000042, 0.2499999999999999445 ) ) ;
#1770 = ORIENTED_EDGE ( 'NONE', *, *, #3261, .T. ) ;
#1771 = EDGE_CURVE ( 'NONE', #1339, #2812, #3303, .T. ) ;
#1772 = ORIENTED_EDGE ( 'NONE', *, *, #2441, .T. ) ;
#1773 = DIRECTION ( 'NONE',  ( 0.000000000000000000, 0.000000000000000000, 1.000000000000000000 ) ) ;
#1774 = VECTOR ( 'NONE', #1802, 1000.000000000000000 ) ;
#1775 = ADVANCED_FACE ( 'NONE', ( #477 ), #2782, .T. ) ;
#1776 = CARTESIAN_POINT ( 'NONE',  ( 0.000000000000000000, -0.000000000000000000, -0.2000000000000001221 ) ) ;
#1777 = PLANE ( 'NONE',  #1061 ) ;
#1778 =( GEOMETRIC_REPRESENTATION_CONTEXT ( 3 ) GLOBAL_UNCERTAINTY_ASSIGNED_CONTEXT ( ( #335 ) ) GLOBAL_UNIT_ASSIGNED_CONTEXT ( ( #603, #2659, #347 ) ) REPRESENTATION_CONTEXT ( 'NONE', 'WORKASPACE' ) );
#1779 = CARTESIAN_POINT ( 'NONE',  ( -0.5999999999999998668, 0.000000000000000000, -0.1000000000000000194 ) ) ;
#1780 = CARTESIAN_POINT ( 'NONE',  ( 0.000000000000000000, -0.02000000000000000042, 0.2499999999999999445 ) ) ;
#1781 = PRESENTATION_LAYER_ASSIGNMENT (  '', '', ( #442 ) ) ;
#1782 = DIRECTION ( 'NONE',  ( 0.000000000000000000, 0.000000000000000000, 1.000000000000000000 ) ) ;
#1783 = VECTOR ( 'NONE', #2337, 1000.000000000000000 ) ;
#1784 = ORIENTED_EDGE ( 'NONE', *, *, #1987, .F. ) ;
#1785 = DIRECTION ( 'NONE',  ( -1.000000000000000000, 0.000000000000000000, -1.264902534566421675E-16 ) ) ;
#1786 = PRESENTATION_LAYER_ASSIGNMENT (  '', '', ( #2102 ) ) ;
#1787 = ORIENTED_EDGE ( 'NONE', *, *, #1075, .T. ) ;
#1788 = PLANE ( 'NONE',  #675 ) ;
#1789 = CARTESIAN_POINT ( 'NONE',  ( 0.5999999999999998668, 0.000000000000000000, 0.2499999999999999445 ) ) ;
#1790 = DIRECTION ( 'NONE',  ( -0.000000000000000000, 1.000000000000000000, -0.000000000000000000 ) ) ;
#1791 = EDGE_CURVE ( 'NONE', #2194, #3042, #1528, .T. ) ;
#1792 = ADVANCED_BREP_SHAPE_REPRESENTATION ( '22-23C-R6GHBHW-C01-2C', ( #1036, #3251, #849 ), #1710 ) ;
#1793 = LINE ( 'NONE', #2312, #436 ) ;
#1794 = EDGE_CURVE ( 'NONE', #158, #120, #258, .T. ) ;
#1795 = DIRECTION ( 'NONE',  ( 0.000000000000000000, -0.000000000000000000, -1.000000000000000000 ) ) ;
#1796 = LINE ( 'NONE', #2328, #2735 ) ;
#1797 = ORIENTED_EDGE ( 'NONE', *, *, #982, .F. ) ;
#1798 = CARTESIAN_POINT ( 'NONE',  ( -0.1999999999999999001, -0.02000000000000000042, -0.2500000000000000555 ) ) ;
#1799 = CARTESIAN_POINT ( 'NONE',  ( 0.1999999999999999278, -0.02000000000000000042, 0.2499999999999999445 ) ) ;
#1800 = ORIENTED_EDGE ( 'NONE', *, *, #2065, .T. ) ;
#1801 = SURFACE_STYLE_FILL_AREA ( #50 ) ;
#1802 = DIRECTION ( 'NONE',  ( 1.000000000000000000, -0.000000000000000000, 0.000000000000000000 ) ) ;
#1803 = STYLED_ITEM ( 'NONE', ( #2149 ), #2500 ) ;
#1804 =( NAMED_UNIT ( * ) SI_UNIT ( $, .STERADIAN. ) SOLID_ANGLE_UNIT ( ) );
#1805 = UNCERTAINTY_MEASURE_WITH_UNIT (LENGTH_MEASURE( 1.000000000000000082E-05 ), #1309, 'distance_accuracy_value', 'NONE');
#1806 = COLOUR_RGB ( '',0.9686274509803921573, 0.8784313725490195957, 0.5999999999999999778 ) ;
#1807 = CARTESIAN_POINT ( 'NONE',  ( -1.050000000000000044, -0.02000000000000000042, 0.2499999999999999445 ) ) ;
#1808 = SURFACE_STYLE_USAGE ( .BOTH. , #25 ) ;
#1809 = FACE_OUTER_BOUND ( 'NONE', #19, .T. ) ;
#1810 = VECTOR ( 'NONE', #2296, 1000.000000000000000 ) ;
#1811 = MECHANICAL_DESIGN_GEOMETRIC_PRESENTATION_REPRESENTATION (  '', ( #159 ), #2520 ) ;
#1812 = CARTESIAN_POINT ( 'NONE',  ( 1.100000000000000089, -0.02000000000000000042, -0.2500000000000000555 ) ) ;
#1813 = FILL_AREA_STYLE_COLOUR ( '', #1698 ) ;
#1814 = VERTEX_POINT ( 'NONE', #1799 ) ;
#1815 = EDGE_CURVE ( 'NONE', #2185, #862, #1994, .T. ) ;
#1816 = SURFACE_SIDE_STYLE ('',( #1046 ) ) ;
#1817 = PRESENTATION_STYLE_ASSIGNMENT (( #1047 ) ) ;
#1818 =( LENGTH_UNIT ( ) NAMED_UNIT ( * ) SI_UNIT ( .MILLI., .METRE. ) );
#1819 =( NAMED_UNIT ( * ) SI_UNIT ( $, .STERADIAN. ) SOLID_ANGLE_UNIT ( ) );
#1820 = STYLED_ITEM ( 'NONE', ( #1348 ), #1276 ) ;
#1821 = AXIS2_PLACEMENT_3D ( 'NONE', #1477, #2789, #993 ) ;
#1822 = SURFACE_STYLE_FILL_AREA ( #2864 ) ;
#1823 = ORIENTED_EDGE ( 'NONE', *, *, #830, .F. ) ;
#1824 = VECTOR ( 'NONE', #2562, 1000.000000000000000 ) ;
#1825 = CARTESIAN_POINT ( 'NONE',  ( -1.349999999999999867, 0.5300000000000000266, 0.04999999999999992645 ) ) ;
#1826 = EDGE_CURVE ( 'NONE', #1623, #1599, #523, .T. ) ;
#1827 = ORIENTED_EDGE ( 'NONE', *, *, #2480, .F. ) ;
#1828 = CARTESIAN_POINT ( 'NONE',  ( -0.4999999999999997780, -0.02000000000000000042, 0.1999999999999999278 ) ) ;
#1829 = LINE ( 'NONE', #2568, #865 ) ;
#1830 =( GEOMETRIC_REPRESENTATION_CONTEXT ( 3 ) GLOBAL_UNCERTAINTY_ASSIGNED_CONTEXT ( ( #920 ) ) GLOBAL_UNIT_ASSIGNED_CONTEXT ( ( #1298, #1267, #35 ) ) REPRESENTATION_CONTEXT ( 'NONE', 'WORKASPACE' ) );
#1831 = STYLED_ITEM ( 'NONE', ( #1853 ), #709 ) ;
#1832 = LINE ( 'NONE', #1807, #2470 ) ;
#1833 = SURFACE_SIDE_STYLE ('',( #2089 ) ) ;
#1834 = SURFACE_STYLE_FILL_AREA ( #3155 ) ;
#1835 = LINE ( 'NONE', #267, #3069 ) ;
#1836 = CARTESIAN_POINT ( 'NONE',  ( -1.050000000000000044, -0.02000000000000000042, 0.2499999999999999445 ) ) ;
#1837 = ORIENTED_EDGE ( 'NONE', *, *, #1899, .F. ) ;
#1838 = UNCERTAINTY_MEASURE_WITH_UNIT (LENGTH_MEASURE( 1.000000000000000082E-05 ), #868, 'distance_accuracy_value', 'NONE');
#1839 = FILL_AREA_STYLE ('',( #2605 ) ) ;
#1840 = EDGE_LOOP ( 'NONE', ( #588, #2475, #2116, #2871 ) ) ;
#1841 = ORIENTED_EDGE ( 'NONE', *, *, #292, .T. ) ;
#1842 = EDGE_CURVE ( 'NONE', #2110, #610, #271, .T. ) ;
#1843 = DIRECTION ( 'NONE',  ( 1.000000000000000000, 0.000000000000000000, 1.465055598793117192E-17 ) ) ;
#1844 = FILL_AREA_STYLE ('',( #1331 ) ) ;
#1845 = STYLED_ITEM ( 'NONE', ( #3162 ), #2204 ) ;
#1846 = DIRECTION ( 'NONE',  ( -0.000000000000000000, 1.000000000000000000, -0.000000000000000000 ) ) ;
#1847 = AXIS2_PLACEMENT_3D ( 'NONE', #2394, #1687, #1110 ) ;
#1848 = DIRECTION ( 'NONE',  ( 2.168404344971009657E-15, 0.000000000000000000, -1.000000000000000000 ) ) ;
#1849 = MECHANICAL_DESIGN_GEOMETRIC_PRESENTATION_REPRESENTATION (  '', ( #2459 ), #3313 ) ;
#1850 = SURFACE_STYLE_USAGE ( .BOTH. , #2948 ) ;
#1851 = AXIS2_PLACEMENT_3D ( 'NONE', #1641, #2527, #1260 ) ;
#1852 = STYLED_ITEM ( 'NONE', ( #3214 ), #2833 ) ;
#1853 = PRESENTATION_STYLE_ASSIGNMENT (( #1618 ) ) ;
#1854 =( LENGTH_UNIT ( ) NAMED_UNIT ( * ) SI_UNIT ( .MILLI., .METRE. ) );
#1855 = VERTEX_POINT ( 'NONE', #2382 ) ;
#1856 =( GEOMETRIC_REPRESENTATION_CONTEXT ( 3 ) GLOBAL_UNCERTAINTY_ASSIGNED_CONTEXT ( ( #200 ) ) GLOBAL_UNIT_ASSIGNED_CONTEXT ( ( #582, #2909, #1868 ) ) REPRESENTATION_CONTEXT ( 'NONE', 'WORKASPACE' ) );
#1857 = ORIENTED_EDGE ( 'NONE', *, *, #3192, .F. ) ;
#1858 = SURFACE_SIDE_STYLE ('',( #2059 ) ) ;
#1859 = FILL_AREA_STYLE ('',( #840 ) ) ;
#1860 = FILL_AREA_STYLE ('',( #1077 ) ) ;
#1861 = LINE ( 'NONE', #2374, #1319 ) ;
#1862 = EDGE_LOOP ( 'NONE', ( #2468, #1827, #2446, #880, #2961, #2072, #2991, #716, #410, #3132, #2041, #1601, #1308, #1292, #421, #2896, #2752, #1989, #3272, #2746, #391, #1225, #3161, #894, #80, #1823, #2788, #231, #696, #288, #2451, #2461 ) ) ;
#1863 = CARTESIAN_POINT ( 'NONE',  ( 1.249999999999999778, -0.02000000000000000042, -0.2500000000000000555 ) ) ;
#1864 =( NAMED_UNIT ( * ) PLANE_ANGLE_UNIT ( ) SI_UNIT ( $, .RADIAN. ) );
#1865 = EDGE_CURVE ( 'NONE', #1142, #1140, #78, .T. ) ;
#1866 =( NAMED_UNIT ( * ) SI_UNIT ( $, .STERADIAN. ) SOLID_ANGLE_UNIT ( ) );
#1867 = SURFACE_SIDE_STYLE ('',( #3170 ) ) ;
#1868 =( NAMED_UNIT ( * ) SI_UNIT ( $, .STERADIAN. ) SOLID_ANGLE_UNIT ( ) );
#1869 = ORIENTED_EDGE ( 'NONE', *, *, #203, .T. ) ;
#1870 = EDGE_CURVE ( 'NONE', #1359, #2807, #2069, .T. ) ;
#1871 =( NAMED_UNIT ( * ) SI_UNIT ( $, .STERADIAN. ) SOLID_ANGLE_UNIT ( ) );
#1872 = CARTESIAN_POINT ( 'NONE',  ( -0.1999999999999999001, 0.000000000000000000, 0.2499999999999999445 ) ) ;
#1873 = SURFACE_SIDE_STYLE ('',( #859 ) ) ;
#1874 = EDGE_LOOP ( 'NONE', ( #1877, #1582, #60, #731 ) ) ;
#1875 = AXIS2_PLACEMENT_3D ( 'NONE', #378, #361, #129 ) ;
#1876 =( NAMED_UNIT ( * ) SI_UNIT ( $, .STERADIAN. ) SOLID_ANGLE_UNIT ( ) );
#1877 = ORIENTED_EDGE ( 'NONE', *, *, #2542, .F. ) ;
#1878 = DIRECTION ( 'NONE',  ( 0.000000000000000000, 0.000000000000000000, 1.000000000000000000 ) ) ;
#1879 = UNCERTAINTY_MEASURE_WITH_UNIT (LENGTH_MEASURE( 1.000000000000000082E-05 ), #1145, 'distance_accuracy_value', 'NONE');
#1880 = PLANE ( 'NONE',  #3054 ) ;
#1881 = VECTOR ( 'NONE', #2839, 1000.000000000000000 ) ;
#1882 = ORIENTED_EDGE ( 'NONE', *, *, #1573, .F. ) ;
#1883 = CARTESIAN_POINT ( 'NONE',  ( -0.5999999999999998668, -0.02000000000000000042, -0.1000000000000000194 ) ) ;
#1884 = DIRECTION ( 'NONE',  ( 0.000000000000000000, 0.000000000000000000, 1.000000000000000000 ) ) ;
#1885 = CARTESIAN_POINT ( 'NONE',  ( 1.061921708185053381, 0.3318505338078293065, -0.5500000000000001554 ) ) ;
#1886 = UNCERTAINTY_MEASURE_WITH_UNIT (LENGTH_MEASURE( 1.000000000000000082E-05 ), #729, 'distance_accuracy_value', 'NONE');
#1887 = VECTOR ( 'NONE', #1906, 1000.000000000000000 ) ;
#1888 =( NAMED_UNIT ( * ) PLANE_ANGLE_UNIT ( ) SI_UNIT ( $, .RADIAN. ) );
#1889 =( LENGTH_UNIT ( ) NAMED_UNIT ( * ) SI_UNIT ( .MILLI., .METRE. ) );
#1890 = CARTESIAN_POINT ( 'NONE',  ( 1.050000000000000266, 0.5500000000000000444, 0.000000000000000000 ) ) ;
#1891 = MECHANICAL_DESIGN_GEOMETRIC_PRESENTATION_REPRESENTATION (  '', ( #3129 ), #1830 ) ;
#1892 = VERTEX_POINT ( 'NONE', #1872 ) ;
#1893 = COLOUR_RGB ( '',0.9686274509803921573, 0.8784313725490195957, 0.5999999999999999778 ) ;
#1894 = CARTESIAN_POINT ( 'NONE',  ( -1.061921708185053603, 0.3318505338078291400, -0.5500000000000001554 ) ) ;
#1895 = PRESENTATION_STYLE_ASSIGNMENT (( #326 ) ) ;
#1896 = PRESENTATION_STYLE_ASSIGNMENT (( #2720 ) ) ;
#1897 = DIRECTION ( 'NONE',  ( -1.000000000000000000, 0.000000000000000000, -0.000000000000000000 ) ) ;
#1898 = EDGE_CURVE ( 'NONE', #1359, #950, #517, .T. ) ;
#1899 = EDGE_CURVE ( 'NONE', #396, #543, #1391, .T. ) ;
#1900 = ORIENTED_EDGE ( 'NONE', *, *, #2784, .F. ) ;
#1901 = FILL_AREA_STYLE ('',( #2407 ) ) ;
#1902 = ORIENTED_EDGE ( 'NONE', *, *, #516, .T. ) ;
#1903 = DIRECTION ( 'NONE',  ( -0.000000000000000000, -1.000000000000000000, -0.000000000000000000 ) ) ;
#1904 = ORIENTED_EDGE ( 'NONE', *, *, #2281, .F. ) ;
#1905 = DIRECTION ( 'NONE',  ( -1.000000000000000000, -0.000000000000000000, -0.000000000000000000 ) ) ;
#1906 = DIRECTION ( 'NONE',  ( 1.084202172485504434E-16, 0.000000000000000000, -1.000000000000000000 ) ) ;
#1907 = DIRECTION ( 'NONE',  ( 1.000000000000000000, 0.000000000000000000, -1.355252715606881282E-16 ) ) ;
#1908 = PRESENTATION_STYLE_ASSIGNMENT (( #1135 ) ) ;
#1909 = CARTESIAN_POINT ( 'NONE',  ( 1.175000000000000044, -0.02000000000000000042, -0.2812499999999998890 ) ) ;
#1910 = CARTESIAN_POINT ( 'NONE',  ( -1.050000000000000044, 0.000000000000000000, 0.04999999999999995420 ) ) ;
#1911 = AXIS2_PLACEMENT_3D ( 'NONE', #1277, #2836, #3 ) ;
#1912 = ORIENTED_EDGE ( 'NONE', *, *, #1280, .T. ) ;
#1913 = EDGE_CURVE ( 'NONE', #2965, #2630, #2698, .T. ) ;
#1914 =( LENGTH_UNIT ( ) NAMED_UNIT ( * ) SI_UNIT ( .MILLI., .METRE. ) );
#1915 = EDGE_LOOP ( 'NONE', ( #1015, #2109, #1204, #3086 ) ) ;
#1916 = VECTOR ( 'NONE', #3008, 1000.000000000000000 ) ;
#1917 = CARTESIAN_POINT ( 'NONE',  ( -1.349999999999999867, 0.5500000000000000444, 0.000000000000000000 ) ) ;
#1918 = ORIENTED_EDGE ( 'NONE', *, *, #3130, .F. ) ;
#1919 = ORIENTED_EDGE ( 'NONE', *, *, #1299, .F. ) ;
#1920 = VECTOR ( 'NONE', #746, 1000.000000000000000 ) ;
#1921 = VECTOR ( 'NONE', #2590, 1000.000000000000000 ) ;
#1922 = CARTESIAN_POINT ( 'NONE',  ( 0.000000000000000000, 0.000000000000000000, 0.000000000000000000 ) ) ;
#1923 = PRESENTATION_LAYER_ASSIGNMENT (  '', '', ( #755 ) ) ;
#1924 = UNCERTAINTY_MEASURE_WITH_UNIT (LENGTH_MEASURE( 1.000000000000000082E-05 ), #1050, 'distance_accuracy_value', 'NONE');
#1925 = SURFACE_STYLE_FILL_AREA ( #2139 ) ;
#1926 = CARTESIAN_POINT ( 'NONE',  ( 0.2999999999999993783, -0.02000000000000000042, -6.505213034913013785E-16 ) ) ;
#1927 = FACE_OUTER_BOUND ( 'NONE', #1542, .T. ) ;
#1928 = ORIENTED_EDGE ( 'NONE', *, *, #3070, .T. ) ;
#1929 = LINE ( 'NONE', #2443, #2891 ) ;
#1930 = LINE ( 'NONE', #668, #3120 ) ;
#1931 = ORIENTED_EDGE ( 'NONE', *, *, #1111, .T. ) ;
#1932 = DIRECTION ( 'NONE',  ( -0.000000000000000000, -1.000000000000000000, 0.000000000000000000 ) ) ;
#1933 = VECTOR ( 'NONE', #3088, 1000.000000000000000 ) ;
#1934 = VERTEX_POINT ( 'NONE', #2929 ) ;
#1935 = UNCERTAINTY_MEASURE_WITH_UNIT (LENGTH_MEASURE( 1.000000000000000082E-05 ), #1945, 'distance_accuracy_value', 'NONE');
#1936 = UNCERTAINTY_MEASURE_WITH_UNIT (LENGTH_MEASURE( 1.000000000000000082E-05 ), #1497, 'distance_accuracy_value', 'NONE');
#1937 = VERTEX_POINT ( 'NONE', #117 ) ;
#1938 = ADVANCED_FACE ( 'NONE', ( #1137 ), #2985, .T. ) ;
#1939 = EDGE_CURVE ( 'NONE', #593, #1961, #3190, .T. ) ;
#1940 = CARTESIAN_POINT ( 'NONE',  ( -1.349999999999999867, 0.5300000000000000266, -0.2500000000000000555 ) ) ;
#1941 = DIRECTION ( 'NONE',  ( 0.000000000000000000, -1.000000000000000000, 0.000000000000000000 ) ) ;
#1942 = FILL_AREA_STYLE ('',( #112 ) ) ;
#1943 = PRESENTATION_LAYER_ASSIGNMENT (  '', '', ( #728 ) ) ;
#1944 = VERTEX_POINT ( 'NONE', #892 ) ;
#1945 =( LENGTH_UNIT ( ) NAMED_UNIT ( * ) SI_UNIT ( .MILLI., .METRE. ) );
#1946 = PRESENTATION_LAYER_ASSIGNMENT (  '', '', ( #3129 ) ) ;
#1947 = PLANE ( 'NONE',  #3080 ) ;
#1948 = SURFACE_SIDE_STYLE ('',( #369 ) ) ;
#1949 = VERTEX_POINT ( 'NONE', #2444 ) ;
#1950 = VECTOR ( 'NONE', #1678, 1000.000000000000000 ) ;
#1951 = FILL_AREA_STYLE ('',( #671 ) ) ;
#1952 = ORIENTED_EDGE ( 'NONE', *, *, #1089, .T. ) ;
#1953 = VECTOR ( 'NONE', #747, 1000.000000000000000 ) ;
#1954 = SURFACE_STYLE_FILL_AREA ( #3235 ) ;
#1955 = ORIENTED_EDGE ( 'NONE', *, *, #1031, .F. ) ;
#1956 = EDGE_LOOP ( 'NONE', ( #2974, #3142, #207, #1882 ) ) ;
#1957 = EDGE_CURVE ( 'NONE', #1499, #1703, #349, .T. ) ;
#1958 = FACE_OUTER_BOUND ( 'NONE', #3071, .T. ) ;
#1959 = CARTESIAN_POINT ( 'NONE',  ( 0.1999999999999999001, 0.000000000000000000, -0.2500000000000000555 ) ) ;
#1960 = DIRECTION ( 'NONE',  ( 1.355252715606881282E-16, 0.000000000000000000, 1.000000000000000000 ) ) ;
#1961 = VERTEX_POINT ( 'NONE', #1694 ) ;
#1962 = CARTESIAN_POINT ( 'NONE',  ( 1.350000000000000311, 0.5500000000000000444, 0.000000000000000000 ) ) ;
#1963 =( NAMED_UNIT ( * ) PLANE_ANGLE_UNIT ( ) SI_UNIT ( $, .RADIAN. ) );
#1964 = FILL_AREA_STYLE ('',( #3249 ) ) ;
#1965 = DIRECTION ( 'NONE',  ( -0.000000000000000000, 1.000000000000000000, -0.000000000000000000 ) ) ;
#1966 = CARTESIAN_POINT ( 'NONE',  ( -1.050000000000000266, 0.5300000000000000266, -0.2500000000000000555 ) ) ;
#1967 = STYLED_ITEM ( 'NONE', ( #1543 ), #2165 ) ;
#1968 = ORIENTED_EDGE ( 'NONE', *, *, #758, .F. ) ;
#1969 = CARTESIAN_POINT ( 'NONE',  ( -6.439163722665173490E-35, -0.02000000000000000042, 4.395166796379349727E-18 ) ) ;
#1970 = STYLED_ITEM ( 'NONE', ( #338 ), #2561 ) ;
#1971 = UNCERTAINTY_MEASURE_WITH_UNIT (LENGTH_MEASURE( 1.000000000000000082E-05 ), #981, 'distance_accuracy_value', 'NONE');
#1972 = LINE ( 'NONE', #2495, #1916 ) ;
#1973 =( GEOMETRIC_REPRESENTATION_CONTEXT ( 3 ) GLOBAL_UNCERTAINTY_ASSIGNED_CONTEXT ( ( #1879 ) ) GLOBAL_UNIT_ASSIGNED_CONTEXT ( ( #1145, #2744, #2411 ) ) REPRESENTATION_CONTEXT ( 'NONE', 'WORKASPACE' ) );
#1974 = ORIENTED_EDGE ( 'NONE', *, *, #2916, .F. ) ;
#1975 =( NAMED_UNIT ( * ) SI_UNIT ( $, .STERADIAN. ) SOLID_ANGLE_UNIT ( ) );
#1976 = VERTEX_POINT ( 'NONE', #2951 ) ;
#1977 = DIRECTION ( 'NONE',  ( 0.000000000000000000, 0.000000000000000000, 1.000000000000000000 ) ) ;
#1978 = PRESENTATION_LAYER_ASSIGNMENT (  '', '', ( #1013 ) ) ;
#1979 = COLOUR_RGB ( '',0.9686274509803921573, 0.8784313725490195957, 0.5999999999999999778 ) ;
#1980 = DIRECTION ( 'NONE',  ( 0.000000000000000000, 0.000000000000000000, -1.000000000000000000 ) ) ;
#1981 = DIRECTION ( 'NONE',  ( -0.000000000000000000, 1.000000000000000000, -0.000000000000000000 ) ) ;
#1982 = VERTEX_POINT ( 'NONE', #649 ) ;
#1983 = CARTESIAN_POINT ( 'NONE',  ( -0.1999999999999999001, -0.02000000000000000042, -0.2500000000000000555 ) ) ;
#1984 = LINE ( 'NONE', #1762, #416 ) ;
#1985 =( LENGTH_UNIT ( ) NAMED_UNIT ( * ) SI_UNIT ( .MILLI., .METRE. ) );
#1986 = LINE ( 'NONE', #252, #3179 ) ;
#1987 = EDGE_CURVE ( 'NONE', #2218, #2710, #134, .T. ) ;
#1988 =( NAMED_UNIT ( * ) SI_UNIT ( $, .STERADIAN. ) SOLID_ANGLE_UNIT ( ) );
#1989 = ORIENTED_EDGE ( 'NONE', *, *, #1540, .F. ) ;
#1990 = DIRECTION ( 'NONE',  ( -0.000000000000000000, 1.000000000000000000, -0.000000000000000000 ) ) ;
#1991 = ORIENTED_EDGE ( 'NONE', *, *, #42, .T. ) ;
#1992 = CARTESIAN_POINT ( 'NONE',  ( -0.2999999999999998779, -0.02000000000000000042, 0.000000000000000000 ) ) ;
#1993 = EDGE_LOOP ( 'NONE', ( #1772, #3146, #2931, #959 ) ) ;
#1994 = LINE ( 'NONE', #460, #1881 ) ;
#1995 = CARTESIAN_POINT ( 'NONE',  ( 1.050000000000000266, 0.5500000000000000444, 0.000000000000000000 ) ) ;
#1996 = CARTESIAN_POINT ( 'NONE',  ( -1.050000000000000044, 0.000000000000000000, 0.2499999999999999445 ) ) ;
#1997 = ORIENTED_EDGE ( 'NONE', *, *, #224, .F. ) ;
#1998 = VECTOR ( 'NONE', #1677, 1000.000000000000000 ) ;
#1999 = DIRECTION ( 'NONE',  ( -1.000000000000000000, 0.000000000000000000, -0.000000000000000000 ) ) ;
#2000 = CARTESIAN_POINT ( 'NONE',  ( -0.2999999999999998779, -0.02000000000000000042, 0.000000000000000000 ) ) ;
#2001 = DIRECTION ( 'NONE',  ( -2.168404344971009262E-15, 0.000000000000000000, -1.000000000000000000 ) ) ;
#2002 = LINE ( 'NONE', #1, #2131 ) ;
#2003 = EDGE_LOOP ( 'NONE', ( #809, #624, #2081, #30, #45, #223, #2211, #2496, #2202, #1086, #2917, #1928, #353, #919, #1310, #1328, #1187, #680, #589, #101, #1797 ) ) ;
#2004 = SURFACE_STYLE_USAGE ( .BOTH. , #2234 ) ;
#2005 = VECTOR ( 'NONE', #1773, 1000.000000000000000 ) ;
#2006 = CARTESIAN_POINT ( 'NONE',  ( 0.000000000000000000, 0.000000000000000000, 0.000000000000000000 ) ) ;
#2007 = EDGE_CURVE ( 'NONE', #331, #629, #1930, .T. ) ;
#2008 = LINE ( 'NONE', #2820, #2841 ) ;
#2009 = VERTEX_POINT ( 'NONE', #2193 ) ;
#2010 = EDGE_CURVE ( 'NONE', #430, #2965, #2736, .T. ) ;
#2011 = AXIS2_PLACEMENT_3D ( 'NONE', #1995, #1723, #234 ) ;
#2012 = EDGE_CURVE ( 'NONE', #3222, #1531, #1369, .T. ) ;
#2013 = FILL_AREA_STYLE_COLOUR ( '', #2866 ) ;
#2014 = DIRECTION ( 'NONE',  ( 0.000000000000000000, 0.000000000000000000, 1.000000000000000000 ) ) ;
#2015 = LINE ( 'NONE', #1776, #489 ) ;
#2016 = FACE_OUTER_BOUND ( 'NONE', #656, .T. ) ;
#2017 = CARTESIAN_POINT ( 'NONE',  ( 0.000000000000000000, 0.000000000000000000, 0.000000000000000000 ) ) ;
#2018 = SURFACE_STYLE_FILL_AREA ( #764 ) ;
#2019 = ORIENTED_EDGE ( 'NONE', *, *, #1899, .T. ) ;
#2020 =( NAMED_UNIT ( * ) PLANE_ANGLE_UNIT ( ) SI_UNIT ( $, .RADIAN. ) );
#2021 = SURFACE_STYLE_USAGE ( .BOTH. , #2278 ) ;
#2022 = PRESENTATION_LAYER_ASSIGNMENT (  '', '', ( #2558 ) ) ;
#2023 = EDGE_CURVE ( 'NONE', #1232, #593, #174, .T. ) ;
#2024 = ORIENTED_EDGE ( 'NONE', *, *, #3281, .F. ) ;
#2025 = VECTOR ( 'NONE', #2350, 1000.000000000000000 ) ;
#2026 = SURFACE_STYLE_USAGE ( .BOTH. , #3320 ) ;
#2027 = VECTOR ( 'NONE', #1275, 1000.000000000000000 ) ;
#2028 = ADVANCED_FACE ( 'NONE', ( #2913 ), #2897, .T. ) ;
#2029 = EDGE_CURVE ( 'NONE', #1679, #1176, #2918, .T. ) ;
#2030 = VERTEX_POINT ( 'NONE', #352 ) ;
#2031 = MECHANICAL_DESIGN_GEOMETRIC_PRESENTATION_REPRESENTATION (  '', ( #1579 ), #1442 ) ;
#2032 = COLOUR_RGB ( '',0.9686274509803921573, 0.8784313725490195957, 0.5999999999999999778 ) ;
#2033 = PRESENTATION_STYLE_ASSIGNMENT (( #974 ) ) ;
#2034 = AXIS2_PLACEMENT_3D ( 'NONE', #253, #1246, #1748 ) ;
#2035 = VECTOR ( 'NONE', #1591, 1000.000000000000000 ) ;
#2036 = CARTESIAN_POINT ( 'NONE',  ( -0.2999999999999998224, 0.000000000000000000, 0.1999999999999999556 ) ) ;
#2037 = CARTESIAN_POINT ( 'NONE',  ( 0.1999999999999999001, -0.02000000000000000042, -2.168404344971007635E-17 ) ) ;
#2038 = VECTOR ( 'NONE', #852, 1000.000000000000000 ) ;
#2039 = MECHANICAL_DESIGN_GEOMETRIC_PRESENTATION_REPRESENTATION (  '', ( #2803 ), #1062 ) ;
#2040 = CARTESIAN_POINT ( 'NONE',  ( -1.000000000000000000, 0.000000000000000000, -0.2000000000000001221 ) ) ;
#2041 = ORIENTED_EDGE ( 'NONE', *, *, #803, .T. ) ;
#2042 = DIRECTION ( 'NONE',  ( 0.000000000000000000, 1.000000000000000000, 0.000000000000000000 ) ) ;
#2043 = PLANE ( 'NONE',  #3318 ) ;
#2044 = ORIENTED_EDGE ( 'NONE', *, *, #89, .F. ) ;
#2045 = EDGE_CURVE ( 'NONE', #113, #2910, #1672, .T. ) ;
#2046 = FILL_AREA_STYLE_COLOUR ( '', #1560 ) ;
#2047 =( LENGTH_UNIT ( ) NAMED_UNIT ( * ) SI_UNIT ( .MILLI., .METRE. ) );
#2048 = AXIS2_PLACEMENT_3D ( 'NONE', #289, #2332, #545 ) ;
#2049 = UNCERTAINTY_MEASURE_WITH_UNIT (LENGTH_MEASURE( 1.000000000000000082E-05 ), #2941, 'distance_accuracy_value', 'NONE');
#2050 = CARTESIAN_POINT ( 'NONE',  ( -1.150000000000000355, 0.5300000000000000266, 0.2499999999999999445 ) ) ;
#2051 = SURFACE_STYLE_FILL_AREA ( #2379 ) ;
#2052 = COLOUR_RGB ( '',0.000000000000000000, 0.5019607843137254832, 0.000000000000000000 ) ;
#2053 = CARTESIAN_POINT ( 'NONE',  ( -0.2999999999999999334, -0.02000000000000000042, 0.2499999999999999445 ) ) ;
#2054 = CARTESIAN_POINT ( 'NONE',  ( -1.000000000000000000, 0.000000000000000000, -0.2500000000000000555 ) ) ;
#2055 = PRESENTATION_LAYER_ASSIGNMENT (  '', '', ( #2093 ) ) ;
#2056 = DIRECTION ( 'NONE',  ( 2.168404344971008079E-15, 0.000000000000000000, -1.000000000000000000 ) ) ;
#2057 = DIRECTION ( 'NONE',  ( -1.000000000000000000, 0.000000000000000000, 1.355252715606881529E-16 ) ) ;
#2058 = EDGE_LOOP ( 'NONE', ( #977, #374, #1482, #2389 ) ) ;
#2059 = SURFACE_STYLE_FILL_AREA ( #1073 ) ;
#2060 = CARTESIAN_POINT ( 'NONE',  ( 0.000000000000000000, 0.000000000000000000, 0.2499999999999999445 ) ) ;
#2061 = MECHANICAL_DESIGN_GEOMETRIC_PRESENTATION_REPRESENTATION (  '', ( #448 ), #2438 ) ;
#2062 = VECTOR ( 'NONE', #2579, 1000.000000000000000 ) ;
#2063 = DIRECTION ( 'NONE',  ( 1.000000000000000000, 0.000000000000000000, 1.355252715606881529E-16 ) ) ;
#2064 = CARTESIAN_POINT ( 'NONE',  ( 1.350000000000000311, 0.000000000000000000, 0.000000000000000000 ) ) ;
#2065 = EDGE_CURVE ( 'NONE', #2009, #2405, #2424, .T. ) ;
#2066 = DIRECTION ( 'NONE',  ( 1.000000000000000000, -0.000000000000000000, 0.000000000000000000 ) ) ;
#2067 = FACE_OUTER_BOUND ( 'NONE', #79, .T. ) ;
#2068 = FILL_AREA_STYLE ('',( #2310 ) ) ;
#2069 = LINE ( 'NONE', #2127, #2537 ) ;
#2070 = CARTESIAN_POINT ( 'NONE',  ( 0.2999999999999998779, -0.02000000000000000042, 0.2499999999999999445 ) ) ;
#2071 = ORIENTED_EDGE ( 'NONE', *, *, #1069, .F. ) ;
#2072 = ORIENTED_EDGE ( 'NONE', *, *, #3172, .F. ) ;
#2073 = CARTESIAN_POINT ( 'NONE',  ( -0.7500000000000001110, 1.330000000000000071, -0.5500000000000001554 ) ) ;
#2074 = COLOUR_RGB ( '',1.000000000000000000, 1.000000000000000000, 1.000000000000000000 ) ;
#2075 = VECTOR ( 'NONE', #1638, 1000.000000000000000 ) ;
#2076 = SURFACE_SIDE_STYLE ('',( #1574 ) ) ;
#2077 =( NAMED_UNIT ( * ) PLANE_ANGLE_UNIT ( ) SI_UNIT ( $, .RADIAN. ) );
#2078 = CARTESIAN_POINT ( 'NONE',  ( 0.000000000000000000, -0.02000000000000000042, 0.2499999999999999445 ) ) ;
#2079 = AXIS2_PLACEMENT_3D ( 'NONE', #172, #3186, #367 ) ;
#2080 = ADVANCED_FACE ( 'NONE', ( #1338 ), #2368, .F. ) ;
#2081 = ORIENTED_EDGE ( 'NONE', *, *, #3281, .T. ) ;
#2082 = CARTESIAN_POINT ( 'NONE',  ( 0.7999999999999999334, 0.000000000000000000, 0.000000000000000000 ) ) ;
#2083 = CARTESIAN_POINT ( 'NONE',  ( 0.000000000000000000, 0.000000000000000000, 0.000000000000000000 ) ) ;
#2084 = ORIENTED_EDGE ( 'NONE', *, *, #1487, .F. ) ;
#2085 = LINE ( 'NONE', #2824, #551 ) ;
#2086 = CARTESIAN_POINT ( 'NONE',  ( 0.000000000000000000, 0.000000000000000000, -0.2500000000000000555 ) ) ;
#2087 = LINE ( 'NONE', #1066, #2638 ) ;
#2088 = DIRECTION ( 'NONE',  ( -0.000000000000000000, 1.000000000000000000, -0.000000000000000000 ) ) ;
#2089 = SURFACE_STYLE_FILL_AREA ( #74 ) ;
#2090 = STYLED_ITEM ( 'NONE', ( #3277 ), #1209 ) ;
#2091 = LINE ( 'NONE', #1286, #1600 ) ;
#2092 =( GEOMETRIC_REPRESENTATION_CONTEXT ( 3 ) GLOBAL_UNCERTAINTY_ASSIGNED_CONTEXT ( ( #2111 ) ) GLOBAL_UNIT_ASSIGNED_CONTEXT ( ( #1282, #2858, #3090 ) ) REPRESENTATION_CONTEXT ( 'NONE', 'WORKASPACE' ) );
#2093 = STYLED_ITEM ( 'NONE', ( #1609 ), #1758 ) ;
#2094 = ADVANCED_FACE ( 'NONE', ( #1215 ), #2779, .F. ) ;
#2095 = ORIENTED_EDGE ( 'NONE', *, *, #481, .F. ) ;
#2096 = AXIS2_PLACEMENT_3D ( 'NONE', #1373, #1932, #1161 ) ;
#2097 = CARTESIAN_POINT ( 'NONE',  ( 0.000000000000000000, -0.02000000000000000042, -0.2000000000000001221 ) ) ;
#2098 = EDGE_LOOP ( 'NONE', ( #1254, #2270, #3236, #465 ) ) ;
#2099 = ORIENTED_EDGE ( 'NONE', *, *, #132, .T. ) ;
#2100 = CARTESIAN_POINT ( 'NONE',  ( -1.175000000000000044, -0.02000000000000000042, -0.2812499999999998890 ) ) ;
#2101 = CARTESIAN_POINT ( 'NONE',  ( -6.439163722665173490E-35, -0.02000000000000000042, 4.395166796379349727E-18 ) ) ;
#2102 = STYLED_ITEM ( 'NONE', ( #2216 ), #825 ) ;
#2103 = PRESENTATION_STYLE_ASSIGNMENT (( #2815 ) ) ;
#2104 = STYLED_ITEM ( 'NONE', ( #2231 ), #917 ) ;
#2105 = ORIENTED_EDGE ( 'NONE', *, *, #738, .F. ) ;
#2106 = DIRECTION ( 'NONE',  ( -0.000000000000000000, 1.000000000000000000, -0.000000000000000000 ) ) ;
#2107 = FILL_AREA_STYLE_COLOUR ( '', #1039 ) ;
#2108 = CARTESIAN_POINT ( 'NONE',  ( 0.000000000000000000, 0.000000000000000000, 0.2499999999999999445 ) ) ;
#2109 = ORIENTED_EDGE ( 'NONE', *, *, #876, .F. ) ;
#2110 = VERTEX_POINT ( 'NONE', #1613 ) ;
#2111 = UNCERTAINTY_MEASURE_WITH_UNIT (LENGTH_MEASURE( 1.000000000000000082E-05 ), #1282, 'distance_accuracy_value', 'NONE');
#2112 = EDGE_CURVE ( 'NONE', #3285, #704, #1389, .T. ) ;
#2113 = SURFACE_STYLE_USAGE ( .BOTH. , #2426 ) ;
#2114 = DIRECTION ( 'NONE',  ( 0.000000000000000000, 0.000000000000000000, 1.000000000000000000 ) ) ;
#2115 = DIRECTION ( 'NONE',  ( 0.000000000000000000, 0.000000000000000000, 1.000000000000000000 ) ) ;
#2116 = ORIENTED_EDGE ( 'NONE', *, *, #1870, .F. ) ;
#2117 = VERTEX_POINT ( 'NONE', #2418 ) ;
#2118 = CARTESIAN_POINT ( 'NONE',  ( -1.050000000000000044, -0.02000000000000000042, 0.04999999999999995420 ) ) ;
#2119 = ADVANCED_FACE ( 'NONE', ( #2876 ), #874, .T. ) ;
#2120 = PRESENTATION_LAYER_ASSIGNMENT (  '', '', ( #3052 ) ) ;
#2121 = CARTESIAN_POINT ( 'NONE',  ( -0.1999999999999999001, -0.02000000000000000042, -2.168404344971007635E-17 ) ) ;
#2122 = CARTESIAN_POINT ( 'NONE',  ( 2.710505431213761085E-17, 0.000000000000000000, 0.1999999999999999833 ) ) ;
#2123 = VECTOR ( 'NONE', #59, 1000.000000000000000 ) ;
#2124 = ORIENTED_EDGE ( 'NONE', *, *, #1671, .T. ) ;
#2125 = UNCERTAINTY_MEASURE_WITH_UNIT (LENGTH_MEASURE( 1.000000000000000082E-05 ), #824, 'distance_accuracy_value', 'NONE');
#2126 = CARTESIAN_POINT ( 'NONE',  ( -1.050000000000000266, 0.5500000000000000444, -0.2500000000000000555 ) ) ;
#2127 = CARTESIAN_POINT ( 'NONE',  ( -2.710505431213761085E-17, -0.02000000000000000042, 0.1999999999999999833 ) ) ;
#2128 = STYLED_ITEM ( 'NONE', ( #1696 ), #2832 ) ;
#2129 = FACE_OUTER_BOUND ( 'NONE', #942, .T. ) ;
#2130 = EDGE_LOOP ( 'NONE', ( #219, #1683, #1044, #856 ) ) ;
#2131 = VECTOR ( 'NONE', #1041, 1000.000000000000000 ) ;
#2132 =( LENGTH_UNIT ( ) NAMED_UNIT ( * ) SI_UNIT ( .MILLI., .METRE. ) );
#2133 = ORIENTED_EDGE ( 'NONE', *, *, #1865, .T. ) ;
#2134 = MECHANICAL_DESIGN_GEOMETRIC_PRESENTATION_REPRESENTATION (  '', ( #260 ), #968 ) ;
#2135 = FACE_OUTER_BOUND ( 'NONE', #3226, .T. ) ;
#2136 = COLOUR_RGB ( '',0.9686274509803921573, 0.8784313725490195957, 0.5999999999999999778 ) ;
#2137 = ORIENTED_EDGE ( 'NONE', *, *, #3130, .T. ) ;
#2138 = CARTESIAN_POINT ( 'NONE',  ( 1.061921708185053381, 0.3318505338078293065, 0.2499999999999999445 ) ) ;
#2139 = FILL_AREA_STYLE ('',( #2731 ) ) ;
#2140 = EDGE_CURVE ( 'NONE', #3253, #810, #784, .T. ) ;
#2141 = LINE ( 'NONE', #1648, #2038 ) ;
#2142 = DIRECTION ( 'NONE',  ( 0.000000000000000000, 0.000000000000000000, -1.000000000000000000 ) ) ;
#2143 = CARTESIAN_POINT ( 'NONE',  ( -0.7999999999999999334, -0.02000000000000000042, -0.2500000000000000555 ) ) ;
#2144 = DIRECTION ( 'NONE',  ( 1.000000000000000000, 0.000000000000000000, -1.264902534566421675E-16 ) ) ;
#2145 = ORIENTED_EDGE ( 'NONE', *, *, #3258, .T. ) ;
#2146 = COLOUR_RGB ( '',1.000000000000000000, 1.000000000000000000, 1.000000000000000000 ) ;
#2147 = VERTEX_POINT ( 'NONE', #506 ) ;
#2148 = VECTOR ( 'NONE', #3000, 1000.000000000000000 ) ;
#2149 = PRESENTATION_STYLE_ASSIGNMENT (( #336 ) ) ;
#2150 = DIRECTION ( 'NONE',  ( 0.000000000000000000, 0.000000000000000000, 1.000000000000000000 ) ) ;
#2151 = ORIENTED_EDGE ( 'NONE', *, *, #2012, .T. ) ;
#2152 = VERTEX_POINT ( 'NONE', #1798 ) ;
#2153 = LINE ( 'NONE', #3133, #2331 ) ;
#2154 = FILL_AREA_STYLE ('',( #106 ) ) ;
#2155 = UNCERTAINTY_MEASURE_WITH_UNIT (LENGTH_MEASURE( 1.000000000000000082E-05 ), #1016, 'distance_accuracy_value', 'NONE');
#2156 = FACE_OUTER_BOUND ( 'NONE', #995, .T. ) ;
#2157 =( NAMED_UNIT ( * ) SI_UNIT ( $, .STERADIAN. ) SOLID_ANGLE_UNIT ( ) );
#2158 = LINE ( 'NONE', #2398, #1514 ) ;
#2159 = AXIS2_PLACEMENT_3D ( 'NONE', #2100, #1330, #2353 ) ;
#2160 = EDGE_CURVE ( 'NONE', #1976, #331, #1557, .T. ) ;
#2161 = ORIENTED_EDGE ( 'NONE', *, *, #1826, .T. ) ;
#2162 =( LENGTH_UNIT ( ) NAMED_UNIT ( * ) SI_UNIT ( .MILLI., .METRE. ) );
#2163 = PRESENTATION_LAYER_ASSIGNMENT (  '', '', ( #1681 ) ) ;
#2164 = LINE ( 'NONE', #425, #1614 ) ;
#2165 = ADVANCED_FACE ( 'NONE', ( #46 ), #64, .F. ) ;
#2166 = ORIENTED_EDGE ( 'NONE', *, *, #540, .T. ) ;
#2167 = EDGE_LOOP ( 'NONE', ( #2450, #1105, #924, #3255 ) ) ;
#2168 = ORIENTED_EDGE ( 'NONE', *, *, #3094, .F. ) ;
#2169 = CARTESIAN_POINT ( 'NONE',  ( 0.000000000000000000, 0.5300000000000000266, 0.000000000000000000 ) ) ;
#2170 = DIRECTION ( 'NONE',  ( 1.000000000000000000, -0.000000000000000000, 0.000000000000000000 ) ) ;
#2171 = FILL_AREA_STYLE ('',( #922 ) ) ;
#2172 = DIRECTION ( 'NONE',  ( 0.000000000000000000, -0.000000000000000000, -1.000000000000000000 ) ) ;
#2173 = VECTOR ( 'NONE', #845, 1000.000000000000000 ) ;
#2174 = DIRECTION ( 'NONE',  ( 0.000000000000000000, 0.000000000000000000, -1.000000000000000000 ) ) ;
#2175 = DIRECTION ( 'NONE',  ( 0.000000000000000000, -0.000000000000000000, -1.000000000000000000 ) ) ;
#2176 = FACE_OUTER_BOUND ( 'NONE', #2098, .T. ) ;
#2177 = VECTOR ( 'NONE', #3097, 1000.000000000000000 ) ;
#2178 = VERTEX_POINT ( 'NONE', #590 ) ;
#2179 = SURFACE_STYLE_USAGE ( .BOTH. , #861 ) ;
#2180 = PRESENTATION_STYLE_ASSIGNMENT (( #1418 ) ) ;
#2181 = PRESENTATION_LAYER_ASSIGNMENT (  '', '', ( #2460 ) ) ;
#2182 = EDGE_CURVE ( 'NONE', #1372, #158, #2683, .T. ) ;
#2183 = SURFACE_STYLE_FILL_AREA ( #1203 ) ;
#2184 = ORIENTED_EDGE ( 'NONE', *, *, #3196, .T. ) ;
#2185 = VERTEX_POINT ( 'NONE', #1658 ) ;
#2186 = COLOUR_RGB ( '',0.9686274509803921573, 0.8784313725490195957, 0.5999999999999999778 ) ;
#2187 = VECTOR ( 'NONE', #56, 1000.000000000000000 ) ;
#2188 =( GEOMETRIC_REPRESENTATION_CONTEXT ( 3 ) GLOBAL_UNCERTAINTY_ASSIGNED_CONTEXT ( ( #1924 ) ) GLOBAL_UNIT_ASSIGNED_CONTEXT ( ( #1050, #2077, #418 ) ) REPRESENTATION_CONTEXT ( 'NONE', 'WORKASPACE' ) );
#2189 = UNCERTAINTY_MEASURE_WITH_UNIT (LENGTH_MEASURE( 1.000000000000000082E-05 ), #742, 'distance_accuracy_value', 'NONE');
#2190 = DIRECTION ( 'NONE',  ( -1.000000000000000000, 0.000000000000000000, 0.000000000000000000 ) ) ;
#2191 = PLANE ( 'NONE',  #1082 ) ;
#2192 = ORIENTED_EDGE ( 'NONE', *, *, #1644, .T. ) ;
#2193 = CARTESIAN_POINT ( 'NONE',  ( 1.350000000000000311, 0.5300000000000000266, 0.1000000000000000472 ) ) ;
#2194 = VERTEX_POINT ( 'NONE', #102 ) ;
#2195 = ORIENTED_EDGE ( 'NONE', *, *, #2112, .F. ) ;
#2196 = AXIS2_PLACEMENT_3D ( 'NONE', #1885, #1423, #1383 ) ;
#2197 = FACE_OUTER_BOUND ( 'NONE', #2727, .T. ) ;
#2198 = EDGE_CURVE ( 'NONE', #1766, #1411, #1162, .T. ) ;
#2199 = ORIENTED_EDGE ( 'NONE', *, *, #1037, .T. ) ;
#2200 = UNCERTAINTY_MEASURE_WITH_UNIT (LENGTH_MEASURE( 1.000000000000000082E-05 ), #1335, 'distance_accuracy_value', 'NONE');
#2201 = UNCERTAINTY_MEASURE_WITH_UNIT (LENGTH_MEASURE( 1.000000000000000082E-05 ), #337, 'distance_accuracy_value', 'NONE');
#2202 = ORIENTED_EDGE ( 'NONE', *, *, #1487, .T. ) ;
#2203 = MECHANICAL_DESIGN_GEOMETRIC_PRESENTATION_REPRESENTATION (  '', ( #2588 ), #2092 ) ;
#2204 = ADVANCED_FACE ( 'NONE', ( #633 ), #1636, .T. ) ;
#2205 = MECHANICAL_DESIGN_GEOMETRIC_PRESENTATION_REPRESENTATION (  '', ( #2093 ), #1129 ) ;
#2206 = CARTESIAN_POINT ( 'NONE',  ( -0.2999999999999993783, -0.000000000000000000, -6.505213034913013785E-16 ) ) ;
#2207 = CARTESIAN_POINT ( 'NONE',  ( 1.350000000000000089, 0.5300000000000000266, 0.2500000000000000000 ) ) ;
#2208 = CARTESIAN_POINT ( 'NONE',  ( 0.000000000000000000, 0.5300000000000000266, -0.2500000000000000555 ) ) ;
#2209 = PRESENTATION_STYLE_ASSIGNMENT (( #149 ) ) ;
#2210 =( GEOMETRIC_REPRESENTATION_CONTEXT ( 3 ) GLOBAL_UNCERTAINTY_ASSIGNED_CONTEXT ( ( #970 ) ) GLOBAL_UNIT_ASSIGNED_CONTEXT ( ( #3109, #548, #1629 ) ) REPRESENTATION_CONTEXT ( 'NONE', 'WORKASPACE' ) );
#2211 = ORIENTED_EDGE ( 'NONE', *, *, #1622, .F. ) ;
#2212 = PRESENTATION_STYLE_ASSIGNMENT (( #3247 ) ) ;
#2213 = AXIS2_PLACEMENT_3D ( 'NONE', #2169, #1588, #105 ) ;
#2214 = DIRECTION ( 'NONE',  ( -1.000000000000000000, 0.000000000000000000, -1.355252715606881036E-16 ) ) ;
#2215 = FACE_OUTER_BOUND ( 'NONE', #2130, .T. ) ;
#2216 = PRESENTATION_STYLE_ASSIGNMENT (( #875 ) ) ;
#2217 = CYLINDRICAL_SURFACE ( 'NONE', #3269, 0.08124999999999978073 ) ;
#2218 = VERTEX_POINT ( 'NONE', #3195 ) ;
#2219 = VECTOR ( 'NONE', #1045, 1000.000000000000000 ) ;
#2220 = LINE ( 'NONE', #457, #1376 ) ;
#2221 = VERTEX_POINT ( 'NONE', #138 ) ;
#2222 = EDGE_LOOP ( 'NONE', ( #2722, #2865, #2454, #2099 ) ) ;
#2223 = EDGE_CURVE ( 'NONE', #2030, #2680, #332, .T. ) ;
#2224 =( NAMED_UNIT ( * ) SI_UNIT ( $, .STERADIAN. ) SOLID_ANGLE_UNIT ( ) );
#2225 = ADVANCED_FACE ( 'NONE', ( #1358 ), #2447, .T. ) ;
#2226 = FACE_OUTER_BOUND ( 'NONE', #1862, .T. ) ;
#2227 = EDGE_CURVE ( 'NONE', #2360, #2710, #1311, .T. ) ;
#2228 = FILL_AREA_STYLE ('',( #1502 ) ) ;
#2229 = VERTEX_POINT ( 'NONE', #1863 ) ;
#2230 = SURFACE_SIDE_STYLE ('',( #963 ) ) ;
#2231 = PRESENTATION_STYLE_ASSIGNMENT (( #193 ) ) ;
#2232 = AXIS2_PLACEMENT_3D ( 'NONE', #1182, #122, #2409 ) ;
#2233 = ORIENTED_EDGE ( 'NONE', *, *, #2252, .F. ) ;
#2234 = SURFACE_SIDE_STYLE ('',( #1480 ) ) ;
#2235 = UNCERTAINTY_MEASURE_WITH_UNIT (LENGTH_MEASURE( 1.000000000000000082E-05 ), #1051, 'distance_accuracy_value', 'NONE');
#2236 = DIRECTION ( 'NONE',  ( 0.000000000000000000, 0.000000000000000000, 1.000000000000000000 ) ) ;
#2237 = COLOUR_RGB ( '',0.9686274509803921573, 0.8784313725490195957, 0.5999999999999999778 ) ;
#2238 = PRESENTATION_LAYER_ASSIGNMENT (  '', '', ( #362 ) ) ;
#2239 = ORIENTED_EDGE ( 'NONE', *, *, #1017, .F. ) ;
#2240 = SURFACE_SIDE_STYLE ('',( #1219 ) ) ;
#2241 = MECHANICAL_DESIGN_GEOMETRIC_PRESENTATION_REPRESENTATION (  '', ( #39 ), #392 ) ;
#2242 = CARTESIAN_POINT ( 'NONE',  ( 0.2999999999999998779, -0.02000000000000000042, -0.2500000000000000555 ) ) ;
#2243 = VECTOR ( 'NONE', #2525, 1000.000000000000000 ) ;
#2244 = SURFACE_STYLE_FILL_AREA ( #1709 ) ;
#2245 = PRESENTATION_LAYER_ASSIGNMENT (  '', '', ( #260 ) ) ;
#2246 = ORIENTED_EDGE ( 'NONE', *, *, #2160, .F. ) ;
#2247 = EDGE_CURVE ( 'NONE', #1599, #554, #2153, .T. ) ;
#2248 = SURFACE_STYLE_FILL_AREA ( #422 ) ;
#2249 = CARTESIAN_POINT ( 'NONE',  ( 1.349999999999999867, 0.000000000000000000, 0.04999999999999991257 ) ) ;
#2250 = FACE_OUTER_BOUND ( 'NONE', #1188, .T. ) ;
#2251 = ORIENTED_EDGE ( 'NONE', *, *, #557, .T. ) ;
#2252 = EDGE_CURVE ( 'NONE', #972, #2709, #2883, .T. ) ;
#2253 = DIRECTION ( 'NONE',  ( -0.000000000000000000, 1.000000000000000000, -0.000000000000000000 ) ) ;
#2254 = ORIENTED_EDGE ( 'NONE', *, *, #1755, .F. ) ;
#2255 = FACE_OUTER_BOUND ( 'NONE', #2167, .T. ) ;
#2256 = VECTOR ( 'NONE', #1533, 1000.000000000000000 ) ;
#2257 = FILL_AREA_STYLE ('',( #462 ) ) ;
#2258 = LINE ( 'NONE', #2487, #549 ) ;
#2259 = COLOUR_RGB ( '',1.000000000000000000, 1.000000000000000000, 1.000000000000000000 ) ;
#2260 = ORIENTED_EDGE ( 'NONE', *, *, #522, .T. ) ;
#2261 = PRESENTATION_LAYER_ASSIGNMENT (  '', '', ( #390 ) ) ;
#2262 = DIRECTION ( 'NONE',  ( 0.000000000000000000, 1.000000000000000000, -0.000000000000000000 ) ) ;
#2263 = EDGE_CURVE ( 'NONE', #1372, #914, #3165, .T. ) ;
#2264 = LINE ( 'NONE', #2556, #846 ) ;
#2265 = EDGE_LOOP ( 'NONE', ( #2282, #1213, #1656, #199 ) ) ;
#2266 = DIRECTION ( 'NONE',  ( -1.000000000000000000, 0.000000000000000000, 0.000000000000000000 ) ) ;
#2267 = COLOUR_RGB ( '',0.9686274509803921573, 0.8784313725490195957, 0.5999999999999999778 ) ;
#2268 = PRESENTATION_LAYER_ASSIGNMENT (  '', '', ( #1416 ) ) ;
#2269 =( NAMED_UNIT ( * ) SI_UNIT ( $, .STERADIAN. ) SOLID_ANGLE_UNIT ( ) );
#2270 = ORIENTED_EDGE ( 'NONE', *, *, #3151, .T. ) ;
#2271 = STYLED_ITEM ( 'NONE', ( #99 ), #777 ) ;
#2272 = PLANE ( 'NONE',  #498 ) ;
#2273 = DIRECTION ( 'NONE',  ( 1.000000000000000000, 0.000000000000000000, 0.000000000000000000 ) ) ;
#2274 = SURFACE_SIDE_STYLE ('',( #3027 ) ) ;
#2275 = DIRECTION ( 'NONE',  ( 1.000000000000000000, 0.000000000000000000, 0.000000000000000000 ) ) ;
#2276 = CARTESIAN_POINT ( 'NONE',  ( 0.2999999999999998779, -0.02000000000000000042, 0.000000000000000000 ) ) ;
#2277 = CARTESIAN_POINT ( 'NONE',  ( 0.000000000000000000, 0.000000000000000000, 0.2499999999999999445 ) ) ;
#2278 = SURFACE_SIDE_STYLE ('',( #2936 ) ) ;
#2279 = PRESENTATION_LAYER_ASSIGNMENT (  '', '', ( #1845 ) ) ;
#2280 = DIRECTION ( 'NONE',  ( 1.355252715606881529E-16, 0.000000000000000000, -1.000000000000000000 ) ) ;
#2281 = EDGE_CURVE ( 'NONE', #2630, #104, #616, .T. ) ;
#2282 = ORIENTED_EDGE ( 'NONE', *, *, #1111, .F. ) ;
#2283 =( GEOMETRIC_REPRESENTATION_CONTEXT ( 3 ) GLOBAL_UNCERTAINTY_ASSIGNED_CONTEXT ( ( #3089 ) ) GLOBAL_UNIT_ASSIGNED_CONTEXT ( ( #1171, #3224, #218 ) ) REPRESENTATION_CONTEXT ( 'NONE', 'WORKASPACE' ) );
#2284 =( NAMED_UNIT ( * ) SI_UNIT ( $, .STERADIAN. ) SOLID_ANGLE_UNIT ( ) );
#2285 = VECTOR ( 'NONE', #2773, 1000.000000000000000 ) ;
#2286 = PRESENTATION_LAYER_ASSIGNMENT (  '', '', ( #903 ) ) ;
#2287 = VECTOR ( 'NONE', #750, 1000.000000000000000 ) ;
#2288 = LINE ( 'NONE', #1828, #2545 ) ;
#2289 = CARTESIAN_POINT ( 'NONE',  ( 0.000000000000000000, 0.000000000000000000, -0.2500000000000000555 ) ) ;
#2290 = CIRCLE ( 'NONE', #1445, 0.08124999999999978073 ) ;
#2291 = DIRECTION ( 'NONE',  ( 1.000000000000000000, -0.000000000000000000, 0.000000000000000000 ) ) ;
#2292 = CARTESIAN_POINT ( 'NONE',  ( 0.000000000000000000, -0.02000000000000000042, -0.2500000000000000555 ) ) ;
#2293 = CIRCLE ( 'NONE', #3057, 0.08124999999999978073 ) ;
#2294 = MECHANICAL_DESIGN_GEOMETRIC_PRESENTATION_REPRESENTATION (  '', ( #1381 ), #2849 ) ;
#2295 = DIRECTION ( 'NONE',  ( -0.000000000000000000, 1.000000000000000000, -0.000000000000000000 ) ) ;
#2296 = DIRECTION ( 'NONE',  ( -1.000000000000000000, 0.000000000000000000, 1.465055598793117192E-17 ) ) ;
#2297 = STYLED_ITEM ( 'NONE', ( #599 ), #426 ) ;
#2298 = PLANE ( 'NONE',  #178 ) ;
#2299 = VERTEX_POINT ( 'NONE', #1063 ) ;
#2300 = SURFACE_SIDE_STYLE ('',( #2383 ) ) ;
#2301 = EDGE_CURVE ( 'NONE', #2117, #2194, #811, .T. ) ;
#2302 = ORIENTED_EDGE ( 'NONE', *, *, #464, .T. ) ;
#2303 = DIRECTION ( 'NONE',  ( -0.000000000000000000, 1.000000000000000000, -0.000000000000000000 ) ) ;
#2304 = SURFACE_STYLE_USAGE ( .BOTH. , #2609 ) ;
#2305 = EDGE_CURVE ( 'NONE', #1398, #2696, #1587, .T. ) ;
#2306 = EDGE_CURVE ( 'NONE', #1937, #1961, #2608, .T. ) ;
#2307 = COLOUR_RGB ( '',1.000000000000000000, 1.000000000000000000, 1.000000000000000000 ) ;
#2308 = FILL_AREA_STYLE_COLOUR ( '', #1400 ) ;
#2309 = MECHANICAL_DESIGN_GEOMETRIC_PRESENTATION_REPRESENTATION (  '', ( #2970 ), #1778 ) ;
#2310 = FILL_AREA_STYLE_COLOUR ( '', #815 ) ;
#2311 = DIRECTION ( 'NONE',  ( 0.000000000000000000, 0.000000000000000000, -1.000000000000000000 ) ) ;
#2312 = CARTESIAN_POINT ( 'NONE',  ( -0.4999999999999997780, -0.02000000000000000042, -2.931528090887930080E-18 ) ) ;
#2313 = AXIS2_PLACEMENT_3D ( 'NONE', #2601, #55, #563 ) ;
#2314 = ORIENTED_EDGE ( 'NONE', *, *, #2759, .F. ) ;
#2315 =( NAMED_UNIT ( * ) PLANE_ANGLE_UNIT ( ) SI_UNIT ( $, .RADIAN. ) );
#2316 = CARTESIAN_POINT ( 'NONE',  ( 6.776263578034420431E-18, 0.5300000000000000266, 0.05000000000000009992 ) ) ;
#2317 = CARTESIAN_POINT ( 'NONE',  ( 0.000000000000000000, 0.5300000000000000266, 0.000000000000000000 ) ) ;
#2318 = VECTOR ( 'NONE', #1064, 1000.000000000000000 ) ;
#2319 = CARTESIAN_POINT ( 'NONE',  ( -1.264902534566420813E-17, -0.000000000000000000, -0.09999999999999993616 ) ) ;
#2320 =( GEOMETRIC_REPRESENTATION_CONTEXT ( 3 ) GLOBAL_UNCERTAINTY_ASSIGNED_CONTEXT ( ( #456 ) ) GLOBAL_UNIT_ASSIGNED_CONTEXT ( ( #1157, #1430, #628 ) ) REPRESENTATION_CONTEXT ( 'NONE', 'WORKASPACE' ) );
#2321 = CARTESIAN_POINT ( 'NONE',  ( 0.1999999999999998723, -0.02000000000000000042, -0.2500000000000000555 ) ) ;
#2322 = PRESENTATION_STYLE_ASSIGNMENT (( #1300 ) ) ;
#2323 = EDGE_CURVE ( 'NONE', #864, #1663, #1229, .T. ) ;
#2324 = SURFACE_SIDE_STYLE ('',( #2570 ) ) ;
#2325 = DIRECTION ( 'NONE',  ( 0.000000000000000000, 0.000000000000000000, 1.000000000000000000 ) ) ;
#2326 = PLANE ( 'NONE',  #2079 ) ;
#2327 = SURFACE_SIDE_STYLE ('',( #1025 ) ) ;
#2328 = CARTESIAN_POINT ( 'NONE',  ( 2.710505431213761085E-17, -0.02000000000000000042, 0.1999999999999999833 ) ) ;
#2329 = VERTEX_POINT ( 'NONE', #734 ) ;
#2330 = DIRECTION ( 'NONE',  ( 0.000000000000000000, 0.000000000000000000, -1.000000000000000000 ) ) ;
#2331 = VECTOR ( 'NONE', #1905, 1000.000000000000000 ) ;
#2332 = DIRECTION ( 'NONE',  ( 0.000000000000000000, 1.000000000000000000, -0.000000000000000000 ) ) ;
#2333 = MECHANICAL_DESIGN_GEOMETRIC_PRESENTATION_REPRESENTATION (  '', ( #1803 ), #900 ) ;
#2334 = AXIS2_PLACEMENT_3D ( 'NONE', #198, #715, #2877 ) ;
#2335 = CARTESIAN_POINT ( 'NONE',  ( -0.7999999999999999334, 0.000000000000000000, -0.2500000000000000555 ) ) ;
#2336 = CARTESIAN_POINT ( 'NONE',  ( -1.249999999999999778, -0.02000000000000000042, -0.2500000000000000555 ) ) ;
#2337 = DIRECTION ( 'NONE',  ( -3.097720492815727659E-16, 0.000000000000000000, -1.000000000000000000 ) ) ;
#2338 = PRESENTATION_LAYER_ASSIGNMENT (  '', '', ( #905 ) ) ;
#2339 = ADVANCED_FACE ( 'NONE', ( #2215 ), #3003, .T. ) ;
#2340 =( NAMED_UNIT ( * ) PLANE_ANGLE_UNIT ( ) SI_UNIT ( $, .RADIAN. ) );
#2341 = CIRCLE ( 'NONE', #1763, 0.08124999999999978073 ) ;
#2342 = VECTOR ( 'NONE', #1366, 1000.000000000000000 ) ;
#2343 = EDGE_CURVE ( 'NONE', #1374, #2842, #2999, .T. ) ;
#2344 = ADVANCED_FACE ( 'NONE', ( #698 ), #643, .F. ) ;
#2345 = PRESENTATION_LAYER_ASSIGNMENT (  '', '', ( #39 ) ) ;
#2346 = CARTESIAN_POINT ( 'NONE',  ( 0.000000000000000000, -0.02000000000000000042, 0.000000000000000000 ) ) ;
#2347 = ORIENTED_EDGE ( 'NONE', *, *, #1113, .T. ) ;
#2348 = DIRECTION ( 'NONE',  ( 0.000000000000000000, 0.000000000000000000, 1.000000000000000000 ) ) ;
#2349 = UNCERTAINTY_MEASURE_WITH_UNIT (LENGTH_MEASURE( 1.000000000000000082E-05 ), #740, 'distance_accuracy_value', 'NONE');
#2350 = DIRECTION ( 'NONE',  ( 1.000000000000000000, -0.000000000000000000, 0.000000000000000000 ) ) ;
#2351 = VERTEX_POINT ( 'NONE', #938 ) ;
#2352 = ORIENTED_EDGE ( 'NONE', *, *, #1913, .T. ) ;
#2353 = DIRECTION ( 'NONE',  ( 0.000000000000000000, 0.000000000000000000, -1.000000000000000000 ) ) ;
#2354 = FACE_OUTER_BOUND ( 'NONE', #2852, .T. ) ;
#2355 = FACE_OUTER_BOUND ( 'NONE', #1433, .T. ) ;
#2356 = LINE ( 'NONE', #1316, #2035 ) ;
#2357 =( NAMED_UNIT ( * ) PLANE_ANGLE_UNIT ( ) SI_UNIT ( $, .RADIAN. ) );
#2358 = MECHANICAL_DESIGN_GEOMETRIC_PRESENTATION_REPRESENTATION (  '', ( #1659 ), #3116 ) ;
#2359 =( NAMED_UNIT ( * ) SI_UNIT ( $, .STERADIAN. ) SOLID_ANGLE_UNIT ( ) );
#2360 = VERTEX_POINT ( 'NONE', #415 ) ;
#2361 = UNCERTAINTY_MEASURE_WITH_UNIT (LENGTH_MEASURE( 1.000000000000000082E-05 ), #1985, 'distance_accuracy_value', 'NONE');
#2362 = DIRECTION ( 'NONE',  ( 1.000000000000000000, 0.000000000000000000, 0.000000000000000000 ) ) ;
#2363 = PRESENTATION_LAYER_ASSIGNMENT (  '', '', ( #52 ) ) ;
#2364 = EDGE_CURVE ( 'NONE', #3042, #950, #379, .T. ) ;
#2365 = MECHANICAL_DESIGN_GEOMETRIC_PRESENTATION_REPRESENTATION (  '', ( #54 ), #2708 ) ;
#2366 =( NAMED_UNIT ( * ) SI_UNIT ( $, .STERADIAN. ) SOLID_ANGLE_UNIT ( ) );
#2367 = ORIENTED_EDGE ( 'NONE', *, *, #1074, .T. ) ;
#2368 = PLANE ( 'NONE',  #1096 ) ;
#2369 = ORIENTED_EDGE ( 'NONE', *, *, #3151, .F. ) ;
#2370 = CARTESIAN_POINT ( 'NONE',  ( -1.050000000000000266, 0.5500000000000000444, 0.000000000000000000 ) ) ;
#2371 = EDGE_CURVE ( 'NONE', #2703, #2904, #620, .T. ) ;
#2372 =( NAMED_UNIT ( * ) PLANE_ANGLE_UNIT ( ) SI_UNIT ( $, .RADIAN. ) );
#2373 =( LENGTH_UNIT ( ) NAMED_UNIT ( * ) SI_UNIT ( .MILLI., .METRE. ) );
#2374 = CARTESIAN_POINT ( 'NONE',  ( -1.050000000000000266, 0.5300000000000000266, 0.000000000000000000 ) ) ;
#2375 = CIRCLE ( 'NONE', #2159, 0.08124999999999978073 ) ;
#2376 = ORIENTED_EDGE ( 'NONE', *, *, #482, .F. ) ;
#2377 = MECHANICAL_DESIGN_GEOMETRIC_PRESENTATION_REPRESENTATION (  '', ( #1681 ), #2494 ) ;
#2378 = COLOUR_RGB ( '',1.000000000000000000, 1.000000000000000000, 1.000000000000000000 ) ;
#2379 = FILL_AREA_STYLE ('',( #2889 ) ) ;
#2380 = LINE ( 'NONE', #789, #1136 ) ;
#2381 =( LENGTH_UNIT ( ) NAMED_UNIT ( * ) SI_UNIT ( .MILLI., .METRE. ) );
#2382 = CARTESIAN_POINT ( 'NONE',  ( 0.4999999999999997780, 0.000000000000000000, -2.930111197586232766E-18 ) ) ;
#2383 = SURFACE_STYLE_FILL_AREA ( #3141 ) ;
#2384 = EDGE_LOOP ( 'NONE', ( #476, #505, #2607, #1437, #3012, #257 ) ) ;
#2385 = ORIENTED_EDGE ( 'NONE', *, *, #793, .F. ) ;
#2386 =( NAMED_UNIT ( * ) PLANE_ANGLE_UNIT ( ) SI_UNIT ( $, .RADIAN. ) );
#2387 = CARTESIAN_POINT ( 'NONE',  ( -0.4999999999999997780, -0.02000000000000000042, 0.000000000000000000 ) ) ;
#2388 = EDGE_CURVE ( 'NONE', #3222, #2709, #2472, .T. ) ;
#2389 = ORIENTED_EDGE ( 'NONE', *, *, #1738, .T. ) ;
#2390 = PLANE ( 'NONE',  #1736 ) ;
#2391 = SURFACE_STYLE_USAGE ( .BOTH. , #1109 ) ;
#2392 =( GEOMETRIC_REPRESENTATION_CONTEXT ( 3 ) GLOBAL_UNCERTAINTY_ASSIGNED_CONTEXT ( ( #857 ) ) GLOBAL_UNIT_ASSIGNED_CONTEXT ( ( #160, #1121, #2920 ) ) REPRESENTATION_CONTEXT ( 'NONE', 'WORKASPACE' ) );
#2393 = ADVANCED_FACE ( 'NONE', ( #2156 ), #2416, .F. ) ;
#2394 = CARTESIAN_POINT ( 'NONE',  ( 2.710505431213761085E-17, -0.02000000000000000042, 0.1999999999999999833 ) ) ;
#2395 =( LENGTH_UNIT ( ) NAMED_UNIT ( * ) SI_UNIT ( .MILLI., .METRE. ) );
#2396 = PRESENTATION_LAYER_ASSIGNMENT (  '', '', ( #565 ) ) ;
#2397 = DIRECTION ( 'NONE',  ( -2.168404344971009657E-15, 0.000000000000000000, -1.000000000000000000 ) ) ;
#2398 = CARTESIAN_POINT ( 'NONE',  ( 1.050000000000000044, -0.02000000000000000042, 0.04999999999999995420 ) ) ;
#2399 = MECHANICAL_DESIGN_GEOMETRIC_PRESENTATION_REPRESENTATION (  '', ( #1222 ), #792 ) ;
#2400 = SURFACE_SIDE_STYLE ('',( #1675 ) ) ;
#2401 = FILL_AREA_STYLE ('',( #348 ) ) ;
#2402 = FILL_AREA_STYLE_COLOUR ( '', #324 ) ;
#2403 =( GEOMETRIC_REPRESENTATION_CONTEXT ( 3 ) GLOBAL_UNCERTAINTY_ASSIGNED_CONTEXT ( ( #3024 ) ) GLOBAL_UNIT_ASSIGNED_CONTEXT ( ( #486, #3077, #472 ) ) REPRESENTATION_CONTEXT ( 'NONE', 'WORKASPACE' ) );
#2404 = LINE ( 'NONE', #771, #17 ) ;
#2405 = VERTEX_POINT ( 'NONE', #3113 ) ;
#2406 = PRESENTATION_LAYER_ASSIGNMENT (  '', '', ( #1230 ) ) ;
#2407 = FILL_AREA_STYLE_COLOUR ( '', #1081 ) ;
#2408 = VERTEX_POINT ( 'NONE', #1322 ) ;
#2409 = DIRECTION ( 'NONE',  ( -1.000000000000000000, 0.000000000000000000, 0.000000000000000000 ) ) ;
#2410 = CARTESIAN_POINT ( 'NONE',  ( 1.350000000000000311, 0.5500000000000000444, 0.04999999999999991257 ) ) ;
#2411 =( NAMED_UNIT ( * ) SI_UNIT ( $, .STERADIAN. ) SOLID_ANGLE_UNIT ( ) );
#2412 = ORIENTED_EDGE ( 'NONE', *, *, #1186, .F. ) ;
#2413 = ORIENTED_EDGE ( 'NONE', *, *, #1692, .F. ) ;
#2414 = CARTESIAN_POINT ( 'NONE',  ( 1.150000000000000355, 0.5300000000000000266, 0.04999999999999994033 ) ) ;
#2415 = FACE_OUTER_BOUND ( 'NONE', #538, .T. ) ;
#2416 = PLANE ( 'NONE',  #1911 ) ;
#2417 = SURFACE_STYLE_FILL_AREA ( #364 ) ;
#2418 = CARTESIAN_POINT ( 'NONE',  ( -0.4999999999999998890, -0.02000000000000000042, 0.2499999999999999445 ) ) ;
#2419 = DIRECTION ( 'NONE',  ( 0.000000000000000000, 0.000000000000000000, 1.000000000000000000 ) ) ;
#2420 =( GEOMETRIC_REPRESENTATION_CONTEXT ( 3 ) GLOBAL_UNCERTAINTY_ASSIGNED_CONTEXT ( ( #568 ) ) GLOBAL_UNIT_ASSIGNED_CONTEXT ( ( #1048, #618, #2653 ) ) REPRESENTATION_CONTEXT ( 'NONE', 'WORKASPACE' ) );
#2421 = CARTESIAN_POINT ( 'NONE',  ( -0.1999999999999999001, -0.02000000000000000042, 0.2499999999999999445 ) ) ;
#2422 = VERTEX_POINT ( 'NONE', #298 ) ;
#2423 = VECTOR ( 'NONE', #2431, 1000.000000000000000 ) ;
#2424 = LINE ( 'NONE', #2702, #2539 ) ;
#2425 =( GEOMETRIC_REPRESENTATION_CONTEXT ( 3 ) GLOBAL_UNCERTAINTY_ASSIGNED_CONTEXT ( ( #3128 ) ) GLOBAL_UNIT_ASSIGNED_CONTEXT ( ( #225, #1242, #1728 ) ) REPRESENTATION_CONTEXT ( 'NONE', 'WORKASPACE' ) );
#2426 = SURFACE_SIDE_STYLE ('',( #1395 ) ) ;
#2427 = FILL_AREA_STYLE_COLOUR ( '', #2032 ) ;
#2428 = AXIS2_PLACEMENT_3D ( 'NONE', #770, #2810, #220 ) ;
#2429 = ORIENTED_EDGE ( 'NONE', *, *, #702, .F. ) ;
#2430 = DIRECTION ( 'NONE',  ( 0.000000000000000000, 1.000000000000000000, -0.000000000000000000 ) ) ;
#2431 = DIRECTION ( 'NONE',  ( 2.168404344971009262E-15, 0.000000000000000000, -1.000000000000000000 ) ) ;
#2432 = UNCERTAINTY_MEASURE_WITH_UNIT (LENGTH_MEASURE( 1.000000000000000082E-05 ), #3032, 'distance_accuracy_value', 'NONE');
#2433 = PRESENTATION_STYLE_ASSIGNMENT (( #1189 ) ) ;
#2434 = COLOUR_RGB ( '',1.000000000000000000, 1.000000000000000000, 1.000000000000000000 ) ;
#2435 = FACE_OUTER_BOUND ( 'NONE', #183, .T. ) ;
#2436 = CARTESIAN_POINT ( 'NONE',  ( 1.175000000000000044, -0.02000000000000000042, -0.2812499999999998890 ) ) ;
#2437 =( NAMED_UNIT ( * ) PLANE_ANGLE_UNIT ( ) SI_UNIT ( $, .RADIAN. ) );
#2438 =( GEOMETRIC_REPRESENTATION_CONTEXT ( 3 ) GLOBAL_UNCERTAINTY_ASSIGNED_CONTEXT ( ( #3168 ) ) GLOBAL_UNIT_ASSIGNED_CONTEXT ( ( #2711, #1149, #1606 ) ) REPRESENTATION_CONTEXT ( 'NONE', 'WORKASPACE' ) );
#2439 = ORIENTED_EDGE ( 'NONE', *, *, #444, .F. ) ;
#2440 = EDGE_CURVE ( 'NONE', #2229, #2649, #1027, .T. ) ;
#2441 = EDGE_CURVE ( 'NONE', #113, #3182, #3126, .T. ) ;
#2442 = AXIS2_PLACEMENT_3D ( 'NONE', #202, #954, #1977 ) ;
#2443 = CARTESIAN_POINT ( 'NONE',  ( 0.4999999999999997780, -0.02000000000000000042, 0.2499999999999999445 ) ) ;
#2444 = CARTESIAN_POINT ( 'NONE',  ( -0.2999999999999998779, 0.000000000000000000, -0.2500000000000000555 ) ) ;
#2445 =( NAMED_UNIT ( * ) SI_UNIT ( $, .STERADIAN. ) SOLID_ANGLE_UNIT ( ) );
#2446 = ORIENTED_EDGE ( 'NONE', *, *, #327, .T. ) ;
#2447 = PLANE ( 'NONE',  #1753 ) ;
#2448 = CARTESIAN_POINT ( 'NONE',  ( -0.1999999999999999001, -0.02000000000000000042, -2.168404344971007635E-17 ) ) ;
#2449 = CARTESIAN_POINT ( 'NONE',  ( 0.4999999999999997780, -0.02000000000000000042, -0.2500000000000000555 ) ) ;
#2450 = ORIENTED_EDGE ( 'NONE', *, *, #738, .T. ) ;
#2451 = ORIENTED_EDGE ( 'NONE', *, *, #1957, .T. ) ;
#2452 = SURFACE_STYLE_USAGE ( .BOTH. , #403 ) ;
#2453 = COLOUR_RGB ( '',0.9686274509803921573, 0.8784313725490195957, 0.5999999999999999778 ) ;
#2454 = ORIENTED_EDGE ( 'NONE', *, *, #2029, .F. ) ;
#2455 =( NAMED_UNIT ( * ) PLANE_ANGLE_UNIT ( ) SI_UNIT ( $, .RADIAN. ) );
#2456 = CARTESIAN_POINT ( 'NONE',  ( -1.150000000000000355, 0.5500000000000000444, 0.2499999999999999445 ) ) ;
#2457 = FILL_AREA_STYLE_COLOUR ( '', #881 ) ;
#2458 = EDGE_CURVE ( 'NONE', #2221, #2299, #1796, .T. ) ;
#2459 = STYLED_ITEM ( 'NONE', ( #1767 ), #115 ) ;
#2460 = STYLED_ITEM ( 'NONE', ( #2603 ), #2785 ) ;
#2461 = ORIENTED_EDGE ( 'NONE', *, *, #3073, .F. ) ;
#2462 = DIRECTION ( 'NONE',  ( 0.000000000000000000, 0.000000000000000000, -1.000000000000000000 ) ) ;
#2463 = FILL_AREA_STYLE_COLOUR ( '', #1001 ) ;
#2464 = CLOSED_SHELL ( 'NONE', ( #825, #2393, #1739, #725, #1524, #1384 ) ) ;
#2465 = MECHANICAL_DESIGN_GEOMETRIC_PRESENTATION_REPRESENTATION (  '', ( #362 ), #2615 ) ;
#2466 = DIRECTION ( 'NONE',  ( 1.000000000000000000, 0.000000000000000000, 1.084202172485504557E-16 ) ) ;
#2467 = VECTOR ( 'NONE', #2543, 1000.000000000000000 ) ;
#2468 = ORIENTED_EDGE ( 'NONE', *, *, #1546, .T. ) ;
#2469 = ORIENTED_EDGE ( 'NONE', *, *, #3111, .T. ) ;
#2470 = VECTOR ( 'NONE', #2828, 1000.000000000000000 ) ;
#2471 = MECHANICAL_DESIGN_GEOMETRIC_PRESENTATION_REPRESENTATION (  '', ( #3216 ), #3058 ) ;
#2472 = LINE ( 'NONE', #1387, #745 ) ;
#2473 = CARTESIAN_POINT ( 'NONE',  ( 0.000000000000000000, 0.000000000000000000, 0.000000000000000000 ) ) ;
#2474 = LINE ( 'NONE', #365, #772 ) ;
#2475 = ORIENTED_EDGE ( 'NONE', *, *, #516, .F. ) ;
#2476 = DIRECTION ( 'NONE',  ( -2.168404344971008474E-15, 0.000000000000000000, -1.000000000000000000 ) ) ;
#2477 = CARTESIAN_POINT ( 'NONE',  ( -1.061921708185053603, 0.3318505338078291400, 0.2499999999999999445 ) ) ;
#2478 = LINE ( 'NONE', #3230, #1950 ) ;
#2479 = ORIENTED_EDGE ( 'NONE', *, *, #2343, .F. ) ;
#2480 = EDGE_CURVE ( 'NONE', #3066, #2747, #1541, .T. ) ;
#2481 = AXIS2_PLACEMENT_3D ( 'NONE', #3079, #296, #3124 ) ;
#2482 = EDGE_CURVE ( 'NONE', #1499, #214, #2576, .T. ) ;
#2483 = ORIENTED_EDGE ( 'NONE', *, *, #1470, .T. ) ;
#2484 = ORIENTED_EDGE ( 'NONE', *, *, #2595, .F. ) ;
#2485 = VECTOR ( 'NONE', #467, 1000.000000000000000 ) ;
#2486 = COLOUR_RGB ( '',0.9686274509803921573, 0.8784313725490195957, 0.5999999999999999778 ) ;
#2487 = CARTESIAN_POINT ( 'NONE',  ( -0.5999999999999999778, -0.02000000000000000042, 0.2499999999999999445 ) ) ;
#2488 = ORIENTED_EDGE ( 'NONE', *, *, #382, .T. ) ;
#2489 = CARTESIAN_POINT ( 'NONE',  ( -2.710505431213761085E-17, -0.02000000000000000042, 0.1999999999999999833 ) ) ;
#2490 = COLOUR_RGB ( '',1.000000000000000000, 1.000000000000000000, 1.000000000000000000 ) ;
#2491 = FACE_OUTER_BOUND ( 'NONE', #2987, .T. ) ;
#2492 = FACE_OUTER_BOUND ( 'NONE', #651, .T. ) ;
#2493 = ORIENTED_EDGE ( 'NONE', *, *, #1406, .T. ) ;
#2494 =( GEOMETRIC_REPRESENTATION_CONTEXT ( 3 ) GLOBAL_UNCERTAINTY_ASSIGNED_CONTEXT ( ( #2155 ) ) GLOBAL_UNIT_ASSIGNED_CONTEXT ( ( #1016, #3085, #2550 ) ) REPRESENTATION_CONTEXT ( 'NONE', 'WORKASPACE' ) );
#2495 = CARTESIAN_POINT ( 'NONE',  ( -0.2999999999999999334, -0.02000000000000000042, 0.2499999999999999445 ) ) ;
#2496 = ORIENTED_EDGE ( 'NONE', *, *, #1540, .T. ) ;
#2497 =( NAMED_UNIT ( * ) SI_UNIT ( $, .STERADIAN. ) SOLID_ANGLE_UNIT ( ) );
#2498 = PLANE ( 'NONE',  #2428 ) ;
#2499 = FILL_AREA_STYLE ('',( #1474 ) ) ;
#2500 = ADVANCED_FACE ( 'NONE', ( #1291 ), #316, .F. ) ;
#2501 = SURFACE_SIDE_STYLE ('',( #222 ) ) ;
#2502 = ORIENTED_EDGE ( 'NONE', *, *, #3094, .T. ) ;
#2503 = LINE ( 'NONE', #1983, #1404 ) ;
#2504 = CARTESIAN_POINT ( 'NONE',  ( 0.000000000000000000, 0.5300000000000000266, -0.2500000000000000555 ) ) ;
#2505 = FILL_AREA_STYLE_COLOUR ( '', #1583 ) ;
#2506 = FACE_OUTER_BOUND ( 'NONE', #315, .T. ) ;
#2507 = DIRECTION ( 'NONE',  ( 0.000000000000000000, -1.000000000000000000, 0.000000000000000000 ) ) ;
#2508 = MECHANICAL_DESIGN_GEOMETRIC_PRESENTATION_REPRESENTATION (  '', ( #1967 ), #788 ) ;
#2509 = CARTESIAN_POINT ( 'NONE',  ( -1.349999999999999867, -0.02000000000000000042, -0.1000000000000000749 ) ) ;
#2510 = UNCERTAINTY_MEASURE_WITH_UNIT (LENGTH_MEASURE( 1.000000000000000082E-05 ), #437, 'distance_accuracy_value', 'NONE');
#2511 = FILL_AREA_STYLE ('',( #1751 ) ) ;
#2512 =( GEOMETRIC_REPRESENTATION_CONTEXT ( 3 ) GLOBAL_UNCERTAINTY_ASSIGNED_CONTEXT ( ( #2552 ) ) GLOBAL_UNIT_ASSIGNED_CONTEXT ( ( #785, #3220, #181 ) ) REPRESENTATION_CONTEXT ( 'NONE', 'WORKASPACE' ) );
#2513 = ORIENTED_EDGE ( 'NONE', *, *, #1616, .T. ) ;
#2514 = UNCERTAINTY_MEASURE_WITH_UNIT (LENGTH_MEASURE( 1.000000000000000082E-05 ), #550, 'distance_accuracy_value', 'NONE');
#2515 = SURFACE_STYLE_FILL_AREA ( #2499 ) ;
#2516 = COLOUR_RGB ( '',0.7921568627450980005, 0.8196078431372548767, 0.9333333333333333481 ) ;
#2517 = EDGE_CURVE ( 'NONE', #1623, #2661, #47, .T. ) ;
#2518 = LINE ( 'NONE', #236, #1253 ) ;
#2519 = PRESENTATION_STYLE_ASSIGNMENT (( #1256 ) ) ;
#2520 =( GEOMETRIC_REPRESENTATION_CONTEXT ( 3 ) GLOBAL_UNCERTAINTY_ASSIGNED_CONTEXT ( ( #1686 ) ) GLOBAL_UNIT_ASSIGNED_CONTEXT ( ( #1269, #1963, #3002 ) ) REPRESENTATION_CONTEXT ( 'NONE', 'WORKASPACE' ) );
#2521 = EDGE_CURVE ( 'NONE', #1374, #2649, #527, .T. ) ;
#2522 = CARTESIAN_POINT ( 'NONE',  ( -1.199999999999999512, 0.5300000000000000266, 0.2499999999999999445 ) ) ;
#2523 = FILL_AREA_STYLE ('',( #979 ) ) ;
#2524 = CARTESIAN_POINT ( 'NONE',  ( 1.000000000000000000, 0.000000000000000000, -0.2500000000000000555 ) ) ;
#2525 = DIRECTION ( 'NONE',  ( 1.000000000000000000, -0.000000000000000000, 0.000000000000000000 ) ) ;
#2526 = ORIENTED_EDGE ( 'NONE', *, *, #109, .F. ) ;
#2527 = DIRECTION ( 'NONE',  ( 0.000000000000000000, 1.000000000000000000, -0.000000000000000000 ) ) ;
#2528 =( NAMED_UNIT ( * ) PLANE_ANGLE_UNIT ( ) SI_UNIT ( $, .RADIAN. ) );
#2529 = APPLICATION_PROTOCOL_DEFINITION ( 'draft international standard', 'automotive_design', 1998, #2741 ) ;
#2530 = DIRECTION ( 'NONE',  ( -0.000000000000000000, -1.000000000000000000, -0.000000000000000000 ) ) ;
#2531 = VERTEX_POINT ( 'NONE', #1545 ) ;
#2532 =( NAMED_UNIT ( * ) SI_UNIT ( $, .STERADIAN. ) SOLID_ANGLE_UNIT ( ) );
#2533 = AXIS2_PLACEMENT_3D ( 'NONE', #1666, #2713, #400 ) ;
#2534 = VECTOR ( 'NONE', #293, 1000.000000000000000 ) ;
#2535 = PLANE ( 'NONE',  #2717 ) ;
#2536 = PLANE ( 'NONE',  #6 ) ;
#2537 = VECTOR ( 'NONE', #3157, 1000.000000000000000 ) ;
#2538 = DIRECTION ( 'NONE',  ( -3.097720492815727659E-16, 0.000000000000000000, -1.000000000000000000 ) ) ;
#2539 = VECTOR ( 'NONE', #2723, 1000.000000000000000 ) ;
#2540 =( NAMED_UNIT ( * ) SI_UNIT ( $, .STERADIAN. ) SOLID_ANGLE_UNIT ( ) );
#2541 = MECHANICAL_DESIGN_GEOMETRIC_PRESENTATION_REPRESENTATION (  '', ( #186 ), #58 ) ;
#2542 = EDGE_CURVE ( 'NONE', #2329, #2680, #273, .T. ) ;
#2543 = DIRECTION ( 'NONE',  ( 1.000000000000000000, -0.000000000000000000, 0.000000000000000000 ) ) ;
#2544 = EDGE_CURVE ( 'NONE', #2405, #1982, #3144, .T. ) ;
#2545 = VECTOR ( 'NONE', #774, 1000.000000000000000 ) ;
#2546 = DIRECTION ( 'NONE',  ( 1.000000000000000000, 0.000000000000000000, 0.000000000000000000 ) ) ;
#2547 = CARTESIAN_POINT ( 'NONE',  ( -6.776263578034420431E-18, 0.5500000000000000444, 0.05000000000000009992 ) ) ;
#2548 = VERTEX_POINT ( 'NONE', #1825 ) ;
#2549 = PRESENTATION_STYLE_ASSIGNMENT (( #2026 ) ) ;
#2550 =( NAMED_UNIT ( * ) SI_UNIT ( $, .STERADIAN. ) SOLID_ANGLE_UNIT ( ) );
#2551 = DIRECTION ( 'NONE',  ( 0.000000000000000000, 0.000000000000000000, -1.000000000000000000 ) ) ;
#2552 = UNCERTAINTY_MEASURE_WITH_UNIT (LENGTH_MEASURE( 1.000000000000000082E-05 ), #785, 'distance_accuracy_value', 'NONE');
#2553 = PRESENTATION_STYLE_ASSIGNMENT (( #2827 ) ) ;
#2554 =( NAMED_UNIT ( * ) SI_UNIT ( $, .STERADIAN. ) SOLID_ANGLE_UNIT ( ) );
#2555 = LINE ( 'NONE', #1478, #1953 ) ;
#2556 = CARTESIAN_POINT ( 'NONE',  ( 1.150000000000000355, 0.5300000000000000266, -0.000000000000000000 ) ) ;
#2557 = ADVANCED_FACE ( 'NONE', ( #2580 ), #826, .F. ) ;
#2558 = STYLED_ITEM ( 'NONE', ( #2180 ), #2225 ) ;
#2559 = DIRECTION ( 'NONE',  ( 0.000000000000000000, 0.000000000000000000, 1.000000000000000000 ) ) ;
#2560 = ORIENTED_EDGE ( 'NONE', *, *, #109, .T. ) ;
#2561 = ADVANCED_FACE ( 'NONE', ( #1343 ), #807, .T. ) ;
#2562 = DIRECTION ( 'NONE',  ( 1.000000000000000000, -0.000000000000000000, 0.000000000000000000 ) ) ;
#2563 = CARTESIAN_POINT ( 'NONE',  ( 0.000000000000000000, 0.000000000000000000, -0.2500000000000000555 ) ) ;
#2564 = FILL_AREA_STYLE_COLOUR ( '', #843 ) ;
#2565 =( GEOMETRIC_REPRESENTATION_CONTEXT ( 3 ) GLOBAL_UNCERTAINTY_ASSIGNED_CONTEXT ( ( #2728 ) ) GLOBAL_UNIT_ASSIGNED_CONTEXT ( ( #794, #1555, #2591 ) ) REPRESENTATION_CONTEXT ( 'NONE', 'WORKASPACE' ) );
#2566 = ORIENTED_EDGE ( 'NONE', *, *, #684, .T. ) ;
#2567 = DIRECTION ( 'NONE',  ( -0.000000000000000000, 1.000000000000000000, -0.000000000000000000 ) ) ;
#2568 = CARTESIAN_POINT ( 'NONE',  ( 1.050000000000000044, 0.000000000000000000, 0.04999999999999995420 ) ) ;
#2569 = COLOUR_RGB ( '',0.9686274509803921573, 0.8784313725490195957, 0.5999999999999999778 ) ;
#2570 = SURFACE_STYLE_FILL_AREA ( #1523 ) ;
#2571 = PRESENTATION_LAYER_ASSIGNMENT (  '', '', ( #1385 ) ) ;
#2572 = CARTESIAN_POINT ( 'NONE',  ( 0.1999999999999999278, -0.02000000000000000042, 0.2499999999999999445 ) ) ;
#2573 = CARTESIAN_POINT ( 'NONE',  ( 1.350000000000000311, 0.5300000000000000266, 0.000000000000000000 ) ) ;
#2574 = AXIS2_PLACEMENT_3D ( 'NONE', #2436, #402, #110 ) ;
#2575 = CARTESIAN_POINT ( 'NONE',  ( 0.000000000000000000, -0.02000000000000000042, -0.2500000000000000555 ) ) ;
#2576 = LINE ( 'NONE', #269, #3145 ) ;
#2577 = ORIENTED_EDGE ( 'NONE', *, *, #2851, .T. ) ;
#2578 = DIRECTION ( 'NONE',  ( -0.2982749931359468532, 0.9544799780350298191, 0.000000000000000000 ) ) ;
#2579 = DIRECTION ( 'NONE',  ( -0.000000000000000000, 1.000000000000000000, -0.000000000000000000 ) ) ;
#2580 = FACE_OUTER_BOUND ( 'NONE', #1612, .T. ) ;
#2581 = EDGE_CURVE ( 'NONE', #1090, #2665, #899, .T. ) ;
#2582 = EDGE_CURVE ( 'NONE', #2904, #1855, #1397, .T. ) ;
#2583 = ORIENTED_EDGE ( 'NONE', *, *, #1356, .T. ) ;
#2584 =( NAMED_UNIT ( * ) PLANE_ANGLE_UNIT ( ) SI_UNIT ( $, .RADIAN. ) );
#2585 = LINE ( 'NONE', #574, #802 ) ;
#2586 = UNCERTAINTY_MEASURE_WITH_UNIT (LENGTH_MEASURE( 1.000000000000000082E-05 ), #1469, 'distance_accuracy_value', 'NONE');
#2587 = STYLED_ITEM ( 'NONE', ( #2322 ), #1384 ) ;
#2588 = STYLED_ITEM ( 'NONE', ( #2103 ), #1669 ) ;
#2589 = DIRECTION ( 'NONE',  ( -1.084202172485504434E-16, 0.000000000000000000, -1.000000000000000000 ) ) ;
#2590 = DIRECTION ( 'NONE',  ( -1.000000000000000000, 0.000000000000000000, -0.000000000000000000 ) ) ;
#2591 =( NAMED_UNIT ( * ) SI_UNIT ( $, .STERADIAN. ) SOLID_ANGLE_UNIT ( ) );
#2592 = ORIENTED_EDGE ( 'NONE', *, *, #405, .F. ) ;
#2593 = VECTOR ( 'NONE', #2567, 1000.000000000000000 ) ;
#2594 =( NAMED_UNIT ( * ) PLANE_ANGLE_UNIT ( ) SI_UNIT ( $, .RADIAN. ) );
#2595 = EDGE_CURVE ( 'NONE', #2812, #4, #1660, .T. ) ;
#2596 = CARTESIAN_POINT ( 'NONE',  ( -2.710505431213761085E-17, 0.000000000000000000, 0.1999999999999999833 ) ) ;
#2597 = CARTESIAN_POINT ( 'NONE',  ( 1.000000000000000000, 0.5300000000000000266, -0.2500000000000000555 ) ) ;
#2598 = ADVANCED_FACE ( 'NONE', ( #676 ), #1123, .T. ) ;
#2599 = PRESENTATION_STYLE_ASSIGNMENT (( #1563 ) ) ;
#2600 = EDGE_CURVE ( 'NONE', #3007, #914, #1184, .T. ) ;
#2601 = CARTESIAN_POINT ( 'NONE',  ( 0.000000000000000000, 0.000000000000000000, 0.000000000000000000 ) ) ;
#2602 = PRESENTATION_STYLE_ASSIGNMENT (( #26 ) ) ;
#2603 = PRESENTATION_STYLE_ASSIGNMENT (( #29 ) ) ;
#2604 = ORIENTED_EDGE ( 'NONE', *, *, #1644, .F. ) ;
#2605 = FILL_AREA_STYLE_COLOUR ( '', #1099 ) ;
#2606 = VECTOR ( 'NONE', #70, 1000.000000000000000 ) ;
#2607 = ORIENTED_EDGE ( 'NONE', *, *, #998, .T. ) ;
#2608 = LINE ( 'NONE', #305, #85 ) ;
#2609 = SURFACE_SIDE_STYLE ('',( #2825 ) ) ;
#2610 = ADVANCED_FACE ( 'NONE', ( #2197 ), #1880, .T. ) ;
#2611 = VECTOR ( 'NONE', #3163, 1000.000000000000000 ) ;
#2612 = FACE_OUTER_BOUND ( 'NONE', #441, .T. ) ;
#2613 =( NAMED_UNIT ( * ) PLANE_ANGLE_UNIT ( ) SI_UNIT ( $, .RADIAN. ) );
#2614 = PRESENTATION_STYLE_ASSIGNMENT (( #3153 ) ) ;
#2615 =( GEOMETRIC_REPRESENTATION_CONTEXT ( 3 ) GLOBAL_UNCERTAINTY_ASSIGNED_CONTEXT ( ( #1439 ) ) GLOBAL_UNIT_ASSIGNED_CONTEXT ( ( #1854, #3112, #2366 ) ) REPRESENTATION_CONTEXT ( 'NONE', 'WORKASPACE' ) );
#2616 = ORIENTED_EDGE ( 'NONE', *, *, #2915, .T. ) ;
#2617 = EDGE_CURVE ( 'NONE', #2194, #127, #752, .T. ) ;
#2618 = EDGE_CURVE ( 'NONE', #1398, #1499, #986, .T. ) ;
#2619 = CARTESIAN_POINT ( 'NONE',  ( -1.150000000000000355, 0.5500000000000000444, 0.000000000000000000 ) ) ;
#2620 = VECTOR ( 'NONE', #763, 1000.000000000000000 ) ;
#2621 = STYLED_ITEM ( 'NONE', ( #3189 ), #3251 ) ;
#2622 = SURFACE_STYLE_FILL_AREA ( #2401 ) ;
#2623 = CARTESIAN_POINT ( 'NONE',  ( -1.050000000000000266, 0.5500000000000000444, -0.2500000000000000555 ) ) ;
#2624 = PRODUCT_DEFINITION_FORMATION_WITH_SPECIFIED_SOURCE ( 'ANY', '', #1026, .NOT_KNOWN. ) ;
#2625 = ORIENTED_EDGE ( 'NONE', *, *, #2182, .T. ) ;
#2626 =( NAMED_UNIT ( * ) SI_UNIT ( $, .STERADIAN. ) SOLID_ANGLE_UNIT ( ) );
#2627 = UNCERTAINTY_MEASURE_WITH_UNIT (LENGTH_MEASURE( 1.000000000000000082E-05 ), #2949, 'distance_accuracy_value', 'NONE');
#2628 = DIRECTION ( 'NONE',  ( 1.000000000000000000, 0.000000000000000000, -1.264902534566421675E-16 ) ) ;
#2629 = ORIENTED_EDGE ( 'NONE', *, *, #557, .F. ) ;
#2630 = VERTEX_POINT ( 'NONE', #2040 ) ;
#2631 = CARTESIAN_POINT ( 'NONE',  ( -1.150000000000000355, 0.5500000000000000444, 0.04999999999999994033 ) ) ;
#2632 = FILL_AREA_STYLE_COLOUR ( '', #2259 ) ;
#2633 = DIRECTION ( 'NONE',  ( -0.000000000000000000, 1.000000000000000000, -0.000000000000000000 ) ) ;
#2634 = VECTOR ( 'NONE', #2362, 1000.000000000000000 ) ;
#2635 = ORIENTED_EDGE ( 'NONE', *, *, #830, .T. ) ;
#2636 = UNCERTAINTY_MEASURE_WITH_UNIT (LENGTH_MEASURE( 1.000000000000000082E-05 ), #1914, 'distance_accuracy_value', 'NONE');
#2637 = PRESENTATION_STYLE_ASSIGNMENT (( #1850 ) ) ;
#2638 = VECTOR ( 'NONE', #2291, 1000.000000000000000 ) ;
#2639 = PLANE ( 'NONE',  #910 ) ;
#2640 = DIRECTION ( 'NONE',  ( 1.264902534566421675E-16, 0.000000000000000000, -1.000000000000000000 ) ) ;
#2641 = EDGE_CURVE ( 'NONE', #1339, #2645, #3053, .T. ) ;
#2642 =( GEOMETRIC_REPRESENTATION_CONTEXT ( 3 ) GLOBAL_UNCERTAINTY_ASSIGNED_CONTEXT ( ( #1340 ) ) GLOBAL_UNIT_ASSIGNED_CONTEXT ( ( #1647, #3256, #1866 ) ) REPRESENTATION_CONTEXT ( 'NONE', 'WORKASPACE' ) );
#2643 = CARTESIAN_POINT ( 'NONE',  ( 6.776263578034420431E-18, 0.5500000000000000444, 0.05000000000000009992 ) ) ;
#2644 = ORIENTED_EDGE ( 'NONE', *, *, #2600, .T. ) ;
#2645 = VERTEX_POINT ( 'NONE', #971 ) ;
#2646 = VECTOR ( 'NONE', #345, 1000.000000000000000 ) ;
#2647 = SURFACE_STYLE_USAGE ( .BOTH. , #1325 ) ;
#2648 = PLANE ( 'NONE',  #1851 ) ;
#2649 = VERTEX_POINT ( 'NONE', #949 ) ;
#2650 = STYLED_ITEM ( 'NONE', ( #342 ), #607 ) ;
#2651 = ORIENTED_EDGE ( 'NONE', *, *, #1017, .T. ) ;
#2652 = SURFACE_STYLE_FILL_AREA ( #1126 ) ;
#2653 =( NAMED_UNIT ( * ) SI_UNIT ( $, .STERADIAN. ) SOLID_ANGLE_UNIT ( ) );
#2654 = MECHANICAL_DESIGN_GEOMETRIC_PRESENTATION_REPRESENTATION (  '', ( #933 ), #1562 ) ;
#2655 = CARTESIAN_POINT ( 'NONE',  ( 0.5999999999999998668, -0.02000000000000000042, -0.1000000000000000194 ) ) ;
#2656 = FILL_AREA_STYLE_COLOUR ( '', #1177 ) ;
#2657 = CARTESIAN_POINT ( 'NONE',  ( -1.349999999999999867, 0.000000000000000000, -0.000000000000000000 ) ) ;
#2658 = CARTESIAN_POINT ( 'NONE',  ( 0.000000000000000000, -0.02000000000000000042, -0.2500000000000000555 ) ) ;
#2659 =( NAMED_UNIT ( * ) PLANE_ANGLE_UNIT ( ) SI_UNIT ( $, .RADIAN. ) );
#2660 = DIRECTION ( 'NONE',  ( -2.168404344971009262E-15, 0.000000000000000000, -1.000000000000000000 ) ) ;
#2661 = VERTEX_POINT ( 'NONE', #3040 ) ;
#2662 = FACE_OUTER_BOUND ( 'NONE', #1874, .T. ) ;
#2663 = EDGE_CURVE ( 'NONE', #1059, #2408, #1737, .T. ) ;
#2664 = DIRECTION ( 'NONE',  ( 0.000000000000000000, 0.000000000000000000, 1.000000000000000000 ) ) ;
#2665 = VERTEX_POINT ( 'NONE', #3315 ) ;
#2666 = FILL_AREA_STYLE ('',( #2956 ) ) ;
#2667 = CARTESIAN_POINT ( 'NONE',  ( -0.5999999999999998668, -0.000000000000000000, -1.858632295689436102E-16 ) ) ;
#2668 = EDGE_CURVE ( 'NONE', #86, #556, #2008, .T. ) ;
#2669 = ORIENTED_EDGE ( 'NONE', *, *, #2371, .F. ) ;
#2670 =( NAMED_UNIT ( * ) SI_UNIT ( $, .STERADIAN. ) SOLID_ANGLE_UNIT ( ) );
#2671 = VECTOR ( 'NONE', #3218, 1000.000000000000000 ) ;
#2672 = UNCERTAINTY_MEASURE_WITH_UNIT (LENGTH_MEASURE( 1.000000000000000082E-05 ), #761, 'distance_accuracy_value', 'NONE');
#2673 = FILL_AREA_STYLE_COLOUR ( '', #424 ) ;
#2674 = VECTOR ( 'NONE', #2780, 1000.000000000000000 ) ;
#2675 = CARTESIAN_POINT ( 'NONE',  ( 0.2999999999999993783, -0.02000000000000000042, -6.505213034913013785E-16 ) ) ;
#2676 = SURFACE_SIDE_STYLE ('',( #1632 ) ) ;
#2677 =( GEOMETRIC_REPRESENTATION_CONTEXT ( 3 ) GLOBAL_UNCERTAINTY_ASSIGNED_CONTEXT ( ( #2201 ) ) GLOBAL_UNIT_ASSIGNED_CONTEXT ( ( #337, #2386, #1988 ) ) REPRESENTATION_CONTEXT ( 'NONE', 'WORKASPACE' ) );
#2678 = SURFACE_SIDE_STYLE ('',( #927 ) ) ;
#2679 = DIRECTION ( 'NONE',  ( -0.000000000000000000, 1.000000000000000000, -0.000000000000000000 ) ) ;
#2680 = VERTEX_POINT ( 'NONE', #2808 ) ;
#2681 = STYLED_ITEM ( 'NONE', ( #3138 ), #3152 ) ;
#2682 = ORIENTED_EDGE ( 'NONE', *, *, #2668, .F. ) ;
#2683 = LINE ( 'NONE', #3233, #2671 ) ;
#2684 = MECHANICAL_DESIGN_GEOMETRIC_PRESENTATION_REPRESENTATION (  '', ( #1385 ), #1274 ) ;
#2685 = SURFACE_SIDE_STYLE ('',( #947 ) ) ;
#2686 = SURFACE_SIDE_STYLE ('',( #1954 ) ) ;
#2687 = FACE_OUTER_BOUND ( 'NONE', #1915, .T. ) ;
#2688 = ORIENTED_EDGE ( 'NONE', *, *, #1597, .F. ) ;
#2689 = ORIENTED_EDGE ( 'NONE', *, *, #793, .T. ) ;
#2690 = DIRECTION ( 'NONE',  ( 0.000000000000000000, 0.000000000000000000, 1.000000000000000000 ) ) ;
#2691 = PRESENTATION_STYLE_ASSIGNMENT (( #2391 ) ) ;
#2692 = EDGE_CURVE ( 'NONE', #2229, #556, #726, .T. ) ;
#2693 = CARTESIAN_POINT ( 'NONE',  ( 1.050000000000000266, 0.5500000000000000444, -0.2500000000000000555 ) ) ;
#2694 = SURFACE_STYLE_FILL_AREA ( #2963 ) ;
#2695 = SURFACE_STYLE_USAGE ( .BOTH. , #1650 ) ;
#2696 = VERTEX_POINT ( 'NONE', #1248 ) ;
#2697 = LINE ( 'NONE', #1155, #707 ) ;
#2698 = LINE ( 'NONE', #3248, #10 ) ;
#2699 = SURFACE_STYLE_USAGE ( .BOTH. , #1948 ) ;
#2700 = ORIENTED_EDGE ( 'NONE', *, *, #1158, .F. ) ;
#2701 = VECTOR ( 'NONE', #1461, 1000.000000000000000 ) ;
#2702 = CARTESIAN_POINT ( 'NONE',  ( 1.350000000000000311, 0.5300000000000000266, 0.1000000000000000472 ) ) ;
#2703 = VERTEX_POINT ( 'NONE', #255 ) ;
#2704 = FILL_AREA_STYLE ('',( #2463 ) ) ;
#2705 = MECHANICAL_DESIGN_GEOMETRIC_PRESENTATION_REPRESENTATION (  '', ( #1293 ), #925 ) ;
#2706 = FILL_AREA_STYLE_COLOUR ( '', #642 ) ;
#2707 = CARTESIAN_POINT ( 'NONE',  ( -0.4999999999999997780, 0.000000000000000000, 0.1999999999999999278 ) ) ;
#2708 =( GEOMETRIC_REPRESENTATION_CONTEXT ( 3 ) GLOBAL_UNCERTAINTY_ASSIGNED_CONTEXT ( ( #585 ) ) GLOBAL_UNIT_ASSIGNED_CONTEXT ( ( #2132, #879, #1876 ) ) REPRESENTATION_CONTEXT ( 'NONE', 'WORKASPACE' ) );
#2709 = VERTEX_POINT ( 'NONE', #996 ) ;
#2710 = VERTEX_POINT ( 'NONE', #1481 ) ;
#2711 =( LENGTH_UNIT ( ) NAMED_UNIT ( * ) SI_UNIT ( .MILLI., .METRE. ) );
#2712 = COLOUR_RGB ( '',0.7921568627450980005, 0.8196078431372548767, 0.9333333333333333481 ) ;
#2713 = DIRECTION ( 'NONE',  ( 1.355252715606881529E-16, -0.000000000000000000, 1.000000000000000000 ) ) ;
#2714 = UNCERTAINTY_MEASURE_WITH_UNIT (LENGTH_MEASURE( 1.000000000000000082E-05 ), #1093, 'distance_accuracy_value', 'NONE');
#2715 =( GEOMETRIC_REPRESENTATION_CONTEXT ( 3 ) GLOBAL_UNCERTAINTY_ASSIGNED_CONTEXT ( ( #2761 ) ) GLOBAL_UNIT_ASSIGNED_CONTEXT ( ( #94, #2437, #623 ) ) REPRESENTATION_CONTEXT ( 'NONE', 'WORKASPACE' ) );
#2716 = EDGE_CURVE ( 'NONE', #1749, #2360, #2220, .T. ) ;
#2717 = AXIS2_PLACEMENT_3D ( 'NONE', #170, #2786, #1980 ) ;
#2718 = ORIENTED_EDGE ( 'NONE', *, *, #2582, .T. ) ;
#2719 = VECTOR ( 'NONE', #1743, 1000.000000000000000 ) ;
#2720 = SURFACE_STYLE_USAGE ( .BOTH. , #2676 ) ;
#2721 = FACE_OUTER_BOUND ( 'NONE', #1078, .T. ) ;
#2722 = ORIENTED_EDGE ( 'NONE', *, *, #2198, .T. ) ;
#2723 = DIRECTION ( 'NONE',  ( -0.000000000000000000, -1.000000000000000000, -0.000000000000000000 ) ) ;
#2724 = ORIENTED_EDGE ( 'NONE', *, *, #2023, .T. ) ;
#2725 = SURFACE_STYLE_FILL_AREA ( #2704 ) ;
#2726 = DIRECTION ( 'NONE',  ( -0.000000000000000000, 1.000000000000000000, -0.000000000000000000 ) ) ;
#2727 = EDGE_LOOP ( 'NONE', ( #3215, #1968, #2969, #1869 ) ) ;
#2728 = UNCERTAINTY_MEASURE_WITH_UNIT (LENGTH_MEASURE( 1.000000000000000082E-05 ), #794, 'distance_accuracy_value', 'NONE');
#2729 = ORIENTED_EDGE ( 'NONE', *, *, #272, .T. ) ;
#2730 = SURFACE_SIDE_STYLE ('',( #1754 ) ) ;
#2731 = FILL_AREA_STYLE_COLOUR ( '', #2942 ) ;
#2732 = SURFACE_STYLE_FILL_AREA ( #661 ) ;
#2733 = ADVANCED_FACE ( 'NONE', ( #737 ), #1513, .F. ) ;
#2734 = ORIENTED_EDGE ( 'NONE', *, *, #278, .F. ) ;
#2735 = VECTOR ( 'NONE', #1058, 1000.000000000000000 ) ;
#2736 = LINE ( 'NONE', #423, #1667 ) ;
#2737 = FILL_AREA_STYLE ('',( #2457 ) ) ;
#2738 = EDGE_CURVE ( 'NONE', #862, #3042, #1972, .T. ) ;
#2739 = EDGE_CURVE ( 'NONE', #2405, #270, #471, .T. ) ;
#2740 = EDGE_LOOP ( 'NONE', ( #2302, #1620, #1919, #2756 ) ) ;
#2741 = APPLICATION_CONTEXT ( 'automotive_design' ) ;
#2742 = AXIS2_PLACEMENT_3D ( 'NONE', #1760, #799, #531 ) ;
#2743 = APPLICATION_PROTOCOL_DEFINITION ( 'draft international standard', 'automotive_design', 1998, #3035 ) ;
#2744 =( NAMED_UNIT ( * ) PLANE_ANGLE_UNIT ( ) SI_UNIT ( $, .RADIAN. ) );
#2745 = AXIS2_PLACEMENT_3D ( 'NONE', #536, #1575, #1848 ) ;
#2746 = ORIENTED_EDGE ( 'NONE', *, *, #2975, .T. ) ;
#2747 = VERTEX_POINT ( 'NONE', #3096 ) ;
#2748 = SURFACE_STYLE_USAGE ( .BOTH. , #1704 ) ;
#2749 = MECHANICAL_DESIGN_GEOMETRIC_PRESENTATION_REPRESENTATION (  '', ( #2297 ), #3159 ) ;
#2750 = PRESENTATION_STYLE_ASSIGNMENT (( #1255 ) ) ;
#2751 = CARTESIAN_POINT ( 'NONE',  ( 1.000000000000000000, -0.02000000000000000042, -0.2500000000000000555 ) ) ;
#2752 = ORIENTED_EDGE ( 'NONE', *, *, #3301, .F. ) ;
#2753 = CARTESIAN_POINT ( 'NONE',  ( -1.175000000000000044, -0.02000000000000000042, -0.2000000000000000944 ) ) ;
#2754 = PRESENTATION_STYLE_ASSIGNMENT (( #1714 ) ) ;
#2755 = PRESENTATION_STYLE_ASSIGNMENT (( #1717 ) ) ;
#2756 = ORIENTED_EDGE ( 'NONE', *, *, #1509, .T. ) ;
#2757 = ORIENTED_EDGE ( 'NONE', *, *, #2263, .F. ) ;
#2758 = SHAPE_DEFINITION_REPRESENTATION ( #2860, #1792 ) ;
#2759 = EDGE_CURVE ( 'NONE', #1766, #1949, #1598, .T. ) ;
#2760 = EDGE_CURVE ( 'NONE', #3283, #2930, #1070, .T. ) ;
#2761 = UNCERTAINTY_MEASURE_WITH_UNIT (LENGTH_MEASURE( 1.000000000000000082E-05 ), #94, 'distance_accuracy_value', 'NONE');
#2762 = ORIENTED_EDGE ( 'NONE', *, *, #2252, .T. ) ;
#2763 =( NAMED_UNIT ( * ) PLANE_ANGLE_UNIT ( ) SI_UNIT ( $, .RADIAN. ) );
#2764 = EDGE_CURVE ( 'NONE', #2882, #68, #2895, .T. ) ;
#2765 = VECTOR ( 'NONE', #3062, 1000.000000000000000 ) ;
#2766 = CARTESIAN_POINT ( 'NONE',  ( 0.5999999999999998668, -0.02000000000000000042, 0.2499999999999999445 ) ) ;
#2767 = AXIS2_PLACEMENT_3D ( 'NONE', #407, #1654, #2175 ) ;
#2768 = PLANE ( 'NONE',  #1273 ) ;
#2769 = VECTOR ( 'NONE', #469, 1000.000000000000000 ) ;
#2770 = ORIENTED_EDGE ( 'NONE', *, *, #2692, .F. ) ;
#2771 = CARTESIAN_POINT ( 'NONE',  ( 0.000000000000000000, -0.02000000000000000042, 0.2499999999999999445 ) ) ;
#2772 = SURFACE_STYLE_FILL_AREA ( #1730 ) ;
#2773 = DIRECTION ( 'NONE',  ( -0.000000000000000000, 1.000000000000000000, -0.000000000000000000 ) ) ;
#2774 = SURFACE_STYLE_FILL_AREA ( #2829 ) ;
#2775 = DIRECTION ( 'NONE',  ( -0.000000000000000000, 1.000000000000000000, -0.000000000000000000 ) ) ;
#2776 = ORIENTED_EDGE ( 'NONE', *, *, #741, .F. ) ;
#2777 = STYLED_ITEM ( 'NONE', ( #2952 ), #850 ) ;
#2778 =( NAMED_UNIT ( * ) SI_UNIT ( $, .STERADIAN. ) SOLID_ANGLE_UNIT ( ) );
#2779 = PLANE ( 'NONE',  #2996 ) ;
#2780 = DIRECTION ( 'NONE',  ( 1.000000000000000000, 0.000000000000000000, 0.000000000000000000 ) ) ;
#2781 = VERTEX_POINT ( 'NONE', #1812 ) ;
#2782 = PLANE ( 'NONE',  #1462 ) ;
#2783 = CARTESIAN_POINT ( 'NONE',  ( 1.000000000000000000, -0.02000000000000000042, -0.2500000000000000555 ) ) ;
#2784 = EDGE_CURVE ( 'NONE', #2351, #1072, #1321, .T. ) ;
#2785 = ADVANCED_FACE ( 'NONE', ( #285 ), #1565, .T. ) ;
#2786 = DIRECTION ( 'NONE',  ( 1.000000000000000000, 0.000000000000000000, 0.000000000000000000 ) ) ;
#2787 =( NAMED_UNIT ( * ) SI_UNIT ( $, .STERADIAN. ) SOLID_ANGLE_UNIT ( ) );
#2788 = ORIENTED_EDGE ( 'NONE', *, *, #1987, .T. ) ;
#2789 = DIRECTION ( 'NONE',  ( 0.000000000000000000, 1.000000000000000000, -0.000000000000000000 ) ) ;
#2790 = CARTESIAN_POINT ( 'NONE',  ( 1.175000000000000044, -0.02000000000000000042, -0.2000000000000000944 ) ) ;
#2791 = LINE ( 'NONE', #3036, #958 ) ;
#2792 = ORIENTED_EDGE ( 'NONE', *, *, #1691, .F. ) ;
#2793 = FILL_AREA_STYLE_COLOUR ( '', #2237 ) ;
#2794 = VECTOR ( 'NONE', #2628, 1000.000000000000000 ) ;
#2795 =( NAMED_UNIT ( * ) PLANE_ANGLE_UNIT ( ) SI_UNIT ( $, .RADIAN. ) );
#2796 = AXIS2_PLACEMENT_3D ( 'NONE', #2097, #884, #317 ) ;
#2797 = EDGE_LOOP ( 'NONE', ( #2413, #1931, #2973, #1955 ) ) ;
#2798 = FILL_AREA_STYLE ('',( #1238 ) ) ;
#2799 =( NAMED_UNIT ( * ) SI_UNIT ( $, .STERADIAN. ) SOLID_ANGLE_UNIT ( ) );
#2800 = MECHANICAL_DESIGN_GEOMETRIC_PRESENTATION_REPRESENTATION (  '', ( #1224 ), #2677 ) ;
#2801 =( GEOMETRIC_REPRESENTATION_CONTEXT ( 3 ) GLOBAL_UNCERTAINTY_ASSIGNED_CONTEXT ( ( #165 ) ) GLOBAL_UNIT_ASSIGNED_CONTEXT ( ( #1115, #941, #703 ) ) REPRESENTATION_CONTEXT ( 'NONE', 'WORKASPACE' ) );
#2802 = EDGE_CURVE ( 'NONE', #1072, #1745, #2835, .T. ) ;
#2803 = STYLED_ITEM ( 'NONE', ( #1428 ), #3324 ) ;
#2804 = FACE_OUTER_BOUND ( 'NONE', #3177, .T. ) ;
#2805 = CARTESIAN_POINT ( 'NONE',  ( 0.000000000000000000, 0.5500000000000000444, 0.000000000000000000 ) ) ;
#2806 = SURFACE_STYLE_USAGE ( .BOTH. , #2230 ) ;
#2807 = VERTEX_POINT ( 'NONE', #519 ) ;
#2808 = CARTESIAN_POINT ( 'NONE',  ( 1.350000000000000311, 0.000000000000000000, -0.1000000000000000749 ) ) ;
#2809 = ORIENTED_EDGE ( 'NONE', *, *, #2760, .F. ) ;
#2810 = DIRECTION ( 'NONE',  ( -1.000000000000000000, 0.000000000000000000, 0.000000000000000000 ) ) ;
#2811 = PRESENTATION_LAYER_ASSIGNMENT (  '', '', ( #1664 ) ) ;
#2812 = VERTEX_POINT ( 'NONE', #1290 ) ;
#2813 = DIRECTION ( 'NONE',  ( -1.000000000000000000, 0.000000000000000000, 0.000000000000000000 ) ) ;
#2814 = ADVANCED_FACE ( 'NONE', ( #18 ), #553, .F. ) ;
#2815 = SURFACE_STYLE_USAGE ( .BOTH. , #2324 ) ;
#2816 = FILL_AREA_STYLE_COLOUR ( '', #2378 ) ;
#2817 = LINE ( 'NONE', #501, #1493 ) ;
#2818 = VECTOR ( 'NONE', #812, 1000.000000000000000 ) ;
#2819 = COLOUR_RGB ( '',1.000000000000000000, 1.000000000000000000, 1.000000000000000000 ) ;
#2820 = CARTESIAN_POINT ( 'NONE',  ( 1.350000000000000311, 0.5300000000000000266, -0.2500000000000000555 ) ) ;
#2821 = ORIENTED_EDGE ( 'NONE', *, *, #2045, .T. ) ;
#2822 = CARTESIAN_POINT ( 'NONE',  ( -0.4999999999999993339, -0.02000000000000000042, -1.084202172485502659E-15 ) ) ;
#2823 = EDGE_LOOP ( 'NONE', ( #341, #1567, #1467, #351 ) ) ;
#2824 = CARTESIAN_POINT ( 'NONE',  ( 1.050000000000000044, -0.02000000000000000042, 0.2499999999999999445 ) ) ;
#2825 = SURFACE_STYLE_FILL_AREA ( #1844 ) ;
#2826 =( NAMED_UNIT ( * ) PLANE_ANGLE_UNIT ( ) SI_UNIT ( $, .RADIAN. ) );
#2827 = SURFACE_STYLE_USAGE ( .BOTH. , #2076 ) ;
#2828 = DIRECTION ( 'NONE',  ( -0.000000000000000000, 1.000000000000000000, -0.000000000000000000 ) ) ;
#2829 = FILL_AREA_STYLE ('',( #1231 ) ) ;
#2830 = PRODUCT_RELATED_PRODUCT_CATEGORY ( 'part', '', ( #1026 ) ) ;
#2831 = CARTESIAN_POINT ( 'NONE',  ( -1.264902534566420813E-17, -0.02000000000000000042, -0.09999999999999993616 ) ) ;
#2832 = ADVANCED_FACE ( 'NONE', ( #2662 ), #1139, .T. ) ;
#2833 = ADVANCED_FACE ( 'NONE', ( #2176 ), #2217, .F. ) ;
#2834 = STYLED_ITEM ( 'NONE', ( #3209 ), #2119 ) ;
#2835 = LINE ( 'NONE', #2108, #2123 ) ;
#2836 = DIRECTION ( 'NONE',  ( 0.000000000000000000, 0.000000000000000000, 1.000000000000000000 ) ) ;
#2837 = ORIENTED_EDGE ( 'NONE', *, *, #42, .F. ) ;
#2838 = VECTOR ( 'NONE', #3241, 1000.000000000000000 ) ;
#2839 = DIRECTION ( 'NONE',  ( -1.000000000000000000, 0.000000000000000000, -0.000000000000000000 ) ) ;
#2840 = DIRECTION ( 'NONE',  ( -1.000000000000000000, 0.000000000000000000, -1.264902534566421675E-16 ) ) ;
#2841 = VECTOR ( 'NONE', #504, 1000.000000000000000 ) ;
#2842 = VERTEX_POINT ( 'NONE', #3278 ) ;
#2843 =( LENGTH_UNIT ( ) NAMED_UNIT ( * ) SI_UNIT ( .MILLI., .METRE. ) );
#2844 = DIRECTION ( 'NONE',  ( 1.000000000000000000, 0.000000000000000000, -1.355252715606881036E-16 ) ) ;
#2845 = MECHANICAL_DESIGN_GEOMETRIC_PRESENTATION_REPRESENTATION (  '', ( #2621 ), #576 ) ;
#2846 = FACE_OUTER_BOUND ( 'NONE', #693, .T. ) ;
#2847 = FACE_OUTER_BOUND ( 'NONE', #1091, .T. ) ;
#2848 = AXIS2_PLACEMENT_3D ( 'NONE', #832, #1350, #310 ) ;
#2849 =( GEOMETRIC_REPRESENTATION_CONTEXT ( 3 ) GLOBAL_UNCERTAINTY_ASSIGNED_CONTEXT ( ( #1702 ) ) GLOBAL_UNIT_ASSIGNED_CONTEXT ( ( #2381, #3156, #626 ) ) REPRESENTATION_CONTEXT ( 'NONE', 'WORKASPACE' ) );
#2850 = FILL_AREA_STYLE ('',( #1043 ) ) ;
#2851 = EDGE_CURVE ( 'NONE', #2178, #1944, #3290, .T. ) ;
#2852 = EDGE_LOOP ( 'NONE', ( #2161, #2560, #2233, #2124 ) ) ;
#2853 = DIRECTION ( 'NONE',  ( 1.000000000000000000, 0.000000000000000000, 0.000000000000000000 ) ) ;
#2854 =( NAMED_UNIT ( * ) PLANE_ANGLE_UNIT ( ) SI_UNIT ( $, .RADIAN. ) );
#2855 = MECHANICAL_DESIGN_GEOMETRIC_PRESENTATION_REPRESENTATION (  '', ( #1820 ), #1337 ) ;
#2856 = LINE ( 'NONE', #1570, #2318 ) ;
#2857 = PLANE ( 'NONE',  #2796 ) ;
#2858 =( NAMED_UNIT ( * ) PLANE_ANGLE_UNIT ( ) SI_UNIT ( $, .RADIAN. ) );
#2859 = PRESENTATION_LAYER_ASSIGNMENT (  '', '', ( #1554 ) ) ;
#2860 = PRODUCT_DEFINITION_SHAPE ( 'NONE', 'NONE',  #83 ) ;
#2861 = SURFACE_STYLE_USAGE ( .BOTH. , #3122 ) ;
#2862 = VECTOR ( 'NONE', #2214, 1000.000000000000000 ) ;
#2863 = AXIS2_PLACEMENT_3D ( 'NONE', #485, #778, #242 ) ;
#2864 = FILL_AREA_STYLE ('',( #1813 ) ) ;
#2865 = ORIENTED_EDGE ( 'NONE', *, *, #1509, .F. ) ;
#2866 = COLOUR_RGB ( '',0.000000000000000000, 0.5019607843137254832, 0.000000000000000000 ) ;
#2867 = ADVANCED_FACE ( 'NONE', ( #3323 ), #2043, .T. ) ;
#2868 = DIRECTION ( 'NONE',  ( 0.000000000000000000, 0.000000000000000000, 1.000000000000000000 ) ) ;
#2869 = DIRECTION ( 'NONE',  ( -1.000000000000000000, 0.000000000000000000, 0.000000000000000000 ) ) ;
#2870 = ORIENTED_EDGE ( 'NONE', *, *, #1133, .T. ) ;
#2871 = ORIENTED_EDGE ( 'NONE', *, *, #1898, .T. ) ;
#2872 = CARTESIAN_POINT ( 'NONE',  ( -0.4999999999999998890, -0.02000000000000000042, 0.2499999999999999445 ) ) ;
#2873 = CARTESIAN_POINT ( 'NONE',  ( -0.2999999999999998224, -0.02000000000000000042, 0.1999999999999999556 ) ) ;
#2874 = LINE ( 'NONE', #1283, #308 ) ;
#2875 = FILL_AREA_STYLE ('',( #1053 ) ) ;
#2876 = FACE_OUTER_BOUND ( 'NONE', #136, .T. ) ;
#2877 = DIRECTION ( 'NONE',  ( 0.000000000000000000, 0.000000000000000000, 1.000000000000000000 ) ) ;
#2878 = VERTEX_POINT ( 'NONE', #591 ) ;
#2879 = STYLED_ITEM ( 'NONE', ( #2637 ), #2094 ) ;
#2880 = DIRECTION ( 'NONE',  ( 0.000000000000000000, 0.000000000000000000, 1.000000000000000000 ) ) ;
#2881 = AXIS2_PLACEMENT_3D ( 'NONE', #2083, #84, #2880 ) ;
#2882 = VERTEX_POINT ( 'NONE', #1102 ) ;
#2883 = LINE ( 'NONE', #2138, #1315 ) ;
#2884 = CARTESIAN_POINT ( 'NONE',  ( 1.350000000000000311, -0.02000000000000000042, -0.2500000000000000555 ) ) ;
#2885 = SURFACE_SIDE_STYLE ('',( #71 ) ) ;
#2886 = MECHANICAL_DESIGN_GEOMETRIC_PRESENTATION_REPRESENTATION (  '', ( #1852 ), #1378 ) ;
#2887 = ADVANCED_FACE ( 'NONE', ( #2135 ), #3265, .F. ) ;
#2888 = CARTESIAN_POINT ( 'NONE',  ( 1.100000000000000089, -0.02000000000000000042, -0.2500000000000000555 ) ) ;
#2889 = FILL_AREA_STYLE_COLOUR ( '', #2136 ) ;
#2890 = DIRECTION ( 'NONE',  ( 0.000000000000000000, 0.000000000000000000, 1.000000000000000000 ) ) ;
#2891 = VECTOR ( 'NONE', #2106, 1000.000000000000000 ) ;
#2892 = VECTOR ( 'NONE', #2660, 1000.000000000000000 ) ;
#2893 = SURFACE_SIDE_STYLE ('',( #681 ) ) ;
#2894 = MECHANICAL_DESIGN_GEOMETRIC_PRESENTATION_REPRESENTATION (  '', ( #755 ), #2188 ) ;
#2895 = LINE ( 'NONE', #2643, #417 ) ;
#2896 = ORIENTED_EDGE ( 'NONE', *, *, #2802, .T. ) ;
#2897 = PLANE ( 'NONE',  #3123 ) ;
#2898 = ORIENTED_EDGE ( 'NONE', *, *, #1572, .T. ) ;
#2899 = UNCERTAINTY_MEASURE_WITH_UNIT (LENGTH_MEASURE( 1.000000000000000082E-05 ), #3169, 'distance_accuracy_value', 'NONE');
#2900 = SURFACE_STYLE_USAGE ( .BOTH. , #2685 ) ;
#2901 = SURFACE_STYLE_USAGE ( .BOTH. , #1816 ) ;
#2902 = FACE_OUTER_BOUND ( 'NONE', #664, .T. ) ;
#2903 = ORIENTED_EDGE ( 'NONE', *, *, #2544, .F. ) ;
#2904 = VERTEX_POINT ( 'NONE', #613 ) ;
#2905 = LINE ( 'NONE', #1607, #2423 ) ;
#2906 =( NAMED_UNIT ( * ) SI_UNIT ( $, .STERADIAN. ) SOLID_ANGLE_UNIT ( ) );
#2907 = CARTESIAN_POINT ( 'NONE',  ( 0.5999999999999998668, -0.000000000000000000, -1.858632295689436102E-16 ) ) ;
#2908 = MECHANICAL_DESIGN_GEOMETRIC_PRESENTATION_REPRESENTATION (  '', ( #2587 ), #2420 ) ;
#2909 =( NAMED_UNIT ( * ) PLANE_ANGLE_UNIT ( ) SI_UNIT ( $, .RADIAN. ) );
#2910 = VERTEX_POINT ( 'NONE', #1377 ) ;
#2911 = UNCERTAINTY_MEASURE_WITH_UNIT (LENGTH_MEASURE( 1.000000000000000082E-05 ), #674, 'distance_accuracy_value', 'NONE');
#2912 = FILL_AREA_STYLE_COLOUR ( '', #2516 ) ;
#2913 = FACE_OUTER_BOUND ( 'NONE', #100, .T. ) ;
#2914 = SURFACE_STYLE_USAGE ( .BOTH. , #1873 ) ;
#2915 = EDGE_CURVE ( 'NONE', #2882, #2110, #3005, .T. ) ;
#2916 = EDGE_CURVE ( 'NONE', #3253, #1679, #194, .T. ) ;
#2917 = ORIENTED_EDGE ( 'NONE', *, *, #3261, .F. ) ;
#2918 = LINE ( 'NONE', #631, #814 ) ;
#2919 = ORIENTED_EDGE ( 'NONE', *, *, #2959, .F. ) ;
#2920 =( NAMED_UNIT ( * ) SI_UNIT ( $, .STERADIAN. ) SOLID_ANGLE_UNIT ( ) );
#2921 =( GEOMETRIC_REPRESENTATION_CONTEXT ( 3 ) GLOBAL_UNCERTAINTY_ASSIGNED_CONTEXT ( ( #1971 ) ) GLOBAL_UNIT_ASSIGNED_CONTEXT ( ( #981, #3064, #2540 ) ) REPRESENTATION_CONTEXT ( 'NONE', 'WORKASPACE' ) );
#2922 = PRESENTATION_STYLE_ASSIGNMENT (( #2113 ) ) ;
#2923 = VECTOR ( 'NONE', #22, 1000.000000000000000 ) ;
#2924 = ORIENTED_EDGE ( 'NONE', *, *, #2223, .F. ) ;
#2925 = CARTESIAN_POINT ( 'NONE',  ( -0.5999999999999998668, -0.02000000000000000042, -1.858632295689436102E-16 ) ) ;
#2926 = SURFACE_STYLE_USAGE ( .BOTH. , #1590 ) ;
#2927 = LINE ( 'NONE', #923, #1558 ) ;
#2928 = CARTESIAN_POINT ( 'NONE',  ( 1.050000000000000044, -0.02000000000000000042, 0.04999999999999995420 ) ) ;
#2929 = CARTESIAN_POINT ( 'NONE',  ( 0.4999999999999997780, -0.02000000000000000042, -2.930111197586232766E-18 ) ) ;
#2930 = VERTEX_POINT ( 'NONE', #1966 ) ;
#2931 = ORIENTED_EDGE ( 'NONE', *, *, #1546, .F. ) ;
#2932 = DIRECTION ( 'NONE',  ( 1.000000000000000000, 0.000000000000000000, -1.084202172485504557E-16 ) ) ;
#2933 = ADVANCED_FACE ( 'NONE', ( #635 ), #103, .F. ) ;
#2934 = CARTESIAN_POINT ( 'NONE',  ( 0.000000000000000000, -0.02000000000000000042, -0.2500000000000000555 ) ) ;
#2935 =( NAMED_UNIT ( * ) SI_UNIT ( $, .STERADIAN. ) SOLID_ANGLE_UNIT ( ) );
#2936 = SURFACE_STYLE_FILL_AREA ( #541 ) ;
#2937 = ORIENTED_EDGE ( 'NONE', *, *, #2641, .T. ) ;
#2938 = DIRECTION ( 'NONE',  ( -0.000000000000000000, 1.000000000000000000, -0.000000000000000000 ) ) ;
#2939 =( NAMED_UNIT ( * ) PLANE_ANGLE_UNIT ( ) SI_UNIT ( $, .RADIAN. ) );
#2940 = UNCERTAINTY_MEASURE_WITH_UNIT (LENGTH_MEASURE( 1.000000000000000082E-05 ), #1889, 'distance_accuracy_value', 'NONE');
#2941 =( LENGTH_UNIT ( ) NAMED_UNIT ( * ) SI_UNIT ( .MILLI., .METRE. ) );
#2942 = COLOUR_RGB ( '',0.9686274509803921573, 0.8784313725490195957, 0.5999999999999999778 ) ;
#2943 = PRESENTATION_STYLE_ASSIGNMENT (( #1628 ) ) ;
#2944 = CARTESIAN_POINT ( 'NONE',  ( 0.000000000000000000, -0.02000000000000000042, -0.2000000000000001221 ) ) ;
#2945 = SURFACE_STYLE_FILL_AREA ( #2964 ) ;
#2946 = VECTOR ( 'NONE', #2275, 1000.000000000000000 ) ;
#2947 =( GEOMETRIC_REPRESENTATION_CONTEXT ( 3 ) GLOBAL_UNCERTAINTY_ASSIGNED_CONTEXT ( ( #2586 ) ) GLOBAL_UNIT_ASSIGNED_CONTEXT ( ( #1469, #2795, #2269 ) ) REPRESENTATION_CONTEXT ( 'NONE', 'WORKASPACE' ) );
#2948 = SURFACE_SIDE_STYLE ('',( #1116 ) ) ;
#2949 =( LENGTH_UNIT ( ) NAMED_UNIT ( * ) SI_UNIT ( .MILLI., .METRE. ) );
#2950 =( NAMED_UNIT ( * ) PLANE_ANGLE_UNIT ( ) SI_UNIT ( $, .RADIAN. ) );
#2951 = CARTESIAN_POINT ( 'NONE',  ( -1.349999999999999867, -0.02000000000000000042, -0.2500000000000000555 ) ) ;
#2952 = PRESENTATION_STYLE_ASSIGNMENT (( #1715 ) ) ;
#2953 = ORIENTED_EDGE ( 'NONE', *, *, #2371, .T. ) ;
#2954 = PRESENTATION_LAYER_ASSIGNMENT (  '', '', ( #3106 ) ) ;
#2955 = ORIENTED_EDGE ( 'NONE', *, *, #2323, .F. ) ;
#2956 = FILL_AREA_STYLE_COLOUR ( '', #1049 ) ;
#2957 = VECTOR ( 'NONE', #2088, 1000.000000000000000 ) ;
#2958 = DIRECTION ( 'NONE',  ( 0.000000000000000000, 0.000000000000000000, 1.000000000000000000 ) ) ;
#2959 = EDGE_CURVE ( 'NONE', #2299, #3198, #2791, .T. ) ;
#2960 = ORIENTED_EDGE ( 'NONE', *, *, #997, .F. ) ;
#2961 = ORIENTED_EDGE ( 'NONE', *, *, #1185, .F. ) ;
#2962 = CARTESIAN_POINT ( 'NONE',  ( 0.4999999999999997780, -0.02000000000000000042, -2.930111197586232766E-18 ) ) ;
#2963 = FILL_AREA_STYLE ('',( #888 ) ) ;
#2964 = FILL_AREA_STYLE ('',( #2673 ) ) ;
#2965 = VERTEX_POINT ( 'NONE', #2054 ) ;
#2966 = LINE ( 'NONE', #2675, #2892 ) ;
#2967 = COLOUR_RGB ( '',1.000000000000000000, 1.000000000000000000, 1.000000000000000000 ) ;
#2968 =( NAMED_UNIT ( * ) SI_UNIT ( $, .STERADIAN. ) SOLID_ANGLE_UNIT ( ) );
#2969 = ORIENTED_EDGE ( 'NONE', *, *, #2663, .T. ) ;
#2970 = STYLED_ITEM ( 'NONE', ( #1615 ), #1524 ) ;
#2971 = SURFACE_STYLE_FILL_AREA ( #98 ) ;
#2972 = CARTESIAN_POINT ( 'NONE',  ( -1.349999999999999867, 0.5300000000000000266, 0.000000000000000000 ) ) ;
#2973 = ORIENTED_EDGE ( 'NONE', *, *, #1245, .T. ) ;
#2974 = ORIENTED_EDGE ( 'NONE', *, *, #1113, .F. ) ;
#2975 = EDGE_CURVE ( 'NONE', #318, #2645, #1495, .T. ) ;
#2976 = FILL_AREA_STYLE ('',( #1000 ) ) ;
#2977 = UNCERTAINTY_MEASURE_WITH_UNIT (LENGTH_MEASURE( 1.000000000000000082E-05 ), #3238, 'distance_accuracy_value', 'NONE');
#2978 = STYLED_ITEM ( 'NONE', ( #991 ), #440 ) ;
#2979 = EDGE_CURVE ( 'NONE', #1684, #2030, #1732, .T. ) ;
#2980 = PRESENTATION_STYLE_ASSIGNMENT (( #2452 ) ) ;
#2981 = MECHANICAL_DESIGN_GEOMETRIC_PRESENTATION_REPRESENTATION (  '', ( #1831 ), #3038 ) ;
#2982 = ORIENTED_EDGE ( 'NONE', *, *, #2010, .F. ) ;
#2983 = MECHANICAL_DESIGN_GEOMETRIC_PRESENTATION_REPRESENTATION (  '', ( #2104 ), #2921 ) ;
#2984 = FILL_AREA_STYLE_COLOUR ( '', #1024 ) ;
#2985 = PLANE ( 'NONE',  #2767 ) ;
#2986 = DIRECTION ( 'NONE',  ( -1.000000000000000000, 0.000000000000000000, 0.000000000000000000 ) ) ;
#2987 = EDGE_LOOP ( 'NONE', ( #2953, #2718, #2502, #3302 ) ) ;
#2988 = SURFACE_STYLE_FILL_AREA ( #1951 ) ;
#2989 =( NAMED_UNIT ( * ) SI_UNIT ( $, .STERADIAN. ) SOLID_ANGLE_UNIT ( ) );
#2990 = ORIENTED_EDGE ( 'NONE', *, *, #1299, .T. ) ;
#2991 = ORIENTED_EDGE ( 'NONE', *, *, #2301, .T. ) ;
#2992 = PLANE ( 'NONE',  #2011 ) ;
#2993 = DIRECTION ( 'NONE',  ( 1.000000000000000000, 0.000000000000000000, 3.097720492815728152E-16 ) ) ;
#2994 = CARTESIAN_POINT ( 'NONE',  ( -1.000000000000000000, -0.02000000000000000042, -0.2500000000000000555 ) ) ;
#2995 = CARTESIAN_POINT ( 'NONE',  ( 1.150000000000000355, 0.5500000000000000444, 0.2499999999999999445 ) ) ;
#2996 = AXIS2_PLACEMENT_3D ( 'NONE', #2619, #3188, #2142 ) ;
#2997 = EDGE_LOOP ( 'NONE', ( #796, #902, #1095, #2367 ) ) ;
#2998 = EDGE_CURVE ( 'NONE', #1814, #3285, #1765, .T. ) ;
#2999 = CIRCLE ( 'NONE', #1435, 0.08124999999999978073 ) ;
#3000 = DIRECTION ( 'NONE',  ( 0.000000000000000000, 0.000000000000000000, -1.000000000000000000 ) ) ;
#3001 =( NAMED_UNIT ( * ) PLANE_ANGLE_UNIT ( ) SI_UNIT ( $, .RADIAN. ) );
#3002 =( NAMED_UNIT ( * ) SI_UNIT ( $, .STERADIAN. ) SOLID_ANGLE_UNIT ( ) );
#3003 = PLANE ( 'NONE',  #1847 ) ;
#3004 = AXIS2_PLACEMENT_3D ( 'NONE', #2972, #1682, #2150 ) ;
#3005 = LINE ( 'NONE', #2410, #1537 ) ;
#3006 = ORIENTED_EDGE ( 'NONE', *, *, #961, .T. ) ;
#3007 = VERTEX_POINT ( 'NONE', #228 ) ;
#3008 = DIRECTION ( 'NONE',  ( -0.000000000000000000, 1.000000000000000000, -0.000000000000000000 ) ) ;
#3009 =( GEOMETRIC_REPRESENTATION_CONTEXT ( 3 ) GLOBAL_UNCERTAINTY_ASSIGNED_CONTEXT ( ( #2514 ) ) GLOBAL_UNIT_ASSIGNED_CONTEXT ( ( #550, #2340, #2359 ) ) REPRESENTATION_CONTEXT ( 'NONE', 'WORKASPACE' ) );
#3010 = ORIENTED_EDGE ( 'NONE', *, *, #327, .F. ) ;
#3011 = PLANE ( 'NONE',  #1604 ) ;
#3012 = ORIENTED_EDGE ( 'NONE', *, *, #1261, .F. ) ;
#3013 = CARTESIAN_POINT ( 'NONE',  ( -0.7999999999999999334, -0.02000000000000000042, -0.2000000000000001221 ) ) ;
#3014 = FILL_AREA_STYLE_COLOUR ( '', #2490 ) ;
#3015 = DIRECTION ( 'NONE',  ( 0.000000000000000000, 1.000000000000000000, -0.000000000000000000 ) ) ;
#3016 = DIRECTION ( 'NONE',  ( 0.000000000000000000, 0.000000000000000000, 1.000000000000000000 ) ) ;
#3017 = ORIENTED_EDGE ( 'NONE', *, *, #1771, .F. ) ;
#3018 =( NAMED_UNIT ( * ) PLANE_ANGLE_UNIT ( ) SI_UNIT ( $, .RADIAN. ) );
#3019 = LINE ( 'NONE', #722, #1106 ) ;
#3020 = VERTEX_POINT ( 'NONE', #1508 ) ;
#3021 = DIRECTION ( 'NONE',  ( 1.000000000000000000, 0.000000000000000000, 1.465055598793117192E-17 ) ) ;
#3022 = UNCERTAINTY_MEASURE_WITH_UNIT (LENGTH_MEASURE( 1.000000000000000082E-05 ), #1818, 'distance_accuracy_value', 'NONE');
#3023 = VERTEX_POINT ( 'NONE', #748 ) ;
#3024 = UNCERTAINTY_MEASURE_WITH_UNIT (LENGTH_MEASURE( 1.000000000000000082E-05 ), #486, 'distance_accuracy_value', 'NONE');
#3025 = DIRECTION ( 'NONE',  ( 1.000000000000000000, 0.000000000000000000, 2.168404344971008474E-15 ) ) ;
#3026 = CARTESIAN_POINT ( 'NONE',  ( 1.000000000000000000, -0.02000000000000000042, -0.2000000000000001221 ) ) ;
#3027 = SURFACE_STYLE_FILL_AREA ( #2228 ) ;
#3028 =( GEOMETRIC_REPRESENTATION_CONTEXT ( 3 ) GLOBAL_UNCERTAINTY_ASSIGNED_CONTEXT ( ( #197 ) ) GLOBAL_UNIT_ASSIGNED_CONTEXT ( ( #1747, #3034, #3121 ) ) REPRESENTATION_CONTEXT ( 'NONE', 'WORKASPACE' ) );
#3029 = EDGE_LOOP ( 'NONE', ( #670, #3114, #1594, #1727, #2137 ) ) ;
#3030 = CARTESIAN_POINT ( 'NONE',  ( -1.000000000000000000, 0.5300000000000000266, 0.2499999999999999445 ) ) ;
#3031 = AXIS2_PLACEMENT_3D ( 'NONE', #828, #3087, #3104 ) ;
#3032 =( LENGTH_UNIT ( ) NAMED_UNIT ( * ) SI_UNIT ( .MILLI., .METRE. ) );
#3033 = DIRECTION ( 'NONE',  ( 0.000000000000000000, 0.000000000000000000, 1.000000000000000000 ) ) ;
#3034 =( NAMED_UNIT ( * ) PLANE_ANGLE_UNIT ( ) SI_UNIT ( $, .RADIAN. ) );
#3035 = APPLICATION_CONTEXT ( 'automotive_design' ) ;
#3036 = CARTESIAN_POINT ( 'NONE',  ( 0.4999999999999997780, -0.02000000000000000042, 0.1999999999999999278 ) ) ;
#3037 = ORIENTED_EDGE ( 'NONE', *, *, #524, .T. ) ;
#3038 =( GEOMETRIC_REPRESENTATION_CONTEXT ( 3 ) GLOBAL_UNCERTAINTY_ASSIGNED_CONTEXT ( ( #107 ) ) GLOBAL_UNIT_ASSIGNED_CONTEXT ( ( #605, #1265, #1529 ) ) REPRESENTATION_CONTEXT ( 'NONE', 'WORKASPACE' ) );
#3039 =( NAMED_UNIT ( * ) PLANE_ANGLE_UNIT ( ) SI_UNIT ( $, .RADIAN. ) );
#3040 = CARTESIAN_POINT ( 'NONE',  ( -1.000000000000000000, 0.5300000000000000266, -0.2500000000000000555 ) ) ;
#3041 = EDGE_CURVE ( 'NONE', #1140, #1167, #3065, .T. ) ;
#3042 = VERTEX_POINT ( 'NONE', #1285 ) ;
#3043 =( NAMED_UNIT ( * ) SI_UNIT ( $, .STERADIAN. ) SOLID_ANGLE_UNIT ( ) );
#3044 =( NAMED_UNIT ( * ) PLANE_ANGLE_UNIT ( ) SI_UNIT ( $, .RADIAN. ) );
#3045 = VECTOR ( 'NONE', #1569, 1000.000000000000000 ) ;
#3046 = DIRECTION ( 'NONE',  ( 0.000000000000000000, 1.000000000000000000, -0.000000000000000000 ) ) ;
#3047 = DIRECTION ( 'NONE',  ( -0.000000000000000000, 1.000000000000000000, -0.000000000000000000 ) ) ;
#3048 = VECTOR ( 'NONE', #2853, 1000.000000000000000 ) ;
#3049 = ORIENTED_EDGE ( 'NONE', *, *, #1870, .T. ) ;
#3050 = CARTESIAN_POINT ( 'NONE',  ( 1.350000000000000311, 0.5500000000000000444, -0.2500000000000000555 ) ) ;
#3051 = VECTOR ( 'NONE', #455, 1000.000000000000000 ) ;
#3052 = STYLED_ITEM ( 'NONE', ( #2433 ), #2344 ) ;
#3053 = LINE ( 'NONE', #1769, #956 ) ;
#3054 = AXIS2_PLACEMENT_3D ( 'NONE', #217, #3284, #1782 ) ;
#3055 = VERTEX_POINT ( 'NONE', #1479 ) ;
#3056 = EDGE_CURVE ( 'NONE', #1934, #396, #1012, .T. ) ;
#3057 = AXIS2_PLACEMENT_3D ( 'NONE', #499, #1731, #451 ) ;
#3058 =( GEOMETRIC_REPRESENTATION_CONTEXT ( 3 ) GLOBAL_UNCERTAINTY_ASSIGNED_CONTEXT ( ( #2200 ) ) GLOBAL_UNIT_ASSIGNED_CONTEXT ( ( #1335, #2950, #1653 ) ) REPRESENTATION_CONTEXT ( 'NONE', 'WORKASPACE' ) );
#3059 = EDGE_LOOP ( 'NONE', ( #1278, #1237, #2145, #1904 ) ) ;
#3060 = CARTESIAN_POINT ( 'NONE',  ( -0.5999999999999998668, -0.02000000000000000042, -1.858632295689436102E-16 ) ) ;
#3061 = VECTOR ( 'NONE', #1670, 1000.000000000000000 ) ;
#3062 = DIRECTION ( 'NONE',  ( -1.000000000000000000, 0.000000000000000000, -0.000000000000000000 ) ) ;
#3063 = DIRECTION ( 'NONE',  ( 0.000000000000000000, 0.000000000000000000, 1.000000000000000000 ) ) ;
#3064 =( NAMED_UNIT ( * ) PLANE_ANGLE_UNIT ( ) SI_UNIT ( $, .RADIAN. ) );
#3065 = LINE ( 'NONE', #3297, #2467 ) ;
#3066 = VERTEX_POINT ( 'NONE', #3282 ) ;
#3067 = DIRECTION ( 'NONE',  ( 0.000000000000000000, 0.000000000000000000, -1.000000000000000000 ) ) ;
#3068 = DIRECTION ( 'NONE',  ( 0.000000000000000000, -0.000000000000000000, 1.000000000000000000 ) ) ;
#3069 = VECTOR ( 'NONE', #2056, 1000.000000000000000 ) ;
#3070 = EDGE_CURVE ( 'NONE', #2351, #1814, #765, .T. ) ;
#3071 = EDGE_LOOP ( 'NONE', ( #1360, #1180, #908 ) ) ;
#3072 = VECTOR ( 'NONE', #130, 1000.000000000000000 ) ;
#3073 = EDGE_CURVE ( 'NONE', #2910, #1703, #2817, .T. ) ;
#3074 =( NAMED_UNIT ( * ) SI_UNIT ( $, .STERADIAN. ) SOLID_ANGLE_UNIT ( ) );
#3075 = CARTESIAN_POINT ( 'NONE',  ( -1.000000000000000000, -0.02000000000000000042, -0.2000000000000001221 ) ) ;
#3076 = VECTOR ( 'NONE', #2813, 1000.000000000000000 ) ;
#3077 =( NAMED_UNIT ( * ) PLANE_ANGLE_UNIT ( ) SI_UNIT ( $, .RADIAN. ) );
#3078 = MECHANICAL_DESIGN_GEOMETRIC_PRESENTATION_REPRESENTATION (  '', ( #2650 ), #609 ) ;
#3079 = CARTESIAN_POINT ( 'NONE',  ( -1.175000000000000044, 0.000000000000000000, -0.2812499999999998890 ) ) ;
#3080 = AXIS2_PLACEMENT_3D ( 'NONE', #708, #118, #1897 ) ;
#3081 = DIRECTION ( 'NONE',  ( -0.000000000000000000, 1.000000000000000000, -0.000000000000000000 ) ) ;
#3082 = EDGE_LOOP ( 'NONE', ( #1241, #2629, #984, #1605 ) ) ;
#3083 = SURFACE_STYLE_USAGE ( .BOTH. , #1858 ) ;
#3084 = DIRECTION ( 'NONE',  ( -0.000000000000000000, 1.000000000000000000, -0.000000000000000000 ) ) ;
#3085 =( NAMED_UNIT ( * ) PLANE_ANGLE_UNIT ( ) SI_UNIT ( $, .RADIAN. ) );
#3086 = ORIENTED_EDGE ( 'NONE', *, *, #702, .T. ) ;
#3087 = DIRECTION ( 'NONE',  ( 0.000000000000000000, 0.000000000000000000, -1.000000000000000000 ) ) ;
#3088 = DIRECTION ( 'NONE',  ( 0.000000000000000000, 0.000000000000000000, -1.000000000000000000 ) ) ;
#3089 = UNCERTAINTY_MEASURE_WITH_UNIT (LENGTH_MEASURE( 1.000000000000000082E-05 ), #1171, 'distance_accuracy_value', 'NONE');
#3090 =( NAMED_UNIT ( * ) SI_UNIT ( $, .STERADIAN. ) SOLID_ANGLE_UNIT ( ) );
#3091 = SURFACE_SIDE_STYLE ('',( #2051 ) ) ;
#3092 = SURFACE_STYLE_FILL_AREA ( #2068 ) ;
#3093 = EDGE_CURVE ( 'NONE', #610, #1140, #2264, .T. ) ;
#3094 = EDGE_CURVE ( 'NONE', #1855, #543, #1272, .T. ) ;
#3095 = MECHANICAL_DESIGN_GEOMETRIC_PRESENTATION_REPRESENTATION (  '', ( #2879 ), #564 ) ;
#3096 = CARTESIAN_POINT ( 'NONE',  ( -1.199999999999999512, -0.02000000000000000042, 0.2499999999999999445 ) ) ;
#3097 = DIRECTION ( 'NONE',  ( -1.000000000000000000, 0.000000000000000000, 0.000000000000000000 ) ) ;
#3098 = ORIENTED_EDGE ( 'NONE', *, *, #2198, .F. ) ;
#3099 = CARTESIAN_POINT ( 'NONE',  ( 0.000000000000000000, -0.02000000000000000042, -0.2500000000000000555 ) ) ;
#3100 = STYLED_ITEM ( 'NONE', ( #1424 ), #2393 ) ;
#3101 = PRESENTATION_STYLE_ASSIGNMENT (( #2901 ) ) ;
#3102 = VECTOR ( 'NONE', #2236, 1000.000000000000000 ) ;
#3103 = VECTOR ( 'NONE', #13, 1000.000000000000000 ) ;
#3104 = DIRECTION ( 'NONE',  ( -1.000000000000000000, 0.000000000000000000, -0.000000000000000000 ) ) ;
#3105 =( NAMED_UNIT ( * ) SI_UNIT ( $, .STERADIAN. ) SOLID_ANGLE_UNIT ( ) );
#3106 = STYLED_ITEM ( 'NONE', ( #2209 ), #3240 ) ;
#3107 = FILL_AREA_STYLE_COLOUR ( '', #2052 ) ;
#3108 = SURFACE_STYLE_USAGE ( .BOTH. , #534 ) ;
#3109 =( LENGTH_UNIT ( ) NAMED_UNIT ( * ) SI_UNIT ( .MILLI., .METRE. ) );
#3110 = CARTESIAN_POINT ( 'NONE',  ( -1.349999999999999867, -0.02000000000000000042, 0.09999999999999953371 ) ) ;
#3111 = EDGE_CURVE ( 'NONE', #2645, #4, #2002, .T. ) ;
#3112 =( NAMED_UNIT ( * ) PLANE_ANGLE_UNIT ( ) SI_UNIT ( $, .RADIAN. ) );
#3113 = CARTESIAN_POINT ( 'NONE',  ( 1.349999999999999867, -0.02000000000000000042, 0.09999999999999953371 ) ) ;
#3114 = ORIENTED_EDGE ( 'NONE', *, *, #3093, .T. ) ;
#3115 = ORIENTED_EDGE ( 'NONE', *, *, #291, .T. ) ;
#3116 =( GEOMETRIC_REPRESENTATION_CONTEXT ( 3 ) GLOBAL_UNCERTAINTY_ASSIGNED_CONTEXT ( ( #1838 ) ) GLOBAL_UNIT_ASSIGNED_CONTEXT ( ( #868, #2939, #3200 ) ) REPRESENTATION_CONTEXT ( 'NONE', 'WORKASPACE' ) );
#3117 = CARTESIAN_POINT ( 'NONE',  ( 1.050000000000000044, -0.02000000000000000042, 0.2499999999999999445 ) ) ;
#3118 = PRESENTATION_LAYER_ASSIGNMENT (  '', '', ( #3173 ) ) ;
#3119 = CARTESIAN_POINT ( 'NONE',  ( 1.175000000000000044, 0.000000000000000000, -0.2812499999999998890 ) ) ;
#3120 = VECTOR ( 'NONE', #1179, 1000.000000000000000 ) ;
#3121 =( NAMED_UNIT ( * ) SI_UNIT ( $, .STERADIAN. ) SOLID_ANGLE_UNIT ( ) );
#3122 = SURFACE_SIDE_STYLE ('',( #1834 ) ) ;
#3123 = AXIS2_PLACEMENT_3D ( 'NONE', #652, #330, #1393 ) ;
#3124 = DIRECTION ( 'NONE',  ( 0.000000000000000000, 0.000000000000000000, -1.000000000000000000 ) ) ;
#3125 = STYLED_ITEM ( 'NONE', ( #1817 ), #577 ) ;
#3126 = LINE ( 'NONE', #782, #835 ) ;
#3127 = ORIENTED_EDGE ( 'NONE', *, *, #524, .F. ) ;
#3128 = UNCERTAINTY_MEASURE_WITH_UNIT (LENGTH_MEASURE( 1.000000000000000082E-05 ), #225, 'distance_accuracy_value', 'NONE');
#3129 = STYLED_ITEM ( 'NONE', ( #2033 ), #461 ) ;
#3130 = EDGE_CURVE ( 'NONE', #2009, #2110, #1538, .T. ) ;
#3131 =( GEOMETRIC_REPRESENTATION_CONTEXT ( 3 ) GLOBAL_UNCERTAINTY_ASSIGNED_CONTEXT ( ( #2977 ) ) GLOBAL_UNIT_ASSIGNED_CONTEXT ( ( #3238, #936, #2799 ) ) REPRESENTATION_CONTEXT ( 'NONE', 'WORKASPACE' ) );
#3132 = ORIENTED_EDGE ( 'NONE', *, *, #1815, .F. ) ;
#3133 = CARTESIAN_POINT ( 'NONE',  ( -1.000000000000000000, 1.330000000000000071, -0.2500000000000000555 ) ) ;
#3134 = CARTESIAN_POINT ( 'NONE',  ( 0.2999999999999998779, 0.000000000000000000, 0.000000000000000000 ) ) ;
#3135 = FILL_AREA_STYLE ('',( #1080 ) ) ;
#3136 =( LENGTH_UNIT ( ) NAMED_UNIT ( * ) SI_UNIT ( .MILLI., .METRE. ) );
#3137 = LINE ( 'NONE', #1552, #123 ) ;
#3138 = PRESENTATION_STYLE_ASSIGNMENT (( #2861 ) ) ;
#3139 = DIRECTION ( 'NONE',  ( -0.000000000000000000, 1.000000000000000000, -0.000000000000000000 ) ) ;
#3140 = PLANE ( 'NONE',  #646 ) ;
#3141 = FILL_AREA_STYLE ('',( #2107 ) ) ;
#3142 = ORIENTED_EDGE ( 'NONE', *, *, #2517, .F. ) ;
#3143 = ORIENTED_EDGE ( 'NONE', *, *, #1826, .F. ) ;
#3144 = LINE ( 'NONE', #20, #515 ) ;
#3145 = VECTOR ( 'NONE', #804, 1000.000000000000000 ) ;
#3146 = ORIENTED_EDGE ( 'NONE', *, *, #8, .T. ) ;
#3147 = ORIENTED_EDGE ( 'NONE', *, *, #2521, .T. ) ;
#3148 = EDGE_CURVE ( 'NONE', #615, #318, #3019, .T. ) ;
#3149 = PRESENTATION_LAYER_ASSIGNMENT (  '', '', ( #1222 ) ) ;
#3150 = COLOUR_RGB ( '',0.9686274509803921573, 0.8784313725490195957, 0.5999999999999999778 ) ;
#3151 = EDGE_CURVE ( 'NONE', #1454, #331, #475, .T. ) ;
#3152 = ADVANCED_FACE ( 'NONE', ( #2250 ), #983, .F. ) ;
#3153 = SURFACE_STYLE_USAGE ( .BOTH. , #1833 ) ;
#3154 = COLOUR_RGB ( '',1.000000000000000000, 1.000000000000000000, 1.000000000000000000 ) ;
#3155 = FILL_AREA_STYLE ('',( #282 ) ) ;
#3156 =( NAMED_UNIT ( * ) PLANE_ANGLE_UNIT ( ) SI_UNIT ( $, .RADIAN. ) );
#3157 = DIRECTION ( 'NONE',  ( -1.000000000000000000, 0.000000000000000000, -1.355252715606880789E-16 ) ) ;
#3158 = PLANE ( 'NONE',  #66 ) ;
#3159 =( GEOMETRIC_REPRESENTATION_CONTEXT ( 3 ) GLOBAL_UNCERTAINTY_ASSIGNED_CONTEXT ( ( #2714 ) ) GLOBAL_UNIT_ASSIGNED_CONTEXT ( ( #1093, #1128, #2906 ) ) REPRESENTATION_CONTEXT ( 'NONE', 'WORKASPACE' ) );
#3160 = ORIENTED_EDGE ( 'NONE', *, *, #187, .T. ) ;
#3161 = ORIENTED_EDGE ( 'NONE', *, *, #182, .F. ) ;
#3162 = PRESENTATION_STYLE_ASSIGNMENT (( #412 ) ) ;
#3163 = DIRECTION ( 'NONE',  ( 3.097720492815727659E-16, 0.000000000000000000, -1.000000000000000000 ) ) ;
#3164 = ORIENTED_EDGE ( 'NONE', *, *, #897, .F. ) ;
#3165 = LINE ( 'NONE', #1883, #2173 ) ;
#3166 = CARTESIAN_POINT ( 'NONE',  ( 1.000000000000000000, -0.02000000000000000042, 0.000000000000000000 ) ) ;
#3167 = DIRECTION ( 'NONE',  ( -1.000000000000000000, 0.000000000000000000, -1.355252715606881036E-16 ) ) ;
#3168 = UNCERTAINTY_MEASURE_WITH_UNIT (LENGTH_MEASURE( 1.000000000000000082E-05 ), #2711, 'distance_accuracy_value', 'NONE');
#3169 =( LENGTH_UNIT ( ) NAMED_UNIT ( * ) SI_UNIT ( .MILLI., .METRE. ) );
#3170 = SURFACE_STYLE_FILL_AREA ( #2171 ) ;
#3171 = AXIS2_PLACEMENT_3D ( 'NONE', #1240, #205, #1223 ) ;
#3172 = EDGE_CURVE ( 'NONE', #2117, #836, #1334, .T. ) ;
#3173 = STYLED_ITEM ( 'NONE', ( #2553 ), #1665 ) ;
#3174 = LINE ( 'NONE', #3250, #1303 ) ;
#3175 = STYLED_ITEM ( 'NONE', ( #2549 ), #1775 ) ;
#3176 = ORIENTED_EDGE ( 'NONE', *, *, #2482, .T. ) ;
#3177 = EDGE_LOOP ( 'NONE', ( #1701, #2429, #2734, #1465 ) ) ;
#3178 =( NAMED_UNIT ( * ) SI_UNIT ( $, .STERADIAN. ) SOLID_ANGLE_UNIT ( ) );
#3179 = VECTOR ( 'NONE', #2001, 1000.000000000000000 ) ;
#3180 = DIRECTION ( 'NONE',  ( -0.000000000000000000, 1.000000000000000000, -0.000000000000000000 ) ) ;
#3181 = ORIENTED_EDGE ( 'NONE', *, *, #1261, .T. ) ;
#3182 = VERTEX_POINT ( 'NONE', #3110 ) ;
#3183 = CARTESIAN_POINT ( 'NONE',  ( -0.4999999999999997780, 0.000000000000000000, -2.930111197586232766E-18 ) ) ;
#3184 = SURFACE_SIDE_STYLE ('',( #2417 ) ) ;
#3185 = CYLINDRICAL_SURFACE ( 'NONE', #2574, 0.08124999999999978073 ) ;
#3186 = DIRECTION ( 'NONE',  ( -1.000000000000000000, 0.000000000000000000, 0.000000000000000000 ) ) ;
#3187 = ORIENTED_EDGE ( 'NONE', *, *, #376, .T. ) ;
#3188 = DIRECTION ( 'NONE',  ( 1.000000000000000000, 0.000000000000000000, 0.000000000000000000 ) ) ;
#3189 = PRESENTATION_STYLE_ASSIGNMENT (( #1390 ) ) ;
#3190 = LINE ( 'NONE', #1910, #2862 ) ;
#3191 = SURFACE_STYLE_FILL_AREA ( #2737 ) ;
#3192 = EDGE_CURVE ( 'NONE', #68, #1142, #819, .T. ) ;
#3193 = ORIENTED_EDGE ( 'NONE', *, *, #1336, .T. ) ;
#3194 = VERTEX_POINT ( 'NONE', #96 ) ;
#3195 = CARTESIAN_POINT ( 'NONE',  ( 1.050000000000000266, 0.5500000000000000444, 0.2499999999999999445 ) ) ;
#3196 = EDGE_CURVE ( 'NONE', #3208, #3198, #75, .T. ) ;
#3197 =( LENGTH_UNIT ( ) NAMED_UNIT ( * ) SI_UNIT ( .MILLI., .METRE. ) );
#3198 = VERTEX_POINT ( 'NONE', #790 ) ;
#3199 = ORIENTED_EDGE ( 'NONE', *, *, #939, .F. ) ;
#3200 =( NAMED_UNIT ( * ) SI_UNIT ( $, .STERADIAN. ) SOLID_ANGLE_UNIT ( ) );
#3201 = PRESENTATION_LAYER_ASSIGNMENT (  '', '', ( #2834 ) ) ;
#3202 = UNCERTAINTY_MEASURE_WITH_UNIT (LENGTH_MEASURE( 1.000000000000000082E-05 ), #3136, 'distance_accuracy_value', 'NONE');
#3203 = MECHANICAL_DESIGN_GEOMETRIC_PRESENTATION_REPRESENTATION (  '', ( #565 ), #1005 ) ;
#3204 = SURFACE_STYLE_USAGE ( .BOTH. , #1867 ) ;
#3205 = LINE ( 'NONE', #685, #1887 ) ;
#3206 = COLOUR_RGB ( '',1.000000000000000000, 1.000000000000000000, 1.000000000000000000 ) ;
#3207 = COLOUR_RGB ( '',0.9686274509803921573, 0.8784313725490195957, 0.5999999999999999778 ) ;
#3208 = VERTEX_POINT ( 'NONE', #1553 ) ;
#3209 = PRESENTATION_STYLE_ASSIGNMENT (( #890 ) ) ;
#3210 = DIRECTION ( 'NONE',  ( -0.000000000000000000, 1.000000000000000000, -0.000000000000000000 ) ) ;
#3211 = DIRECTION ( 'NONE',  ( -0.000000000000000000, -1.000000000000000000, -0.000000000000000000 ) ) ;
#3212 = AXIS2_PLACEMENT_3D ( 'NONE', #878, #1434, #2462 ) ;
#3213 = CARTESIAN_POINT ( 'NONE',  ( -1.000000000000000000, -0.02000000000000000042, 0.000000000000000000 ) ) ;
#3214 = PRESENTATION_STYLE_ASSIGNMENT (( #2699 ) ) ;
#3215 = ORIENTED_EDGE ( 'NONE', *, *, #961, .F. ) ;
#3216 = STYLED_ITEM ( 'NONE', ( #385 ), #3243 ) ;
#3217 = EDGE_CURVE ( 'NONE', #2221, #3208, #601, .T. ) ;
#3218 = DIRECTION ( 'NONE',  ( -1.000000000000000000, 0.000000000000000000, -1.264902534566421675E-16 ) ) ;
#3219 =( GEOMETRIC_REPRESENTATION_CONTEXT ( 3 ) GLOBAL_UNCERTAINTY_ASSIGNED_CONTEXT ( ( #2940 ) ) GLOBAL_UNIT_ASSIGNED_CONTEXT ( ( #1889, #1364, #2157 ) ) REPRESENTATION_CONTEXT ( 'NONE', 'WORKASPACE' ) );
#3220 =( NAMED_UNIT ( * ) PLANE_ANGLE_UNIT ( ) SI_UNIT ( $, .RADIAN. ) );
#3221 = ADVANCED_FACE ( 'NONE', ( #1809 ), #2326, .F. ) ;
#3222 = VERTEX_POINT ( 'NONE', #1630 ) ;
#3223 = ORIENTED_EDGE ( 'NONE', *, *, #780, .F. ) ;
#3224 =( NAMED_UNIT ( * ) PLANE_ANGLE_UNIT ( ) SI_UNIT ( $, .RADIAN. ) );
#3225 = FACE_OUTER_BOUND ( 'NONE', #1449, .T. ) ;
#3226 = EDGE_LOOP ( 'NONE', ( #2260, #2513, #1657, #3127 ) ) ;
#3227 = SURFACE_STYLE_USAGE ( .BOTH. , #1097 ) ;
#3228 = DIRECTION ( 'NONE',  ( 0.000000000000000000, 0.000000000000000000, 1.000000000000000000 ) ) ;
#3229 = PRESENTATION_LAYER_ASSIGNMENT (  '', '', ( #2587 ) ) ;
#3230 = CARTESIAN_POINT ( 'NONE',  ( 0.000000000000000000, 0.000000000000000000, -0.2500000000000000555 ) ) ;
#3231 =( NAMED_UNIT ( * ) SI_UNIT ( $, .STERADIAN. ) SOLID_ANGLE_UNIT ( ) );
#3232 = ORIENTED_EDGE ( 'NONE', *, *, #3217, .T. ) ;
#3233 = CARTESIAN_POINT ( 'NONE',  ( 1.264902534566420813E-17, -0.02000000000000000042, -0.09999999999999993616 ) ) ;
#3234 = VECTOR ( 'NONE', #1288, 1000.000000000000000 ) ;
#3235 = FILL_AREA_STYLE ('',( #2427 ) ) ;
#3236 = ORIENTED_EDGE ( 'NONE', *, *, #2007, .T. ) ;
#3237 = ORIENTED_EDGE ( 'NONE', *, *, #1089, .F. ) ;
#3238 =( LENGTH_UNIT ( ) NAMED_UNIT ( * ) SI_UNIT ( .MILLI., .METRE. ) );
#3239 = COLOUR_RGB ( '',0.9686274509803921573, 0.8784313725490195957, 0.5999999999999999778 ) ;
#3240 = ADVANCED_FACE ( 'NONE', ( #1131 ), #3245, .F. ) ;
#3241 = DIRECTION ( 'NONE',  ( 2.168404344971009262E-15, 0.000000000000000000, -1.000000000000000000 ) ) ;
#3242 = PRESENTATION_LAYER_ASSIGNMENT (  '', '', ( #3125 ) ) ;
#3243 = ADVANCED_FACE ( 'NONE', ( #1927 ), #3140, .F. ) ;
#3244 = MECHANICAL_DESIGN_GEOMETRIC_PRESENTATION_REPRESENTATION (  '', ( #2271 ), #449 ) ;
#3245 = PLANE ( 'NONE',  #526 ) ;
#3246 = ORIENTED_EDGE ( 'NONE', *, *, #2916, .T. ) ;
#3247 = SURFACE_STYLE_USAGE ( .BOTH. , #1211 ) ;
#3248 = CARTESIAN_POINT ( 'NONE',  ( -1.000000000000000000, -0.000000000000000000, 0.000000000000000000 ) ) ;
#3249 = FILL_AREA_STYLE_COLOUR ( '', #1166 ) ;
#3250 = CARTESIAN_POINT ( 'NONE',  ( -1.050000000000000266, 0.5500000000000000444, 0.000000000000000000 ) ) ;
#3251 = MANIFOLD_SOLID_BREP ( 'Boss-Extrude3', #842 ) ;
#3252 = SURFACE_STYLE_FILL_AREA ( #372 ) ;
#3253 = VERTEX_POINT ( 'NONE', #2143 ) ;
#3254 = SURFACE_SIDE_STYLE ('',( #2988 ) ) ;
#3255 = ORIENTED_EDGE ( 'NONE', *, *, #2263, .T. ) ;
#3256 =( NAMED_UNIT ( * ) PLANE_ANGLE_UNIT ( ) SI_UNIT ( $, .RADIAN. ) );
#3257 = ORIENTED_EDGE ( 'NONE', *, *, #2012, .F. ) ;
#3258 = EDGE_CURVE ( 'NONE', #1690, #104, #2697, .T. ) ;
#3259 = FILL_AREA_STYLE ('',( #1475 ) ) ;
#3260 = VECTOR ( 'NONE', #2170, 1000.000000000000000 ) ;
#3261 = EDGE_CURVE ( 'NONE', #2351, #2221, #2966, .T. ) ;
#3262 = LINE ( 'NONE', #3030, #2701 ) ;
#3263 = SURFACE_STYLE_USAGE ( .BOTH. , #1227 ) ;
#3264 = PRESENTATION_STYLE_ASSIGNMENT (( #2806 ) ) ;
#3265 = CYLINDRICAL_SURFACE ( 'NONE', #1011, 0.08124999999999978073 ) ;
#3266 = ORIENTED_EDGE ( 'NONE', *, *, #355, .T. ) ;
#3267 = DIRECTION ( 'NONE',  ( 0.000000000000000000, 0.000000000000000000, 1.000000000000000000 ) ) ;
#3268 = ORIENTED_EDGE ( 'NONE', *, *, #876, .T. ) ;
#3269 = AXIS2_PLACEMENT_3D ( 'NONE', #946, #2679, #3016 ) ;
#3270 = CARTESIAN_POINT ( 'NONE',  ( -0.4999999999999993339, -0.000000000000000000, -1.084202172485502659E-15 ) ) ;
#3271 = VECTOR ( 'NONE', #855, 1000.000000000000000 ) ;
#3272 = ORIENTED_EDGE ( 'NONE', *, *, #3148, .T. ) ;
#3273 = SURFACE_STYLE_USAGE ( .BOTH. , #2240 ) ;
#3274 = PRESENTATION_LAYER_ASSIGNMENT (  '', '', ( #159 ) ) ;
#3275 = CARTESIAN_POINT ( 'NONE',  ( -1.249999999999999778, 0.000000000000000000, -0.2500000000000000555 ) ) ;
#3276 = SURFACE_STYLE_FILL_AREA ( #3305 ) ;
#3277 = PRESENTATION_STYLE_ASSIGNMENT (( #992 ) ) ;
#3278 = CARTESIAN_POINT ( 'NONE',  ( 1.175000000000000044, 0.000000000000000000, -0.2000000000000000944 ) ) ;
#3279 = EDGE_LOOP ( 'NONE', ( #2644, #2757, #2412, #137 ) ) ;
#3280 = FACE_OUTER_BOUND ( 'NONE', #2384, .T. ) ;
#3281 = EDGE_CURVE ( 'NONE', #594, #2229, #2290, .T. ) ;
#3282 = CARTESIAN_POINT ( 'NONE',  ( -1.050000000000000044, -0.02000000000000000042, 0.2499999999999999445 ) ) ;
#3283 = VERTEX_POINT ( 'NONE', #2126 ) ;
#3284 = DIRECTION ( 'NONE',  ( -1.000000000000000000, 0.000000000000000000, 0.000000000000000000 ) ) ;
#3285 = VERTEX_POINT ( 'NONE', #57 ) ;
#3286 = PRESENTATION_LAYER_ASSIGNMENT (  '', '', ( #1293 ) ) ;
#3287 = DIRECTION ( 'NONE',  ( -0.000000000000000000, 1.000000000000000000, -0.000000000000000000 ) ) ;
#3288 = COLOUR_RGB ( '',0.9686274509803921573, 0.8784313725490195957, 0.5999999999999999778 ) ;
#3289 = SURFACE_SIDE_STYLE ('',( #2244 ) ) ;
#3290 = LINE ( 'NONE', #2082, #1759 ) ;
#3291 = VECTOR ( 'NONE', #1425, 1000.000000000000000 ) ;
#3292 =( NAMED_UNIT ( * ) SI_UNIT ( $, .STERADIAN. ) SOLID_ANGLE_UNIT ( ) );
#3293 =( LENGTH_UNIT ( ) NAMED_UNIT ( * ) SI_UNIT ( .MILLI., .METRE. ) );
#3294 = PRESENTATION_LAYER_ASSIGNMENT (  '', '', ( #448 ) ) ;
#3295 = PLANE ( 'NONE',  #575 ) ;
#3296 = LINE ( 'NONE', #3075, #502 ) ;
#3297 = CARTESIAN_POINT ( 'NONE',  ( 0.000000000000000000, 0.5300000000000000266, 0.2499999999999999445 ) ) ;
#3298 = ORIENTED_EDGE ( 'NONE', *, *, #2388, .F. ) ;
#3299 = COLOUR_RGB ( '',0.9686274509803921573, 0.8784313725490195957, 0.5999999999999999778 ) ;
#3300 = CARTESIAN_POINT ( 'NONE',  ( 0.7499999999999997780, 1.330000000000000071, -0.5500000000000001554 ) ) ;
#3301 = EDGE_CURVE ( 'NONE', #2147, #1745, #1929, .T. ) ;
#3302 = ORIENTED_EDGE ( 'NONE', *, *, #611, .F. ) ;
#3303 = LINE ( 'NONE', #1516, #666 ) ;
#3304 = ORIENTED_EDGE ( 'NONE', *, *, #1771, .T. ) ;
#3305 = FILL_AREA_STYLE ('',( #3014 ) ) ;
#3306 = PRESENTATION_STYLE_ASSIGNMENT (( #1301 ) ) ;
#3307 = FILL_AREA_STYLE_COLOUR ( '', #1506 ) ;
#3308 =( GEOMETRIC_REPRESENTATION_CONTEXT ( 3 ) GLOBAL_UNCERTAINTY_ASSIGNED_CONTEXT ( ( #2636 ) ) GLOBAL_UNIT_ASSIGNED_CONTEXT ( ( #1914, #2528, #2989 ) ) REPRESENTATION_CONTEXT ( 'NONE', 'WORKASPACE' ) );
#3309 = CARTESIAN_POINT ( 'NONE',  ( 0.000000000000000000, 0.5500000000000000444, 0.000000000000000000 ) ) ;
#3310 = CARTESIAN_POINT ( 'NONE',  ( 6.439163722665173490E-35, -0.02000000000000000042, 4.395166796379349727E-18 ) ) ;
#3311 = VECTOR ( 'NONE', #1307, 1000.000000000000000 ) ;
#3312 = LINE ( 'NONE', #637, #360 ) ;
#3313 =( GEOMETRIC_REPRESENTATION_CONTEXT ( 3 ) GLOBAL_UNCERTAINTY_ASSIGNED_CONTEXT ( ( #145 ) ) GLOBAL_UNIT_ASSIGNED_CONTEXT ( ( #1750, #229, #724 ) ) REPRESENTATION_CONTEXT ( 'NONE', 'WORKASPACE' ) );
#3314 = COLOUR_RGB ( '',0.000000000000000000, 0.5019607843137254832, 0.000000000000000000 ) ;
#3315 = CARTESIAN_POINT ( 'NONE',  ( -1.349999999999999867, 0.5500000000000000444, 0.04999999999999992645 ) ) ;
#3316 = ADVANCED_FACE ( 'NONE', ( #368 ), #2639, .T. ) ;
#3317 = CIRCLE ( 'NONE', #2742, 0.1500000000000004108 ) ;
#3318 = AXIS2_PLACEMENT_3D ( 'NONE', #1199, #569, #966 ) ;
#3319 = ORIENTED_EDGE ( 'NONE', *, *, #758, .T. ) ;
#3320 = SURFACE_SIDE_STYLE ('',( #1500 ) ) ;
#3321 = FACE_OUTER_BOUND ( 'NONE', #1956, .T. ) ;
#3322 = VECTOR ( 'NONE', #2311, 1000.000000000000000 ) ;
#3323 = FACE_OUTER_BOUND ( 'NONE', #2058, .T. ) ;
#3324 = ADVANCED_FACE ( 'NONE', ( #2016 ), #1243, .F. ) ;
#3325 = LINE ( 'NONE', #2321, #2593 ) ;
#3326 = LINE ( 'NONE', #3060, #1413 ) ;
#3327 = VECTOR ( 'NONE', #2190, 1000.000000000000000 ) ;
#3328 = CARTESIAN_POINT ( 'NONE',  ( 1.350000000000000311, -0.02000000000000000042, 0.000000000000000000 ) ) ;
ENDSEC;
END-ISO-10303-21;
