ISO-10303-21;
HEADER;
FILE_DESCRIPTION (( 'STEP AP214' ),
    '1' );
FILE_NAME ('B3F-3100.STEP',
    '2021-05-10T08:12:05',
    ( '' ),
    ( '' ),
    'SwSTEP 2.0',
    'SolidWorks 2018',
    '' );
FILE_SCHEMA (( 'AUTOMOTIVE_DESIGN' ));
ENDSEC;

DATA;
#1 = EDGE_LOOP ( 'NONE', ( #1267, #2299, #3590, #4223 ) ) ;
#2 = DIRECTION ( 'NONE',  ( 1.000000000000000000, 0.0000000000000000000, 0.0000000000000000000 ) ) ;
#3 = VECTOR ( 'NONE', #7, 1000.000000000000000 ) ;
#4 = EDGE_CURVE ( 'NONE', #1125, #3891, #1820, .T. ) ;
#5 = CARTESIAN_POINT ( 'NONE',  ( -5.250000000000000000, 1.000000000000000000, -1.149999999999999911 ) ) ;
#6 = ORIENTED_EDGE ( 'NONE', *, *, #2397, .F. ) ;
#7 = DIRECTION ( 'NONE',  ( -0.0000000000000000000, -1.000000000000000000, -0.0000000000000000000 ) ) ;
#8 = FACE_OUTER_BOUND ( 'NONE', #3845, .T. ) ;
#9 = ORIENTED_EDGE ( 'NONE', *, *, #2604, .F. ) ;
#10 = FACE_OUTER_BOUND ( 'NONE', #2966, .T. ) ;
#11 = ADVANCED_FACE ( 'NONE', ( #1617 ), #2583, .T. ) ;
#12 = DIRECTION ( 'NONE',  ( 1.000000000000000000, 0.0000000000000000000, -0.0000000000000000000 ) ) ;
#13 = EDGE_CURVE ( 'NONE', #1481, #589, #1140, .T. ) ;
#14 = ORIENTED_EDGE ( 'NONE', *, *, #3298, .F. ) ;
#15 = VECTOR ( 'NONE', #4227, 1000.000000000000114 ) ;
#16 = SURFACE_STYLE_USAGE ( .BOTH. , #2358 ) ;
#17 = VERTEX_POINT ( 'NONE', #484 ) ;
#18 = CARTESIAN_POINT ( 'NONE',  ( -5.899999999999999467, 3.000000000000000000, 2.250000000000000000 ) ) ;
#19 = CARTESIAN_POINT ( 'NONE',  ( 1.399999999999999911, 3.000000000000000000, 1.649999999999999911 ) ) ;
#20 = AXIS2_PLACEMENT_3D ( 'NONE', #3949, #526, #2738 ) ;
#21 = CARTESIAN_POINT ( 'NONE',  ( -5.599999999999999645, -1.112720534831482144, -2.000000000000000000 ) ) ;
#22 = DIRECTION ( 'NONE',  ( 0.0000000000000000000, 0.0000000000000000000, -1.000000000000000000 ) ) ;
#23 = SURFACE_STYLE_USAGE ( .BOTH. , #69 ) ;
#24 = DIRECTION ( 'NONE',  ( 1.000000000000000000, 0.0000000000000000000, -0.0000000000000000000 ) ) ;
#25 = VERTEX_POINT ( 'NONE', #1298 ) ;
#26 = VECTOR ( 'NONE', #3783, 1000.000000000000000 ) ;
#27 = CARTESIAN_POINT ( 'NONE',  ( -5.599999999999999645, 3.000000000000000000, 0.05000000000000000278 ) ) ;
#28 = FACE_OUTER_BOUND ( 'NONE', #606, .T. ) ;
#29 = EDGE_CURVE ( 'NONE', #3637, #3616, #3142, .T. ) ;
#30 = ADVANCED_FACE ( 'NONE', ( #3261 ), #3310, .F. ) ;
#31 = CARTESIAN_POINT ( 'NONE',  ( -5.899999999999999467, 3.000000000000000000, -1.149999999999999911 ) ) ;
#32 = DIRECTION ( 'NONE',  ( 0.0000000000000000000, -1.000000000000000000, 0.0000000000000000000 ) ) ;
#33 = VERTEX_POINT ( 'NONE', #4160 ) ;
#34 = ORIENTED_EDGE ( 'NONE', *, *, #1577, .T. ) ;
#35 = CARTESIAN_POINT ( 'NONE',  ( -0.3499999999999999778, 1.000000000000000000, -0.1499999999999999944 ) ) ;
#36 = EDGE_CURVE ( 'NONE', #3076, #1795, #2222, .T. ) ;
#37 = DIRECTION ( 'NONE',  ( -0.7525766947068780466, 0.6585046078685180548, 0.0000000000000000000 ) ) ;
#38 = ORIENTED_EDGE ( 'NONE', *, *, #857, .T. ) ;
#39 = VERTEX_POINT ( 'NONE', #1151 ) ;
#40 = FACE_OUTER_BOUND ( 'NONE', #3091, .T. ) ;
#41 = ORIENTED_EDGE ( 'NONE', *, *, #2528, .F. ) ;
#42 = ORIENTED_EDGE ( 'NONE', *, *, #2676, .T. ) ;
#43 = VERTEX_POINT ( 'NONE', #256 ) ;
#44 = PLANE ( 'NONE',  #1168 ) ;
#45 = FACE_OUTER_BOUND ( 'NONE', #953, .T. ) ;
#46 = VERTEX_POINT ( 'NONE', #3483 ) ;
#47 = DIRECTION ( 'NONE',  ( 0.7525766947068780466, 0.6585046078685180548, 0.0000000000000000000 ) ) ;
#48 = VECTOR ( 'NONE', #3858, 1000.000000000000000 ) ;
#49 = ORIENTED_EDGE ( 'NONE', *, *, #1056, .F. ) ;
#50 = AXIS2_PLACEMENT_3D ( 'NONE', #1303, #1226, #1884 ) ;
#51 = CARTESIAN_POINT ( 'NONE',  ( -5.599999999999999645, 1.000000000000000000, 0.2500000000000002220 ) ) ;
#52 = CARTESIAN_POINT ( 'NONE',  ( -5.899999999999999467, 1.000000000000000000, 0.2500000000000002220 ) ) ;
#53 = ADVANCED_FACE ( 'NONE', ( #1872 ), #3437, .T. ) ;
#54 = DIRECTION ( 'NONE',  ( 0.6585046078685190540, -0.7525766947068770474, 0.0000000000000000000 ) ) ;
#55 = VERTEX_POINT ( 'NONE', #661 ) ;
#56 = LINE ( 'NONE', #3135, #2534 ) ;
#57 = PLANE ( 'NONE',  #655 ) ;
#58 = EDGE_LOOP ( 'NONE', ( #1095, #1705, #2697, #1346 ) ) ;
#59 = AXIS2_PLACEMENT_3D ( 'NONE', #1297, #1405, #3750 ) ;
#60 = VERTEX_POINT ( 'NONE', #3254 ) ;
#61 = VECTOR ( 'NONE', #318, 1000.000000000000000 ) ;
#62 = ORIENTED_EDGE ( 'NONE', *, *, #1341, .T. ) ;
#63 = EDGE_CURVE ( 'NONE', #1869, #701, #1924, .T. ) ;
#64 =( LENGTH_UNIT ( ) NAMED_UNIT ( * ) SI_UNIT ( .MILLI., .METRE. ) );
#65 = CARTESIAN_POINT ( 'NONE',  ( -5.599999999999999645, 3.000000000000000000, 1.686931687685304881 ) ) ;
#66 = DIRECTION ( 'NONE',  ( 0.0000000000000000000, 0.0000000000000000000, 1.000000000000000000 ) ) ;
#67 = VECTOR ( 'NONE', #3161, 1000.000000000000000 ) ;
#68 = SURFACE_STYLE_FILL_AREA ( #2079 ) ;
#69 = SURFACE_SIDE_STYLE ('',( #1235 ) ) ;
#70 = EDGE_CURVE ( 'NONE', #3027, #2265, #2173, .T. ) ;
#71 = VECTOR ( 'NONE', #222, 1000.000000000000000 ) ;
#72 = CARTESIAN_POINT ( 'NONE',  ( -5.250000000000000000, 7.000000000000000000, 1.940000000000000169 ) ) ;
#73 = DIRECTION ( 'NONE',  ( -1.000000000000000000, 0.0000000000000000000, 0.0000000000000000000 ) ) ;
#74 = EDGE_LOOP ( 'NONE', ( #2416, #2854, #2061, #180, #508, #4231 ) ) ;
#75 = FACE_OUTER_BOUND ( 'NONE', #555, .T. ) ;
#76 = AXIS2_PLACEMENT_3D ( 'NONE', #1579, #1019, #695 ) ;
#77 = DIRECTION ( 'NONE',  ( 1.000000000000000000, 0.0000000000000000000, 0.0000000000000000000 ) ) ;
#78 = DIRECTION ( 'NONE',  ( 0.0000000000000000000, -1.000000000000000000, 7.228014483236699514E-17 ) ) ;
#79 = CARTESIAN_POINT ( 'NONE',  ( -5.599999999999999645, 3.000000000000000000, 1.949999999999999956 ) ) ;
#80 = PLANE ( 'NONE',  #298 ) ;
#81 = CARTESIAN_POINT ( 'NONE',  ( 1.100000000000000089, 0.0000000000000000000, -3.999999999999948930 ) ) ;
#82 = AXIS2_PLACEMENT_3D ( 'NONE', #2628, #2668, #2883 ) ;
#83 = ORIENTED_EDGE ( 'NONE', *, *, #1026, .F. ) ;
#84 = ORIENTED_EDGE ( 'NONE', *, *, #2899, .T. ) ;
#85 = DIRECTION ( 'NONE',  ( 0.0000000000000000000, -1.000000000000000000, 0.0000000000000000000 ) ) ;
#86 = EDGE_CURVE ( 'NONE', #1468, #504, #1863, .T. ) ;
#87 = ORIENTED_EDGE ( 'NONE', *, *, #3397, .T. ) ;
#88 = CARTESIAN_POINT ( 'NONE',  ( 1.100000000000000089, -3.499999999999994227, -2.000000000000000000 ) ) ;
#89 = DIRECTION ( 'NONE',  ( 0.0000000000000000000, 0.0000000000000000000, -1.000000000000000000 ) ) ;
#90 = VERTEX_POINT ( 'NONE', #981 ) ;
#91 = DIRECTION ( 'NONE',  ( -1.000000000000000000, 0.0000000000000000000, 0.0000000000000000000 ) ) ;
#92 = EDGE_LOOP ( 'NONE', ( #4021 ) ) ;
#93 = CARTESIAN_POINT ( 'NONE',  ( 1.399999999999999911, 5.000000000000000000, 1.649999999999999911 ) ) ;
#94 = EDGE_CURVE ( 'NONE', #4144, #1359, #1476, .T. ) ;
#95 = VECTOR ( 'NONE', #3686, 1000.000000000000000 ) ;
#96 = ORIENTED_EDGE ( 'NONE', *, *, #588, .F. ) ;
#97 = CARTESIAN_POINT ( 'NONE',  ( -4.150000000000000355, -3.500000000000000444, -0.1499999999999999944 ) ) ;
#98 = DIRECTION ( 'NONE',  ( 1.000000000000000000, 0.0000000000000000000, 0.0000000000000000000 ) ) ;
#99 = AXIS2_PLACEMENT_3D ( 'NONE', #2138, #249, #3508 ) ;
#100 = CARTESIAN_POINT ( 'NONE',  ( -3.000000000000000444, 7.400000000000000355, 1.949999999999999956 ) ) ;
#101 = LINE ( 'NONE', #1253, #1249 ) ;
#102 = DIRECTION ( 'NONE',  ( 0.0000000000000000000, 1.387778780781430884E-16, -1.000000000000000000 ) ) ;
#103 = EDGE_LOOP ( 'NONE', ( #1765, #1649, #139, #1001 ) ) ;
#104 = CARTESIAN_POINT ( 'NONE',  ( -2.250000000000000000, 4.000000000000000000, 2.250000000000001332 ) ) ;
#105 = VECTOR ( 'NONE', #2122, 1000.000000000000000 ) ;
#106 = DIRECTION ( 'NONE',  ( 0.6585046078685181659, -0.7525766947068778245, 0.0000000000000000000 ) ) ;
#107 = EDGE_LOOP ( 'NONE', ( #3966, #2315, #1846, #4069, #844, #4028, #1127, #905, #515, #187, #702, #3287 ) ) ;
#108 = DIRECTION ( 'NONE',  ( -1.000000000000000000, 0.0000000000000000000, 0.0000000000000000000 ) ) ;
#109 = VECTOR ( 'NONE', #930, 1000.000000000000000 ) ;
#110 = ORIENTED_EDGE ( 'NONE', *, *, #2105, .T. ) ;
#111 = VECTOR ( 'NONE', #2169, 1000.000000000000000 ) ;
#112 = EDGE_CURVE ( 'NONE', #3830, #1160, #3670, .T. ) ;
#113 = VERTEX_POINT ( 'NONE', #1969 ) ;
#114 = DIRECTION ( 'NONE',  ( -1.000000000000000000, 2.168404344971007685E-15, 0.0000000000000000000 ) ) ;
#115 = FACE_OUTER_BOUND ( 'NONE', #4098, .T. ) ;
#116 = PLANE ( 'NONE',  #458 ) ;
#117 = EDGE_CURVE ( 'NONE', #1181, #1670, #2543, .T. ) ;
#118 = ORIENTED_EDGE ( 'NONE', *, *, #140, .F. ) ;
#119 = DIRECTION ( 'NONE',  ( -0.0000000000000000000, 0.0000000000000000000, -1.000000000000000000 ) ) ;
#120 = CARTESIAN_POINT ( 'NONE',  ( -1.500000000000000000, 7.100000000000000533, 0.9499999999999998446 ) ) ;
#121 = PLANE ( 'NONE',  #2616 ) ;
#122 = CARTESIAN_POINT ( 'NONE',  ( -6.599999999999999645, -1.800000000000000044, -2.000000000000000000 ) ) ;
#123 =( GEOMETRIC_REPRESENTATION_CONTEXT ( 3 ) GLOBAL_UNCERTAINTY_ASSIGNED_CONTEXT ( ( #1672 ) ) GLOBAL_UNIT_ASSIGNED_CONTEXT ( ( #155, #2731, #505 ) ) REPRESENTATION_CONTEXT ( 'NONE', 'WORKASPACE' ) );
#124 = LINE ( 'NONE', #1239, #71 ) ;
#125 = ORIENTED_EDGE ( 'NONE', *, *, #3719, .T. ) ;
#126 = EDGE_LOOP ( 'NONE', ( #1396, #602, #4126, #3967 ) ) ;
#127 = CARTESIAN_POINT ( 'NONE',  ( 1.050000000000000044, 3.000000000000000000, 0.2500000000000000000 ) ) ;
#128 = MECHANICAL_DESIGN_GEOMETRIC_PRESENTATION_REPRESENTATION (  '', ( #3708 ), #346 ) ;
#129 = CARTESIAN_POINT ( 'NONE',  ( -4.150000000000000355, -3.500000000000000444, -0.1499999999999999944 ) ) ;
#130 = CARTESIAN_POINT ( 'NONE',  ( 1.586131225645458942, -1.931700921573703100, -3.000000000000000000 ) ) ;
#131 = DIRECTION ( 'NONE',  ( 1.000000000000000000, 0.0000000000000000000, 0.0000000000000000000 ) ) ;
#132 = ORIENTED_EDGE ( 'NONE', *, *, #3098, .F. ) ;
#133 = SURFACE_STYLE_USAGE ( .BOTH. , #3053 ) ;
#134 = ORIENTED_EDGE ( 'NONE', *, *, #1075, .F. ) ;
#135 = AXIS2_PLACEMENT_3D ( 'NONE', #940, #3898, #2666 ) ;
#136 = PLANE ( 'NONE',  #159 ) ;
#137 = PRESENTATION_STYLE_ASSIGNMENT (( #4074 ) ) ;
#138 = ORIENTED_EDGE ( 'NONE', *, *, #477, .T. ) ;
#139 = ORIENTED_EDGE ( 'NONE', *, *, #1319, .T. ) ;
#140 = EDGE_CURVE ( 'NONE', #3948, #2603, #3989, .T. ) ;
#141 = VECTOR ( 'NONE', #4018, 1000.000000000000000 ) ;
#142 = DIRECTION ( 'NONE',  ( 0.0000000000000000000, 0.0000000000000000000, 1.000000000000000000 ) ) ;
#143 = DIRECTION ( 'NONE',  ( 0.0000000000000000000, 7.220786468753459530E-17, 1.000000000000000000 ) ) ;
#144 = LINE ( 'NONE', #1274, #3414 ) ;
#145 = EDGE_LOOP ( 'NONE', ( #3377 ) ) ;
#146 = PLANE ( 'NONE',  #2889 ) ;
#147 = EDGE_CURVE ( 'NONE', #2081, #536, #2487, .T. ) ;
#148 = ORIENTED_EDGE ( 'NONE', *, *, #3333, .F. ) ;
#149 = CARTESIAN_POINT ( 'NONE',  ( -5.935615886704083799, -1.799999999999999378, -3.000000000000000000 ) ) ;
#150 = FILL_AREA_STYLE ('',( #229 ) ) ;
#151 = CARTESIAN_POINT ( 'NONE',  ( -1.500000000000000222, 7.399999999999998579, 1.949999999999997957 ) ) ;
#152 = VERTEX_POINT ( 'NONE', #1209 ) ;
#153 = CYLINDRICAL_SURFACE ( 'NONE', #524, 0.5000000000000000000 ) ;
#154 = AXIS2_PLACEMENT_3D ( 'NONE', #2689, #3064, #537 ) ;
#155 =( LENGTH_UNIT ( ) NAMED_UNIT ( * ) SI_UNIT ( .MILLI., .METRE. ) );
#156 = ORIENTED_EDGE ( 'NONE', *, *, #3777, .T. ) ;
#157 = LINE ( 'NONE', #2434, #2629 ) ;
#158 = CARTESIAN_POINT ( 'NONE',  ( 1.399999999999999911, 6.499999999999999112, -1.750000000000000000 ) ) ;
#159 = AXIS2_PLACEMENT_3D ( 'NONE', #1748, #3715, #1423 ) ;
#160 =( NAMED_UNIT ( * ) SI_UNIT ( $, .STERADIAN. ) SOLID_ANGLE_UNIT ( ) );
#161 = ORIENTED_EDGE ( 'NONE', *, *, #935, .T. ) ;
#162 = PLANE ( 'NONE',  #2172 ) ;
#163 = PRESENTATION_STYLE_ASSIGNMENT (( #445 ) ) ;
#164 = ORIENTED_EDGE ( 'NONE', *, *, #221, .T. ) ;
#165 = PLANE ( 'NONE',  #330 ) ;
#166 = ORIENTED_EDGE ( 'NONE', *, *, #1061, .T. ) ;
#167 = VECTOR ( 'NONE', #3836, 1000.000000000000000 ) ;
#168 = EDGE_CURVE ( 'NONE', #795, #2936, #4041, .T. ) ;
#169 = VECTOR ( 'NONE', #833, 1000.000000000000000 ) ;
#170 = EDGE_CURVE ( 'NONE', #2206, #1251, #1064, .T. ) ;
#171 = DIRECTION ( 'NONE',  ( -0.6585046078685159454, 0.7525766947068797119, 0.0000000000000000000 ) ) ;
#172 = CARTESIAN_POINT ( 'NONE',  ( -0.3499999999999999778, 7.299999999999999822, 0.1499999999999999944 ) ) ;
#173 = VERTEX_POINT ( 'NONE', #1218 ) ;
#174 = LINE ( 'NONE', #598, #2834 ) ;
#175 = CARTESIAN_POINT ( 'NONE',  ( -4.150000000000000355, 7.299999999999998934, 0.1499999999999999944 ) ) ;
#176 = DIRECTION ( 'NONE',  ( 1.000000000000000000, 0.0000000000000000000, -0.0000000000000000000 ) ) ;
#177 = UNCERTAINTY_MEASURE_WITH_UNIT (LENGTH_MEASURE( 1.000000000000000082E-05 ), #425, 'distance_accuracy_value', 'NONE');
#178 = FACE_OUTER_BOUND ( 'NONE', #3018, .T. ) ;
#179 = ORIENTED_EDGE ( 'NONE', *, *, #4000, .F. ) ;
#180 = ORIENTED_EDGE ( 'NONE', *, *, #147, .T. ) ;
#181 = FACE_OUTER_BOUND ( 'NONE', #58, .T. ) ;
#182 = MECHANICAL_DESIGN_GEOMETRIC_PRESENTATION_REPRESENTATION (  '', ( #3990 ), #412 ) ;
#183 = CARTESIAN_POINT ( 'NONE',  ( -5.935615886704083799, -1.799999999999999378, -4.000000000000069278 ) ) ;
#184 = FACE_OUTER_BOUND ( 'NONE', #1132, .T. ) ;
#185 = FACE_OUTER_BOUND ( 'NONE', #2953, .T. ) ;
#186 = DIRECTION ( 'NONE',  ( 0.0000000000000000000, 1.000000000000000000, -7.220786468753459530E-17 ) ) ;
#187 = ORIENTED_EDGE ( 'NONE', *, *, #4170, .F. ) ;
#188 = DIRECTION ( 'NONE',  ( -0.0000000000000000000, -0.0000000000000000000, -1.000000000000000000 ) ) ;
#189 = EDGE_CURVE ( 'NONE', #4154, #4238, #1667, .T. ) ;
#190 = ORIENTED_EDGE ( 'NONE', *, *, #1293, .F. ) ;
#191 = AXIS2_PLACEMENT_3D ( 'NONE', #1420, #1096, #1021 ) ;
#192 = APPLICATION_PROTOCOL_DEFINITION ( 'draft international standard', 'automotive_design', 1998, #2454 ) ;
#193 = ORIENTED_EDGE ( 'NONE', *, *, #1927, .F. ) ;
#194 = ORIENTED_EDGE ( 'NONE', *, *, #3390, .T. ) ;
#195 = EDGE_CURVE ( 'NONE', #1970, #3931, #2269, .T. ) ;
#196 = DIRECTION ( 'NONE',  ( 0.0000000000000000000, 1.000000000000000000, 0.0000000000000000000 ) ) ;
#197 = PLANE ( 'NONE',  #2069 ) ;
#198 = ADVANCED_FACE ( 'NONE', ( #624, #2017 ), #3963, .T. ) ;
#199 = VECTOR ( 'NONE', #3066, 1000.000000000000000 ) ;
#200 = ORIENTED_EDGE ( 'NONE', *, *, #2944, .T. ) ;
#201 = EDGE_CURVE ( 'NONE', #269, #1339, #2189, .T. ) ;
#202 = CARTESIAN_POINT ( 'NONE',  ( -4.150000000000000355, 6.999999999999999112, -1.750000000000000000 ) ) ;
#203 = VERTEX_POINT ( 'NONE', #2923 ) ;
#204 = DIRECTION ( 'NONE',  ( -0.0000000000000000000, 1.000000000000000000, -0.0000000000000000000 ) ) ;
#205 = CIRCLE ( 'NONE', #1022, 0.5000000000000004441 ) ;
#206 = DIRECTION ( 'NONE',  ( 0.0000000000000000000, 0.0000000000000000000, -1.000000000000000000 ) ) ;
#207 = VERTEX_POINT ( 'NONE', #839 ) ;
#208 = AXIS2_PLACEMENT_3D ( 'NONE', #1896, #2956, #85 ) ;
#209 = VECTOR ( 'NONE', #918, 1000.000000000000000 ) ;
#210 = ORIENTED_EDGE ( 'NONE', *, *, #769, .F. ) ;
#211 = DIRECTION ( 'NONE',  ( 0.0000000000000000000, -0.0000000000000000000, 1.000000000000000000 ) ) ;
#212 = LINE ( 'NONE', #386, #3582 ) ;
#213 = DIRECTION ( 'NONE',  ( 1.000000000000000000, 0.0000000000000000000, 0.0000000000000000000 ) ) ;
#214 = ORIENTED_EDGE ( 'NONE', *, *, #931, .T. ) ;
#215 = CARTESIAN_POINT ( 'NONE',  ( 1.399999999999999911, 3.000000000000000000, 1.649999999999999911 ) ) ;
#216 = CARTESIAN_POINT ( 'NONE',  ( -0.4999999999999997780, 4.000000000000000000, 3.149999999999999911 ) ) ;
#217 = CARTESIAN_POINT ( 'NONE',  ( -4.250000000000000000, 2.000000000000000000, 1.940000000000000169 ) ) ;
#218 = EDGE_CURVE ( 'NONE', #3906, #4079, #2089, .T. ) ;
#219 = ADVANCED_FACE ( 'NONE', ( #1986 ), #3679, .F. ) ;
#220 = CARTESIAN_POINT ( 'NONE',  ( 1.399999999999999911, -3.500000000000005773, -2.000000000000000000 ) ) ;
#221 = EDGE_CURVE ( 'NONE', #1788, #1160, #284, .T. ) ;
#222 = DIRECTION ( 'NONE',  ( 0.0000000000000000000, 0.0000000000000000000, 1.000000000000000000 ) ) ;
#223 = AXIS2_PLACEMENT_3D ( 'NONE', #1514, #848, #2759 ) ;
#224 = PLANE ( 'NONE',  #3405 ) ;
#225 = DIRECTION ( 'NONE',  ( -8.131516293641283255E-17, 0.0000000000000000000, -1.000000000000000000 ) ) ;
#226 = VERTEX_POINT ( 'NONE', #3121 ) ;
#227 = CARTESIAN_POINT ( 'NONE',  ( 1.399999999999999911, 1.000000000000000000, 1.250000000000000000 ) ) ;
#228 = LINE ( 'NONE', #2785, #2506 ) ;
#229 = FILL_AREA_STYLE_COLOUR ( '', #2747 ) ;
#230 = CARTESIAN_POINT ( 'NONE',  ( -0.5000000000000104361, 4.000000000000000000, 1.249999999999998890 ) ) ;
#231 = DIRECTION ( 'NONE',  ( -1.000000000000000000, 0.0000000000000000000, -0.0000000000000000000 ) ) ;
#232 = DIRECTION ( 'NONE',  ( -0.2425356250363320254, 0.0000000000000000000, -0.9701425001453320984 ) ) ;
#233 = ORIENTED_EDGE ( 'NONE', *, *, #2056, .F. ) ;
#234 = ORIENTED_EDGE ( 'NONE', *, *, #826, .F. ) ;
#235 = CIRCLE ( 'NONE', #1622, 0.5000000000000000000 ) ;
#236 = LINE ( 'NONE', #1486, #3718 ) ;
#237 = CARTESIAN_POINT ( 'NONE',  ( -0.2500000000000000000, 6.000000000000000000, 1.940000000000000169 ) ) ;
#238 = ORIENTED_EDGE ( 'NONE', *, *, #1449, .F. ) ;
#239 = VECTOR ( 'NONE', #54, 1000.000000000000000 ) ;
#240 = ORIENTED_EDGE ( 'NONE', *, *, #2209, .F. ) ;
#241 = ADVANCED_FACE ( 'NONE', ( #3848, #1118 ), #3281, .F. ) ;
#242 = ORIENTED_EDGE ( 'NONE', *, *, #633, .T. ) ;
#243 = DIRECTION ( 'NONE',  ( -0.0000000000000000000, -0.0000000000000000000, -1.000000000000000000 ) ) ;
#244 = EDGE_CURVE ( 'NONE', #1146, #3430, #1131, .T. ) ;
#245 = VECTOR ( 'NONE', #2033, 1000.000000000000000 ) ;
#246 = ORIENTED_EDGE ( 'NONE', *, *, #949, .T. ) ;
#247 = CIRCLE ( 'NONE', #2344, 0.5000000000000000000 ) ;
#248 = DIRECTION ( 'NONE',  ( -1.000000000000000000, 0.0000000000000000000, 0.0000000000000000000 ) ) ;
#249 = DIRECTION ( 'NONE',  ( 0.0000000000000000000, 1.000000000000000000, 0.0000000000000000000 ) ) ;
#250 = EDGE_LOOP ( 'NONE', ( #38, #4067, #2677, #1900 ) ) ;
#251 = EDGE_CURVE ( 'NONE', #996, #2533, #1175, .T. ) ;
#252 = VERTEX_POINT ( 'NONE', #88 ) ;
#253 = DIRECTION ( 'NONE',  ( -0.0000000000000000000, 1.000000000000000000, -0.0000000000000000000 ) ) ;
#254 = FACE_OUTER_BOUND ( 'NONE', #3469, .T. ) ;
#255 = ORIENTED_EDGE ( 'NONE', *, *, #621, .F. ) ;
#256 = CARTESIAN_POINT ( 'NONE',  ( 1.811904234057519991, -1.470747696065742849, -2.000000000000000000 ) ) ;
#257 = CARTESIAN_POINT ( 'NONE',  ( 1.100000000000000089, 5.000000000000000000, 0.05000000000000080075 ) ) ;
#258 = EDGE_LOOP ( 'NONE', ( #2511, #4110, #2066, #610 ) ) ;
#259 = ORIENTED_EDGE ( 'NONE', *, *, #693, .F. ) ;
#260 = CARTESIAN_POINT ( 'NONE',  ( -4.150000000000000355, 7.299999999999998934, 0.1499999999999999944 ) ) ;
#261 = EDGE_LOOP ( 'NONE', ( #2131, #1223, #1638, #2898 ) ) ;
#262 = CARTESIAN_POINT ( 'NONE',  ( 1.100000000000000089, 1.699335117066794086E-14, -3.000000000000000000 ) ) ;
#263 = CARTESIAN_POINT ( 'NONE',  ( 1.100000000000000089, 0.0000000000000000000, 0.2500000000000002220 ) ) ;
#265 = EDGE_LOOP ( 'NONE', ( #1957, #2147, #4081, #3922, #3758, #3081, #3175, #1767, #2145, #3865, #4247, #3458, #1702, #2003, #1901, #3517 ) ) ;
#264 = CARTESIAN_POINT ( 'NONE',  ( -6.086131225645458720, -1.931700921573703100, -2.000000000000000000 ) ) ;
#266 = DIRECTION ( 'NONE',  ( 1.000000000000000000, 0.0000000000000000000, 0.0000000000000000000 ) ) ;
#267 = LINE ( 'NONE', #2043, #2722 ) ;
#268 = ADVANCED_FACE ( 'NONE', ( #3304 ), #1445, .T. ) ;
#269 = VERTEX_POINT ( 'NONE', #378 ) ;
#270 = DIRECTION ( 'NONE',  ( 0.0000000000000000000, -1.000000000000000000, 6.643448811904929652E-17 ) ) ;
#271 = DIRECTION ( 'NONE',  ( 0.0000000000000000000, -1.734723475976807094E-15, 1.000000000000000000 ) ) ;
#272 = LINE ( 'NONE', #4016, #992 ) ;
#273 = PRESENTATION_LAYER_ASSIGNMENT (  '', '', ( #4078 ) ) ;
#274 = CARTESIAN_POINT ( 'NONE',  ( 0.0000000000000000000, 6.999999999999999112, 8.326672684688585306E-16 ) ) ;
#275 = LINE ( 'NONE', #2281, #2554 ) ;
#276 = CARTESIAN_POINT ( 'NONE',  ( 1.100000000000000089, 3.000000000000000000, 1.686931687685299996 ) ) ;
#277 = CARTESIAN_POINT ( 'NONE',  ( -5.599999999999999645, 2.500000000000000000, -3.499999999999991562 ) ) ;
#278 = ORIENTED_EDGE ( 'NONE', *, *, #2443, .F. ) ;
#279 =( NAMED_UNIT ( * ) SI_UNIT ( $, .STERADIAN. ) SOLID_ANGLE_UNIT ( ) );
#280 = LINE ( 'NONE', #2781, #3692 ) ;
#281 = EDGE_CURVE ( 'NONE', #3230, #4189, #1856, .T. ) ;
#282 = ORIENTED_EDGE ( 'NONE', *, *, #1647, .T. ) ;
#283 = FACE_OUTER_BOUND ( 'NONE', #1773, .T. ) ;
#284 = LINE ( 'NONE', #4059, #1220 ) ;
#285 =( NAMED_UNIT ( * ) PLANE_ANGLE_UNIT ( ) SI_UNIT ( $, .RADIAN. ) );
#286 = CARTESIAN_POINT ( 'NONE',  ( -6.600999999999999091, 3.000000000000000000, -1.750000000000000000 ) ) ;
#287 = EDGE_CURVE ( 'NONE', #1074, #1788, #1241, .T. ) ;
#288 = VERTEX_POINT ( 'NONE', #741 ) ;
#289 = DIRECTION ( 'NONE',  ( 1.000000000000000000, 0.0000000000000000000, 0.0000000000000000000 ) ) ;
#290 = ORIENTED_EDGE ( 'NONE', *, *, #3777, .F. ) ;
#291 = FACE_OUTER_BOUND ( 'NONE', #1178, .T. ) ;
#292 = ORIENTED_EDGE ( 'NONE', *, *, #1145, .T. ) ;
#293 = DIRECTION ( 'NONE',  ( 0.0000000000000000000, -1.000000000000000000, -2.168404344971010101E-16 ) ) ;
#294 = ADVANCED_FACE ( 'NONE', ( #1909 ), #3562, .F. ) ;
#295 = DIRECTION ( 'NONE',  ( 1.000000000000000000, -0.0000000000000000000, -0.0000000000000000000 ) ) ;
#296 = VECTOR ( 'NONE', #3532, 1000.000000000000000 ) ;
#297 = CARTESIAN_POINT ( 'NONE',  ( 1.100000000000000089, -3.500000000000005773, -2.000000000000000000 ) ) ;
#298 = AXIS2_PLACEMENT_3D ( 'NONE', #3226, #366, #1358 ) ;
#299 = FACE_OUTER_BOUND ( 'NONE', #1171, .T. ) ;
#300 = CARTESIAN_POINT ( 'NONE',  ( -5.601538820320220324, 3.000000000000000000, 0.2500000000000000000 ) ) ;
#301 = ORIENTED_EDGE ( 'NONE', *, *, #2745, .T. ) ;
#302 = DIRECTION ( 'NONE',  ( -2.478176394252581732E-15, 0.0000000000000000000, -1.000000000000000000 ) ) ;
#303 = DIRECTION ( 'NONE',  ( -1.000000000000000000, 0.0000000000000000000, 0.0000000000000000000 ) ) ;
#304 = SURFACE_STYLE_FILL_AREA ( #3988 ) ;
#305 = VERTEX_POINT ( 'NONE', #3382 ) ;
#306 = LINE ( 'NONE', #2822, #449 ) ;
#307 = PRODUCT_DEFINITION_CONTEXT ( 'detailed design', #2454, 'design' ) ;
#308 = LINE ( 'NONE', #3148, #3666 ) ;
#309 = EDGE_CURVE ( 'NONE', #810, #207, #3755, .T. ) ;
#310 = FACE_OUTER_BOUND ( 'NONE', #2327, .T. ) ;
#311 = ADVANCED_FACE ( 'NONE', ( #3246 ), #670, .T. ) ;
#312 = ORIENTED_EDGE ( 'NONE', *, *, #2704, .T. ) ;
#313 = LINE ( 'NONE', #1501, #2765 ) ;
#314 = EDGE_CURVE ( 'NONE', #3554, #39, #1505, .T. ) ;
#315 = CARTESIAN_POINT ( 'NONE',  ( 1.100000000000000089, -5.637851296924616746E-15, -2.000000000000000000 ) ) ;
#316 = EDGE_LOOP ( 'NONE', ( #2841 ) ) ;
#317 = LINE ( 'NONE', #1880, #1926 ) ;
#318 = DIRECTION ( 'NONE',  ( -0.0000000000000000000, -0.0000000000000000000, -1.000000000000000000 ) ) ;
#319 = DIRECTION ( 'NONE',  ( 1.000000000000000000, -0.0000000000000000000, -0.0000000000000000000 ) ) ;
#320 = EDGE_LOOP ( 'NONE', ( #1979 ) ) ;
#321 = PRESENTATION_LAYER_ASSIGNMENT (  '', '', ( #3897 ) ) ;
#322 = VECTOR ( 'NONE', #1543, 1000.000000000000000 ) ;
#323 = CARTESIAN_POINT ( 'NONE',  ( -0.2500000000000000000, 6.000000000000000000, 1.949999999999999734 ) ) ;
#324 = DIRECTION ( 'NONE',  ( -1.000000000000000000, 0.0000000000000000000, 0.0000000000000000000 ) ) ;
#325 = VERTEX_POINT ( 'NONE', #21 ) ;
#326 = CARTESIAN_POINT ( 'NONE',  ( -3.000000000000000000, 0.5999999999999998668, 0.9499999999999998446 ) ) ;
#327 = DIRECTION ( 'NONE',  ( 1.000000000000000000, -9.548605003249666709E-48, -2.098455817713879812E-16 ) ) ;
#328 = VECTOR ( 'NONE', #1032, 999.9999999999998863 ) ;
#329 = EDGE_CURVE ( 'NONE', #1115, #3616, #1607, .T. ) ;
#330 = AXIS2_PLACEMENT_3D ( 'NONE', #3818, #3799, #4235 ) ;
#331 = PLANE ( 'NONE',  #487 ) ;
#332 = ADVANCED_FACE ( 'NONE', ( #945 ), #2288, .T. ) ;
#333 = CARTESIAN_POINT ( 'NONE',  ( 1.399999999999999911, -1.000000000000000000, -3.000000000000000000 ) ) ;
#334 = LINE ( 'NONE', #2057, #328 ) ;
#335 = CARTESIAN_POINT ( 'NONE',  ( 1.050000000000000044, 3.000000000000000000, 0.2500000000000000000 ) ) ;
#336 = CARTESIAN_POINT ( 'NONE',  ( 1.100000000000000311, 3.000000000000000000, -1.750000000000000000 ) ) ;
#337 = EDGE_CURVE ( 'NONE', #3641, #681, #955, .T. ) ;
#338 = CARTESIAN_POINT ( 'NONE',  ( 1.400000000000000133, 6.499999999999999112, -1.250000000000000000 ) ) ;
#339 = VECTOR ( 'NONE', #4129, 1000.000000000000000 ) ;
#340 = ORIENTED_EDGE ( 'NONE', *, *, #1790, .T. ) ;
#341 = LINE ( 'NONE', #1256, #2803 ) ;
#342 = ORIENTED_EDGE ( 'NONE', *, *, #1120, .T. ) ;
#343 = CARTESIAN_POINT ( 'NONE',  ( -4.150000000000000355, 7.299999999999998934, -1.750000000000000000 ) ) ;
#344 = DIRECTION ( 'NONE',  ( 1.000000000000000000, 0.0000000000000000000, 0.0000000000000000000 ) ) ;
#345 = ORIENTED_EDGE ( 'NONE', *, *, #2275, .F. ) ;
#346 =( GEOMETRIC_REPRESENTATION_CONTEXT ( 3 ) GLOBAL_UNCERTAINTY_ASSIGNED_CONTEXT ( ( #3029 ) ) GLOBAL_UNIT_ASSIGNED_CONTEXT ( ( #1057, #778, #704 ) ) REPRESENTATION_CONTEXT ( 'NONE', 'WORKASPACE' ) );
#347 = DIRECTION ( 'NONE',  ( -0.2425356250363329691, 0.0000000000000000000, 0.9701425001453318764 ) ) ;
#348 = ADVANCED_FACE ( 'NONE', ( #2375 ), #2426, .F. ) ;
#349 = LINE ( 'NONE', #3386, #1960 ) ;
#350 = ORIENTED_EDGE ( 'NONE', *, *, #1145, .F. ) ;
#351 = CARTESIAN_POINT ( 'NONE',  ( -5.599999999999999645, -0.9999999999999997780, -2.000000000000007105 ) ) ;
#352 = VECTOR ( 'NONE', #3301, 1000.000000000000000 ) ;
#353 = DIRECTION ( 'NONE',  ( -0.0000000000000000000, -1.000000000000000000, -0.0000000000000000000 ) ) ;
#354 = AXIS2_PLACEMENT_3D ( 'NONE', #2843, #3835, #3934 ) ;
#355 = DIRECTION ( 'NONE',  ( -0.7525766947068798229, 0.6585046078685159454, 0.0000000000000000000 ) ) ;
#356 = VERTEX_POINT ( 'NONE', #1144 ) ;
#357 = CARTESIAN_POINT ( 'NONE',  ( -5.599999999999999645, -1.112720534831482144, -2.000000000000000000 ) ) ;
#358 = EDGE_CURVE ( 'NONE', #3125, #17, #236, .T. ) ;
#359 = CARTESIAN_POINT ( 'NONE',  ( 1.100000000000000089, 1.000000000000000000, -2.000000000000000000 ) ) ;
#360 = VECTOR ( 'NONE', #489, 1000.000000000000000 ) ;
#361 = ORIENTED_EDGE ( 'NONE', *, *, #1871, .T. ) ;
#362 = LINE ( 'NONE', #668, #61 ) ;
#363 = EDGE_CURVE ( 'NONE', #152, #2388, #2320, .T. ) ;
#364 = ORIENTED_EDGE ( 'NONE', *, *, #2723, .T. ) ;
#365 = LINE ( 'NONE', #2705, #3627 ) ;
#366 = DIRECTION ( 'NONE',  ( 0.0000000000000000000, -1.000000000000000000, 0.0000000000000000000 ) ) ;
#367 = VERTEX_POINT ( 'NONE', #2710 ) ;
#368 = ADVANCED_FACE ( 'NONE', ( #3036 ), #3026, .T. ) ;
#369 = AXIS2_PLACEMENT_3D ( 'NONE', #2624, #1962, #1936 ) ;
#370 = DIRECTION ( 'NONE',  ( -1.000000000000000000, -0.0000000000000000000, -0.0000000000000000000 ) ) ;
#371 = CARTESIAN_POINT ( 'NONE',  ( -4.400000000000000355, 6.150000000000000355, 2.750000000000000000 ) ) ;
#372 = FACE_OUTER_BOUND ( 'NONE', #3308, .T. ) ;
#373 = SURFACE_SIDE_STYLE ('',( #1310 ) ) ;
#374 = CARTESIAN_POINT ( 'NONE',  ( 1.399999999999999911, 1.000000000000000000, 2.250000000000000000 ) ) ;
#375 = AXIS2_PLACEMENT_3D ( 'NONE', #1111, #818, #803 ) ;
#376 = CARTESIAN_POINT ( 'NONE',  ( 1.399999999999999911, 1.705840330101707428E-14, -3.000000000000000000 ) ) ;
#377 = AXIS2_PLACEMENT_3D ( 'NONE', #3457, #2049, #3792 ) ;
#378 = CARTESIAN_POINT ( 'NONE',  ( -5.899999999999999467, 0.0000000000000000000, 0.2500000000000002220 ) ) ;
#379 = VECTOR ( 'NONE', #2492, 1000.000000000000000 ) ;
#380 = PLANE ( 'NONE',  #208 ) ;
#381 = SURFACE_STYLE_FILL_AREA ( #2183 ) ;
#382 = EDGE_CURVE ( 'NONE', #701, #3191, #306, .T. ) ;
#383 = LINE ( 'NONE', #1837, #111 ) ;
#384 = DIRECTION ( 'NONE',  ( -0.0000000000000000000, -0.0000000000000000000, -1.000000000000000000 ) ) ;
#385 = EDGE_LOOP ( 'NONE', ( #83, #2295, #1891, #3110 ) ) ;
#386 = CARTESIAN_POINT ( 'NONE',  ( -5.899999999999999467, 0.0000000000000000000, -2.000000000000018652 ) ) ;
#387 = DIRECTION ( 'NONE',  ( 0.2425356250363336075, 0.0000000000000000000, 0.9701425001453317654 ) ) ;
#388 = VERTEX_POINT ( 'NONE', #1201 ) ;
#389 = FACE_OUTER_BOUND ( 'NONE', #4085, .T. ) ;
#390 = EDGE_LOOP ( 'NONE', ( #1013, #1964, #2485, #2821 ) ) ;
#391 = SURFACE_STYLE_USAGE ( .BOTH. , #2030 ) ;
#392 = DIRECTION ( 'NONE',  ( -1.457750820148560378E-16, 2.915501640297120757E-16, -1.000000000000000000 ) ) ;
#393 = EDGE_CURVE ( 'NONE', #203, #1485, #3455, .T. ) ;
#394 = CARTESIAN_POINT ( 'NONE',  ( 1.399999999999999911, -0.9999999999999829026, -3.000000000000000000 ) ) ;
#395 = SURFACE_STYLE_FILL_AREA ( #3491 ) ;
#396 = ADVANCED_FACE ( 'NONE', ( #3663 ), #1287, .T. ) ;
#397 = FILL_AREA_STYLE ('',( #1212 ) ) ;
#398 = CARTESIAN_POINT ( 'NONE',  ( -5.899999999999999467, 1.000000000000000000, 0.2500000000000002220 ) ) ;
#399 = VECTOR ( 'NONE', #997, 1000.000000000000000 ) ;
#400 = EDGE_LOOP ( 'NONE', ( #2562, #1800, #4095, #3225, #1893 ) ) ;
#401 = ORIENTED_EDGE ( 'NONE', *, *, #2683, .F. ) ;
#402 = EDGE_LOOP ( 'NONE', ( #1668, #41, #3020, #812 ) ) ;
#403 = DIRECTION ( 'NONE',  ( 0.0000000000000000000, 0.0000000000000000000, 1.000000000000000000 ) ) ;
#404 = PRESENTATION_STYLE_ASSIGNMENT (( #1155 ) ) ;
#405 = ORIENTED_EDGE ( 'NONE', *, *, #1676, .F. ) ;
#406 = PLANE ( 'NONE',  #1662 ) ;
#407 = ORIENTED_EDGE ( 'NONE', *, *, #3445, .F. ) ;
#408 = DIRECTION ( 'NONE',  ( 8.131516293641283255E-17, -0.0000000000000000000, 1.000000000000000000 ) ) ;
#409 = ORIENTED_EDGE ( 'NONE', *, *, #3325, .F. ) ;
#410 = DIRECTION ( 'NONE',  ( -0.2425356250363329969, 0.0000000000000000000, -0.9701425001453318764 ) ) ;
#411 = FACE_OUTER_BOUND ( 'NONE', #1372, .T. ) ;
#412 =( GEOMETRIC_REPRESENTATION_CONTEXT ( 3 ) GLOBAL_UNCERTAINTY_ASSIGNED_CONTEXT ( ( #1853 ) ) GLOBAL_UNIT_ASSIGNED_CONTEXT ( ( #64, #941, #3185 ) ) REPRESENTATION_CONTEXT ( 'NONE', 'WORKASPACE' ) );
#413 =( NAMED_UNIT ( * ) SI_UNIT ( $, .STERADIAN. ) SOLID_ANGLE_UNIT ( ) );
#414 = CARTESIAN_POINT ( 'NONE',  ( 1.100000000000000089, 1.000000000000000000, 0.2500000000000002220 ) ) ;
#415 = VECTOR ( 'NONE', #2108, 1000.000000000000000 ) ;
#416 = EDGE_CURVE ( 'NONE', #3474, #2992, #247, .T. ) ;
#417 = EDGE_LOOP ( 'NONE', ( #2401, #1390, #428, #3395 ) ) ;
#418 = LINE ( 'NONE', #3102, #1059 ) ;
#419 = ORIENTED_EDGE ( 'NONE', *, *, #1602, .F. ) ;
#420 = VERTEX_POINT ( 'NONE', #1535 ) ;
#421 = LINE ( 'NONE', #2963, #3779 ) ;
#422 = EDGE_CURVE ( 'NONE', #1574, #4204, #308, .T. ) ;
#423 = CARTESIAN_POINT ( 'NONE',  ( 0.7619889452693550114, 3.000000000000000000, 0.1651125312372830056 ) ) ;
#424 = CARTESIAN_POINT ( 'NONE',  ( -5.599999999999999645, 5.000000000000000888, -4.000000000000070166 ) ) ;
#425 =( LENGTH_UNIT ( ) NAMED_UNIT ( * ) SI_UNIT ( .MILLI., .METRE. ) );
#426 = EDGE_CURVE ( 'NONE', #3834, #3773, #1881, .T. ) ;
#427 = ORIENTED_EDGE ( 'NONE', *, *, #2610, .T. ) ;
#428 = ORIENTED_EDGE ( 'NONE', *, *, #2438, .F. ) ;
#429 = CARTESIAN_POINT ( 'NONE',  ( 0.0000000000000000000, 6.499999999999999112, -1.250000000000000000 ) ) ;
#430 = VECTOR ( 'NONE', #2390, 1000.000000000000000 ) ;
#431 = PLANE ( 'NONE',  #1722 ) ;
#432 = CARTESIAN_POINT ( 'NONE',  ( -5.899999999999999467, -2.168404344971008868E-16, -3.999999999999967137 ) ) ;
#433 = VERTEX_POINT ( 'NONE', #3811 ) ;
#434 = PLANE ( 'NONE',  #899 ) ;
#435 = AXIS2_PLACEMENT_3D ( 'NONE', #1930, #270, #3577 ) ;
#436 = CARTESIAN_POINT ( 'NONE',  ( -5.899999999999999467, -3.500000000000000000, -2.000000000000000000 ) ) ;
#437 = ORIENTED_EDGE ( 'NONE', *, *, #1889, .T. ) ;
#438 = LINE ( 'NONE', #2799, #3396 ) ;
#439 = VECTOR ( 'NONE', #1569, 1000.000000000000000 ) ;
#440 = CARTESIAN_POINT ( 'NONE',  ( -2.250000000000000000, 4.000000000000000000, 2.250000000000000000 ) ) ;
#441 = PLANE ( 'NONE',  #3787 ) ;
#442 = EDGE_CURVE ( 'NONE', #55, #325, #1487, .T. ) ;
#443 = ORIENTED_EDGE ( 'NONE', *, *, #3273, .F. ) ;
#444 = DIRECTION ( 'NONE',  ( -1.000000000000000000, 0.0000000000000000000, 1.084202172485503818E-16 ) ) ;
#445 = SURFACE_STYLE_USAGE ( .BOTH. , #1275 ) ;
#446 = CARTESIAN_POINT ( 'NONE',  ( 0.0000000000000000000, 1.000000000000000000, 6.643448811904929652E-17 ) ) ;
#447 = VECTOR ( 'NONE', #1317, 1000.000000000000000 ) ;
#448 = ORIENTED_EDGE ( 'NONE', *, *, #3270, .F. ) ;
#449 = VECTOR ( 'NONE', #587, 1000.000000000000000 ) ;
#450 = ORIENTED_EDGE ( 'NONE', *, *, #1817, .F. ) ;
#451 = CARTESIAN_POINT ( 'NONE',  ( 1.399999999999999911, 3.000000000000000000, -4.000000000000000000 ) ) ;
#452 = EDGE_CURVE ( 'NONE', #3035, #2076, #1491, .T. ) ;
#453 = CARTESIAN_POINT ( 'NONE',  ( -5.250000000000000000, 1.000000000000000000, 1.940000000000000169 ) ) ;
#454 = ORIENTED_EDGE ( 'NONE', *, *, #3425, .F. ) ;
#455 = DIRECTION ( 'NONE',  ( 0.0000000000000000000, 0.0000000000000000000, 1.000000000000000000 ) ) ;
#456 = DIRECTION ( 'NONE',  ( 1.000000000000000000, 0.0000000000000000000, -0.0000000000000000000 ) ) ;
#457 = ORIENTED_EDGE ( 'NONE', *, *, #3204, .F. ) ;
#458 = AXIS2_PLACEMENT_3D ( 'NONE', #2041, #3883, #1980 ) ;
#459 = CARTESIAN_POINT ( 'NONE',  ( 0.7500000000000000000, 1.000000000000000000, -1.149999999999999911 ) ) ;
#460 = LINE ( 'NONE', #2516, #2924 ) ;
#461 = CARTESIAN_POINT ( 'NONE',  ( -6.086131225645459608, -1.668299078426296100, -3.000000000000000000 ) ) ;
#462 = CARTESIAN_POINT ( 'NONE',  ( -5.599999999999998757, 5.000000000000000000, 0.4499999999999911848 ) ) ;
#463 = VERTEX_POINT ( 'NONE', #559 ) ;
#464 = AXIS2_PLACEMENT_3D ( 'NONE', #2985, #3768, #2682 ) ;
#465 = CARTESIAN_POINT ( 'NONE',  ( -5.899999999999999467, 3.000000000000000000, -1.149999999999999911 ) ) ;
#466 = ORIENTED_EDGE ( 'NONE', *, *, #2025, .T. ) ;
#467 = CARTESIAN_POINT ( 'NONE',  ( 1.399999999999999689, 7.000000000000000000, 2.250000000000000000 ) ) ;
#468 = ORIENTED_EDGE ( 'NONE', *, *, #1128, .F. ) ;
#469 = CARTESIAN_POINT ( 'NONE',  ( -5.899999999999999467, -1.000000000000000000, -3.000000000000000000 ) ) ;
#470 = FACE_OUTER_BOUND ( 'NONE', #1308, .T. ) ;
#471 = VECTOR ( 'NONE', #3549, 1000.000000000000114 ) ;
#472 = EDGE_CURVE ( 'NONE', #1193, #3794, #788, .T. ) ;
#473 = EDGE_LOOP ( 'NONE', ( #2848, #2419, #2023, #1296 ) ) ;
#474 = EDGE_LOOP ( 'NONE', ( #2235, #3065, #2556, #2085 ) ) ;
#475 = LINE ( 'NONE', #2690, #3832 ) ;
#476 = CARTESIAN_POINT ( 'NONE',  ( 0.0000000000000000000, 7.400000000000000355, 0.0000000000000000000 ) ) ;
#477 = EDGE_CURVE ( 'NONE', #504, #2333, #636, .T. ) ;
#478 = ORIENTED_EDGE ( 'NONE', *, *, #693, .T. ) ;
#479 = DIRECTION ( 'NONE',  ( 0.0000000000000000000, 1.000000000000000000, 0.0000000000000000000 ) ) ;
#480 = DIRECTION ( 'NONE',  ( 0.0000000000000000000, 0.0000000000000000000, 1.000000000000000000 ) ) ;
#481 = FILL_AREA_STYLE_COLOUR ( '', #3144 ) ;
#482 = ORIENTED_EDGE ( 'NONE', *, *, #881, .T. ) ;
#483 = FACE_OUTER_BOUND ( 'NONE', #3724, .T. ) ;
#484 = CARTESIAN_POINT ( 'NONE',  ( -4.250000000000000000, 2.000000000000000000, 1.949999999999999956 ) ) ;
#485 = VERTEX_POINT ( 'NONE', #3116 ) ;
#486 = CIRCLE ( 'NONE', #1507, 0.5999999999999998668 ) ;
#487 = AXIS2_PLACEMENT_3D ( 'NONE', #1874, #1859, #2194 ) ;
#488 = FILL_AREA_STYLE_COLOUR ( '', #3099 ) ;
#489 = DIRECTION ( 'NONE',  ( -5.421010862427520198E-16, 1.000000000000000000, 0.0000000000000000000 ) ) ;
#490 = DIRECTION ( 'NONE',  ( 0.2425356250363328858, 0.0000000000000000000, 0.9701425001453318764 ) ) ;
#491 = CARTESIAN_POINT ( 'NONE',  ( 1.100000000000000089, -2.487279465168510395, -3.000000000000000000 ) ) ;
#492 = VECTOR ( 'NONE', #2644, 1000.000000000000000 ) ;
#493 = CARTESIAN_POINT ( 'NONE',  ( -5.599999999999999645, 1.000000000000000000, 1.250000000000000000 ) ) ;
#494 = VERTEX_POINT ( 'NONE', #3472 ) ;
#495 =( NAMED_UNIT ( * ) PLANE_ANGLE_UNIT ( ) SI_UNIT ( $, .RADIAN. ) );
#496 = ORIENTED_EDGE ( 'NONE', *, *, #1482, .T. ) ;
#497 = VECTOR ( 'NONE', #3714, 1000.000000000000000 ) ;
#498 = CARTESIAN_POINT ( 'NONE',  ( 1.586131225645458720, -1.931700921573703100, -2.000000000000000000 ) ) ;
#499 = ORIENTED_EDGE ( 'NONE', *, *, #1449, .T. ) ;
#500 = MANIFOLD_SOLID_BREP ( 'Revolve9', #3209 ) ;
#501 = MECHANICAL_DESIGN_GEOMETRIC_PRESENTATION_REPRESENTATION (  '', ( #4078 ), #710 ) ;
#502 = LINE ( 'NONE', #432, #2196 ) ;
#503 = ORIENTED_EDGE ( 'NONE', *, *, #1654, .T. ) ;
#504 = VERTEX_POINT ( 'NONE', #862 ) ;
#505 =( NAMED_UNIT ( * ) SI_UNIT ( $, .STERADIAN. ) SOLID_ANGLE_UNIT ( ) );
#506 = EDGE_CURVE ( 'NONE', #3447, #173, #3482, .T. ) ;
#507 = VECTOR ( 'NONE', #2227, 1000.000000000000000 ) ;
#508 = ORIENTED_EDGE ( 'NONE', *, *, #902, .T. ) ;
#509 = EDGE_LOOP ( 'NONE', ( #4010, #3965, #2696, #4195 ) ) ;
#510 = FILL_AREA_STYLE ('',( #488 ) ) ;
#511 = DIRECTION ( 'NONE',  ( -8.131516293641275859E-17, 0.0000000000000000000, -1.000000000000000000 ) ) ;
#512 = SURFACE_SIDE_STYLE ('',( #994 ) ) ;
#513 = VECTOR ( 'NONE', #1954, 1000.000000000000000 ) ;
#514 = EDGE_CURVE ( 'NONE', #1044, #152, #643, .T. ) ;
#515 = ORIENTED_EDGE ( 'NONE', *, *, #776, .F. ) ;
#516 = DIRECTION ( 'NONE',  ( -1.000000000000000000, 0.0000000000000000000, 0.0000000000000000000 ) ) ;
#517 = LINE ( 'NONE', #2967, #2975 ) ;
#518 = DIRECTION ( 'NONE',  ( 0.0000000000000000000, 1.000000000000000000, 0.0000000000000000000 ) ) ;
#519 = VECTOR ( 'NONE', #2409, 1000.000000000000000 ) ;
#520 = AXIS2_PLACEMENT_3D ( 'NONE', #2008, #3892, #2190 ) ;
#521 = EDGE_LOOP ( 'NONE', ( #3529, #856, #4029, #578 ) ) ;
#522 = FACE_OUTER_BOUND ( 'NONE', #3409, .T. ) ;
#523 = DIRECTION ( 'NONE',  ( 1.000000000000000000, 0.0000000000000000000, -0.0000000000000000000 ) ) ;
#524 = AXIS2_PLACEMENT_3D ( 'NONE', #966, #1798, #3336 ) ;
#525 = DIRECTION ( 'NONE',  ( -1.000000000000000000, 0.0000000000000000000, 0.0000000000000000000 ) ) ;
#526 = DIRECTION ( 'NONE',  ( 0.0000000000000000000, -7.228014483236699514E-17, -1.000000000000000000 ) ) ;
#527 = VECTOR ( 'NONE', #1581, 1000.000000000000000 ) ;
#528 = PRODUCT_CONTEXT ( 'NONE', #2121, 'mechanical' ) ;
#529 = DIRECTION ( 'NONE',  ( -0.0000000000000000000, -0.0000000000000000000, 1.000000000000000000 ) ) ;
#530 = CARTESIAN_POINT ( 'NONE',  ( -5.899999999999999467, -1.000000000000000000, -3.000000000000000000 ) ) ;
#531 = EDGE_CURVE ( 'NONE', #1594, #1594, #1796, .T. ) ;
#532 = ADVANCED_FACE ( 'NONE', ( #372 ), #1659, .F. ) ;
#533 = EDGE_CURVE ( 'NONE', #963, #589, #2093, .T. ) ;
#534 = DIRECTION ( 'NONE',  ( 0.0000000000000000000, 0.0000000000000000000, 1.000000000000000000 ) ) ;
#535 = ORIENTED_EDGE ( 'NONE', *, *, #358, .T. ) ;
#536 = VERTEX_POINT ( 'NONE', #2270 ) ;
#537 = DIRECTION ( 'NONE',  ( 0.0000000000000000000, 0.0000000000000000000, -1.000000000000000000 ) ) ;
#538 = CARTESIAN_POINT ( 'NONE',  ( 1.100000000000000089, 3.000000000000000000, 1.949999999999999956 ) ) ;
#539 = DIRECTION ( 'NONE',  ( -0.0000000000000000000, -0.0000000000000000000, 1.000000000000000000 ) ) ;
#540 = CARTESIAN_POINT ( 'NONE',  ( 0.0000000000000000000, 6.999999999999999112, -1.250000000000000000 ) ) ;
#541 = DIRECTION ( 'NONE',  ( -0.0000000000000000000, -0.0000000000000000000, 1.000000000000000000 ) ) ;
#542 = VECTOR ( 'NONE', #2424, 1000.000000000000000 ) ;
#543 = MECHANICAL_DESIGN_GEOMETRIC_PRESENTATION_REPRESENTATION (  '', ( #3897 ), #755 ) ;
#544 = ORIENTED_EDGE ( 'NONE', *, *, #1167, .T. ) ;
#545 = AXIS2_PLACEMENT_3D ( 'NONE', #977, #408, #1680 ) ;
#546 = CARTESIAN_POINT ( 'NONE',  ( 0.0000000000000000000, 2.999999999999998224, 0.0000000000000000000 ) ) ;
#547 = CARTESIAN_POINT ( 'NONE',  ( -4.850000000000000533, 7.299999999999998934, 0.1499999999999999944 ) ) ;
#548 = VERTEX_POINT ( 'NONE', #2136 ) ;
#549 = ORIENTED_EDGE ( 'NONE', *, *, #1322, .T. ) ;
#550 = DIRECTION ( 'NONE',  ( -0.6585046078685158344, -0.7525766947068797119, 0.0000000000000000000 ) ) ;
#551 = ADVANCED_FACE ( 'NONE', ( #3058 ), #3346, .F. ) ;
#552 = VECTOR ( 'NONE', #1726, 1000.000000000000000 ) ;
#553 = EDGE_CURVE ( 'NONE', #4144, #4075, #174, .T. ) ;
#554 = VECTOR ( 'NONE', #3459, 1000.000000000000000 ) ;
#555 = EDGE_LOOP ( 'NONE', ( #468, #214, #156, #2068, #6, #3732, #4043 ) ) ;
#556 = CARTESIAN_POINT ( 'NONE',  ( -0.6999999999999999556, 6.150000000000000355, 2.249999999999999556 ) ) ;
#557 = DIRECTION ( 'NONE',  ( 0.0000000000000000000, 0.0000000000000000000, 1.000000000000000000 ) ) ;
#558 = VERTEX_POINT ( 'NONE', #264 ) ;
#559 = CARTESIAN_POINT ( 'NONE',  ( 1.399999999999999911, 5.000000000000000000, 1.649999999999999911 ) ) ;
#560 = EDGE_LOOP ( 'NONE', ( #2291 ) ) ;
#561 = SURFACE_STYLE_FILL_AREA ( #2290 ) ;
#562 = ORIENTED_EDGE ( 'NONE', *, *, #1867, .T. ) ;
#563 = CARTESIAN_POINT ( 'NONE',  ( 1.100000000000000089, -2.487279465168510395, 3.149999999999999911 ) ) ;
#564 = EDGE_CURVE ( 'NONE', #2101, #3076, #3444, .T. ) ;
#565 = VERTEX_POINT ( 'NONE', #740 ) ;
#566 = DIRECTION ( 'NONE',  ( 0.0000000000000000000, 0.0000000000000000000, -1.000000000000000000 ) ) ;
#567 = CARTESIAN_POINT ( 'NONE',  ( -1.500000000000000222, 7.399999999999998579, 2.249999999999998224 ) ) ;
#568 = LINE ( 'NONE', #2675, #4038 ) ;
#569 = AXIS2_PLACEMENT_3D ( 'NONE', #2918, #1068, #1905 ) ;
#570 = FILL_AREA_STYLE_COLOUR ( '', #3634 ) ;
#571 = CARTESIAN_POINT ( 'NONE',  ( -5.261988945269359341, 3.000000000000000000, 0.1651125312372840048 ) ) ;
#572 =( NAMED_UNIT ( * ) SI_UNIT ( $, .STERADIAN. ) SOLID_ANGLE_UNIT ( ) );
#573 = CARTESIAN_POINT ( 'NONE',  ( -4.150000000000000355, 6.999999999999999112, -1.750000000000000000 ) ) ;
#574 = DIRECTION ( 'NONE',  ( -8.131516293641275859E-17, 0.0000000000000000000, -1.000000000000000000 ) ) ;
#575 = DIRECTION ( 'NONE',  ( 0.0000000000000000000, 0.0000000000000000000, 1.000000000000000000 ) ) ;
#576 = CARTESIAN_POINT ( 'NONE',  ( -0.2500000000000000000, 6.000000000000000000, 1.940000000000000169 ) ) ;
#577 = ADVANCED_FACE ( 'NONE', ( #283 ), #1215, .T. ) ;
#578 = ORIENTED_EDGE ( 'NONE', *, *, #442, .T. ) ;
#579 = LINE ( 'NONE', #3077, #3940 ) ;
#580 = CIRCLE ( 'NONE', #1109, 0.5999999999999999778 ) ;
#581 = ORIENTED_EDGE ( 'NONE', *, *, #1794, .T. ) ;
#582 = AXIS2_PLACEMENT_3D ( 'NONE', #2351, #1370, #1045 ) ;
#583 = CARTESIAN_POINT ( 'NONE',  ( -5.599999999999999645, 3.000000000000000000, 0.05000000000000000278 ) ) ;
#584 = DIRECTION ( 'NONE',  ( -0.0000000000000000000, 1.000000000000000000, 0.0000000000000000000 ) ) ;
#585 = CARTESIAN_POINT ( 'NONE',  ( -6.600999999999999091, 3.000000000000000000, -1.750000000000000000 ) ) ;
#586 = CARTESIAN_POINT ( 'NONE',  ( -0.1000000000000000056, 6.150000000000000355, 2.750000000000000000 ) ) ;
#587 = DIRECTION ( 'NONE',  ( -0.0000000000000000000, -0.0000000000000000000, 1.000000000000000000 ) ) ;
#588 = EDGE_CURVE ( 'NONE', #1438, #3830, #4217, .T. ) ;
#589 = VERTEX_POINT ( 'NONE', #3872 ) ;
#590 = CARTESIAN_POINT ( 'NONE',  ( -4.250000000000000000, 6.999999999999999112, -1.150000000000000355 ) ) ;
#591 = EDGE_CURVE ( 'NONE', #2885, #3785, #742, .T. ) ;
#592 = CARTESIAN_POINT ( 'NONE',  ( -5.599999999999999645, 3.000000000000000000, 1.250000000000000000 ) ) ;
#593 = ADVANCED_FACE ( 'NONE', ( #647 ), #686, .F. ) ;
#594 = DIRECTION ( 'NONE',  ( 0.0000000000000000000, -1.000000000000000000, 0.0000000000000000000 ) ) ;
#595 = DIRECTION ( 'NONE',  ( -0.0000000000000000000, 0.0000000000000000000, 1.000000000000000000 ) ) ;
#596 = DIRECTION ( 'NONE',  ( 0.0000000000000000000, 0.0000000000000000000, 1.000000000000000000 ) ) ;
#597 = PLANE ( 'NONE',  #3541 ) ;
#598 = CARTESIAN_POINT ( 'NONE',  ( -5.599999999999999645, 3.000000000000000000, -1.750000000000000222 ) ) ;
#599 = VERTEX_POINT ( 'NONE', #4214 ) ;
#600 = PRESENTATION_LAYER_ASSIGNMENT (  '', '', ( #3733 ) ) ;
#601 = ORIENTED_EDGE ( 'NONE', *, *, #1566, .F. ) ;
#602 = ORIENTED_EDGE ( 'NONE', *, *, #3909, .T. ) ;
#603 = LINE ( 'NONE', #65, #1492 ) ;
#604 = FACE_OUTER_BOUND ( 'NONE', #946, .T. ) ;
#605 = ORIENTED_EDGE ( 'NONE', *, *, #3005, .F. ) ;
#606 = EDGE_LOOP ( 'NONE', ( #2392, #2874, #2674, #1250 ) ) ;
#607 = AXIS2_PLACEMENT_3D ( 'NONE', #1735, #1408, #3374 ) ;
#608 = ORIENTED_EDGE ( 'NONE', *, *, #3397, .F. ) ;
#609 = CARTESIAN_POINT ( 'NONE',  ( -5.599999999999999645, -2.487279465168510395, -2.000000000000000000 ) ) ;
#610 = ORIENTED_EDGE ( 'NONE', *, *, #3231, .F. ) ;
#611 = ORIENTED_EDGE ( 'NONE', *, *, #1647, .F. ) ;
#612 = CARTESIAN_POINT ( 'NONE',  ( 0.7500000000000000000, 1.000000000000000000, 1.940000000000000169 ) ) ;
#613 =( NAMED_UNIT ( * ) SI_UNIT ( $, .STERADIAN. ) SOLID_ANGLE_UNIT ( ) );
#614 = EDGE_CURVE ( 'NONE', #900, #288, #3908, .T. ) ;
#615 = CARTESIAN_POINT ( 'NONE',  ( -1.499999999999999778, 0.9999999999999986677, 2.249999999999998224 ) ) ;
#616 = ORIENTED_EDGE ( 'NONE', *, *, #112, .F. ) ;
#617 = CARTESIAN_POINT ( 'NONE',  ( 1.050000000000000044, 5.000000000000000000, 0.2500000000000000000 ) ) ;
#618 = ADVANCED_FACE ( 'NONE', ( #2940, #2647 ), #1311, .F. ) ;
#619 = FACE_OUTER_BOUND ( 'NONE', #1407, .T. ) ;
#620 = ORIENTED_EDGE ( 'NONE', *, *, #3851, .T. ) ;
#621 = EDGE_CURVE ( 'NONE', #485, #1359, #3955, .T. ) ;
#622 = LINE ( 'NONE', #35, #519 ) ;
#623 = EDGE_LOOP ( 'NONE', ( #1243, #1301, #1637, #1198 ) ) ;
#624 = FACE_OUTER_BOUND ( 'NONE', #2203, .T. ) ;
#625 = DIRECTION ( 'NONE',  ( -0.2425356250363329691, 0.0000000000000000000, 0.9701425001453318764 ) ) ;
#626 = LINE ( 'NONE', #2386, #1469 ) ;
#627 = CARTESIAN_POINT ( 'NONE',  ( -5.899999999999999467, 7.000000000000000000, -1.250000000000000222 ) ) ;
#628 = CARTESIAN_POINT ( 'NONE',  ( 0.3499999999999999778, 1.000000000000000000, -0.1499999999999999944 ) ) ;
#629 = LINE ( 'NONE', #461, #3200 ) ;
#630 = EDGE_LOOP ( 'NONE', ( #3199, #3423, #4200, #2634, #3373, #1736, #1417 ) ) ;
#631 = VECTOR ( 'NONE', #3721, 1000.000000000000000 ) ;
#632 = CARTESIAN_POINT ( 'NONE',  ( -0.2500000000000000000, 1.000000000000000000, 1.940000000000000169 ) ) ;
#633 = EDGE_CURVE ( 'NONE', #1550, #90, #3703, .T. ) ;
#634 = AXIS2_PLACEMENT_3D ( 'NONE', #4116, #3699, #3636 ) ;
#635 = ADVANCED_FACE ( 'NONE', ( #483 ), #116, .F. ) ;
#636 = LINE ( 'NONE', #3136, #1478 ) ;
#637 = DIRECTION ( 'NONE',  ( -1.000000000000000000, 0.0000000000000000000, -0.0000000000000000000 ) ) ;
#638 = CARTESIAN_POINT ( 'NONE',  ( 1.100000000000000089, -6.505213034913273123E-17, -3.999999999999949818 ) ) ;
#639 = ORIENTED_EDGE ( 'NONE', *, *, #3448, .F. ) ;
#640 = ORIENTED_EDGE ( 'NONE', *, *, #1075, .T. ) ;
#641 = CARTESIAN_POINT ( 'NONE',  ( -3.000000000000000000, 0.0000000000000000000, 0.0000000000000000000 ) ) ;
#642 = EDGE_CURVE ( 'NONE', #388, #2026, #1216, .T. ) ;
#643 = LINE ( 'NONE', #1807, #3207 ) ;
#644 = DIRECTION ( 'NONE',  ( 0.6585046078685181659, 0.7525766947068777135, 0.0000000000000000000 ) ) ;
#645 = EDGE_CURVE ( 'NONE', #2140, #1361, #1981, .T. ) ;
#646 = VERTEX_POINT ( 'NONE', #2864 ) ;
#647 = FACE_OUTER_BOUND ( 'NONE', #3495, .T. ) ;
#648 = DIRECTION ( 'NONE',  ( -0.0000000000000000000, 1.000000000000000000, -0.0000000000000000000 ) ) ;
#649 = FACE_OUTER_BOUND ( 'NONE', #3055, .T. ) ;
#650 = VERTEX_POINT ( 'NONE', #875 ) ;
#651 =( LENGTH_UNIT ( ) NAMED_UNIT ( * ) SI_UNIT ( .MILLI., .METRE. ) );
#652 = DIRECTION ( 'NONE',  ( -2.168404344971091698E-16, 1.000000000000000000, -1.705840330101793256E-14 ) ) ;
#653 = ORIENTED_EDGE ( 'NONE', *, *, #3555, .F. ) ;
#654 = ORIENTED_EDGE ( 'NONE', *, *, #4083, .T. ) ;
#655 = AXIS2_PLACEMENT_3D ( 'NONE', #1177, #3877, #2234 ) ;
#656 = DIRECTION ( 'NONE',  ( -0.0000000000000000000, 0.0000000000000000000, 1.000000000000000000 ) ) ;
#657 = FACE_OUTER_BOUND ( 'NONE', #402, .T. ) ;
#658 = ORIENTED_EDGE ( 'NONE', *, *, #2221, .F. ) ;
#659 = ADVANCED_FACE ( 'NONE', ( #75 ), #4037, .F. ) ;
#660 = ORIENTED_EDGE ( 'NONE', *, *, #973, .T. ) ;
#661 = CARTESIAN_POINT ( 'NONE',  ( -5.599999999999999645, -1.112720534831482144, -3.000000000000000000 ) ) ;
#662 = CARTESIAN_POINT ( 'NONE',  ( 0.0000000000000000000, -2.168404344971008868E-16, -1.705818646058343231E-14 ) ) ;
#663 = VECTOR ( 'NONE', #1262, 1000.000000000000000 ) ;
#664 = ORIENTED_EDGE ( 'NONE', *, *, #3146, .F. ) ;
#665 = PLANE ( 'NONE',  #3486 ) ;
#666 = ORIENTED_EDGE ( 'NONE', *, *, #1257, .F. ) ;
#667 = CARTESIAN_POINT ( 'NONE',  ( -1.500000000000000000, 6.999999999999998224, 1.949999999999997957 ) ) ;
#668 = CARTESIAN_POINT ( 'NONE',  ( 0.3499999999999999778, 7.000000000000000000, -1.750000000000000000 ) ) ;
#669 = PRESENTATION_STYLE_ASSIGNMENT (( #133 ) ) ;
#670 = CYLINDRICAL_SURFACE ( 'NONE', #2993, 0.5000000000000004441 ) ;
#671 = CARTESIAN_POINT ( 'NONE',  ( -5.599999999999999645, -0.9999999999999829026, -3.000000000000000000 ) ) ;
#672 = EDGE_CURVE ( 'NONE', #3948, #3705, #2948, .T. ) ;
#673 = FACE_OUTER_BOUND ( 'NONE', #4173, .T. ) ;
#674 =( LENGTH_UNIT ( ) NAMED_UNIT ( * ) SI_UNIT ( .MILLI., .METRE. ) );
#675 = LINE ( 'NONE', #3284, #3251 ) ;
#676 = DIRECTION ( 'NONE',  ( 0.0000000000000000000, 0.0000000000000000000, -1.000000000000000000 ) ) ;
#677 = EDGE_CURVE ( 'NONE', #1160, #2457, #2286, .T. ) ;
#678 = EDGE_LOOP ( 'NONE', ( #3329, #1431, #3450, #1327 ) ) ;
#679 = VECTOR ( 'NONE', #1786, 1000.000000000000000 ) ;
#680 = LINE ( 'NONE', #4192, #825 ) ;
#681 = VERTEX_POINT ( 'NONE', #3338 ) ;
#682 = ADVANCED_FACE ( 'NONE', ( #178 ), #2298, .F. ) ;
#683 = FACE_OUTER_BOUND ( 'NONE', #2097, .T. ) ;
#684 = UNCERTAINTY_MEASURE_WITH_UNIT (LENGTH_MEASURE( 1.000000000000000082E-05 ), #2631, 'distance_accuracy_value', 'NONE');
#685 = DIRECTION ( 'NONE',  ( 0.0000000000000000000, -1.000000000000000000, 0.0000000000000000000 ) ) ;
#686 = PLANE ( 'NONE',  #3812 ) ;
#687 = DIRECTION ( 'NONE',  ( 0.0000000000000000000, -1.734723475976807094E-15, 1.000000000000000000 ) ) ;
#688 = LINE ( 'NONE', #357, #4011 ) ;
#689 = EDGE_CURVE ( 'NONE', #3960, #701, #1943, .T. ) ;
#690 = VECTOR ( 'NONE', #625, 1000.000000000000114 ) ;
#691 = CARTESIAN_POINT ( 'NONE',  ( 1.100000000000000089, 2.499999999999991562, -3.999999999999991562 ) ) ;
#692 = EDGE_LOOP ( 'NONE', ( #2627, #2422, #4250, #1456 ) ) ;
#693 = EDGE_CURVE ( 'NONE', #1251, #2346, #2943, .T. ) ;
#694 = VECTOR ( 'NONE', #319, 1000.000000000000000 ) ;
#695 = DIRECTION ( 'NONE',  ( -1.000000000000000000, 0.0000000000000000000, 0.0000000000000000000 ) ) ;
#696 = ADVANCED_FACE ( 'NONE', ( #3343 ), #2949, .F. ) ;
#697 = VERTEX_POINT ( 'NONE', #612 ) ;
#698 = LINE ( 'NONE', #3501, #2606 ) ;
#699 = ORIENTED_EDGE ( 'NONE', *, *, #3638, .T. ) ;
#700 = LINE ( 'NONE', #2752, #1549 ) ;
#701 = VERTEX_POINT ( 'NONE', #2469 ) ;
#702 = ORIENTED_EDGE ( 'NONE', *, *, #251, .F. ) ;
#703 = CARTESIAN_POINT ( 'NONE',  ( 0.7500000000000000000, 6.999999999999999112, -1.150000000000000355 ) ) ;
#704 =( NAMED_UNIT ( * ) SI_UNIT ( $, .STERADIAN. ) SOLID_ANGLE_UNIT ( ) );
#705 = ORIENTED_EDGE ( 'NONE', *, *, #1841, .T. ) ;
#706 = EDGE_LOOP ( 'NONE', ( #179, #3164, #3104, #1119 ) ) ;
#707 = ORIENTED_EDGE ( 'NONE', *, *, #3827, .T. ) ;
#708 = CARTESIAN_POINT ( 'NONE',  ( -4.150000000000000355, 7.299999999999998934, -1.750000000000000000 ) ) ;
#709 = ORIENTED_EDGE ( 'NONE', *, *, #3951, .F. ) ;
#710 =( GEOMETRIC_REPRESENTATION_CONTEXT ( 3 ) GLOBAL_UNCERTAINTY_ASSIGNED_CONTEXT ( ( #177 ) ) GLOBAL_UNIT_ASSIGNED_CONTEXT ( ( #425, #2317, #1764 ) ) REPRESENTATION_CONTEXT ( 'NONE', 'WORKASPACE' ) );
#711 = VECTOR ( 'NONE', #644, 1000.000000000000227 ) ;
#712 = CARTESIAN_POINT ( 'NONE',  ( -3.000000000000000000, 7.100000000000000533, 0.9499999999999998446 ) ) ;
#713 = CARTESIAN_POINT ( 'NONE',  ( 1.100000000000000089, 3.000000000000000000, 2.250000000000000000 ) ) ;
#714 = ADVANCED_FACE ( 'NONE', ( #3741 ), #162, .F. ) ;
#715 = LINE ( 'NONE', #1278, #1466 ) ;
#716 = EDGE_LOOP ( 'NONE', ( #2430, #2412, #1913, #3959 ) ) ;
#717 = EDGE_CURVE ( 'NONE', #1970, #3322, #2245, .T. ) ;
#718 = ORIENTED_EDGE ( 'NONE', *, *, #827, .F. ) ;
#719 = DIRECTION ( 'NONE',  ( -1.000000000000000000, 0.0000000000000000000, 0.0000000000000000000 ) ) ;
#720 = ORIENTED_EDGE ( 'NONE', *, *, #805, .T. ) ;
#721 = DIRECTION ( 'NONE',  ( 0.0000000000000000000, 0.0000000000000000000, 1.000000000000000000 ) ) ;
#722 = EDGE_CURVE ( 'NONE', #25, #269, #2406, .T. ) ;
#723 = FACE_BOUND ( 'NONE', #1989, .T. ) ;
#724 = ORIENTED_EDGE ( 'NONE', *, *, #4198, .F. ) ;
#725 = DIRECTION ( 'NONE',  ( 0.0000000000000000000, -0.0000000000000000000, 1.000000000000000000 ) ) ;
#726 = LINE ( 'NONE', #3694, #631 ) ;
#727 = CARTESIAN_POINT ( 'NONE',  ( -5.599999999999999645, -3.500000000000000000, -3.000000000000000000 ) ) ;
#728 = DIRECTION ( 'NONE',  ( 3.469446951953577211E-17, 2.775557561562861769E-16, -1.000000000000000000 ) ) ;
#729 = AXIS2_PLACEMENT_3D ( 'NONE', #1073, #725, #933 ) ;
#730 = DIRECTION ( 'NONE',  ( -0.0000000000000000000, -1.000000000000000000, 1.705818646058343546E-14 ) ) ;
#731 = CARTESIAN_POINT ( 'NONE',  ( 1.101538820320219880, 5.000000000000000000, 0.2500000000000000000 ) ) ;
#732 = LINE ( 'NONE', #1830, #379 ) ;
#733 = CARTESIAN_POINT ( 'NONE',  ( -0.2500000000000000000, 1.000000000000000000, 1.949999999999999956 ) ) ;
#734 = DIRECTION ( 'NONE',  ( 0.2425356250363328858, 0.0000000000000000000, 0.9701425001453318764 ) ) ;
#735 = ORIENTED_EDGE ( 'NONE', *, *, #3445, .T. ) ;
#736 = AXIS2_PLACEMENT_3D ( 'NONE', #641, #2939, #2153 ) ;
#737 = SURFACE_STYLE_FILL_AREA ( #1192 ) ;
#738 = PLANE ( 'NONE',  #1801 ) ;
#739 = EDGE_CURVE ( 'NONE', #3794, #17, #2134, .T. ) ;
#740 = CARTESIAN_POINT ( 'NONE',  ( -5.599999999999999645, 0.0000000000000000000, 1.249999999999982903 ) ) ;
#741 = CARTESIAN_POINT ( 'NONE',  ( -4.150000000000000355, 6.999999999999999112, 0.1499999999999999944 ) ) ;
#742 = LINE ( 'NONE', #617, #1695 ) ;
#743 = CARTESIAN_POINT ( 'NONE',  ( 1.399999999999999911, -5.637851296924616746E-15, 1.250000000000000222 ) ) ;
#744 = DIRECTION ( 'NONE',  ( 0.2425356250363328581, 0.0000000000000000000, -0.9701425001453318764 ) ) ;
#745 = EDGE_CURVE ( 'NONE', #2118, #1237, #228, .T. ) ;
#746 = CARTESIAN_POINT ( 'NONE',  ( -4.250000000000000000, 2.000000000000000000, 1.940000000000000169 ) ) ;
#747 = VERTEX_POINT ( 'NONE', #1169 ) ;
#748 = ORIENTED_EDGE ( 'NONE', *, *, #3859, .F. ) ;
#749 = ORIENTED_EDGE ( 'NONE', *, *, #3363, .T. ) ;
#750 = CARTESIAN_POINT ( 'NONE',  ( -5.599999999999999645, -2.487279465168510395, -4.000000000000069278 ) ) ;
#751 = VECTOR ( 'NONE', #3760, 1000.000000000000000 ) ;
#752 = ORIENTED_EDGE ( 'NONE', *, *, #3363, .F. ) ;
#753 = ORIENTED_EDGE ( 'NONE', *, *, #2102, .T. ) ;
#754 = ORIENTED_EDGE ( 'NONE', *, *, #1602, .T. ) ;
#755 =( GEOMETRIC_REPRESENTATION_CONTEXT ( 3 ) GLOBAL_UNCERTAINTY_ASSIGNED_CONTEXT ( ( #684 ) ) GLOBAL_UNIT_ASSIGNED_CONTEXT ( ( #2631, #495, #2961 ) ) REPRESENTATION_CONTEXT ( 'NONE', 'WORKASPACE' ) );
#756 = LINE ( 'NONE', #351, #663 ) ;
#757 = ORIENTED_EDGE ( 'NONE', *, *, #442, .F. ) ;
#758 = CARTESIAN_POINT ( 'NONE',  ( -5.899999999999999467, -3.500000000000000000, -3.000000000000000000 ) ) ;
#759 = ORIENTED_EDGE ( 'NONE', *, *, #3969, .T. ) ;
#760 = CARTESIAN_POINT ( 'NONE',  ( -0.2500000000000000000, 1.000000000000000000, 1.940000000000000169 ) ) ;
#761 = CYLINDRICAL_SURFACE ( 'NONE', #2074, 1.750000000000000000 ) ;
#762 = ORIENTED_EDGE ( 'NONE', *, *, #3052, .T. ) ;
#763 = STYLED_ITEM ( 'NONE', ( #163 ), #2289 ) ;
#764 = DIRECTION ( 'NONE',  ( 0.2425356250363329691, 0.0000000000000000000, 0.9701425001453318764 ) ) ;
#765 =( NAMED_UNIT ( * ) SI_UNIT ( $, .STERADIAN. ) SOLID_ANGLE_UNIT ( ) );
#766 = FACE_BOUND ( 'NONE', #103, .T. ) ;
#767 = ORIENTED_EDGE ( 'NONE', *, *, #3886, .F. ) ;
#768 = CARTESIAN_POINT ( 'NONE',  ( 1.855642920791471973, -1.623687555692546747, -2.000000000000000000 ) ) ;
#769 = EDGE_CURVE ( 'NONE', #2346, #3948, #3489, .T. ) ;
#770 = AXIS2_PLACEMENT_3D ( 'NONE', #1742, #3745, #102 ) ;
#771 = LINE ( 'NONE', #2137, #2581 ) ;
#772 = ORIENTED_EDGE ( 'NONE', *, *, #3499, .F. ) ;
#773 = CARTESIAN_POINT ( 'NONE',  ( 1.100000000000000089, -5.637851296924616746E-15, -2.000000000000000000 ) ) ;
#774 = FACE_OUTER_BOUND ( 'NONE', #3227, .T. ) ;
#775 = VERTEX_POINT ( 'NONE', #276 ) ;
#776 = EDGE_CURVE ( 'NONE', #325, #433, #688, .T. ) ;
#777 = DIRECTION ( 'NONE',  ( 0.0000000000000000000, -0.0000000000000000000, 1.000000000000000000 ) ) ;
#778 =( NAMED_UNIT ( * ) PLANE_ANGLE_UNIT ( ) SI_UNIT ( $, .RADIAN. ) );
#779 = CYLINDRICAL_SURFACE ( 'NONE', #2431, 0.5000000000000000000 ) ;
#780 = FILL_AREA_STYLE ('',( #1136 ) ) ;
#781 = DIRECTION ( 'NONE',  ( -1.000000000000000000, 0.0000000000000000000, 0.0000000000000000000 ) ) ;
#782 = CARTESIAN_POINT ( 'NONE',  ( 1.399999999999999911, 7.000000000000000888, -4.000000000000067502 ) ) ;
#783 = VECTOR ( 'NONE', #2273, 1000.000000000000000 ) ;
#784 = SURFACE_STYLE_USAGE ( .BOTH. , #2372 ) ;
#785 = AXIS2_PLACEMENT_3D ( 'NONE', #2027, #2664, #3238 ) ;
#786 = PRODUCT_RELATED_PRODUCT_CATEGORY ( 'part', '', ( #2224 ) ) ;
#787 =( NAMED_UNIT ( * ) PLANE_ANGLE_UNIT ( ) SI_UNIT ( $, .RADIAN. ) );
#788 = LINE ( 'NONE', #217, #886 ) ;
#789 = CARTESIAN_POINT ( 'NONE',  ( -5.599999999999999645, 0.0000000000000000000, -2.000000000000022204 ) ) ;
#790 = CARTESIAN_POINT ( 'NONE',  ( 1.399999999999999911, 0.0000000000000000000, 0.2500000000000002220 ) ) ;
#791 = DIRECTION ( 'NONE',  ( -1.000000000000000000, 0.0000000000000000000, 0.0000000000000000000 ) ) ;
#792 = FACE_OUTER_BOUND ( 'NONE', #3669, .T. ) ;
#793 =( LENGTH_UNIT ( ) NAMED_UNIT ( * ) SI_UNIT ( .MILLI., .METRE. ) );
#794 = CARTESIAN_POINT ( 'NONE',  ( -4.250000000000000000, 2.000000000000000000, 1.940000000000000169 ) ) ;
#795 = VERTEX_POINT ( 'NONE', #3972 ) ;
#796 = STYLED_ITEM ( 'NONE', ( #1908 ), #3511 ) ;
#797 = FILL_AREA_STYLE ('',( #481 ) ) ;
#798 = VERTEX_POINT ( 'NONE', #1461 ) ;
#799 = LINE ( 'NONE', #3689, #2088 ) ;
#800 = EDGE_CURVE ( 'NONE', #3921, #1468, #1990, .T. ) ;
#801 = ORIENTED_EDGE ( 'NONE', *, *, #3547, .T. ) ;
#802 = EDGE_LOOP ( 'NONE', ( #1687 ) ) ;
#803 = DIRECTION ( 'NONE',  ( -1.000000000000000000, 0.0000000000000000000, -0.0000000000000000000 ) ) ;
#804 = ORIENTED_EDGE ( 'NONE', *, *, #2339, .F. ) ;
#805 = EDGE_CURVE ( 'NONE', #2881, #3700, #985, .T. ) ;
#806 = PLANE ( 'NONE',  #3956 ) ;
#807 = PRESENTATION_STYLE_ASSIGNMENT (( #1808 ) ) ;
#808 =( NAMED_UNIT ( * ) PLANE_ANGLE_UNIT ( ) SI_UNIT ( $, .RADIAN. ) );
#809 = ORIENTED_EDGE ( 'NONE', *, *, #3827, .F. ) ;
#810 = VERTEX_POINT ( 'NONE', #127 ) ;
#811 = DIRECTION ( 'NONE',  ( 0.0000000000000000000, 2.168404344971010101E-16, -1.000000000000000000 ) ) ;
#812 = ORIENTED_EDGE ( 'NONE', *, *, #3918, .T. ) ;
#813 = ORIENTED_EDGE ( 'NONE', *, *, #2051, .F. ) ;
#814 = PRESENTATION_STYLE_ASSIGNMENT (( #784 ) ) ;
#815 = MECHANICAL_DESIGN_GEOMETRIC_PRESENTATION_REPRESENTATION (  '', ( #3733 ), #1016 ) ;
#816 = LINE ( 'NONE', #4233, #2425 ) ;
#817 = CARTESIAN_POINT ( 'NONE',  ( 1.100000000000000089, -3.499999999999994227, -3.999999999999949818 ) ) ;
#818 = DIRECTION ( 'NONE',  ( 0.0000000000000000000, 0.0000000000000000000, -1.000000000000000000 ) ) ;
#819 = AXIS2_PLACEMENT_3D ( 'NONE', #104, #539, #2369 ) ;
#820 = FILL_AREA_STYLE ('',( #2737 ) ) ;
#821 = FACE_OUTER_BOUND ( 'NONE', #107, .T. ) ;
#822 = VERTEX_POINT ( 'NONE', #4224 ) ;
#823 = CARTESIAN_POINT ( 'NONE',  ( 1.399999999999999911, -3.499999999999994227, 1.250000000000000222 ) ) ;
#824 = PLANE ( 'NONE',  #1313 ) ;
#825 = VECTOR ( 'NONE', #1623, 1000.000000000000000 ) ;
#826 = EDGE_CURVE ( 'NONE', #3007, #4068, #838, .T. ) ;
#827 = EDGE_CURVE ( 'NONE', #2388, #1531, #2502, .T. ) ;
#828 = DIRECTION ( 'NONE',  ( 0.0000000000000000000, 0.0000000000000000000, 1.000000000000000000 ) ) ;
#829 = LINE ( 'NONE', #1663, #2341 ) ;
#830 = DIRECTION ( 'NONE',  ( 0.0000000000000000000, 0.0000000000000000000, 1.000000000000000000 ) ) ;
#831 =( LENGTH_UNIT ( ) NAMED_UNIT ( * ) SI_UNIT ( .MILLI., .METRE. ) );
#832 = DIRECTION ( 'NONE',  ( 0.0000000000000000000, 0.0000000000000000000, 1.000000000000000000 ) ) ;
#833 = DIRECTION ( 'NONE',  ( -1.000000000000000000, -0.0000000000000000000, -0.0000000000000000000 ) ) ;
#834 = CARTESIAN_POINT ( 'NONE',  ( -5.899999999999999467, 1.000000000000000000, 2.250000000000000000 ) ) ;
#835 = VECTOR ( 'NONE', #4169, 1000.000000000000000 ) ;
#836 = ORIENTED_EDGE ( 'NONE', *, *, #2301, .T. ) ;
#837 = ORIENTED_EDGE ( 'NONE', *, *, #2414, .T. ) ;
#838 = LINE ( 'NONE', #3385, #3961 ) ;
#839 = CARTESIAN_POINT ( 'NONE',  ( 1.100000000000000089, 3.000000000000000000, 0.4500000000000000111 ) ) ;
#840 = ADVANCED_FACE ( 'NONE', ( #3588 ), #121, .T. ) ;
#841 = ORIENTED_EDGE ( 'NONE', *, *, #1173, .F. ) ;
#842 = VECTOR ( 'NONE', #3604, 1000.000000000000000 ) ;
#843 = CARTESIAN_POINT ( 'NONE',  ( 1.399999999999999911, 3.000000000000000000, -4.000000000000000000 ) ) ;
#844 = ORIENTED_EDGE ( 'NONE', *, *, #2301, .F. ) ;
#845 = VECTOR ( 'NONE', #3815, 1000.000000000000000 ) ;
#846 = PLANE ( 'NONE',  #1785 ) ;
#847 = EDGE_CURVE ( 'NONE', #1724, #2569, #2348, .T. ) ;
#848 = DIRECTION ( 'NONE',  ( 0.0000000000000000000, 0.0000000000000000000, 1.000000000000000000 ) ) ;
#849 = ORIENTED_EDGE ( 'NONE', *, *, #3997, .T. ) ;
#850 = EDGE_CURVE ( 'NONE', #1564, #4171, #1838, .T. ) ;
#851 = LINE ( 'NONE', #790, #552 ) ;
#852 = ORIENTED_EDGE ( 'NONE', *, *, #13, .T. ) ;
#853 = ORIENTED_EDGE ( 'NONE', *, *, #2570, .F. ) ;
#854 = ORIENTED_EDGE ( 'NONE', *, *, #1743, .F. ) ;
#855 = LINE ( 'NONE', #79, #4130 ) ;
#856 = ORIENTED_EDGE ( 'NONE', *, *, #2330, .T. ) ;
#857 = EDGE_CURVE ( 'NONE', #2521, #3960, #1787, .T. ) ;
#858 = ORIENTED_EDGE ( 'NONE', *, *, #2470, .T. ) ;
#859 = DIRECTION ( 'NONE',  ( -0.0000000000000000000, -0.0000000000000000000, -1.000000000000000000 ) ) ;
#860 =( NAMED_UNIT ( * ) PLANE_ANGLE_UNIT ( ) SI_UNIT ( $, .RADIAN. ) );
#861 = ORIENTED_EDGE ( 'NONE', *, *, #677, .T. ) ;
#862 = CARTESIAN_POINT ( 'NONE',  ( 1.399999999999999911, -1.000000000000005551, -2.000000000000000000 ) ) ;
#863 = ADVANCED_FACE ( 'NONE', ( #1744 ), #3216, .T. ) ;
#864 = LINE ( 'NONE', #1552, #1512 ) ;
#865 = AXIS2_PLACEMENT_3D ( 'NONE', #1383, #89, #2665 ) ;
#866 = EDGE_LOOP ( 'NONE', ( #2144, #2791, #3581, #2302 ) ) ;
#867 = SURFACE_STYLE_FILL_AREA ( #2897 ) ;
#868 = CARTESIAN_POINT ( 'NONE',  ( 0.7500000000000000000, 1.000000000000000000, -1.149999999999999911 ) ) ;
#869 = AXIS2_PLACEMENT_3D ( 'NONE', #72, #3817, #98 ) ;
#870 = ORIENTED_EDGE ( 'NONE', *, *, #2420, .F. ) ;
#871 = SURFACE_STYLE_USAGE ( .BOTH. , #887 ) ;
#872 = VECTOR ( 'NONE', #2004, 1000.000000000000000 ) ;
#873 = VECTOR ( 'NONE', #1944, 1000.000000000000000 ) ;
#874 = CARTESIAN_POINT ( 'NONE',  ( -0.3499999999999999778, 1.000000000000000000, -0.1499999999999999944 ) ) ;
#875 = CARTESIAN_POINT ( 'NONE',  ( -5.000000000000000000, 6.150000000000000355, 2.750000000000000000 ) ) ;
#876 = PLANE ( 'NONE',  #2462 ) ;
#877 = CARTESIAN_POINT ( 'NONE',  ( -4.850000000000000533, -3.500000000000000444, -0.1499999999999999944 ) ) ;
#878 = LINE ( 'NONE', #1444, #783 ) ;
#879 = EDGE_CURVE ( 'NONE', #747, #747, #4230, .T. ) ;
#880 = DIRECTION ( 'NONE',  ( 0.6585046078685201643, 0.7525766947068760482, 0.0000000000000000000 ) ) ;
#881 = EDGE_CURVE ( 'NONE', #2081, #3677, #2402, .T. ) ;
#882 = STYLED_ITEM ( 'NONE', ( #1083 ), #1642 ) ;
#883 = PLANE ( 'NONE',  #770 ) ;
#884 = CARTESIAN_POINT ( 'NONE',  ( -5.261988945269359341, 3.000000000000000000, 0.3348874687627164670 ) ) ;
#885 = ADVANCED_FACE ( 'NONE', ( #3274 ), #1260, .F. ) ;
#886 = VECTOR ( 'NONE', #4137, 1000.000000000000000 ) ;
#887 = SURFACE_SIDE_STYLE ('',( #3539 ) ) ;
#888 = PLANE ( 'NONE',  #3233 ) ;
#889 =( LENGTH_UNIT ( ) NAMED_UNIT ( * ) SI_UNIT ( .MILLI., .METRE. ) );
#890 = DIRECTION ( 'NONE',  ( 1.000000000000000000, -0.0000000000000000000, -0.0000000000000000000 ) ) ;
#891 = MECHANICAL_DESIGN_GEOMETRIC_PRESENTATION_REPRESENTATION (  '', ( #882 ), #2442 ) ;
#892 = CARTESIAN_POINT ( 'NONE',  ( -5.899999999999999467, 6.499999999999999112, -1.250000000000000000 ) ) ;
#893 = VECTOR ( 'NONE', #106, 999.9999999999998863 ) ;
#894 = DIRECTION ( 'NONE',  ( -1.000000000000000000, -0.0000000000000000000, -0.0000000000000000000 ) ) ;
#895 = AXIS2_PLACEMENT_3D ( 'NONE', #3962, #2548, #4056 ) ;
#896 = CLOSED_SHELL ( 'NONE', ( #1134, #1554, #4239 ) ) ;
#897 = COLOUR_RGB ( '',0.7921568627450980005, 0.8196078431372548767, 0.9333333333333333481 ) ;
#898 = CARTESIAN_POINT ( 'NONE',  ( 2.100999999999999535, 3.000000000000000000, -1.750000000000000222 ) ) ;
#899 = AXIS2_PLACEMENT_3D ( 'NONE', #1516, #719, #2755 ) ;
#900 = VERTEX_POINT ( 'NONE', #3803 ) ;
#901 = ORIENTED_EDGE ( 'NONE', *, *, #3071, .F. ) ;
#902 = EDGE_CURVE ( 'NONE', #536, #3494, #2997, .T. ) ;
#903 = CARTESIAN_POINT ( 'NONE',  ( 0.3499999999999999778, 7.299999999999999822, 0.1499999999999999944 ) ) ;
#904 = ORIENTED_EDGE ( 'NONE', *, *, #1956, .T. ) ;
#905 = ORIENTED_EDGE ( 'NONE', *, *, #1264, .T. ) ;
#906 = VECTOR ( 'NONE', #3503, 1000.000000000000000 ) ;
#907 = ORIENTED_EDGE ( 'NONE', *, *, #2077, .T. ) ;
#908 = ADVANCED_FACE ( 'NONE', ( #28 ), #806, .F. ) ;
#909 = EDGE_CURVE ( 'NONE', #356, #3311, #982, .T. ) ;
#910 = DIRECTION ( 'NONE',  ( -0.0000000000000000000, -0.0000000000000000000, 1.000000000000000000 ) ) ;
#911 = SURFACE_STYLE_FILL_AREA ( #1532 ) ;
#912 = DIRECTION ( 'NONE',  ( -0.0000000000000000000, 1.000000000000000000, 0.0000000000000000000 ) ) ;
#913 = VERTEX_POINT ( 'NONE', #1029 ) ;
#914 = LINE ( 'NONE', #3154, #1656 ) ;
#915 = CARTESIAN_POINT ( 'NONE',  ( -5.599999999999999645, 5.000000000000000888, -4.000000000000070166 ) ) ;
#916 = LINE ( 'NONE', #1464, #1775 ) ;
#917 = DIRECTION ( 'NONE',  ( 3.097720492815725193E-16, 0.0000000000000000000, 1.000000000000000000 ) ) ;
#918 = DIRECTION ( 'NONE',  ( 1.000000000000000000, 0.0000000000000000000, 0.0000000000000000000 ) ) ;
#919 = AXIS2_PLACEMENT_3D ( 'NONE', #18, #3629, #830 ) ;
#920 = PRESENTATION_STYLE_ASSIGNMENT (( #1766 ) ) ;
#921 = LINE ( 'NONE', #2312, #1102 ) ;
#922 = DIRECTION ( 'NONE',  ( 0.0000000000000000000, 0.0000000000000000000, 1.000000000000000000 ) ) ;
#923 = ORIENTED_EDGE ( 'NONE', *, *, #3306, .F. ) ;
#924 = CARTESIAN_POINT ( 'NONE',  ( -5.899999999999999467, 3.000000000000000000, 1.649999999999999911 ) ) ;
#925 = ORIENTED_EDGE ( 'NONE', *, *, #2451, .F. ) ;
#926 = ADVANCED_FACE ( 'NONE', ( #3853 ), #1636, .T. ) ;
#927 = LINE ( 'NONE', #2509, #67 ) ;
#928 = DIRECTION ( 'NONE',  ( 0.0000000000000000000, 0.0000000000000000000, 1.000000000000000000 ) ) ;
#929 = DIRECTION ( 'NONE',  ( 0.0000000000000000000, -0.0000000000000000000, 1.000000000000000000 ) ) ;
#930 = DIRECTION ( 'NONE',  ( -1.000000000000000000, 0.0000000000000000000, 0.0000000000000000000 ) ) ;
#931 = EDGE_CURVE ( 'NONE', #1361, #2447, #2694, .T. ) ;
#932 = CYLINDRICAL_SURFACE ( 'NONE', #3347, 1.749999999999989342 ) ;
#933 = DIRECTION ( 'NONE',  ( 1.000000000000000000, 0.0000000000000000000, -0.0000000000000000000 ) ) ;
#934 = ORIENTED_EDGE ( 'NONE', *, *, #1490, .F. ) ;
#935 = EDGE_CURVE ( 'NONE', #1237, #681, #4225, .T. ) ;
#936 = DIRECTION ( 'NONE',  ( -1.000000000000000000, 0.0000000000000000000, -0.0000000000000000000 ) ) ;
#937 = LINE ( 'NONE', #257, #1277 ) ;
#938 = FILL_AREA_STYLE ('',( #1419 ) ) ;
#939 = VECTOR ( 'NONE', #2971, 1000.000000000000000 ) ;
#940 = CARTESIAN_POINT ( 'NONE',  ( -0.5000000000000104361, 4.000000000000000000, 2.250000000000000444 ) ) ;
#941 =( NAMED_UNIT ( * ) PLANE_ANGLE_UNIT ( ) SI_UNIT ( $, .RADIAN. ) );
#942 = PRESENTATION_STYLE_ASSIGNMENT (( #3684 ) ) ;
#943 = ADVANCED_FACE ( 'NONE', ( #792 ), #3038, .F. ) ;
#944 = EDGE_LOOP ( 'NONE', ( #3420, #3977, #255, #1203, #1143, #705, #1428, #4245, #1498, #1961, #757, #350, #3570, #3622, #1625, #3195 ) ) ;
#945 = FACE_OUTER_BOUND ( 'NONE', #3000, .T. ) ;
#946 = EDGE_LOOP ( 'NONE', ( #2092, #2310, #3294, #1395 ) ) ;
#947 = EDGE_LOOP ( 'NONE', ( #2192 ) ) ;
#948 = CARTESIAN_POINT ( 'NONE',  ( 1.811904234057531093, -1.470747696065732857, -3.000000000000000000 ) ) ;
#949 = EDGE_CURVE ( 'NONE', #2193, #3921, #1690, .T. ) ;
#950 = SURFACE_STYLE_USAGE ( .BOTH. , #1007 ) ;
#951 = LINE ( 'NONE', #1653, #1704 ) ;
#952 = ORIENTED_EDGE ( 'NONE', *, *, #3851, .F. ) ;
#953 = EDGE_LOOP ( 'NONE', ( #1840 ) ) ;
#954 = EDGE_LOOP ( 'NONE', ( #2257, #2458, #4183, #3916 ) ) ;
#955 = LINE ( 'NONE', #2123, #3357 ) ;
#956 = EDGE_CURVE ( 'NONE', #3623, #3035, #2641, .T. ) ;
#957 = DIRECTION ( 'NONE',  ( 0.0000000000000000000, -1.000000000000000000, 0.0000000000000000000 ) ) ;
#958 = FACE_OUTER_BOUND ( 'NONE', #2459, .T. ) ;
#959 = DIRECTION ( 'NONE',  ( 0.0000000000000000000, 0.0000000000000000000, 1.000000000000000000 ) ) ;
#960 = ADVANCED_FACE ( 'NONE', ( #1163 ), #406, .T. ) ;
#961 = CARTESIAN_POINT ( 'NONE',  ( -2.250000000000000000, 4.000000000000000000, 1.249999999999998890 ) ) ;
#962 = FACE_OUTER_BOUND ( 'NONE', #4112, .T. ) ;
#963 = VERTEX_POINT ( 'NONE', #467 ) ;
#964 = AXIS2_PLACEMENT_3D ( 'NONE', #961, #3201, #2347 ) ;
#965 = ORIENTED_EDGE ( 'NONE', *, *, #1566, .T. ) ;
#966 = CARTESIAN_POINT ( 'NONE',  ( 2.100999999999999535, 2.500000000000000000, -3.499999999999991562 ) ) ;
#967 = LINE ( 'NONE', #1985, #1619 ) ;
#968 = EDGE_LOOP ( 'NONE', ( #3780, #2671, #3672, #2582 ) ) ;
#969 = AXIS2_PLACEMENT_3D ( 'NONE', #3606, #3536, #777 ) ;
#970 = CARTESIAN_POINT ( 'NONE',  ( 0.7589572499564000152, 3.000000000000000000, 0.1772393124891000205 ) ) ;
#971 = VECTOR ( 'NONE', #2242, 1000.000000000000000 ) ;
#972 = UNCERTAINTY_MEASURE_WITH_UNIT (LENGTH_MEASURE( 1.000000000000000082E-05 ), #1740, 'distance_accuracy_value', 'NONE');
#973 = EDGE_CURVE ( 'NONE', #39, #1531, #2729, .T. ) ;
#974 = AXIS2_PLACEMENT_3D ( 'NONE', #1857, #1471, #302 ) ;
#975 = CARTESIAN_POINT ( 'NONE',  ( -6.201369532022449782, -1.800000000000000044, -2.000000000000000000 ) ) ;
#976 = DIRECTION ( 'NONE',  ( 0.0000000000000000000, -0.0000000000000000000, 1.000000000000000000 ) ) ;
#977 = CARTESIAN_POINT ( 'NONE',  ( 0.4999999999999998890, 1.850000000000000089, 2.750000000000000000 ) ) ;
#978 = EDGE_CURVE ( 'NONE', #1158, #599, #4161, .T. ) ;
#979 = ADVANCED_FACE ( 'NONE', ( #4064 ), #3844, .F. ) ;
#980 = ORIENTED_EDGE ( 'NONE', *, *, #2699, .T. ) ;
#981 = CARTESIAN_POINT ( 'NONE',  ( -4.150000000000000355, 7.299999999999998934, 0.1499999999999999944 ) ) ;
#982 = LINE ( 'NONE', #758, #2177 ) ;
#983 = ORIENTED_EDGE ( 'NONE', *, *, #1520, .F. ) ;
#984 = LINE ( 'NONE', #2861, #3540 ) ;
#985 = LINE ( 'NONE', #4197, #2444 ) ;
#986 = PLANE ( 'NONE',  #2642 ) ;
#987 = DIRECTION ( 'NONE',  ( 0.0000000000000000000, 0.0000000000000000000, -1.000000000000000000 ) ) ;
#988 = ORIENTED_EDGE ( 'NONE', *, *, #1347, .T. ) ;
#989 = EDGE_LOOP ( 'NONE', ( #841 ) ) ;
#990 = AXIS2_PLACEMENT_3D ( 'NONE', #2753, #1318, #3942 ) ;
#991 = CARTESIAN_POINT ( 'NONE',  ( 0.7500000000000000000, 1.000000000000000000, 1.940000000000000169 ) ) ;
#992 = VECTOR ( 'NONE', #1433, 1000.000000000000000 ) ;
#993 = DIRECTION ( 'NONE',  ( -1.000000000000000000, 0.0000000000000000000, -0.0000000000000000000 ) ) ;
#994 = SURFACE_STYLE_FILL_AREA ( #780 ) ;
#995 = ORIENTED_EDGE ( 'NONE', *, *, #2266, .T. ) ;
#996 = VERTEX_POINT ( 'NONE', #2574 ) ;
#997 = DIRECTION ( 'NONE',  ( 0.0000000000000000000, 0.0000000000000000000, -1.000000000000000000 ) ) ;
#998 = ORIENTED_EDGE ( 'NONE', *, *, #2683, .T. ) ;
#999 = LINE ( 'NONE', #1983, #1088 ) ;
#1000 = PRESENTATION_LAYER_ASSIGNMENT (  '', '', ( #796 ) ) ;
#1001 = ORIENTED_EDGE ( 'NONE', *, *, #1322, .F. ) ;
#1002 = ADVANCED_FACE ( 'NONE', ( #3901 ), #1685, .F. ) ;
#1003 = LINE ( 'NONE', #4077, #3505 ) ;
#1004 = CARTESIAN_POINT ( 'NONE',  ( -5.599999999999999645, 7.000000000000000888, -4.000000000000069278 ) ) ;
#1005 = ORIENTED_EDGE ( 'NONE', *, *, #2704, .F. ) ;
#1006 = EDGE_CURVE ( 'NONE', #3255, #3447, #3327, .T. ) ;
#1007 = SURFACE_SIDE_STYLE ('',( #1624 ) ) ;
#1008 = DIRECTION ( 'NONE',  ( -1.000000000000000000, 0.0000000000000000000, 0.0000000000000000000 ) ) ;
#1009 = CARTESIAN_POINT ( 'NONE',  ( -6.311904234057513996, -2.129252303934252577, -3.000000000000000000 ) ) ;
#1010 = FACE_OUTER_BOUND ( 'NONE', #2279, .T. ) ;
#1011 = EDGE_CURVE ( 'NONE', #113, #1564, #3838, .T. ) ;
#1012 = CARTESIAN_POINT ( 'NONE',  ( -5.899999999999999467, 2.499999999999991562, -3.999999999999991562 ) ) ;
#1013 = ORIENTED_EDGE ( 'NONE', *, *, #722, .T. ) ;
#1014 = SURFACE_STYLE_FILL_AREA ( #797 ) ;
#1015 = CARTESIAN_POINT ( 'NONE',  ( 1.108957249956399993, 5.000000000000000000, 1.722760687510899835 ) ) ;
#1016 =( GEOMETRIC_REPRESENTATION_CONTEXT ( 3 ) GLOBAL_UNCERTAINTY_ASSIGNED_CONTEXT ( ( #1733 ) ) GLOBAL_UNIT_ASSIGNED_CONTEXT ( ( #2099, #3535, #2370 ) ) REPRESENTATION_CONTEXT ( 'NONE', 'WORKASPACE' ) );
#1017 = COLOUR_RGB ( '',0.5882352941176470784, 0.5882352941176470784, 0.6313725490196078205 ) ;
#1018 = DIRECTION ( 'NONE',  ( -0.2425356250363329691, 0.0000000000000000000, 0.9701425001453318764 ) ) ;
#1019 = DIRECTION ( 'NONE',  ( -8.131516293641275859E-17, 0.0000000000000000000, -1.000000000000000000 ) ) ;
#1020 = ADVANCED_FACE ( 'NONE', ( #4066 ), #4104, .F. ) ;
#1021 = DIRECTION ( 'NONE',  ( 1.000000000000000000, 0.0000000000000000000, 0.0000000000000000000 ) ) ;
#1022 = AXIS2_PLACEMENT_3D ( 'NONE', #2261, #2455, #1812 ) ;
#1023 = UNCERTAINTY_MEASURE_WITH_UNIT (LENGTH_MEASURE( 1.000000000000000082E-05 ), #2713, 'distance_accuracy_value', 'NONE');
#1024 = FACE_OUTER_BOUND ( 'NONE', #968, .T. ) ;
#1025 = CARTESIAN_POINT ( 'NONE',  ( -5.900000000000000355, 5.000000000000000000, -1.150000000000011235 ) ) ;
#1026 = EDGE_CURVE ( 'NONE', #494, #3936, #3639, .T. ) ;
#1027 = CARTESIAN_POINT ( 'NONE',  ( -0.3499999999999999778, 7.299999999999999822, -1.750000000000000000 ) ) ;
#1028 = EDGE_LOOP ( 'NONE', ( #4167, #535, #837, #980 ) ) ;
#1029 = CARTESIAN_POINT ( 'NONE',  ( -5.599999999999999645, 3.000000000000000000, 1.686931687685304881 ) ) ;
#1030 = VECTOR ( 'NONE', #3381, 1000.000000000000000 ) ;
#1031 = CARTESIAN_POINT ( 'NONE',  ( 1.101538820320219880, 3.000000000000000000, 0.2500000000000000000 ) ) ;
#1032 = DIRECTION ( 'NONE',  ( 0.2425356250363316091, 0.0000000000000000000, -0.9701425001453323205 ) ) ;
#1033 = CARTESIAN_POINT ( 'NONE',  ( -5.599999999999999645, 3.000000000000000000, -1.186931687685299996 ) ) ;
#1034 = EDGE_CURVE ( 'NONE', #2754, #2621, #3744, .T. ) ;
#1035 = CARTESIAN_POINT ( 'NONE',  ( -3.000000000000000000, 1.000000000000000000, 1.949999999999999956 ) ) ;
#1036 = ORIENTED_EDGE ( 'NONE', *, *, #3499, .T. ) ;
#1037 = ORIENTED_EDGE ( 'NONE', *, *, #1946, .T. ) ;
#1038 = CARTESIAN_POINT ( 'NONE',  ( -4.850000000000000533, -3.500000000000000444, -0.1499999999999999944 ) ) ;
#1039 = VECTOR ( 'NONE', #1079, 1000.000000000000000 ) ;
#1040 = SHAPE_DEFINITION_REPRESENTATION ( #2658, #1642 ) ;
#1041 = ORIENTED_EDGE ( 'NONE', *, *, #1056, .T. ) ;
#1042 = DIRECTION ( 'NONE',  ( -1.000000000000000000, 0.0000000000000000000, -0.0000000000000000000 ) ) ;
#1043 = PLANE ( 'NONE',  #2263 ) ;
#1044 = VERTEX_POINT ( 'NONE', #3269 ) ;
#1045 = DIRECTION ( 'NONE',  ( 1.000000000000000000, 0.0000000000000000000, 0.0000000000000000000 ) ) ;
#1046 = EDGE_LOOP ( 'NONE', ( #3746 ) ) ;
#1047 = AXIS2_PLACEMENT_3D ( 'NONE', #2106, #2937, #2215 ) ;
#1048 = VERTEX_POINT ( 'NONE', #3707 ) ;
#1049 = DIRECTION ( 'NONE',  ( -0.0000000000000000000, 0.0000000000000000000, 1.000000000000000000 ) ) ;
#1050 = EDGE_CURVE ( 'NONE', #4157, #1562, #3332, .T. ) ;
#1051 = AXIS2_PLACEMENT_3D ( 'NONE', #3964, #3259, #3113 ) ;
#1052 = ORIENTED_EDGE ( 'NONE', *, *, #2808, .T. ) ;
#1053 = PLANE ( 'NONE',  #3358 ) ;
#1054 = CARTESIAN_POINT ( 'NONE',  ( 1.399999999999999911, 2.500000000000000000, -3.499999999999991562 ) ) ;
#1055 = LINE ( 'NONE', #2071, #199 ) ;
#1056 = EDGE_CURVE ( 'NONE', #913, #3430, #3789, .T. ) ;
#1057 =( LENGTH_UNIT ( ) NAMED_UNIT ( * ) SI_UNIT ( .MILLI., .METRE. ) );
#1058 = FILL_AREA_STYLE_COLOUR ( '', #2523 ) ;
#1059 = VECTOR ( 'NONE', #529, 1000.000000000000000 ) ;
#1060 = CARTESIAN_POINT ( 'NONE',  ( -4.150000000000000355, -3.500000000000000444, 0.1499999999999999944 ) ) ;
#1061 = EDGE_CURVE ( 'NONE', #3830, #367, #3388, .T. ) ;
#1062 = DIRECTION ( 'NONE',  ( -0.0000000000000000000, -0.0000000000000000000, 1.000000000000000000 ) ) ;
#1063 = LINE ( 'NONE', #2544, #109 ) ;
#1064 = LINE ( 'NONE', #2717, #3427 ) ;
#1065 = VECTOR ( 'NONE', #3436, 1000.000000000000000 ) ;
#1066 = DIRECTION ( 'NONE',  ( -1.000000000000000000, 0.0000000000000000000, 0.0000000000000000000 ) ) ;
#1067 = AXIS2_PLACEMENT_3D ( 'NONE', #446, #3463, #4071 ) ;
#1068 = DIRECTION ( 'NONE',  ( 0.0000000000000000000, 0.0000000000000000000, -1.000000000000000000 ) ) ;
#1069 = CARTESIAN_POINT ( 'NONE',  ( -5.899999999999999467, 3.000000000000000000, -1.750000000000000222 ) ) ;
#1070 = DIRECTION ( 'NONE',  ( 0.0000000000000000000, 0.0000000000000000000, -1.000000000000000000 ) ) ;
#1071 = DIRECTION ( 'NONE',  ( -3.644377050371402179E-17, -2.915501640297121743E-16, 1.000000000000000000 ) ) ;
#1072 = VECTOR ( 'NONE', #894, 1000.000000000000000 ) ;
#1073 = CARTESIAN_POINT ( 'NONE',  ( 0.0000000000000000000, 1.705840330101707428E-14, -3.000000000000000000 ) ) ;
#1074 = VERTEX_POINT ( 'NONE', #2935 ) ;
#1075 = EDGE_CURVE ( 'NONE', #681, #1115, #3392, .T. ) ;
#1076 = EDGE_LOOP ( 'NONE', ( #4023, #858, #2048, #1281 ) ) ;
#1077 = ORIENTED_EDGE ( 'NONE', *, *, #800, .F. ) ;
#1078 = DIRECTION ( 'NONE',  ( -1.000000000000000000, 0.0000000000000000000, 0.0000000000000000000 ) ) ;
#1079 = DIRECTION ( 'NONE',  ( -0.0000000000000000000, 1.000000000000000000, -0.0000000000000000000 ) ) ;
#1080 = LINE ( 'NONE', #2991, #845 ) ;
#1081 = EDGE_CURVE ( 'NONE', #3554, #2388, #3212, .T. ) ;
#1082 = PRESENTATION_STYLE_ASSIGNMENT (( #1092 ) ) ;
#1083 = PRESENTATION_STYLE_ASSIGNMENT (( #3781 ) ) ;
#1084 = ORIENTED_EDGE ( 'NONE', *, *, #672, .F. ) ;
#1085 = ORIENTED_EDGE ( 'NONE', *, *, #309, .T. ) ;
#1086 = DIRECTION ( 'NONE',  ( 0.9701425001453323205, 0.0000000000000000000, 0.2425356250363315813 ) ) ;
#1087 = FACE_OUTER_BOUND ( 'NONE', #2578, .T. ) ;
#1088 = VECTOR ( 'NONE', #4163, 1000.000000000000114 ) ;
#1089 = DIRECTION ( 'NONE',  ( -0.0000000000000000000, -0.0000000000000000000, -1.000000000000000000 ) ) ;
#1090 = ORIENTED_EDGE ( 'NONE', *, *, #3005, .T. ) ;
#1091 = PLANE ( 'NONE',  #545 ) ;
#1092 = SURFACE_STYLE_USAGE ( .BOTH. , #1741 ) ;
#1093 = CARTESIAN_POINT ( 'NONE',  ( 0.3499999999999999778, -3.500000000000000444, -0.1499999999999999944 ) ) ;
#1094 = FACE_OUTER_BOUND ( 'NONE', #2162, .T. ) ;
#1095 = ORIENTED_EDGE ( 'NONE', *, *, #393, .T. ) ;
#1096 = DIRECTION ( 'NONE',  ( 0.0000000000000000000, -0.0000000000000000000, 1.000000000000000000 ) ) ;
#1097 = VERTEX_POINT ( 'NONE', #2305 ) ;
#1098 = EDGE_CURVE ( 'NONE', #2657, #3007, #3749, .T. ) ;
#1099 = LINE ( 'NONE', #3902, #3621 ) ;
#1100 = EDGE_CURVE ( 'NONE', #2566, #2913, #3109, .T. ) ;
#1101 = CARTESIAN_POINT ( 'NONE',  ( -0.3499999999999999778, -3.500000000000000444, 0.1499999999999999944 ) ) ;
#1102 = VECTOR ( 'NONE', #2331, 1000.000000000000000 ) ;
#1103 = CARTESIAN_POINT ( 'NONE',  ( -0.1000000000000000056, 1.850000000000000089, 2.750000000000000000 ) ) ;
#1104 = FACE_OUTER_BOUND ( 'NONE', #1266, .T. ) ;
#1105 = EDGE_LOOP ( 'NONE', ( #2741, #1655, #998, #1854 ) ) ;
#1106 = CARTESIAN_POINT ( 'NONE',  ( 1.399999999999999911, -2.600000000000005418, -2.000000000000000000 ) ) ;
#1107 = CARTESIAN_POINT ( 'NONE',  ( 1.399999999999999911, 1.000000000000000000, 1.250000000000000000 ) ) ;
#1108 = FACE_OUTER_BOUND ( 'NONE', #92, .T. ) ;
#1109 = AXIS2_PLACEMENT_3D ( 'NONE', #2902, #511, #2828 ) ;
#1110 = CARTESIAN_POINT ( 'NONE',  ( 0.0000000000000000000, 0.0000000000000000000, -1.705818646058343546E-14 ) ) ;
#1111 = CARTESIAN_POINT ( 'NONE',  ( 0.0000000000000000000, 0.0000000000000000000, 0.2500000000000002220 ) ) ;
#1112 = FACE_OUTER_BOUND ( 'NONE', #2650, .T. ) ;
#1113 = SURFACE_SIDE_STYLE ('',( #3156 ) ) ;
#1114 = DIRECTION ( 'NONE',  ( 0.0000000000000000000, 0.0000000000000000000, 1.000000000000000000 ) ) ;
#1115 = VERTEX_POINT ( 'NONE', #1762 ) ;
#1116 = DIRECTION ( 'NONE',  ( 0.0000000000000000000, 0.0000000000000000000, 1.000000000000000000 ) ) ;
#1117 = VECTOR ( 'NONE', #3016, 1000.000000000000000 ) ;
#1118 = FACE_OUTER_BOUND ( 'NONE', #944, .T. ) ;
#1119 = ORIENTED_EDGE ( 'NONE', *, *, #717, .F. ) ;
#1120 = EDGE_CURVE ( 'NONE', #1494, #3045, #3063, .T. ) ;
#1121 = PRESENTATION_STYLE_ASSIGNMENT (( #3748 ) ) ;
#1122 = ORIENTED_EDGE ( 'NONE', *, *, #329, .F. ) ;
#1123 = VECTOR ( 'NONE', #490, 1000.000000000000114 ) ;
#1124 = LINE ( 'NONE', #585, #2744 ) ;
#1125 = VERTEX_POINT ( 'NONE', #1373 ) ;
#1126 = DIRECTION ( 'NONE',  ( 1.734723475976807094E-15, 1.000000000000000000, 1.734723475976807094E-15 ) ) ;
#1127 = ORIENTED_EDGE ( 'NONE', *, *, #1790, .F. ) ;
#1128 = EDGE_CURVE ( 'NONE', #1361, #2885, #2849, .T. ) ;
#1129 = VECTOR ( 'NONE', #480, 1000.000000000000000 ) ;
#1130 = DIRECTION ( 'NONE',  ( 0.0000000000000000000, 1.000000000000000000, -0.0000000000000000000 ) ) ;
#1131 = LINE ( 'NONE', #2229, #4196 ) ;
#1132 = EDGE_LOOP ( 'NONE', ( #3596, #1641, #4121, #138, #4191, #87, #3454, #3831, #1693, #544, #1643, #2512 ) ) ;
#1133 = ORIENTED_EDGE ( 'NONE', *, *, #642, .F. ) ;
#1134 = ADVANCED_FACE ( 'NONE', ( #2795, #2896 ), #1789, .T. ) ;
#1135 = FACE_OUTER_BOUND ( 'NONE', #316, .T. ) ;
#1136 = FILL_AREA_STYLE_COLOUR ( '', #3711 ) ;
#1137 = AXIS2_PLACEMENT_3D ( 'NONE', #1728, #3713, #781 ) ;
#1138 = VECTOR ( 'NONE', #656, 1000.000000000000000 ) ;
#1139 =( NAMED_UNIT ( * ) SI_UNIT ( $, .STERADIAN. ) SOLID_ANGLE_UNIT ( ) );
#1140 = CIRCLE ( 'NONE', #1714, 0.5000000000000000000 ) ;
#1141 = CARTESIAN_POINT ( 'NONE',  ( -1.499999999999999778, 0.9999999999999986677, 2.249999999999998224 ) ) ;
#1142 = VECTOR ( 'NONE', #4088, 1000.000000000000000 ) ;
#1143 = ORIENTED_EDGE ( 'NONE', *, *, #1100, .T. ) ;
#1144 = CARTESIAN_POINT ( 'NONE',  ( -5.899999999999999467, -3.500000000000000000, -2.000000000000000000 ) ) ;
#1145 = EDGE_CURVE ( 'NONE', #3589, #55, #2188, .T. ) ;
#1146 = VERTEX_POINT ( 'NONE', #583 ) ;
#1147 = VECTOR ( 'NONE', #266, 1000.000000000000000 ) ;
#1148 = CARTESIAN_POINT ( 'NONE',  ( 1.100000000000000089, 0.0000000000000000000, 0.2500000000000002220 ) ) ;
#1149 = EDGE_CURVE ( 'NONE', #1468, #3906, #2452, .T. ) ;
#1150 = ORIENTED_EDGE ( 'NONE', *, *, #2751, .T. ) ;
#1151 = CARTESIAN_POINT ( 'NONE',  ( 1.399999999999999911, 0.0000000000000000000, -3.999999999999949818 ) ) ;
#1152 = CARTESIAN_POINT ( 'NONE',  ( -4.850000000000000533, -3.500000000000000444, 0.1499999999999999944 ) ) ;
#1153 = ADVANCED_FACE ( 'NONE', ( #2237 ), #80, .T. ) ;
#1154 = VERTEX_POINT ( 'NONE', #374 ) ;
#1155 = SURFACE_STYLE_USAGE ( .BOTH. , #1453 ) ;
#1156 = PLANE ( 'NONE',  #3086 ) ;
#1157 = FILL_AREA_STYLE ('',( #2789 ) ) ;
#1158 = VERTEX_POINT ( 'NONE', #2546 ) ;
#1159 = VECTOR ( 'NONE', #728, 1000.000000000000000 ) ;
#1160 = VERTEX_POINT ( 'NONE', #1012 ) ;
#1161 = PRESENTATION_LAYER_ASSIGNMENT (  '', '', ( #763 ) ) ;
#1162 = PLANE ( 'NONE',  #2378 ) ;
#1163 = FACE_OUTER_BOUND ( 'NONE', #1933, .T. ) ;
#1164 = VERTEX_POINT ( 'NONE', #3640 ) ;
#1165 = VECTOR ( 'NONE', #1320, 1000.000000000000000 ) ;
#1166 = CARTESIAN_POINT ( 'NONE',  ( 2.100000000000000089, -1.799999999999982725, -3.000000000000000000 ) ) ;
#1167 = EDGE_CURVE ( 'NONE', #3230, #252, #3435, .T. ) ;
#1168 = AXIS2_PLACEMENT_3D ( 'NONE', #2941, #479, #2297 ) ;
#1169 = CARTESIAN_POINT ( 'NONE',  ( -5.000000000000000000, 1.850000000000000089, 2.750000000000000000 ) ) ;
#1170 = DIRECTION ( 'NONE',  ( -0.0000000000000000000, -0.0000000000000000000, 1.000000000000000000 ) ) ;
#1171 = EDGE_LOOP ( 'NONE', ( #3506, #1568, #1427, #62 ) ) ;
#1172 = ADVANCED_FACE ( 'NONE', ( #389 ), #3923, .F. ) ;
#1173 = EDGE_CURVE ( 'NONE', #2361, #2361, #1938, .T. ) ;
#1174 = VECTOR ( 'NONE', #1434, 1000.000000000000000 ) ;
#1175 = LINE ( 'NONE', #2233, #3876 ) ;
#1176 = ORIENTED_EDGE ( 'NONE', *, *, #3631, .F. ) ;
#1177 = CARTESIAN_POINT ( 'NONE',  ( -4.850000000000000533, 7.299999999999998934, 0.1499999999999999944 ) ) ;
#1178 = EDGE_LOOP ( 'NONE', ( #3312, #3283, #3232, #2811, #581 ) ) ;
#1179 = CARTESIAN_POINT ( 'NONE',  ( 1.811904234057525542, -2.129252303934262347, -2.000000000000000000 ) ) ;
#1180 = CARTESIAN_POINT ( 'NONE',  ( 0.0000000000000000000, 0.5999999999999999778, 0.0000000000000000000 ) ) ;
#1181 = VERTEX_POINT ( 'NONE', #2812 ) ;
#1182 = DIRECTION ( 'NONE',  ( -1.000000000000000000, 0.0000000000000000000, 0.0000000000000000000 ) ) ;
#1183 = AXIS2_PLACEMENT_3D ( 'NONE', #2536, #1923, #523 ) ;
#1184 = AXIS2_PLACEMENT_3D ( 'NONE', #3926, #4178, #3438 ) ;
#1185 = SURFACE_SIDE_STYLE ('',( #395 ) ) ;
#1186 = LINE ( 'NONE', #1681, #245 ) ;
#1187 = ORIENTED_EDGE ( 'NONE', *, *, #2007, .F. ) ;
#1188 = PLANE ( 'NONE',  #1669 ) ;
#1189 = DIRECTION ( 'NONE',  ( -0.0000000000000000000, -0.0000000000000000000, -1.000000000000000000 ) ) ;
#1190 = COLOUR_RGB ( '',0.5882352941176470784, 0.5882352941176470784, 0.6313725490196078205 ) ;
#1191 = AXIS2_PLACEMENT_3D ( 'NONE', #2768, #225, #303 ) ;
#1192 = FILL_AREA_STYLE ('',( #3597 ) ) ;
#1193 = VERTEX_POINT ( 'NONE', #2251 ) ;
#1194 = DIRECTION ( 'NONE',  ( -0.0000000000000000000, 7.220786468753459530E-17, 1.000000000000000000 ) ) ;
#1195 = ORIENTED_EDGE ( 'NONE', *, *, #1572, .T. ) ;
#1196 = MECHANICAL_DESIGN_GEOMETRIC_PRESENTATION_REPRESENTATION (  '', ( #796 ), #1435 ) ;
#1197 = ADVANCED_FACE ( 'NONE', ( #1887 ), #3716, .T. ) ;
#1198 = ORIENTED_EDGE ( 'NONE', *, *, #3547, .F. ) ;
#1199 = LINE ( 'NONE', #1592, #3376 ) ;
#1200 = CARTESIAN_POINT ( 'NONE',  ( -5.599999999999999645, 3.000000000000000000, -1.186931687685299996 ) ) ;
#1202 = VERTEX_POINT ( 'NONE', #2491 ) ;
#1201 = CARTESIAN_POINT ( 'NONE',  ( -0.3499999999999999778, 7.000000000000000000, 0.1499999999999999944 ) ) ;
#1203 = ORIENTED_EDGE ( 'NONE', *, *, #3740, .T. ) ;
#1204 = EDGE_CURVE ( 'NONE', #3573, #3322, #1842, .T. ) ;
#1205 = VERTEX_POINT ( 'NONE', #2836 ) ;
#1206 = DIRECTION ( 'NONE',  ( 0.0000000000000000000, -1.000000000000000000, -2.168404344971010101E-16 ) ) ;
#1207 = DIRECTION ( 'NONE',  ( 0.0000000000000000000, 0.0000000000000000000, -1.000000000000000000 ) ) ;
#1208 = EDGE_CURVE ( 'NONE', #1205, #25, #1689, .T. ) ;
#1209 = CARTESIAN_POINT ( 'NONE',  ( 1.100000000000000311, 3.000000000000000000, -3.499999999999991562 ) ) ;
#1210 = CARTESIAN_POINT ( 'NONE',  ( -4.250000000000000000, 6.000000000000000000, 1.940000000000000169 ) ) ;
#1211 = LINE ( 'NONE', #2293, #1539 ) ;
#1212 = FILL_AREA_STYLE_COLOUR ( '', #1240 ) ;
#1213 = FILL_AREA_STYLE ('',( #1878 ) ) ;
#1214 = ORIENTED_EDGE ( 'NONE', *, *, #1011, .F. ) ;
#1215 = PLANE ( 'NONE',  #3379 ) ;
#1216 = LINE ( 'NONE', #3169, #4174 ) ;
#1217 = ADVANCED_FACE ( 'NONE', ( #2126 ), #738, .F. ) ;
#1218 = CARTESIAN_POINT ( 'NONE',  ( -5.599999999999999645, -2.487279465168510395, -3.000000000000000000 ) ) ;
#1219 = LINE ( 'NONE', #898, #1072 ) ;
#1220 = VECTOR ( 'NONE', #1284, 1000.000000000000000 ) ;
#1221 = DIRECTION ( 'NONE',  ( -1.000000000000000000, -0.0000000000000000000, -0.0000000000000000000 ) ) ;
#1222 = CARTESIAN_POINT ( 'NONE',  ( -4.250000000000000000, 7.000000000000000000, 1.940000000000000169 ) ) ;
#1223 = ORIENTED_EDGE ( 'NONE', *, *, #3693, .F. ) ;
#1224 = FACE_BOUND ( 'NONE', #2757, .T. ) ;
#1225 = ORIENTED_EDGE ( 'NONE', *, *, #1894, .T. ) ;
#1226 = DIRECTION ( 'NONE',  ( -0.7525766947068762702, -0.6585046078685199422, 0.0000000000000000000 ) ) ;
#1227 = DIRECTION ( 'NONE',  ( -0.0000000000000000000, 0.0000000000000000000, -1.000000000000000000 ) ) ;
#1228 = LINE ( 'NONE', #3647, #1996 ) ;
#1229 = ORIENTED_EDGE ( 'NONE', *, *, #4113, .T. ) ;
#1230 = CARTESIAN_POINT ( 'NONE',  ( -2.250000000000000000, 4.000000000000000000, 3.149999999999999911 ) ) ;
#1231 = EDGE_CURVE ( 'NONE', #3230, #3917, #1586, .T. ) ;
#1232 = ORIENTED_EDGE ( 'NONE', *, *, #2470, .F. ) ;
#1233 = DIRECTION ( 'NONE',  ( -1.000000000000000000, 0.0000000000000000000, 0.0000000000000000000 ) ) ;
#1234 = DIRECTION ( 'NONE',  ( -3.644377050371402179E-17, -2.915501640297121743E-16, 1.000000000000000000 ) ) ;
#1235 = SURFACE_STYLE_FILL_AREA ( #150 ) ;
#1236 = ORIENTED_EDGE ( 'NONE', *, *, #2266, .F. ) ;
#1237 = VERTEX_POINT ( 'NONE', #2853 ) ;
#1238 = EDGE_CURVE ( 'NONE', #3705, #4205, #1437, .T. ) ;
#1239 = CARTESIAN_POINT ( 'NONE',  ( -3.000000000000000444, 7.000000000000000000, 1.949999999999999956 ) ) ;
#1240 = COLOUR_RGB ( '',0.7921568627450980005, 0.8196078431372548767, 0.9333333333333333481 ) ;
#1241 = LINE ( 'NONE', #2865, #2912 ) ;
#1242 = DIRECTION ( 'NONE',  ( 0.0000000000000000000, -7.220786468753459530E-17, -1.000000000000000000 ) ) ;
#1243 = ORIENTED_EDGE ( 'NONE', *, *, #2978, .F. ) ;
#1244 = ADVANCED_FACE ( 'NONE', ( #1682 ), #1426, .F. ) ;
#1245 = CIRCLE ( 'NONE', #354, 1.749999999999989342 ) ;
#1246 = ORIENTED_EDGE ( 'NONE', *, *, #452, .T. ) ;
#1247 = DIRECTION ( 'NONE',  ( -1.000000000000000000, 0.0000000000000000000, 8.131516293641283255E-17 ) ) ;
#1248 = CARTESIAN_POINT ( 'NONE',  ( 1.100000000000000089, 1.699335117066794086E-14, -3.000000000000000000 ) ) ;
#1249 = VECTOR ( 'NONE', #1194, 1000.000000000000000 ) ;
#1250 = ORIENTED_EDGE ( 'NONE', *, *, #2082, .F. ) ;
#1251 = VERTEX_POINT ( 'NONE', #326 ) ;
#1252 = VECTOR ( 'NONE', #3682, 1000.000000000000000 ) ;
#1253 = CARTESIAN_POINT ( 'NONE',  ( -1.500000000000000000, 7.100000000000000533, 0.9499999999999998446 ) ) ;
#1254 = ORIENTED_EDGE ( 'NONE', *, *, #2623, .T. ) ;
#1255 = LINE ( 'NONE', #2201, #1147 ) ;
#1256 = CARTESIAN_POINT ( 'NONE',  ( -5.549999999999999822, 3.000000000000000000, 0.2500000000000000000 ) ) ;
#1257 = EDGE_CURVE ( 'NONE', #463, #822, #1376, .T. ) ;
#1258 = STYLED_ITEM ( 'NONE', ( #807 ), #3881 ) ;
#1259 = PLANE ( 'NONE',  #3839 ) ;
#1260 = PLANE ( 'NONE',  #3510 ) ;
#1261 = EDGE_LOOP ( 'NONE', ( #664, #3762, #4053, #2721 ) ) ;
#1262 = DIRECTION ( 'NONE',  ( -0.0000000000000000000, -1.000000000000000000, -0.0000000000000000000 ) ) ;
#1263 = DIRECTION ( 'NONE',  ( 0.0000000000000000000, 0.0000000000000000000, -1.000000000000000000 ) ) ;
#1264 = EDGE_CURVE ( 'NONE', #558, #433, #1321, .T. ) ;
#1265 = ADVANCED_FACE ( 'NONE', ( #1439 ), #2204, .T. ) ;
#1266 = EDGE_LOOP ( 'NONE', ( #3485, #4062, #2732, #836 ) ) ;
#1267 = ORIENTED_EDGE ( 'NONE', *, *, #281, .T. ) ;
#1268 = DIRECTION ( 'NONE',  ( 0.0000000000000000000, -1.000000000000000000, 0.0000000000000000000 ) ) ;
#1269 = EDGE_CURVE ( 'NONE', #90, #288, #1211, .T. ) ;
#1270 = UNCERTAINTY_MEASURE_WITH_UNIT (LENGTH_MEASURE( 1.000000000000000082E-05 ), #3398, 'distance_accuracy_value', 'NONE');
#1271 = PLANE ( 'NONE',  #2514 ) ;
#1272 = EDGE_LOOP ( 'NONE', ( #854, #161, #3648, #9 ) ) ;
#1273 = VECTOR ( 'NONE', #2178, 1000.000000000000000 ) ;
#1274 = CARTESIAN_POINT ( 'NONE',  ( 1.100000000000000089, 5.000000000000000000, 0.4500000000000000111 ) ) ;
#1275 = SURFACE_SIDE_STYLE ('',( #1873 ) ) ;
#1276 = EDGE_LOOP ( 'NONE', ( #2034 ) ) ;
#1277 = VECTOR ( 'NONE', #3863, 1000.000000000000000 ) ;
#1278 = CARTESIAN_POINT ( 'NONE',  ( 0.7619889452693550114, 3.000000000000000000, 0.1651125312372830056 ) ) ;
#1279 = VECTOR ( 'NONE', #2888, 1000.000000000000000 ) ;
#1280 = ORIENTED_EDGE ( 'NONE', *, *, #36, .T. ) ;
#1281 = ORIENTED_EDGE ( 'NONE', *, *, #4175, .T. ) ;
#1282 = AXIS2_PLACEMENT_3D ( 'NONE', #3842, #2826, #2568 ) ;
#1283 = VECTOR ( 'NONE', #2182, 1000.000000000000000 ) ;
#1284 = DIRECTION ( 'NONE',  ( 0.0000000000000000000, 1.000000000000000000, -1.705811418043860099E-14 ) ) ;
#1285 = DIRECTION ( 'NONE',  ( -0.0000000000000000000, -1.000000000000000000, -0.0000000000000000000 ) ) ;
#1286 = LINE ( 'NONE', #172, #1174 ) ;
#1287 = CYLINDRICAL_SURFACE ( 'NONE', #99, 0.3500000000000000333 ) ;
#1288 = ORIENTED_EDGE ( 'NONE', *, *, #1992, .T. ) ;
#1289 = DIRECTION ( 'NONE',  ( 0.0000000000000000000, 1.000000000000000000, -1.705811418043860099E-14 ) ) ;
#1290 = ADVANCED_FACE ( 'NONE', ( #1108, #1112 ), #932, .F. ) ;
#1291 = EDGE_LOOP ( 'NONE', ( #164, #861, #2212, #2418 ) ) ;
#1292 = CARTESIAN_POINT ( 'NONE',  ( -3.000000000000000000, 0.5999999999999999778, 2.250000000000000000 ) ) ;
#1293 = EDGE_CURVE ( 'NONE', #4075, #367, #1219, .T. ) ;
#1294 = ORIENTED_EDGE ( 'NONE', *, *, #3728, .F. ) ;
#1295 = ORIENTED_EDGE ( 'NONE', *, *, #2926, .F. ) ;
#1296 = ORIENTED_EDGE ( 'NONE', *, *, #2209, .T. ) ;
#1297 = CARTESIAN_POINT ( 'NONE',  ( 0.0000000000000000000, 7.299999999999999822, 0.0000000000000000000 ) ) ;
#1298 = CARTESIAN_POINT ( 'NONE',  ( -5.899999999999999467, 0.0000000000000000000, 1.249999999999982903 ) ) ;
#1299 = EDGE_CURVE ( 'NONE', #822, #2885, #1080, .T. ) ;
#1300 = SURFACE_STYLE_FILL_AREA ( #2329 ) ;
#1301 = ORIENTED_EDGE ( 'NONE', *, *, #3093, .F. ) ;
#1302 = MANIFOLD_SOLID_BREP ( 'Revolve10', #3060 ) ;
#1303 = CARTESIAN_POINT ( 'NONE',  ( -6.201369532022449782, -1.800000000000000044, -4.000000000000069278 ) ) ;
#1304 = VERTEX_POINT ( 'NONE', #576 ) ;
#1305 = DIRECTION ( 'NONE',  ( -1.000000000000000000, 0.0000000000000000000, 0.0000000000000000000 ) ) ;
#1306 = ORIENTED_EDGE ( 'NONE', *, *, #195, .F. ) ;
#1307 = AXIS2_PLACEMENT_3D ( 'NONE', #2376, #2618, #1429 ) ;
#1308 = EDGE_LOOP ( 'NONE', ( #3366, #2160, #2667, #2464 ) ) ;
#1309 = DIRECTION ( 'NONE',  ( 0.0000000000000000000, 0.0000000000000000000, 1.000000000000000000 ) ) ;
#1310 = SURFACE_STYLE_FILL_AREA ( #820 ) ;
#1311 = PLANE ( 'NONE',  #20 ) ;
#1312 = ADVANCED_FACE ( 'NONE', ( #1024 ), #380, .T. ) ;
#1313 = AXIS2_PLACEMENT_3D ( 'NONE', #2806, #3431, #1116 ) ;
#1314 = ORIENTED_EDGE ( 'NONE', *, *, #86, .F. ) ;
#1315 = CARTESIAN_POINT ( 'NONE',  ( 1.399999999999999911, 3.000000000000000000, -1.149999999999999911 ) ) ;
#1316 = VERTEX_POINT ( 'NONE', #1716 ) ;
#1317 = DIRECTION ( 'NONE',  ( 0.0000000000000000000, 1.000000000000000000, -3.614007241618349757E-17 ) ) ;
#1318 = DIRECTION ( 'NONE',  ( 0.0000000000000000000, -5.421010862427522170E-17, 1.000000000000000000 ) ) ;
#1319 = EDGE_CURVE ( 'NONE', #3794, #1635, #799, .T. ) ;
#1320 = DIRECTION ( 'NONE',  ( 0.0000000000000000000, 0.0000000000000000000, -1.000000000000000000 ) ) ;
#1321 = CIRCLE ( 'NONE', #2014, 0.2000000000000000944 ) ;
#1322 = EDGE_CURVE ( 'NONE', #1304, #1635, #3337, .T. ) ;
#1323 = DIRECTION ( 'NONE',  ( -8.131516293641283255E-17, 0.0000000000000000000, -1.000000000000000000 ) ) ;
#1324 = ORIENTED_EDGE ( 'NONE', *, *, #1414, .T. ) ;
#1325 = VECTOR ( 'NONE', #4151, 1000.000000000000000 ) ;
#1326 = VECTOR ( 'NONE', #4145, 1000.000000000000000 ) ;
#1327 = ORIENTED_EDGE ( 'NONE', *, *, #826, .T. ) ;
#1328 = DIRECTION ( 'NONE',  ( 0.0000000000000000000, 1.000000000000000000, -0.0000000000000000000 ) ) ;
#1329 = PLANE ( 'NONE',  #919 ) ;
#1330 = ADVANCED_FACE ( 'NONE', ( #291 ), #57, .F. ) ;
#1331 = ORIENTED_EDGE ( 'NONE', *, *, #506, .F. ) ;
#1332 = ORIENTED_EDGE ( 'NONE', *, *, #1100, .F. ) ;
#1333 = CARTESIAN_POINT ( 'NONE',  ( -5.261988945269359341, 3.000000000000000000, 0.3348874687627164670 ) ) ;
#1334 = VECTOR ( 'NONE', #4162, 1000.000000000000000 ) ;
#1335 = ORIENTED_EDGE ( 'NONE', *, *, #3601, .T. ) ;
#1336 = AXIS2_PLACEMENT_3D ( 'NONE', #3533, #4210, #936 ) ;
#1337 = DIRECTION ( 'NONE',  ( 0.0000000000000000000, -1.000000000000000000, 0.0000000000000000000 ) ) ;
#1338 = VECTOR ( 'NONE', #1070, 1000.000000000000000 ) ;
#1339 = VERTEX_POINT ( 'NONE', #398 ) ;
#1340 = ORIENTED_EDGE ( 'NONE', *, *, #1357, .T. ) ;
#1341 = EDGE_CURVE ( 'NONE', #3429, #3546, #4001, .T. ) ;
#1342 = AXIS2_PLACEMENT_3D ( 'NONE', #1230, #2818, #3203 ) ;
#1343 = ORIENTED_EDGE ( 'NONE', *, *, #1992, .F. ) ;
#1344 = DIRECTION ( 'NONE',  ( 1.000000000000000000, 0.0000000000000000000, -0.0000000000000000000 ) ) ;
#1345 = LINE ( 'NONE', #1166, #2103 ) ;
#1346 = ORIENTED_EDGE ( 'NONE', *, *, #1387, .T. ) ;
#1347 = EDGE_CURVE ( 'NONE', #1564, #1316, #275, .T. ) ;
#1348 =( NAMED_UNIT ( * ) SI_UNIT ( $, .STERADIAN. ) SOLID_ANGLE_UNIT ( ) );
#1349 = DIRECTION ( 'NONE',  ( -0.0000000000000000000, 0.0000000000000000000, -1.000000000000000000 ) ) ;
#1350 = CARTESIAN_POINT ( 'NONE',  ( -2.250000000000000000, 4.000000000000000000, 2.149999999999999911 ) ) ;
#1351 = VECTOR ( 'NONE', #3994, 1000.000000000000000 ) ;
#1352 = ORIENTED_EDGE ( 'NONE', *, *, #3583, .T. ) ;
#1353 = PLANE ( 'NONE',  #464 ) ;
#1354 = CARTESIAN_POINT ( 'NONE',  ( -0.1000000000000000472, 1.850000000000000089, 2.250000000000000000 ) ) ;
#1355 = LINE ( 'NONE', #3572, #2428 ) ;
#1356 = CARTESIAN_POINT ( 'NONE',  ( -5.599999999999999645, 1.000000000000000000, 2.250000000000000000 ) ) ;
#1357 = EDGE_CURVE ( 'NONE', #3430, #2881, #334, .T. ) ;
#1358 = DIRECTION ( 'NONE',  ( 0.0000000000000000000, -0.0000000000000000000, -1.000000000000000000 ) ) ;
#1359 = VERTEX_POINT ( 'NONE', #2000 ) ;
#1360 = UNCERTAINTY_MEASURE_WITH_UNIT (LENGTH_MEASURE( 1.000000000000000082E-05 ), #1797, 'distance_accuracy_value', 'NONE');
#1361 = VERTEX_POINT ( 'NONE', #2337 ) ;
#1362 = VECTOR ( 'NONE', #1386, 1000.000000000000000 ) ;
#1363 = FILL_AREA_STYLE_COLOUR ( '', #1190 ) ;
#1364 = CARTESIAN_POINT ( 'NONE',  ( 1.100000000000000089, -3.499999999999983125, -3.000000000000000000 ) ) ;
#1365 = DIRECTION ( 'NONE',  ( 0.0000000000000000000, 0.0000000000000000000, -1.000000000000000000 ) ) ;
#1366 = ORIENTED_EDGE ( 'NONE', *, *, #1743, .T. ) ;
#1367 = AXIS2_PLACEMENT_3D ( 'NONE', #662, #3275, #3389 ) ;
#1368 = LINE ( 'NONE', #1862, #2990 ) ;
#1369 = DIRECTION ( 'NONE',  ( 1.000000000000000000, 0.0000000000000000000, 0.0000000000000000000 ) ) ;
#1370 = DIRECTION ( 'NONE',  ( -0.0000000000000000000, 1.705811418043860099E-14, 1.000000000000000000 ) ) ;
#1371 = DIRECTION ( 'NONE',  ( 0.0000000000000000000, 0.0000000000000000000, 1.000000000000000000 ) ) ;
#1372 = EDGE_LOOP ( 'NONE', ( #4228 ) ) ;
#1373 = CARTESIAN_POINT ( 'NONE',  ( 1.399999999999999911, -3.500000000000005773, -2.000000000000000000 ) ) ;
#1374 = CARTESIAN_POINT ( 'NONE',  ( -1.500000000000000000, 6.999999999999998224, 1.949999999999997957 ) ) ;
#1375 = AXIS2_PLACEMENT_3D ( 'NONE', #3051, #4050, #2709 ) ;
#1376 = LINE ( 'NONE', #4140, #1279 ) ;
#1377 = DIRECTION ( 'NONE',  ( 1.000000000000000000, -0.0000000000000000000, -0.0000000000000000000 ) ) ;
#1378 = EDGE_CURVE ( 'NONE', #3494, #4157, #124, .T. ) ;
#1379 = ORIENTED_EDGE ( 'NONE', *, *, #847, .F. ) ;
#1380 = ORIENTED_EDGE ( 'NONE', *, *, #2553, .T. ) ;
#1381 = PLANE ( 'NONE',  #1479 ) ;
#1382 = DIRECTION ( 'NONE',  ( -1.000000000000000000, -0.0000000000000000000, -0.0000000000000000000 ) ) ;
#1383 = CARTESIAN_POINT ( 'NONE',  ( -4.400000000000000355, 6.150000000000000355, 2.249999999999999556 ) ) ;
#1384 = PLANE ( 'NONE',  #375 ) ;
#1385 = ORIENTED_EDGE ( 'NONE', *, *, #2774, .T. ) ;
#1386 = DIRECTION ( 'NONE',  ( -3.644377050371402179E-17, -2.915501640297121743E-16, 1.000000000000000000 ) ) ;
#1387 = EDGE_CURVE ( 'NONE', #1251, #203, #732, .T. ) ;
#1388 = DIRECTION ( 'NONE',  ( -0.0000000000000000000, 0.0000000000000000000, -1.000000000000000000 ) ) ;
#1389 = PLANE ( 'NONE',  #59 ) ;
#1390 = ORIENTED_EDGE ( 'NONE', *, *, #3100, .T. ) ;
#1391 = VECTOR ( 'NONE', #3544, 1000.000000000000000 ) ;
#1392 = DIRECTION ( 'NONE',  ( 0.0000000000000000000, -1.000000000000000000, 7.220786468753459530E-17 ) ) ;
#1393 = VECTOR ( 'NONE', #3776, 1000.000000000000000 ) ;
#1394 = VERTEX_POINT ( 'NONE', #216 ) ;
#1395 = ORIENTED_EDGE ( 'NONE', *, *, #3153, .T. ) ;
#1396 = ORIENTED_EDGE ( 'NONE', *, *, #189, .T. ) ;
#1397 = DIRECTION ( 'NONE',  ( 1.000000000000000000, 0.0000000000000000000, -0.0000000000000000000 ) ) ;
#1398 = LINE ( 'NONE', #3954, #2911 ) ;
#1399 = DIRECTION ( 'NONE',  ( -0.2425356250363315813, 0.0000000000000000000, -0.9701425001453322094 ) ) ;
#1400 = ORIENTED_EDGE ( 'NONE', *, *, #3772, .F. ) ;
#1401 = MECHANICAL_DESIGN_GEOMETRIC_PRESENTATION_REPRESENTATION (  '', ( #763 ), #1614 ) ;
#1402 = ORIENTED_EDGE ( 'NONE', *, *, #2726, .T. ) ;
#1403 = PLANE ( 'NONE',  #2547 ) ;
#1404 = CYLINDRICAL_SURFACE ( 'NONE', #3094, 0.3500000000000000333 ) ;
#1405 = DIRECTION ( 'NONE',  ( 0.0000000000000000000, -1.000000000000000000, 0.0000000000000000000 ) ) ;
#1406 = VERTEX_POINT ( 'NONE', #462 ) ;
#1407 = EDGE_LOOP ( 'NONE', ( #2749, #2955, #84, #4147 ) ) ;
#1408 = DIRECTION ( 'NONE',  ( 1.000000000000000000, 0.0000000000000000000, 0.0000000000000000000 ) ) ;
#1409 = EDGE_CURVE ( 'NONE', #3007, #2679, #4035, .T. ) ;
#1410 = PLANE ( 'NONE',  #2149 ) ;
#1411 = CARTESIAN_POINT ( 'NONE',  ( 0.7589572499564000152, 5.000000000000000000, 0.1772393124891000205 ) ) ;
#1412 = LINE ( 'NONE', #1538, #3930 ) ;
#1413 = VERTEX_POINT ( 'NONE', #130 ) ;
#1414 = EDGE_CURVE ( 'NONE', #4209, #2346, #280, .T. ) ;
#1415 = CARTESIAN_POINT ( 'NONE',  ( -5.599999999999999645, -3.500000000000000000, -3.000000000000000000 ) ) ;
#1416 = CARTESIAN_POINT ( 'NONE',  ( -0.3499999999999999778, -3.500000000000000444, -0.1499999999999999944 ) ) ;
#1417 = ORIENTED_EDGE ( 'NONE', *, *, #3821, .F. ) ;
#1418 = PRESENTATION_STYLE_ASSIGNMENT (( #2607 ) ) ;
#1419 = FILL_AREA_STYLE_COLOUR ( '', #2784 ) ;
#1420 = CARTESIAN_POINT ( 'NONE',  ( -3.800000000000000266, 1.850000000000000089, 2.750000000000000000 ) ) ;
#1421 = UNCERTAINTY_MEASURE_WITH_UNIT (LENGTH_MEASURE( 1.000000000000000082E-05 ), #1774, 'distance_accuracy_value', 'NONE');
#1422 = VERTEX_POINT ( 'NONE', #2365 ) ;
#1423 = DIRECTION ( 'NONE',  ( 0.0000000000000000000, -0.0000000000000000000, -1.000000000000000000 ) ) ;
#1424 = LINE ( 'NONE', #3991, #4044 ) ;
#1425 = FACE_OUTER_BOUND ( 'NONE', #145, .T. ) ;
#1426 = PLANE ( 'NONE',  #2230 ) ;
#1427 = ORIENTED_EDGE ( 'NONE', *, *, #2161, .T. ) ;
#1428 = ORIENTED_EDGE ( 'NONE', *, *, #2364, .F. ) ;
#1429 = DIRECTION ( 'NONE',  ( 0.0000000000000000000, -0.0000000000000000000, 1.000000000000000000 ) ) ;
#1430 = AXIS2_PLACEMENT_3D ( 'NONE', #2283, #355, #550 ) ;
#1431 = ORIENTED_EDGE ( 'NONE', *, *, #1699, .T. ) ;
#1432 = SURFACE_STYLE_USAGE ( .BOTH. , #3759 ) ;
#1433 = DIRECTION ( 'NONE',  ( -1.000000000000000000, -0.0000000000000000000, -0.0000000000000000000 ) ) ;
#1434 = DIRECTION ( 'NONE',  ( -0.0000000000000000000, -1.000000000000000000, -0.0000000000000000000 ) ) ;
#1435 =( GEOMETRIC_REPRESENTATION_CONTEXT ( 3 ) GLOBAL_UNCERTAINTY_ASSIGNED_CONTEXT ( ( #3706 ) ) GLOBAL_UNIT_ASSIGNED_CONTEXT ( ( #1861, #1710, #613 ) ) REPRESENTATION_CONTEXT ( 'NONE', 'WORKASPACE' ) );
#1436 =( LENGTH_UNIT ( ) NAMED_UNIT ( * ) SI_UNIT ( .MILLI., .METRE. ) );
#1437 = LINE ( 'NONE', #1671, #1391 ) ;
#1438 = VERTEX_POINT ( 'NONE', #2476 ) ;
#1439 = FACE_OUTER_BOUND ( 'NONE', #1628, .T. ) ;
#1440 = CARTESIAN_POINT ( 'NONE',  ( -5.599999999999999645, 3.000000000000000000, 2.250000000000000000 ) ) ;
#1441 = EDGE_CURVE ( 'NONE', #207, #3929, #3595, .T. ) ;
#1442 = EDGE_LOOP ( 'NONE', ( #3683, #1005, #2217, #3987 ) ) ;
#1443 = FACE_OUTER_BOUND ( 'NONE', #509, .T. ) ;
#1444 = CARTESIAN_POINT ( 'NONE',  ( 0.3499999999999999778, -3.500000000000000444, 0.1499999999999999944 ) ) ;
#1445 = PLANE ( 'NONE',  #2113 ) ;
#1446 = CARTESIAN_POINT ( 'NONE',  ( -5.899999999999999467, 6.999999999999999112, 2.249999999999999556 ) ) ;
#1447 = PRESENTATION_STYLE_ASSIGNMENT (( #1879 ) ) ;
#1448 = DIRECTION ( 'NONE',  ( 0.0000000000000000000, 0.0000000000000000000, -1.000000000000000000 ) ) ;
#1449 = EDGE_CURVE ( 'NONE', #1115, #33, #272, .T. ) ;
#1450 = ORIENTED_EDGE ( 'NONE', *, *, #4108, .F. ) ;
#1451 = CARTESIAN_POINT ( 'NONE',  ( -3.000000000000000000, 0.5999999999999999778, 1.949999999999999956 ) ) ;
#1452 = EDGE_LOOP ( 'NONE', ( #2763, #1366, #3662, #1214, #1150 ) ) ;
#1453 = SURFACE_SIDE_STYLE ('',( #2866 ) ) ;
#1454 = ORIENTED_EDGE ( 'NONE', *, *, #2503, .F. ) ;
#1455 = VECTOR ( 'NONE', #2421, 1000.000000000000114 ) ;
#1456 = ORIENTED_EDGE ( 'NONE', *, *, #564, .F. ) ;
#1457 = ORIENTED_EDGE ( 'NONE', *, *, #244, .F. ) ;
#1458 = AXIS2_PLACEMENT_3D ( 'NONE', #149, #2703, #2 ) ;
#1459 = DIRECTION ( 'NONE',  ( 0.0000000000000000000, -0.0000000000000000000, -1.000000000000000000 ) ) ;
#1460 = SURFACE_STYLE_USAGE ( .BOTH. , #373 ) ;
#1461 = CARTESIAN_POINT ( 'NONE',  ( -5.599999999999999645, 1.000000000000000000, 0.2500000000000002220 ) ) ;
#1462 = DIRECTION ( 'NONE',  ( 1.000000000000000000, -0.0000000000000000000, -0.0000000000000000000 ) ) ;
#1463 = VECTOR ( 'NONE', #2855, 1000.000000000000000 ) ;
#1464 = CARTESIAN_POINT ( 'NONE',  ( 1.586131225645459608, -1.668299078426295878, -2.000000000000000000 ) ) ;
#1465 = EDGE_CURVE ( 'NONE', #4237, #3589, #2655, .T. ) ;
#1466 = VECTOR ( 'NONE', #744, 1000.000000000000114 ) ;
#1467 = ORIENTED_EDGE ( 'NONE', *, *, #3796, .T. ) ;
#1468 = VERTEX_POINT ( 'NONE', #1818 ) ;
#1469 = VECTOR ( 'NONE', #3387, 1000.000000000000000 ) ;
#1470 = EDGE_CURVE ( 'NONE', #3035, #2521, #1995, .T. ) ;
#1471 = DIRECTION ( 'NONE',  ( 0.0000000000000000000, 1.000000000000000000, 0.0000000000000000000 ) ) ;
#1472 = PLANE ( 'NONE',  #1760 ) ;
#1473 = DIRECTION ( 'NONE',  ( 1.000000000000000000, 5.421010862427522170E-16, 7.227291681788371571E-16 ) ) ;
#1474 = FACE_OUTER_BOUND ( 'NONE', #2016, .T. ) ;
#1475 =( NAMED_UNIT ( * ) SI_UNIT ( $, .STERADIAN. ) SOLID_ANGLE_UNIT ( ) );
#1476 = CIRCLE ( 'NONE', #3249, 0.5000000000000000000 ) ;
#1477 = VECTOR ( 'NONE', #1963, 1000.000000000000000 ) ;
#1478 = VECTOR ( 'NONE', #1825, 1000.000000000000000 ) ;
#1479 = AXIS2_PLACEMENT_3D ( 'NONE', #3985, #2015, #3868 ) ;
#1480 = DIRECTION ( 'NONE',  ( 0.2425356250363329691, 0.0000000000000000000, 0.9701425001453318764 ) ) ;
#1481 = VERTEX_POINT ( 'NONE', #158 ) ;
#1482 = EDGE_CURVE ( 'NONE', #3474, #2989, #2743, .T. ) ;
#1483 = AXIS2_PLACEMENT_3D ( 'NONE', #3079, #2640, #2575 ) ;
#1484 =( LENGTH_UNIT ( ) NAMED_UNIT ( * ) SI_UNIT ( .MILLI., .METRE. ) );
#1485 = VERTEX_POINT ( 'NONE', #3399 ) ;
#1486 = CARTESIAN_POINT ( 'NONE',  ( -4.250000000000000000, 7.000000000000000000, 1.949999999999999956 ) ) ;
#1487 = LINE ( 'NONE', #1519, #4114 ) ;
#1488 = ADVANCED_FACE ( 'NONE', ( #2095, #1443, #2510 ), #3048, .F. ) ;
#1489 = EDGE_LOOP ( 'NONE', ( #2540, #3355, #1596, #1753, #4179, #3282 ) ) ;
#1490 = EDGE_CURVE ( 'NONE', #1493, #1493, #1845, .T. ) ;
#1491 = LINE ( 'NONE', #877, #2078 ) ;
#1492 = VECTOR ( 'NONE', #196, 1000.000000000000000 ) ;
#1493 = VERTEX_POINT ( 'NONE', #3134 ) ;
#1494 = VERTEX_POINT ( 'NONE', #2995 ) ;
#1495 = ORIENTED_EDGE ( 'NONE', *, *, #1867, .F. ) ;
#1496 = CARTESIAN_POINT ( 'NONE',  ( -5.899999999999999467, 0.0000000000000000000, 1.249999999999982903 ) ) ;
#1497 = VECTOR ( 'NONE', #3413, 1000.000000000000000 ) ;
#1498 = ORIENTED_EDGE ( 'NONE', *, *, #3425, .T. ) ;
#1499 = ORIENTED_EDGE ( 'NONE', *, *, #3273, .T. ) ;
#1500 = FILL_AREA_STYLE_COLOUR ( '', #3224 ) ;
#1501 = CARTESIAN_POINT ( 'NONE',  ( -4.150000000000000355, -3.500000000000000444, 0.1499999999999999944 ) ) ;
#1502 = ORIENTED_EDGE ( 'NONE', *, *, #902, .F. ) ;
#1503 = FACE_OUTER_BOUND ( 'NONE', #3829, .T. ) ;
#1504 = ORIENTED_EDGE ( 'NONE', *, *, #800, .T. ) ;
#1505 = LINE ( 'NONE', #638, #2002 ) ;
#1506 = ORIENTED_EDGE ( 'NONE', *, *, #1738, .T. ) ;
#1507 = AXIS2_PLACEMENT_3D ( 'NONE', #371, #2350, #1772 ) ;
#1508 = VERTEX_POINT ( 'NONE', #120 ) ;
#1509 = COLOUR_RGB ( '',0.8392156862745098200, 0.8392156862745098200, 0.9215686274509803377 ) ;
#1510 = DIRECTION ( 'NONE',  ( -1.000000000000000000, 0.0000000000000000000, 0.0000000000000000000 ) ) ;
#1511 = ADVANCED_FACE ( 'NONE', ( #184 ), #431, .T. ) ;
#1512 = VECTOR ( 'NONE', #1207, 1000.000000000000000 ) ;
#1513 = DIRECTION ( 'NONE',  ( 0.0000000000000000000, -1.000000000000000000, 0.0000000000000000000 ) ) ;
#1514 = CARTESIAN_POINT ( 'NONE',  ( 0.0000000000000000000, 0.0000000000000000000, 0.0000000000000000000 ) ) ;
#1515 = VERTEX_POINT ( 'NONE', #1333 ) ;
#1516 = CARTESIAN_POINT ( 'NONE',  ( -5.599999999999999645, 3.000000000000000000, 2.250000000000000000 ) ) ;
#1517 = CARTESIAN_POINT ( 'NONE',  ( -5.261988945269359341, 5.000000000000000000, 0.3348874687627164670 ) ) ;
#1518 = FACE_OUTER_BOUND ( 'NONE', #3935, .T. ) ;
#1519 = CARTESIAN_POINT ( 'NONE',  ( -5.599999999999999645, -1.112720534831482144, -4.000000000000069278 ) ) ;
#1520 = EDGE_CURVE ( 'NONE', #650, #650, #486, .T. ) ;
#1521 = UNCERTAINTY_MEASURE_WITH_UNIT (LENGTH_MEASURE( 1.000000000000000082E-05 ), #3907, 'distance_accuracy_value', 'NONE');
#1522 = VERTEX_POINT ( 'NONE', #2395 ) ;
#1523 = VECTOR ( 'NONE', #1777, 1000.000000000000000 ) ;
#1524 = VECTOR ( 'NONE', #293, 1000.000000000000000 ) ;
#1525 = DIRECTION ( 'NONE',  ( 0.0000000000000000000, -1.000000000000000000, -0.0000000000000000000 ) ) ;
#1526 = EDGE_CURVE ( 'NONE', #367, #2992, #2797, .T. ) ;
#1527 = ORIENTED_EDGE ( 'NONE', *, *, #2751, .F. ) ;
#1528 = PRESENTATION_STYLE_ASSIGNMENT (( #950 ) ) ;
#1529 = CARTESIAN_POINT ( 'NONE',  ( -5.900000000000000355, 4.999999999999999112, 1.650000000000005240 ) ) ;
#1530 = CARTESIAN_POINT ( 'NONE',  ( 1.399999999999999911, 2.499999999999991562, -3.999999999999991562 ) ) ;
#1531 = VERTEX_POINT ( 'NONE', #4046 ) ;
#1532 = FILL_AREA_STYLE ('',( #1058 ) ) ;
#1533 = PLANE ( 'NONE',  #1910 ) ;
#1534 = PLANE ( 'NONE',  #3731 ) ;
#1535 = CARTESIAN_POINT ( 'NONE',  ( -4.850000000000000533, 7.299999999999998934, -1.750000000000000000 ) ) ;
#1536 = ADVANCED_FACE ( 'NONE', ( #3550 ), #1162, .F. ) ;
#1537 = STYLED_ITEM ( 'NONE', ( #2933 ), #2580 ) ;
#1538 = CARTESIAN_POINT ( 'NONE',  ( 1.100000000000000311, 7.000000000000000000, -1.750000000000000000 ) ) ;
#1539 = VECTOR ( 'NONE', #353, 1000.000000000000000 ) ;
#1540 = UNCERTAINTY_MEASURE_WITH_UNIT (LENGTH_MEASURE( 1.000000000000000082E-05 ), #1484, 'distance_accuracy_value', 'NONE');
#1541 = DIRECTION ( 'NONE',  ( 0.0000000000000000000, 0.0000000000000000000, -1.000000000000000000 ) ) ;
#1542 = EDGE_CURVE ( 'NONE', #3041, #3917, #3710, .T. ) ;
#1543 = DIRECTION ( 'NONE',  ( 1.000000000000000000, 0.0000000000000000000, 0.0000000000000000000 ) ) ;
#1544 = VECTOR ( 'NONE', #213, 1000.000000000000000 ) ;
#1545 = ORIENTED_EDGE ( 'NONE', *, *, #2699, .F. ) ;
#1546 = ORIENTED_EDGE ( 'NONE', *, *, #2604, .T. ) ;
#1547 = DIRECTION ( 'NONE',  ( -0.0000000000000000000, 1.000000000000000000, -0.0000000000000000000 ) ) ;
#1548 = EDGE_CURVE ( 'NONE', #963, #1154, #475, .T. ) ;
#1549 = VECTOR ( 'NONE', #2919, 1000.000000000000114 ) ;
#1550 = VERTEX_POINT ( 'NONE', #547 ) ;
#1551 = ORIENTED_EDGE ( 'NONE', *, *, #1972, .T. ) ;
#1552 = CARTESIAN_POINT ( 'NONE',  ( 1.586131225645458942, -1.931700921573703100, -3.000000000000000000 ) ) ;
#1553 = ORIENTED_EDGE ( 'NONE', *, *, #3909, .F. ) ;
#1554 = ADVANCED_FACE ( 'NONE', ( #2087 ), #3012, .T. ) ;
#1555 = VERTEX_POINT ( 'NONE', #3986 ) ;
#1556 = CARTESIAN_POINT ( 'NONE',  ( 1.099999999999999867, 4.999999999999999112, 1.949999999999999289 ) ) ;
#1557 =( LENGTH_UNIT ( ) NAMED_UNIT ( * ) SI_UNIT ( .MILLI., .METRE. ) );
#1558 = ORIENTED_EDGE ( 'NONE', *, *, #3796, .F. ) ;
#1559 = CARTESIAN_POINT ( 'NONE',  ( -5.599999999999999645, 2.499999999999991562, -3.999999999999991562 ) ) ;
#1560 = LINE ( 'NONE', #2159, #3181 ) ;
#1561 = ORIENTED_EDGE ( 'NONE', *, *, #1794, .F. ) ;
#1562 = VERTEX_POINT ( 'NONE', #2380 ) ;
#1563 = LINE ( 'NONE', #1626, #2109 ) ;
#1564 = VERTEX_POINT ( 'NONE', #2146 ) ;
#1565 = MANIFOLD_SOLID_BREP ( 'Fillet3', #2837 ) ;
#1566 = EDGE_CURVE ( 'NONE', #3507, #305, #1892, .T. ) ;
#1567 = STYLED_ITEM ( 'NONE', ( #404 ), #3675 ) ;
#1568 = ORIENTED_EDGE ( 'NONE', *, *, #1771, .T. ) ;
#1570 = ORIENTED_EDGE ( 'NONE', *, *, #2745, .F. ) ;
#1569 = DIRECTION ( 'NONE',  ( 1.000000000000000000, -0.0000000000000000000, -0.0000000000000000000 ) ) ;
#1571 = LINE ( 'NONE', #2819, #2435 ) ;
#1572 = EDGE_CURVE ( 'NONE', #913, #1097, #603, .T. ) ;
#1573 = ADVANCED_FACE ( 'NONE', ( #649 ), #1958, .F. ) ;
#1574 = VERTEX_POINT ( 'NONE', #2706 ) ;
#1575 = VECTOR ( 'NONE', #3584, 1000.000000000000000 ) ;
#1576 = CARTESIAN_POINT ( 'NONE',  ( 1.399999999999999911, 1.000000000000000000, 2.250000000000000000 ) ) ;
#1577 = EDGE_CURVE ( 'NONE', #1515, #913, #4119, .T. ) ;
#1578 = VECTOR ( 'NONE', #880, 1000.000000000000000 ) ;
#1579 = CARTESIAN_POINT ( 'NONE',  ( -0.1000000000000000056, 6.150000000000000355, 2.750000000000000000 ) ) ;
#1580 =( NAMED_UNIT ( * ) PLANE_ANGLE_UNIT ( ) SI_UNIT ( $, .RADIAN. ) );
#1581 = DIRECTION ( 'NONE',  ( 0.0000000000000000000, -1.000000000000000000, 0.0000000000000000000 ) ) ;
#1582 = DIRECTION ( 'NONE',  ( 1.000000000000000000, 2.168404344971091698E-16, 0.0000000000000000000 ) ) ;
#1583 = ORIENTED_EDGE ( 'NONE', *, *, #3946, .F. ) ;
#1584 = VECTOR ( 'NONE', #1206, 1000.000000000000000 ) ;
#1585 = ORIENTED_EDGE ( 'NONE', *, *, #4057, .F. ) ;
#1586 = LINE ( 'NONE', #768, #1578 ) ;
#1587 = AXIS2_PLACEMENT_3D ( 'NONE', #451, #3037, #131 ) ;
#1588 = CARTESIAN_POINT ( 'NONE',  ( 1.100000000000000089, -2.487279465168510395, -2.000000000000000000 ) ) ;
#1589 = LINE ( 'NONE', #1605, #1942 ) ;
#1590 = DIRECTION ( 'NONE',  ( 0.0000000000000000000, 0.0000000000000000000, -1.000000000000000000 ) ) ;
#1591 = VECTOR ( 'NONE', #3023, 1000.000000000000000 ) ;
#1592 = CARTESIAN_POINT ( 'NONE',  ( 1.100000000000000089, 1.000000000000000000, 2.250000000000000000 ) ) ;
#1593 = ADVANCED_FACE ( 'NONE', ( #2248 ), #1819, .F. ) ;
#1594 = VERTEX_POINT ( 'NONE', #230 ) ;
#1595 = EDGE_CURVE ( 'NONE', #4020, #4020, #2360, .T. ) ;
#1596 = ORIENTED_EDGE ( 'NONE', *, *, #2835, .T. ) ;
#1597 = ORIENTED_EDGE ( 'NONE', *, *, #1293, .T. ) ;
#1598 = LINE ( 'NONE', #2277, #1325 ) ;
#1599 = LINE ( 'NONE', #1093, #751 ) ;
#1600 = ORIENTED_EDGE ( 'NONE', *, *, #189, .F. ) ;
#1601 = EDGE_LOOP ( 'NONE', ( #2661, #2868, #2916, #1940 ) ) ;
#1602 = EDGE_CURVE ( 'NONE', #2193, #3554, #3798, .T. ) ;
#1603 = LINE ( 'NONE', #2197, #2371 ) ;
#1604 = ORIENTED_EDGE ( 'NONE', *, *, #3587, .F. ) ;
#1605 = CARTESIAN_POINT ( 'NONE',  ( 1.811904234057522656, -1.470747696065740628, -3.000000000000000000 ) ) ;
#1606 = LINE ( 'NONE', #2150, #2474 ) ;
#1607 = LINE ( 'NONE', #2906, #554 ) ;
#1608 = AXIS2_PLACEMENT_3D ( 'NONE', #175, #1860, #3157 ) ;
#1609 = VECTOR ( 'NONE', #1883, 1000.000000000000000 ) ;
#1610 = CARTESIAN_POINT ( 'NONE',  ( -5.899999999999999467, -1.000000000000000000, -3.000000000000000000 ) ) ;
#1611 = ADVANCED_FACE ( 'NONE', ( #3015 ), #197, .T. ) ;
#1612 = DIRECTION ( 'NONE',  ( -0.0000000000000000000, -1.387778780781434582E-16, 1.000000000000000000 ) ) ;
#1613 = ORIENTED_EDGE ( 'NONE', *, *, #677, .F. ) ;
#1614 =( GEOMETRIC_REPRESENTATION_CONTEXT ( 3 ) GLOBAL_UNCERTAINTY_ASSIGNED_CONTEXT ( ( #1270 ) ) GLOBAL_UNIT_ASSIGNED_CONTEXT ( ( #3398, #1708, #1348 ) ) REPRESENTATION_CONTEXT ( 'NONE', 'WORKASPACE' ) );
#1615 = VECTOR ( 'NONE', #392, 1000.000000000000000 ) ;
#1616 = ORIENTED_EDGE ( 'NONE', *, *, #422, .T. ) ;
#1617 = FACE_OUTER_BOUND ( 'NONE', #2530, .T. ) ;
#1618 = CARTESIAN_POINT ( 'NONE',  ( -5.899999999999999467, 2.500000000000000000, -3.499999999999991562 ) ) ;
#1619 = VECTOR ( 'NONE', #890, 1000.000000000000000 ) ;
#1620 = FACE_OUTER_BOUND ( 'NONE', #265, .T. ) ;
#1621 = EDGE_CURVE ( 'NONE', #494, #3891, #2142, .T. ) ;
#1622 = AXIS2_PLACEMENT_3D ( 'NONE', #2691, #2070, #1126 ) ;
#1623 = DIRECTION ( 'NONE',  ( -0.0000000000000000000, -1.000000000000000000, -0.0000000000000000000 ) ) ;
#1624 = SURFACE_STYLE_FILL_AREA ( #1947 ) ;
#1625 = ORIENTED_EDGE ( 'NONE', *, *, #2051, .T. ) ;
#1626 = CARTESIAN_POINT ( 'NONE',  ( -5.899999999999999467, -2.168404344971008868E-16, -3.000000000000016875 ) ) ;
#1627 = EDGE_CURVE ( 'NONE', #1339, #798, #4177, .T. ) ;
#1628 = EDGE_LOOP ( 'NONE', ( #2139, #753, #4125, #549 ) ) ;
#1629 = DIRECTION ( 'NONE',  ( 1.000000000000000000, 0.0000000000000000000, 0.0000000000000000000 ) ) ;
#1630 = DIRECTION ( 'NONE',  ( 0.0000000000000000000, 0.0000000000000000000, 1.000000000000000000 ) ) ;
#1631 = CARTESIAN_POINT ( 'NONE',  ( 0.3499999999999999778, -3.500000000000000444, -0.1499999999999999944 ) ) ;
#1632 = AXIS2_PLACEMENT_3D ( 'NONE', #1440, #1932, #3978 ) ;
#1633 = CARTESIAN_POINT ( 'NONE',  ( -5.250000000000000000, 7.000000000000000000, -1.149999999999999911 ) ) ;
#1634 = ADVANCED_FACE ( 'NONE', ( #2954 ), #1271, .T. ) ;
#1635 = VERTEX_POINT ( 'NONE', #2478 ) ;
#1636 = CYLINDRICAL_SURFACE ( 'NONE', #154, 0.5000000000000000000 ) ;
#1637 = ORIENTED_EDGE ( 'NONE', *, *, #13, .F. ) ;
#1638 = ORIENTED_EDGE ( 'NONE', *, *, #909, .F. ) ;
#1639 = CARTESIAN_POINT ( 'NONE',  ( 1.586131225645460052, -1.668299078426296544, -2.000000000000000000 ) ) ;
#1640 = COLOUR_RGB ( '',1.000000000000000000, 1.000000000000000000, 1.000000000000000000 ) ;
#1641 = ORIENTED_EDGE ( 'NONE', *, *, #2645, .T. ) ;
#1642 = ADVANCED_BREP_SHAPE_REPRESENTATION ( 'B3F-3100', ( #3675, #2609, #500, #1302, #2580, #1565, #223 ), #2460 ) ;
#1643 = ORIENTED_EDGE ( 'NONE', *, *, #2443, .T. ) ;
#1644 = PRESENTATION_LAYER_ASSIGNMENT (  '', '', ( #1858 ) ) ;
#1645 = ORIENTED_EDGE ( 'NONE', *, *, #3918, .F. ) ;
#1646 = ORIENTED_EDGE ( 'NONE', *, *, #3093, .T. ) ;
#1647 = EDGE_CURVE ( 'NONE', #4205, #3537, #2300, .T. ) ;
#1648 = VECTOR ( 'NONE', #3335, 1000.000000000000000 ) ;
#1649 = ORIENTED_EDGE ( 'NONE', *, *, #472, .T. ) ;
#1650 = VERTEX_POINT ( 'NONE', #868 ) ;
#1651 = ADVANCED_FACE ( 'NONE', ( #2404 ), #1831, .F. ) ;
#1652 = FACE_OUTER_BOUND ( 'NONE', #678, .T. ) ;
#1653 = CARTESIAN_POINT ( 'NONE',  ( -5.899999999999999467, -2.600000000000000089, -3.000000000000000000 ) ) ;
#1654 = EDGE_CURVE ( 'NONE', #2885, #2052, #937, .T. ) ;
#1655 = ORIENTED_EDGE ( 'NONE', *, *, #2780, .F. ) ;
#1656 = VECTOR ( 'NONE', #2024, 1000.000000000000000 ) ;
#1657 = VERTEX_POINT ( 'NONE', #609 ) ;
#1658 = VERTEX_POINT ( 'NONE', #2891 ) ;
#1659 = PLANE ( 'NONE',  #1608 ) ;
#1660 = VECTOR ( 'NONE', #791, 1000.000000000000000 ) ;
#1661 = ORIENTED_EDGE ( 'NONE', *, *, #2651, .T. ) ;
#1662 = AXIS2_PLACEMENT_3D ( 'NONE', #459, #3044, #444 ) ;
#1663 = CARTESIAN_POINT ( 'NONE',  ( -1.500000000000000000, 7.400000000000000355, 0.9499999999999998446 ) ) ;
#1664 = DIRECTION ( 'NONE',  ( -1.000000000000000000, -0.0000000000000000000, -0.0000000000000000000 ) ) ;
#1665 = ORIENTED_EDGE ( 'NONE', *, *, #1676, .T. ) ;
#1666 = DIRECTION ( 'NONE',  ( 0.0000000000000000000, -1.000000000000000000, 7.228014483236699514E-17 ) ) ;
#1667 = LINE ( 'NONE', #1315, #1876 ) ;
#1668 = ORIENTED_EDGE ( 'NONE', *, *, #2119, .T. ) ;
#1669 = AXIS2_PLACEMENT_3D ( 'NONE', #4080, #22, #4025 ) ;
#1670 = VERTEX_POINT ( 'NONE', #2930 ) ;
#1671 = CARTESIAN_POINT ( 'NONE',  ( -3.000000000000000000, 1.000000000000000000, 1.949999999999999956 ) ) ;
#1672 = UNCERTAINTY_MEASURE_WITH_UNIT (LENGTH_MEASURE( 1.000000000000000082E-05 ), #155, 'distance_accuracy_value', 'NONE');
#1673 = EDGE_LOOP ( 'NONE', ( #3303, #2981, #3138, #419, #3650, #2524, #608, #1645, #1306, #3286, #2772, #3522, #1294, #2055, #2272, #2022 ) ) ;
#1674 =( NAMED_UNIT ( * ) PLANE_ANGLE_UNIT ( ) SI_UNIT ( $, .RADIAN. ) );
#1675 = LINE ( 'NONE', #915, #4102 ) ;
#1676 = EDGE_CURVE ( 'NONE', #4157, #2989, #438, .T. ) ;
#1677 = CARTESIAN_POINT ( 'NONE',  ( 0.07157212433130441531, 0.06262560878989101298, -2.000000000000000000 ) ) ;
#1678 = ADVANCED_FACE ( 'NONE', ( #2698, #1224 ), #1781, .T. ) ;
#1679 = DIRECTION ( 'NONE',  ( 0.0000000000000000000, 0.0000000000000000000, -1.000000000000000000 ) ) ;
#1680 = DIRECTION ( 'NONE',  ( 1.000000000000000000, 0.0000000000000000000, -8.131516293641283255E-17 ) ) ;
#1681 = CARTESIAN_POINT ( 'NONE',  ( -5.599999999999999645, 0.0000000000000000000, 1.249999999999982903 ) ) ;
#1682 = FACE_OUTER_BOUND ( 'NONE', #3276, .T. ) ;
#1683 = DIRECTION ( 'NONE',  ( 0.0000000000000000000, 1.000000000000000000, 0.0000000000000000000 ) ) ;
#1684 = EDGE_CURVE ( 'NONE', #43, #3906, #1589, .T. ) ;
#1685 = PLANE ( 'NONE',  #2316 ) ;
#1686 = CARTESIAN_POINT ( 'NONE',  ( -5.899999999999999467, -3.500000000000000000, -3.000000000000000000 ) ) ;
#1687 = ORIENTED_EDGE ( 'NONE', *, *, #2180, .F. ) ;
#1688 = ORIENTED_EDGE ( 'NONE', *, *, #614, .F. ) ;
#1689 = LINE ( 'NONE', #3938, #1584 ) ;
#1690 = LINE ( 'NONE', #2719, #1334 ) ;
#1691 = DIRECTION ( 'NONE',  ( 0.0000000000000000000, 0.0000000000000000000, -1.000000000000000000 ) ) ;
#1692 = CARTESIAN_POINT ( 'NONE',  ( -4.850000000000000533, -3.500000000000000444, 0.1499999999999999944 ) ) ;
#1693 = ORIENTED_EDGE ( 'NONE', *, *, #1231, .F. ) ;
#1694 =( NAMED_UNIT ( * ) PLANE_ANGLE_UNIT ( ) SI_UNIT ( $, .RADIAN. ) );
#1695 = VECTOR ( 'NONE', #347, 1000.000000000000114 ) ;
#1696 = ORIENTED_EDGE ( 'NONE', *, *, #140, .T. ) ;
#1697 = UNCERTAINTY_MEASURE_WITH_UNIT (LENGTH_MEASURE( 1.000000000000000082E-05 ), #1843, 'distance_accuracy_value', 'NONE');
#1698 = ORIENTED_EDGE ( 'NONE', *, *, #2397, .T. ) ;
#1699 = EDGE_CURVE ( 'NONE', #2415, #2657, #698, .T. ) ;
#1700 = EDGE_LOOP ( 'NONE', ( #988, #3103, #4211, #2859 ) ) ;
#1701 = PRESENTATION_LAYER_ASSIGNMENT (  '', '', ( #1258 ) ) ;
#1702 = ORIENTED_EDGE ( 'NONE', *, *, #722, .F. ) ;
#1703 = CARTESIAN_POINT ( 'NONE',  ( -5.599999999999999645, 0.0000000000000000000, 0.2500000000000002220 ) ) ;
#1704 = VECTOR ( 'NONE', #2758, 1000.000000000000000 ) ;
#1705 = ORIENTED_EDGE ( 'NONE', *, *, #3859, .T. ) ;
#1706 = DIRECTION ( 'NONE',  ( 0.0000000000000000000, 1.000000000000000000, 0.0000000000000000000 ) ) ;
#1707 = EDGE_CURVE ( 'NONE', #810, #3785, #2132, .T. ) ;
#1708 =( NAMED_UNIT ( * ) PLANE_ANGLE_UNIT ( ) SI_UNIT ( $, .RADIAN. ) );
#1709 = DIRECTION ( 'NONE',  ( -0.0000000000000000000, -1.387778780781430884E-16, 1.000000000000000000 ) ) ;
#1710 =( NAMED_UNIT ( * ) PLANE_ANGLE_UNIT ( ) SI_UNIT ( $, .RADIAN. ) );
#1711 = CARTESIAN_POINT ( 'NONE',  ( -5.899999999999999467, 3.000000000000000000, 1.649999999999999911 ) ) ;
#1712 =( NAMED_UNIT ( * ) SI_UNIT ( $, .STERADIAN. ) SOLID_ANGLE_UNIT ( ) );
#1713 = LINE ( 'NONE', #2253, #2670 ) ;
#1714 = AXIS2_PLACEMENT_3D ( 'NONE', #338, #3527, #271 ) ;
#1715 = CARTESIAN_POINT ( 'NONE',  ( -5.899999999999999467, -2.600000000000000089, -3.000000000000000000 ) ) ;
#1716 = CARTESIAN_POINT ( 'NONE',  ( -0.3499999999999999778, 7.299999999999999822, -1.750000000000000000 ) ) ;
#1717 = EDGE_LOOP ( 'NONE', ( #3871, #3575, #4109, #312 ) ) ;
#1718 = VECTOR ( 'NONE', #3610, 1000.000000000000000 ) ;
#1719 = DIRECTION ( 'NONE',  ( 0.0000000000000000000, 0.0000000000000000000, -1.000000000000000000 ) ) ;
#1720 = CARTESIAN_POINT ( 'NONE',  ( -1.499999999999999778, 0.9999999999999986677, 1.949999999999997957 ) ) ;
#1721 = EDGE_LOOP ( 'NONE', ( #2410 ) ) ;
#1722 = AXIS2_PLACEMENT_3D ( 'NONE', #1982, #211, #3973 ) ;
#1723 = VECTOR ( 'NONE', #4136, 1000.000000000000000 ) ;
#1724 = VERTEX_POINT ( 'NONE', #727 ) ;
#1725 = LINE ( 'NONE', #3213, #4047 ) ;
#1726 = DIRECTION ( 'NONE',  ( -1.000000000000000000, 0.0000000000000000000, 0.0000000000000000000 ) ) ;
#1727 = EDGE_LOOP ( 'NONE', ( #2908, #34, #1041, #1340, #654, #3345, #3084 ) ) ;
#1728 = CARTESIAN_POINT ( 'NONE',  ( 1.399999999999999911, 1.000000000000000000, -2.000000000000000000 ) ) ;
#1729 = EDGE_LOOP ( 'NONE', ( #2110, #3751, #3465, #1749 ) ) ;
#1730 = CARTESIAN_POINT ( 'NONE',  ( 1.435615886704083577, -1.799999999999999156, 3.149999999999999911 ) ) ;
#1731 = FACE_OUTER_BOUND ( 'NONE', #390, .T. ) ;
#1732 =( NAMED_UNIT ( * ) PLANE_ANGLE_UNIT ( ) SI_UNIT ( $, .RADIAN. ) );
#1733 = UNCERTAINTY_MEASURE_WITH_UNIT (LENGTH_MEASURE( 1.000000000000000082E-05 ), #2099, 'distance_accuracy_value', 'NONE');
#1734 = AXIS2_PLACEMENT_3D ( 'NONE', #2648, #2207, #2660 ) ;
#1735 = CARTESIAN_POINT ( 'NONE',  ( -1.499999999999999778, -1.409462824231155370E-15, -1.879095837264976313E-15 ) ) ;
#1736 = ORIENTED_EDGE ( 'NONE', *, *, #2218, .F. ) ;
#1737 = DIRECTION ( 'NONE',  ( 0.0000000000000000000, 1.734723475976805122E-15, -1.000000000000000000 ) ) ;
#1738 = EDGE_CURVE ( 'NONE', #55, #3255, #3111, .T. ) ;
#1739 = DIRECTION ( 'NONE',  ( -1.000000000000000000, -0.0000000000000000000, -0.0000000000000000000 ) ) ;
#1740 =( LENGTH_UNIT ( ) NAMED_UNIT ( * ) SI_UNIT ( .MILLI., .METRE. ) );
#1741 = SURFACE_SIDE_STYLE ('',( #68 ) ) ;
#1742 = CARTESIAN_POINT ( 'NONE',  ( 0.0000000000000000000, 6.999999999999999112, 8.326672684688585306E-16 ) ) ;
#1743 = EDGE_CURVE ( 'NONE', #1237, #4171, #3278, .T. ) ;
#1744 = FACE_OUTER_BOUND ( 'NONE', #2046, .T. ) ;
#1745 = DIRECTION ( 'NONE',  ( 0.6585046078685199422, -0.7525766947068762702, 0.0000000000000000000 ) ) ;
#1746 = CARTESIAN_POINT ( 'NONE',  ( -1.499999999999999778, 0.8999999999999999112, 1.949999999999997957 ) ) ;
#1747 = ORIENTED_EDGE ( 'NONE', *, *, #1257, .T. ) ;
#1748 = CARTESIAN_POINT ( 'NONE',  ( 0.0000000000000000000, 7.000000000000000000, 0.0000000000000000000 ) ) ;
#1749 = ORIENTED_EDGE ( 'NONE', *, *, #4234, .T. ) ;
#1750 = VECTOR ( 'NONE', #1233, 1000.000000000000000 ) ;
#1751 = DIRECTION ( 'NONE',  ( -0.0000000000000000000, -0.0000000000000000000, 1.000000000000000000 ) ) ;
#1752 = AXIS2_PLACEMENT_3D ( 'NONE', #52, #1706, #976 ) ;
#1753 = ORIENTED_EDGE ( 'NONE', *, *, #3611, .T. ) ;
#1754 = EDGE_LOOP ( 'NONE', ( #4014, #2185, #1803, #1920 ) ) ;
#1755 = DIRECTION ( 'NONE',  ( -1.457750820148560378E-16, 2.915501640297120757E-16, -1.000000000000000000 ) ) ;
#1756 = FILL_AREA_STYLE ('',( #2724 ) ) ;
#1757 = CARTESIAN_POINT ( 'NONE',  ( -3.000000000000000444, 7.000000000000000000, 2.250000000000000000 ) ) ;
#1758 = ORIENTED_EDGE ( 'NONE', *, *, #1050, .F. ) ;
#1759 = ORIENTED_EDGE ( 'NONE', *, *, #514, .F. ) ;
#1760 = AXIS2_PLACEMENT_3D ( 'NONE', #3763, #832, #3089 ) ;
#1761 = DIRECTION ( 'NONE',  ( -0.9701425001453318764, 0.0000000000000000000, -0.2425356250363329691 ) ) ;
#1762 = CARTESIAN_POINT ( 'NONE',  ( -4.150000000000000355, 6.999999999999999112, -1.150000000000000355 ) ) ;
#1763 = SURFACE_STYLE_FILL_AREA ( #2020 ) ;
#1764 =( NAMED_UNIT ( * ) SI_UNIT ( $, .STERADIAN. ) SOLID_ANGLE_UNIT ( ) );
#1765 = ORIENTED_EDGE ( 'NONE', *, *, #4036, .F. ) ;
#1766 = SURFACE_STYLE_USAGE ( .BOTH. , #4065 ) ;
#1767 = ORIENTED_EDGE ( 'NONE', *, *, #3071, .T. ) ;
#1768 = EDGE_CURVE ( 'NONE', #4237, #2457, #984, .T. ) ;
#1769 = VECTOR ( 'NONE', #721, 1000.000000000000000 ) ;
#1770 = LINE ( 'NONE', #4208, #3512 ) ;
#1771 = EDGE_CURVE ( 'NONE', #1555, #2250, #4115, .T. ) ;
#1772 = DIRECTION ( 'NONE',  ( -1.000000000000000000, 0.0000000000000000000, 0.0000000000000000000 ) ) ;
#1773 = EDGE_LOOP ( 'NONE', ( #983 ) ) ;
#1774 =( LENGTH_UNIT ( ) NAMED_UNIT ( * ) SI_UNIT ( .MILLI., .METRE. ) );
#1775 = VECTOR ( 'NONE', #1062, 1000.000000000000000 ) ;
#1776 = PLANE ( 'NONE',  #3939 ) ;
#1777 = DIRECTION ( 'NONE',  ( 0.0000000000000000000, 1.000000000000000000, 0.0000000000000000000 ) ) ;
#1778 = LINE ( 'NONE', #3054, #3096 ) ;
#1779 = CARTESIAN_POINT ( 'NONE',  ( -4.850000000000000533, -3.500000000000000444, -0.1499999999999999944 ) ) ;
#1780 = LINE ( 'NONE', #1864, #4212 ) ;
#1781 = PLANE ( 'NONE',  #3411 ) ;
#1782 = CARTESIAN_POINT ( 'NONE',  ( 1.399999999999999911, 3.000000000000000000, -1.149999999999999911 ) ) ;
#1783 = DIRECTION ( 'NONE',  ( -0.6585046078685181659, -0.7525766947068778245, 0.0000000000000000000 ) ) ;
#1784 = EDGE_CURVE ( 'NONE', #4154, #822, #1725, .T. ) ;
#1785 = AXIS2_PLACEMENT_3D ( 'NONE', #3356, #1130, #3101 ) ;
#1786 = DIRECTION ( 'NONE',  ( -0.0000000000000000000, -1.705840330101793256E-14, -1.000000000000000000 ) ) ;
#1787 = LINE ( 'NONE', #3078, #3484 ) ;
#1788 = VERTEX_POINT ( 'NONE', #3299 ) ;
#1789 = CYLINDRICAL_SURFACE ( 'NONE', #76, 0.5999999999999999778 ) ;
#1790 = EDGE_CURVE ( 'NONE', #558, #1657, #2165, .T. ) ;
#1791 = CARTESIAN_POINT ( 'NONE',  ( -2.250000000000000000, 4.000000000000000000, 3.149999999999999911 ) ) ;
#1792 = VECTOR ( 'NONE', #2900, 1000.000000000000000 ) ;
#1793 = DIRECTION ( 'NONE',  ( 0.0000000000000000000, 0.0000000000000000000, -1.000000000000000000 ) ) ;
#1794 = EDGE_CURVE ( 'NONE', #420, #3526, #3197, .T. ) ;
#1795 = VERTEX_POINT ( 'NONE', #1529 ) ;
#1796 = CIRCLE ( 'NONE', #964, 1.749999999999989342 ) ;
#1797 =( LENGTH_UNIT ( ) NAMED_UNIT ( * ) SI_UNIT ( .MILLI., .METRE. ) );
#1798 = DIRECTION ( 'NONE',  ( -1.000000000000000000, 0.0000000000000000000, 0.0000000000000000000 ) ) ;
#1799 = VECTOR ( 'NONE', #142, 1000.000000000000000 ) ;
#1800 = ORIENTED_EDGE ( 'NONE', *, *, #329, .T. ) ;
#1801 = AXIS2_PLACEMENT_3D ( 'NONE', #2600, #566, #3615 ) ;
#1802 = ORIENTED_EDGE ( 'NONE', *, *, #314, .T. ) ;
#1803 = ORIENTED_EDGE ( 'NONE', *, *, #195, .T. ) ;
#1804 = DIRECTION ( 'NONE',  ( 0.0000000000000000000, 0.0000000000000000000, 1.000000000000000000 ) ) ;
#1805 = AXIS2_PLACEMENT_3D ( 'NONE', #2693, #324, #557 ) ;
#1806 = ADVANCED_FACE ( 'NONE', ( #2328 ), #1259, .F. ) ;
#1807 = CARTESIAN_POINT ( 'NONE',  ( -6.600999999999999091, 3.000000000000000000, -3.499999999999991562 ) ) ;
#1808 = SURFACE_STYLE_USAGE ( .BOTH. , #1978 ) ;
#1809 = SURFACE_SIDE_STYLE ('',( #1945 ) ) ;
#1810 = ORIENTED_EDGE ( 'NONE', *, *, #4083, .F. ) ;
#1811 = VECTOR ( 'NONE', #387, 1000.000000000000114 ) ;
#1812 = DIRECTION ( 'NONE',  ( 1.000000000000000000, 8.673617379884027583E-16, 0.0000000000000000000 ) ) ;
#1813 = EDGE_CURVE ( 'NONE', #2026, #1237, #362, .T. ) ;
#1814 = CIRCLE ( 'NONE', #4024, 0.3499999999999944822 ) ;
#1815 = DIRECTION ( 'NONE',  ( 0.0000000000000000000, 0.0000000000000000000, 1.000000000000000000 ) ) ;
#1816 = VECTOR ( 'NONE', #2111, 1000.000000000000000 ) ;
#1817 = EDGE_CURVE ( 'NONE', #2265, #2447, #921, .T. ) ;
#1818 = CARTESIAN_POINT ( 'NONE',  ( 1.399999999999999911, -0.9999999999999829026, -3.000000000000000000 ) ) ;
#1819 = PLANE ( 'NONE',  #1430 ) ;
#1820 = LINE ( 'NONE', #220, #3369 ) ;
#1821 = LINE ( 'NONE', #3850, #2678 ) ;
#1822 = EDGE_LOOP ( 'NONE', ( #4176, #3160, #2728, #3446 ) ) ;
#1823 = CARTESIAN_POINT ( 'NONE',  ( -0.5000000000000104361, 4.000000000000000000, 2.250000000000001332 ) ) ;
#1824 = CARTESIAN_POINT ( 'NONE',  ( 1.399999999999999911, 1.000000000000000000, 0.2500000000000002220 ) ) ;
#1825 = DIRECTION ( 'NONE',  ( 0.0000000000000000000, 1.000000000000000000, 0.0000000000000000000 ) ) ;
#1826 = STYLED_ITEM ( 'NONE', ( #1447 ), #577 ) ;
#1827 = LINE ( 'NONE', #1999, #3380 ) ;
#1828 = ADVANCED_FACE ( 'NONE', ( #2542 ), #3250, .F. ) ;
#1829 = VERTEX_POINT ( 'NONE', #1364 ) ;
#1830 = CARTESIAN_POINT ( 'NONE',  ( -3.000000000000000000, 0.8999999999999999112, 0.9499999999999998446 ) ) ;
#1831 = PLANE ( 'NONE',  #2938 ) ;
#1832 = VECTOR ( 'NONE', #594, 1000.000000000000000 ) ;
#1833 = EDGE_CURVE ( 'NONE', #3041, #2236, #3049, .T. ) ;
#1834 = AXIS2_PLACEMENT_3D ( 'NONE', #2725, #1328, #4087 ) ;
#1835 = DIRECTION ( 'NONE',  ( -1.000000000000000000, 0.0000000000000000000, 8.131516293641275859E-17 ) ) ;
#1836 = EDGE_LOOP ( 'NONE', ( #1661, #3880, #1949, #3031 ) ) ;
#1837 = CARTESIAN_POINT ( 'NONE',  ( -4.150000000000000355, -3.500000000000000444, 0.1499999999999999944 ) ) ;
#1838 = LINE ( 'NONE', #2394, #939 ) ;
#1839 = ORIENTED_EDGE ( 'NONE', *, *, #3765, .T. ) ;
#1840 = ORIENTED_EDGE ( 'NONE', *, *, #2180, .T. ) ;
#1841 = EDGE_CURVE ( 'NONE', #2913, #565, #4207, .T. ) ;
#1842 = LINE ( 'NONE', #2796, #1591 ) ;
#1843 =( LENGTH_UNIT ( ) NAMED_UNIT ( * ) SI_UNIT ( .MILLI., .METRE. ) );
#1844 = DIRECTION ( 'NONE',  ( 0.0000000000000000000, -1.000000000000000000, 0.0000000000000000000 ) ) ;
#1845 = CIRCLE ( 'NONE', #865, 0.6000000000000007550 ) ;
#1846 = ORIENTED_EDGE ( 'NONE', *, *, #3793, .T. ) ;
#1847 = ADVANCED_FACE ( 'NONE', ( #3145 ), #331, .F. ) ;
#1848 = FACE_OUTER_BOUND ( 'NONE', #2766, .T. ) ;
#1849 = ORIENTED_EDGE ( 'NONE', *, *, #533, .F. ) ;
#1850 = ORIENTED_EDGE ( 'NONE', *, *, #4055, .F. ) ;
#1851 = CARTESIAN_POINT ( 'NONE',  ( -5.000000000000000888, 1.850000000000000089, 2.250000000000000000 ) ) ;
#1852 = FACE_OUTER_BOUND ( 'NONE', #3979, .T. ) ;
#1853 = UNCERTAINTY_MEASURE_WITH_UNIT (LENGTH_MEASURE( 1.000000000000000082E-05 ), #64, 'distance_accuracy_value', 'NONE');
#1854 = ORIENTED_EDGE ( 'NONE', *, *, #2553, .F. ) ;
#1855 = LINE ( 'NONE', #3791, #3613 ) ;
#1856 = LINE ( 'NONE', #563, #1951 ) ;
#1857 = CARTESIAN_POINT ( 'NONE',  ( -5.601538820320220324, 5.000000000000000000, 0.2500000000000000000 ) ) ;
#1858 = STYLED_ITEM ( 'NONE', ( #669 ), #3534 ) ;
#1859 = DIRECTION ( 'NONE',  ( 0.0000000000000000000, 1.000000000000000000, 0.0000000000000000000 ) ) ;
#1860 = DIRECTION ( 'NONE',  ( 0.0000000000000000000, 0.0000000000000000000, -1.000000000000000000 ) ) ;
#1861 =( LENGTH_UNIT ( ) NAMED_UNIT ( * ) SI_UNIT ( .MILLI., .METRE. ) );
#1862 = CARTESIAN_POINT ( 'NONE',  ( -5.599999999999999645, 3.000000000000000000, -4.000000000000000000 ) ) ;
#1863 = LINE ( 'NONE', #2599, #2890 ) ;
#1864 = CARTESIAN_POINT ( 'NONE',  ( -3.000000000000000000, 7.100000000000000533, 1.949999999999999956 ) ) ;
#1865 = LINE ( 'NONE', #2356, #2625 ) ;
#1866 = DIRECTION ( 'NONE',  ( 0.0000000000000000000, 0.0000000000000000000, -1.000000000000000000 ) ) ;
#1867 = EDGE_CURVE ( 'NONE', #1316, #3641, #680, .T. ) ;
#1868 = ADVANCED_FACE ( 'NONE', ( #1620, #3941 ), #1329, .T. ) ;
#1869 = VERTEX_POINT ( 'NONE', #2638 ) ;
#1870 = VECTOR ( 'NONE', #3234, 1000.000000000000000 ) ;
#1871 = EDGE_CURVE ( 'NONE', #1795, #1406, #3885, .T. ) ;
#1872 = FACE_OUTER_BOUND ( 'NONE', #2983, .T. ) ;
#1873 = SURFACE_STYLE_FILL_AREA ( #1213 ) ;
#1874 = CARTESIAN_POINT ( 'NONE',  ( 1.399999999999999911, -5.637851296924616746E-15, -2.000000000000000000 ) ) ;
#1875 = DIRECTION ( 'NONE',  ( 0.0000000000000000000, 1.000000000000000000, 0.0000000000000000000 ) ) ;
#1876 = VECTOR ( 'NONE', #3952, 1000.000000000000000 ) ;
#1877 = CARTESIAN_POINT ( 'NONE',  ( -5.599999999999999645, -2.168404344971008868E-16, -3.000000000000016875 ) ) ;
#1878 = FILL_AREA_STYLE_COLOUR ( '', #1017 ) ;
#1879 = SURFACE_STYLE_USAGE ( .BOTH. , #3849 ) ;
#1880 = CARTESIAN_POINT ( 'NONE',  ( 1.399999999999999911, -2.600000000000005418, -2.000000000000000000 ) ) ;
#1881 = LINE ( 'NONE', #2155, #835 ) ;
#1882 = ORIENTED_EDGE ( 'NONE', *, *, #2499, .F. ) ;
#1883 = DIRECTION ( 'NONE',  ( 0.0000000000000000000, 1.000000000000000000, -3.614007241618349757E-17 ) ) ;
#1884 = DIRECTION ( 'NONE',  ( 0.6585046078685199422, -0.7525766947068762702, 0.0000000000000000000 ) ) ;
#1885 = ADVANCED_FACE ( 'NONE', ( #1425 ), #2602, .F. ) ;
#1886 = CARTESIAN_POINT ( 'NONE',  ( -0.3499999999999999778, -3.500000000000000444, 0.1499999999999999944 ) ) ;
#1887 = FACE_OUTER_BOUND ( 'NONE', #1076, .T. ) ;
#1888 = DIRECTION ( 'NONE',  ( 0.0000000000000000000, 1.000000000000000000, 0.0000000000000000000 ) ) ;
#1889 = EDGE_CURVE ( 'NONE', #3117, #3117, #580, .T. ) ;
#1890 = DIRECTION ( 'NONE',  ( 0.0000000000000000000, -0.0000000000000000000, -1.000000000000000000 ) ) ;
#1891 = ORIENTED_EDGE ( 'NONE', *, *, #4, .F. ) ;
#1892 = LINE ( 'NONE', #567, #3223 ) ;
#1893 = ORIENTED_EDGE ( 'NONE', *, *, #1269, .T. ) ;
#1894 = EDGE_CURVE ( 'NONE', #203, #4205, #4096, .T. ) ;
#1895 = COLOUR_RGB ( '',0.8392156862745098200, 0.8392156862745098200, 0.9215686274509803377 ) ;
#1896 = CARTESIAN_POINT ( 'NONE',  ( -5.608957249956400659, 3.000000000000000000, 1.722760687510899835 ) ) ;
#1897 = ORIENTED_EDGE ( 'NONE', *, *, #3068, .T. ) ;
#1898 = DIRECTION ( 'NONE',  ( 1.000000000000000000, 0.0000000000000000000, 0.0000000000000000000 ) ) ;
#1899 = UNCERTAINTY_MEASURE_WITH_UNIT (LENGTH_MEASURE( 1.000000000000000082E-05 ), #889, 'distance_accuracy_value', 'NONE');
#1900 = ORIENTED_EDGE ( 'NONE', *, *, #1470, .T. ) ;
#1901 = ORIENTED_EDGE ( 'NONE', *, *, #1956, .F. ) ;
#1902 = CARTESIAN_POINT ( 'NONE',  ( -5.599999999999999645, 1.000000000000000000, 2.250000000000000000 ) ) ;
#1903 = DIRECTION ( 'NONE',  ( 0.0000000000000000000, -1.000000000000000000, 7.228014483236699514E-17 ) ) ;
#1904 = DIRECTION ( 'NONE',  ( -1.000000000000000000, -0.0000000000000000000, -0.0000000000000000000 ) ) ;
#1905 = DIRECTION ( 'NONE',  ( -1.000000000000000000, 0.0000000000000000000, 0.0000000000000000000 ) ) ;
#1906 = ORIENTED_EDGE ( 'NONE', *, *, #3693, .T. ) ;
#1907 = ADVANCED_FACE ( 'NONE', ( #3477 ), #2959, .F. ) ;
#1908 = PRESENTATION_STYLE_ASSIGNMENT (( #391 ) ) ;
#1909 = FACE_OUTER_BOUND ( 'NONE', #2124, .T. ) ;
#1910 = AXIS2_PLACEMENT_3D ( 'NONE', #2982, #584, #77 ) ;
#1911 = DIRECTION ( 'NONE',  ( -0.9701425001453318764, 0.0000000000000000000, -0.2425356250363329691 ) ) ;
#1912 = LINE ( 'NONE', #3315, #3569 ) ;
#1913 = ORIENTED_EDGE ( 'NONE', *, *, #2645, .F. ) ;
#1914 = ORIENTED_EDGE ( 'NONE', *, *, #2570, .T. ) ;
#1915 = EDGE_CURVE ( 'NONE', #1635, #3125, #2590, .T. ) ;
#1916 = MECHANICAL_DESIGN_GEOMETRIC_PRESENTATION_REPRESENTATION (  '', ( #1258 ), #2120 ) ;
#1917 = CARTESIAN_POINT ( 'NONE',  ( 1.099999999999999867, 4.999999999999999112, 1.949999999999999289 ) ) ;
#1918 = VECTOR ( 'NONE', #3260, 1000.000000000000000 ) ;
#1919 = CIRCLE ( 'NONE', #819, 1.749999999999989342 ) ;
#1920 = ORIENTED_EDGE ( 'NONE', *, *, #2127, .T. ) ;
#1921 = CARTESIAN_POINT ( 'NONE',  ( 1.100000000000000089, 3.000000000000000000, 0.4500000000000000111 ) ) ;
#1922 = CARTESIAN_POINT ( 'NONE',  ( -5.250000000000000000, 7.000000000000000000, -1.149999999999999911 ) ) ;
#1923 = DIRECTION ( 'NONE',  ( 0.0000000000000000000, 0.0000000000000000000, 1.000000000000000000 ) ) ;
#1924 = LINE ( 'NONE', #129, #3626 ) ;
#1925 = PLANE ( 'NONE',  #82 ) ;
#1926 = VECTOR ( 'NONE', #2869, 999.9999999999998863 ) ;
#1927 = EDGE_CURVE ( 'NONE', #4209, #2206, #3314, .T. ) ;
#1928 = ORIENTED_EDGE ( 'NONE', *, *, #3946, .T. ) ;
#1929 = LINE ( 'NONE', #5, #971 ) ;
#1930 = CARTESIAN_POINT ( 'NONE',  ( -5.250000000000000000, 2.000000000000000000, 1.940000000000000169 ) ) ;
#1931 = AXIS2_PLACEMENT_3D ( 'NONE', #970, #1911, #3108 ) ;
#1932 = DIRECTION ( 'NONE',  ( -1.000000000000000000, 0.0000000000000000000, 0.0000000000000000000 ) ) ;
#1933 = EDGE_LOOP ( 'NONE', ( #401, #148, #2252, #407, #238, #134, #2208, #2810 ) ) ;
#1934 = CARTESIAN_POINT ( 'NONE',  ( 0.3499999999999999778, 7.000000000000000000, -1.750000000000000000 ) ) ;
#1935 = ADVANCED_FACE ( 'NONE', ( #3258 ), #779, .T. ) ;
#1936 = DIRECTION ( 'NONE',  ( 0.0000000000000000000, 0.0000000000000000000, -1.000000000000000000 ) ) ;
#1937 = DIRECTION ( 'NONE',  ( 0.0000000000000000000, -1.000000000000000000, 0.0000000000000000000 ) ) ;
#1938 = CIRCLE ( 'NONE', #520, 0.6000000000000007550 ) ;
#1939 = CARTESIAN_POINT ( 'NONE',  ( -4.850000000000000533, 6.999999999999999112, -1.750000000000000000 ) ) ;
#1940 = ORIENTED_EDGE ( 'NONE', *, *, #201, .T. ) ;
#1941 = STYLED_ITEM ( 'NONE', ( #3819 ), #3316 ) ;
#1942 = VECTOR ( 'NONE', #384, 1000.000000000000000 ) ;
#1943 = LINE ( 'NONE', #2453, #2292 ) ;
#1944 = DIRECTION ( 'NONE',  ( -0.0000000000000000000, -0.0000000000000000000, -1.000000000000000000 ) ) ;
#1945 = SURFACE_STYLE_FILL_AREA ( #4117 ) ;
#1946 = EDGE_CURVE ( 'NONE', #3045, #3573, #1199, .T. ) ;
#1947 = FILL_AREA_STYLE ('',( #3237 ) ) ;
#1948 = ORIENTED_EDGE ( 'NONE', *, *, #3372, .F. ) ;
#1949 = ORIENTED_EDGE ( 'NONE', *, *, #1833, .T. ) ;
#1950 = LINE ( 'NONE', #3088, #2707 ) ;
#1951 = VECTOR ( 'NONE', #4015, 1000.000000000000000 ) ;
#1952 = EDGE_LOOP ( 'NONE', ( #2494, #3171, #3870, #2809 ) ) ;
#1953 = ADVANCED_FACE ( 'NONE', ( #2389 ), #986, .F. ) ;
#1954 = DIRECTION ( 'NONE',  ( -1.000000000000000000, 0.0000000000000000000, 0.0000000000000000000 ) ) ;
#1955 = ORIENTED_EDGE ( 'NONE', *, *, #4133, .T. ) ;
#1956 = EDGE_CURVE ( 'NONE', #2603, #1205, #1598, .T. ) ;
#1957 = ORIENTED_EDGE ( 'NONE', *, *, #1482, .F. ) ;
#1958 = PLANE ( 'NONE',  #990 ) ;
#1959 = DIRECTION ( 'NONE',  ( 0.0000000000000000000, 0.0000000000000000000, 1.000000000000000000 ) ) ;
#1960 = VECTOR ( 'NONE', #12, 1000.000000000000000 ) ;
#1961 = ORIENTED_EDGE ( 'NONE', *, *, #4170, .T. ) ;
#1962 = DIRECTION ( 'NONE',  ( 0.0000000000000000000, -1.000000000000000000, 0.0000000000000000000 ) ) ;
#1963 = DIRECTION ( 'NONE',  ( 0.0000000000000000000, 1.000000000000000000, 0.0000000000000000000 ) ) ;
#1964 = ORIENTED_EDGE ( 'NONE', *, *, #2858, .F. ) ;
#1965 = DIRECTION ( 'NONE',  ( -0.0000000000000000000, -1.000000000000000000, 1.705818646058343546E-14 ) ) ;
#1966 = DIRECTION ( 'NONE',  ( -1.457750820148560378E-16, 2.915501640297120757E-16, -1.000000000000000000 ) ) ;
#1967 = PRESENTATION_LAYER_ASSIGNMENT (  '', '', ( #1537 ) ) ;
#1968 = VECTOR ( 'NONE', #2468, 1000.000000000000114 ) ;
#1969 = CARTESIAN_POINT ( 'NONE',  ( 0.3499999999999999778, 7.299999999999999822, 0.1499999999999999944 ) ) ;
#1970 = VERTEX_POINT ( 'NONE', #263 ) ;
#1971 = CARTESIAN_POINT ( 'NONE',  ( -3.000000000000000000, 7.100000000000000533, 0.9499999999999998446 ) ) ;
#1972 = EDGE_CURVE ( 'NONE', #1359, #3474, #2564, .T. ) ;
#1973 = ADVANCED_FACE ( 'NONE', ( #10 ), #1156, .F. ) ;
#1974 = DIRECTION ( 'NONE',  ( 0.0000000000000000000, 0.0000000000000000000, 1.000000000000000000 ) ) ;
#1975 = LINE ( 'NONE', #903, #3734 ) ;
#1976 = DIRECTION ( 'NONE',  ( 0.0000000000000000000, 0.0000000000000000000, 1.000000000000000000 ) ) ;
#1977 = EDGE_CURVE ( 'NONE', #1869, #3623, #383, .T. ) ;
#1978 = SURFACE_SIDE_STYLE ('',( #1763 ) ) ;
#1979 = ORIENTED_EDGE ( 'NONE', *, *, #1595, .F. ) ;
#1980 = DIRECTION ( 'NONE',  ( -0.0000000000000000000, 0.0000000000000000000, -1.000000000000000000 ) ) ;
#1981 = LINE ( 'NONE', #3790, #2734 ) ;
#1982 = CARTESIAN_POINT ( 'NONE',  ( 0.0000000000000000000, 0.0000000000000000000, -2.000000000000000000 ) ) ;
#1983 = CARTESIAN_POINT ( 'NONE',  ( -5.899999999999999467, 5.000000000000000000, 1.649999999999999911 ) ) ;
#1984 = AXIS2_PLACEMENT_3D ( 'NONE', #274, #3983, #2538 ) ;
#1985 = CARTESIAN_POINT ( 'NONE',  ( 0.7500000000000000000, 6.999999999999999112, 1.939999999999999725 ) ) ;
#1986 = FACE_OUTER_BOUND ( 'NONE', #3889, .T. ) ;
#1987 = ADVANCED_FACE ( 'NONE', ( #181 ), #597, .F. ) ;
#1988 = ORIENTED_EDGE ( 'NONE', *, *, #2774, .F. ) ;
#1989 = EDGE_LOOP ( 'NONE', ( #639, #3394, #1747, #4005 ) ) ;
#1990 = LINE ( 'NONE', #2979, #542 ) ;
#1991 = ORIENTED_EDGE ( 'NONE', *, *, #4229, .F. ) ;
#1992 = EDGE_CURVE ( 'NONE', #3537, #1494, #2695, .T. ) ;
#1993 = PRESENTATION_LAYER_ASSIGNMENT (  '', '', ( #1567 ) ) ;
#1994 = CARTESIAN_POINT ( 'NONE',  ( 1.435615886704083577, -1.799999999999999156, -3.000000000000000000 ) ) ;
#1995 = LINE ( 'NONE', #1152, #1039 ) ;
#1996 = VECTOR ( 'NONE', #3383, 1000.000000000000000 ) ;
#1997 = CARTESIAN_POINT ( 'NONE',  ( -3.000000000000000000, 0.8999999999999999112, 0.9499999999999998446 ) ) ;
#1998 = EDGE_CURVE ( 'NONE', #2249, #2249, #2637, .T. ) ;
#1999 = CARTESIAN_POINT ( 'NONE',  ( 2.100000000000000089, -1.800000000000005596, -2.000000000000000000 ) ) ;
#2000 = CARTESIAN_POINT ( 'NONE',  ( -5.599999999999999645, 7.000000000000000000, -1.250000000000001110 ) ) ;
#2001 = PRESENTATION_STYLE_ASSIGNMENT (( #23 ) ) ;
#2002 = VECTOR ( 'NONE', #1582, 1000.000000000000000 ) ;
#2003 = ORIENTED_EDGE ( 'NONE', *, *, #1208, .F. ) ;
#2004 = DIRECTION ( 'NONE',  ( 0.0000000000000000000, -1.000000000000000000, 7.228014483236699514E-17 ) ) ;
#2005 = CARTESIAN_POINT ( 'NONE',  ( 1.100000000000000089, 2.999999999999895195, -4.000000000000000000 ) ) ;
#2006 = CARTESIAN_POINT ( 'NONE',  ( -0.2500000000000000000, 2.000000000000000000, 1.949999999999999956 ) ) ;
#2007 = EDGE_CURVE ( 'NONE', #46, #2679, #927, .T. ) ;
#2008 = CARTESIAN_POINT ( 'NONE',  ( -4.400000000000000355, 1.850000000000000089, 2.250000000000000000 ) ) ;
#2009 = COLOUR_RGB ( '',0.8392156862745098200, 0.8392156862745098200, 0.9215686274509803377 ) ;
#2010 =( NAMED_UNIT ( * ) SI_UNIT ( $, .STERADIAN. ) SOLID_ANGLE_UNIT ( ) );
#2011 = CARTESIAN_POINT ( 'NONE',  ( -1.499999999999999778, 0.5999999999999986455, 2.249999999999998224 ) ) ;
#2012 = DIRECTION ( 'NONE',  ( -0.0000000000000000000, 1.000000000000000000, -0.0000000000000000000 ) ) ;
#2013 = VECTOR ( 'NONE', #2427, 1000.000000000000000 ) ;
#2014 = AXIS2_PLACEMENT_3D ( 'NONE', #4158, #1737, #3344 ) ;
#2015 = DIRECTION ( 'NONE',  ( -0.0000000000000000000, 0.0000000000000000000, -1.000000000000000000 ) ) ;
#2016 = EDGE_LOOP ( 'NONE', ( #660, #3187, #925, #772, #852, #1849, #2761, #620, #4033, #448, #3875, #3559, #3862, #1314, #1077, #2357 ) ) ;
#2017 = FACE_OUTER_BOUND ( 'NONE', #4152, .T. ) ;
#2018 = LINE ( 'NONE', #2687, #1142 ) ;
#2019 = CARTESIAN_POINT ( 'NONE',  ( 0.3499999999999999778, 7.299999999999999822, -1.750000000000000000 ) ) ;
#2020 = FILL_AREA_STYLE ('',( #2507 ) ) ;
#2021 = VECTOR ( 'NONE', #4187, 1000.000000000000000 ) ;
#2022 = ORIENTED_EDGE ( 'NONE', *, *, #3298, .T. ) ;
#2023 = ORIENTED_EDGE ( 'NONE', *, *, #1098, .F. ) ;
#2024 = DIRECTION ( 'NONE',  ( -0.0000000000000000000, 7.220786468753459530E-17, 1.000000000000000000 ) ) ;
#2025 = EDGE_CURVE ( 'NONE', #2992, #4144, #3530, .T. ) ;
#2026 = VERTEX_POINT ( 'NONE', #3810 ) ;
#2027 = CARTESIAN_POINT ( 'NONE',  ( -4.400000000000000355, 6.150000000000000355, 2.750000000000000000 ) ) ;
#2028 = CARTESIAN_POINT ( 'NONE',  ( 0.0000000000000000000, 4.999999999999999112, 0.0000000000000000000 ) ) ;
#2029 = CARTESIAN_POINT ( 'NONE',  ( 1.100000000000000311, 3.000000000000000000, -1.750000000000000000 ) ) ;
#2030 = SURFACE_SIDE_STYLE ('',( #304 ) ) ;
#2031 = CARTESIAN_POINT ( 'NONE',  ( 1.399999999999999911, 1.000000000000000000, 1.250000000000000000 ) ) ;
#2032 = EDGE_CURVE ( 'NONE', #1670, #536, #1780, .T. ) ;
#2033 = DIRECTION ( 'NONE',  ( -1.000000000000000000, 0.0000000000000000000, 0.0000000000000000000 ) ) ;
#2034 = ORIENTED_EDGE ( 'NONE', *, *, #879, .T. ) ;
#2035 = ORIENTED_EDGE ( 'NONE', *, *, #3153, .F. ) ;
#2036 = CARTESIAN_POINT ( 'NONE',  ( -5.899999999999999467, 6.499999999999999112, -1.750000000000000000 ) ) ;
#2037 = VECTOR ( 'NONE', #2012, 1000.000000000000000 ) ;
#2038 = VERTEX_POINT ( 'NONE', #1517 ) ;
#2039 = DIRECTION ( 'NONE',  ( -0.0000000000000000000, -0.0000000000000000000, 1.000000000000000000 ) ) ;
#2040 = AXIS2_PLACEMENT_3D ( 'NONE', #3009, #2922, #3837 ) ;
#2041 = CARTESIAN_POINT ( 'NONE',  ( -0.3499999999999999778, -3.500000000000000444, -0.1499999999999999944 ) ) ;
#2042 = ORIENTED_EDGE ( 'NONE', *, *, #1173, .T. ) ;
#2043 = CARTESIAN_POINT ( 'NONE',  ( -4.250000000000000000, 1.000000000000000000, 1.940000000000000169 ) ) ;
#2044 = CARTESIAN_POINT ( 'NONE',  ( -6.311904234057522878, -1.470747696065740850, -2.000000000000000000 ) ) ;
#2045 = CARTESIAN_POINT ( 'NONE',  ( -0.3499999999999999778, -3.500000000000000444, 0.1499999999999999944 ) ) ;
#2046 = EDGE_LOOP ( 'NONE', ( #4093, #1759, #2720, #718 ) ) ;
#2047 = CARTESIAN_POINT ( 'NONE',  ( 1.399999999999999911, -3.499999999999994227, 1.250000000000000222 ) ) ;
#2048 = ORIENTED_EDGE ( 'NONE', *, *, #287, .T. ) ;
#2049 = DIRECTION ( 'NONE',  ( 0.0000000000000000000, -0.0000000000000000000, 1.000000000000000000 ) ) ;
#2050 = LINE ( 'NONE', #2029, #3804 ) ;
#2051 = EDGE_CURVE ( 'NONE', #2457, #1438, #3433, .T. ) ;
#2052 = VERTEX_POINT ( 'NONE', #3218 ) ;
#2053 = STYLED_ITEM ( 'NONE', ( #137 ), #4123 ) ;
#2054 = DIRECTION ( 'NONE',  ( 0.0000000000000000000, 0.0000000000000000000, 1.000000000000000000 ) ) ;
#2055 = ORIENTED_EDGE ( 'NONE', *, *, #2676, .F. ) ;
#2056 = EDGE_CURVE ( 'NONE', #2171, #1304, #2441, .T. ) ;
#2057 = CARTESIAN_POINT ( 'NONE',  ( -5.599999999999999645, 3.000000000000000000, 0.4500000000000000111 ) ) ;
#2058 = ORIENTED_EDGE ( 'NONE', *, *, #2032, .F. ) ;
#2059 = CARTESIAN_POINT ( 'NONE',  ( -5.899999999999999467, -2.599999999999982769, -3.000000000000000000 ) ) ;
#2060 = VECTOR ( 'NONE', #2307, 1000.000000000000000 ) ;
#2061 = ORIENTED_EDGE ( 'NONE', *, *, #881, .F. ) ;
#2062 = DIRECTION ( 'NONE',  ( -1.000000000000000000, -0.0000000000000000000, -0.0000000000000000000 ) ) ;
#2063 = DIRECTION ( 'NONE',  ( -1.000000000000000000, 0.0000000000000000000, 0.0000000000000000000 ) ) ;
#2064 = FACE_OUTER_BOUND ( 'NONE', #1105, .T. ) ;
#2065 = CARTESIAN_POINT ( 'NONE',  ( -5.899999999999999467, -2.600000000000000089, -2.000000000000000000 ) ) ;
#2066 = ORIENTED_EDGE ( 'NONE', *, *, #3173, .F. ) ;
#2067 = DIRECTION ( 'NONE',  ( 0.0000000000000000000, 0.0000000000000000000, -1.000000000000000000 ) ) ;
#2068 = ORIENTED_EDGE ( 'NONE', *, *, #4007, .T. ) ;
#2069 = AXIS2_PLACEMENT_3D ( 'NONE', #632, #3801, #3128 ) ;
#2070 = DIRECTION ( 'NONE',  ( -0.0000000000000000000, -1.734723475976805122E-15, 1.000000000000000000 ) ) ;
#2071 = CARTESIAN_POINT ( 'NONE',  ( -5.899999999999999467, 1.000000000000000000, 0.2500000000000002220 ) ) ;
#2072 = ORIENTED_EDGE ( 'NONE', *, *, #1977, .T. ) ;
#2073 = FILL_AREA_STYLE ('',( #3586 ) ) ;
#2074 = AXIS2_PLACEMENT_3D ( 'NONE', #1350, #3920, #1629 ) ;
#2075 = CARTESIAN_POINT ( 'NONE',  ( 1.399999999999999911, -5.637851296924616746E-15, 1.250000000000000222 ) ) ;
#2076 = VERTEX_POINT ( 'NONE', #1779 ) ;
#2077 = EDGE_CURVE ( 'NONE', #1097, #1406, #1675, .T. ) ;
#2078 = VECTOR ( 'NONE', #1189, 1000.000000000000000 ) ;
#2079 = FILL_AREA_STYLE ('',( #3034 ) ) ;
#2080 = CARTESIAN_POINT ( 'NONE',  ( -5.599999999999999645, -0.9999999999999997780, -2.000000000000007105 ) ) ;
#2081 = VERTEX_POINT ( 'NONE', #4034 ) ;
#2082 = EDGE_CURVE ( 'NONE', #3677, #3854, #829, .T. ) ;
#2083 = DIRECTION ( 'NONE',  ( -1.000000000000000000, -0.0000000000000000000, -0.0000000000000000000 ) ) ;
#2084 = SURFACE_STYLE_USAGE ( .BOTH. , #2135 ) ;
#2085 = ORIENTED_EDGE ( 'NONE', *, *, #382, .F. ) ;
#2086 = CARTESIAN_POINT ( 'NONE',  ( 1.100000000000000089, 1.000000000000000000, 1.949999999999999956 ) ) ;
#2087 = FACE_OUTER_BOUND ( 'NONE', #560, .T. ) ;
#2088 = VECTOR ( 'NONE', #2584, 1000.000000000000000 ) ;
#2089 = CIRCLE ( 'NONE', #569, 0.5000000000000000000 ) ;
#2090 = AXIS2_PLACEMENT_3D ( 'NONE', #1730, #2669, #2817 ) ;
#2091 = DIRECTION ( 'NONE',  ( 1.000000000000000000, -0.0000000000000000000, -0.0000000000000000000 ) ) ;
#2092 = ORIENTED_EDGE ( 'NONE', *, *, #2032, .T. ) ;
#2093 = LINE ( 'NONE', #782, #1159 ) ;
#2094 = ORIENTED_EDGE ( 'NONE', *, *, #3611, .F. ) ;
#2095 = FACE_BOUND ( 'NONE', #474, .T. ) ;
#2096 = LINE ( 'NONE', #1415, #296 ) ;
#2097 = EDGE_LOOP ( 'NONE', ( #1122, #499, #1604, #2303 ) ) ;
#2098 = AXIS2_PLACEMENT_3D ( 'NONE', #4076, #2563, #1049 ) ;
#2099 =( LENGTH_UNIT ( ) NAMED_UNIT ( * ) SI_UNIT ( .MILLI., .METRE. ) );
#2100 = LINE ( 'NONE', #2411, #1129 ) ;
#2101 = VERTEX_POINT ( 'NONE', #31 ) ;
#2102 = EDGE_CURVE ( 'NONE', #3125, #2171, #726, .T. ) ;
#2103 = VECTOR ( 'NONE', #1783, 999.9999999999998863 ) ;
#2104 = LINE ( 'NONE', #743, #2871 ) ;
#2105 = EDGE_CURVE ( 'NONE', #60, #2193, #3323, .T. ) ;
#2106 = CARTESIAN_POINT ( 'NONE',  ( -4.400000000000000355, 1.850000000000000089, 2.250000000000000000 ) ) ;
#2107 = DIRECTION ( 'NONE',  ( -0.0000000000000000000, -0.0000000000000000000, -1.000000000000000000 ) ) ;
#2108 = DIRECTION ( 'NONE',  ( -1.000000000000000000, -0.0000000000000000000, -0.0000000000000000000 ) ) ;
#2109 = VECTOR ( 'NONE', #1965, 1000.000000000000000 ) ;
#2110 = ORIENTED_EDGE ( 'NONE', *, *, #2451, .T. ) ;
#2111 = DIRECTION ( 'NONE',  ( -0.0000000000000000000, -1.000000000000000000, -0.0000000000000000000 ) ) ;
#2112 = LINE ( 'NONE', #2788, #1362 ) ;
#2113 = AXIS2_PLACEMENT_3D ( 'NONE', #546, #3206, #1815 ) ;
#2114 = ADVANCED_FACE ( 'NONE', ( #3202 ), #4045, .T. ) ;
#2115 = ORIENTED_EDGE ( 'NONE', *, *, #3068, .F. ) ;
#2116 = VECTOR ( 'NONE', #1234, 1000.000000000000000 ) ;
#2117 = AXIS2_PLACEMENT_3D ( 'NONE', #1791, #928, #1369 ) ;
#2118 = VERTEX_POINT ( 'NONE', #703 ) ;
#2119 = EDGE_CURVE ( 'NONE', #3407, #2333, #3685, .T. ) ;
#2120 =( GEOMETRIC_REPRESENTATION_CONTEXT ( 3 ) GLOBAL_UNCERTAINTY_ASSIGNED_CONTEXT ( ( #1360 ) ) GLOBAL_UNIT_ASSIGNED_CONTEXT ( ( #1797, #1580, #1475 ) ) REPRESENTATION_CONTEXT ( 'NONE', 'WORKASPACE' ) );
#2121 = APPLICATION_CONTEXT ( 'automotive_design' ) ;
#2122 = DIRECTION ( 'NONE',  ( -0.0000000000000000000, -0.0000000000000000000, 1.000000000000000000 ) ) ;
#2123 = CARTESIAN_POINT ( 'NONE',  ( -0.3499999999999999778, 7.000000000000000000, 0.1499999999999999944 ) ) ;
#2124 = EDGE_LOOP ( 'NONE', ( #1810, #720, #3361, #1616, #3351, #2368 ) ) ;
#2125 = ORIENTED_EDGE ( 'NONE', *, *, #2651, .F. ) ;
#2126 = FACE_OUTER_BOUND ( 'NONE', #1717, .T. ) ;
#2127 = EDGE_CURVE ( 'NONE', #3931, #1158, #2779, .T. ) ;
#2128 = VECTOR ( 'NONE', #1739, 1000.000000000000000 ) ;
#2129 = DIRECTION ( 'NONE',  ( -0.6585046078685159454, 0.7525766947068797119, 0.0000000000000000000 ) ) ;
#2130 = ADVANCED_FACE ( 'NONE', ( #2685 ), #1381, .T. ) ;
#2131 = ORIENTED_EDGE ( 'NONE', *, *, #3690, .F. ) ;
#2132 = LINE ( 'NONE', #3518, #842 ) ;
#2133 = DIRECTION ( 'NONE',  ( -1.000000000000000000, -0.0000000000000000000, -0.0000000000000000000 ) ) ;
#2134 = LINE ( 'NONE', #746, #1117 ) ;
#2135 = SURFACE_SIDE_STYLE ('',( #561 ) ) ;
#2136 = CARTESIAN_POINT ( 'NONE',  ( -0.6999999999999999556, 1.850000000000000089, 2.250000000000000000 ) ) ;
#2137 = CARTESIAN_POINT ( 'NONE',  ( -4.850000000000000533, 1.000000000000000000, 0.1499999999999999944 ) ) ;
#2138 = CARTESIAN_POINT ( 'NONE',  ( -5.601538820320220324, 3.000000000000000000, 0.2500000000000000000 ) ) ;
#2139 = ORIENTED_EDGE ( 'NONE', *, *, #1915, .T. ) ;
#2140 = VERTEX_POINT ( 'NONE', #3632 ) ;
#2141 = AXIS2_PLACEMENT_3D ( 'NONE', #3709, #1349, #4128 ) ;
#2142 = LINE ( 'NONE', #2446, #2904 ) ;
#2143 = LINE ( 'NONE', #760, #447 ) ;
#2144 = ORIENTED_EDGE ( 'NONE', *, *, #94, .F. ) ;
#2145 = ORIENTED_EDGE ( 'NONE', *, *, #3011, .T. ) ;
#2146 = CARTESIAN_POINT ( 'NONE',  ( 0.3499999999999999778, 7.299999999999999822, -1.750000000000000000 ) ) ;
#2147 = ORIENTED_EDGE ( 'NONE', *, *, #416, .T. ) ;
#2148 = CARTESIAN_POINT ( 'NONE',  ( -5.899999999999999467, 1.000000000000000000, 0.2500000000000002220 ) ) ;
#2149 = AXIS2_PLACEMENT_3D ( 'NONE', #1222, #3878, #922 ) ;
#2150 = CARTESIAN_POINT ( 'NONE',  ( 1.100000000000000089, 3.000000000000000000, 1.686931687685299996 ) ) ;
#2151 = CARTESIAN_POINT ( 'NONE',  ( -0.1000000000000000472, 6.150000000000000355, 2.249999999999999556 ) ) ;
#2152 = ORIENTED_EDGE ( 'NONE', *, *, #3052, .F. ) ;
#2153 = DIRECTION ( 'NONE',  ( -0.0000000000000000000, 0.0000000000000000000, 1.000000000000000000 ) ) ;
#2154 = CARTESIAN_POINT ( 'NONE',  ( 0.3499999999999999778, -3.500000000000000444, 0.1499999999999999944 ) ) ;
#2155 = CARTESIAN_POINT ( 'NONE',  ( -6.311904234057521990, -2.129252303934259682, -3.000000000000000000 ) ) ;
#2156 = EDGE_CURVE ( 'NONE', #996, #795, #212, .T. ) ;
#2157 = ADVANCED_FACE ( 'NONE', ( #115 ), #1533, .F. ) ;
#2158 = FACE_OUTER_BOUND ( 'NONE', #1952, .T. ) ;
#2159 = CARTESIAN_POINT ( 'NONE',  ( 1.100000000000000089, -5.637851296924616746E-15, -2.000000000000000000 ) ) ;
#2160 = ORIENTED_EDGE ( 'NONE', *, *, #1841, .F. ) ;
#2161 = EDGE_CURVE ( 'NONE', #2250, #3429, #1929, .T. ) ;
#2162 = EDGE_LOOP ( 'NONE', ( #2345, #3825, #1400, #4132 ) ) ;
#2163 = VECTOR ( 'NONE', #1793, 1000.000000000000000 ) ;
#2164 = ORIENTED_EDGE ( 'NONE', *, *, #1357, .F. ) ;
#2165 = LINE ( 'NONE', #975, #471 ) ;
#2166 =( NAMED_UNIT ( * ) SI_UNIT ( $, .STERADIAN. ) SOLID_ANGLE_UNIT ( ) );
#2167 = CARTESIAN_POINT ( 'NONE',  ( 0.3499999999999999778, -3.500000000000000444, -0.1499999999999999944 ) ) ;
#2168 = CARTESIAN_POINT ( 'NONE',  ( -5.599999999999999645, -2.168404344971008868E-16, -3.999999999999967137 ) ) ;
#2169 = DIRECTION ( 'NONE',  ( -0.0000000000000000000, -0.0000000000000000000, 1.000000000000000000 ) ) ;
#2171 = VERTEX_POINT ( 'NONE', #2894 ) ;
#2170 = DIRECTION ( 'NONE',  ( 1.000000000000000000, -0.0000000000000000000, -0.0000000000000000000 ) ) ;
#2172 = AXIS2_PLACEMENT_3D ( 'NONE', #2045, #2067, #1042 ) ;
#2173 = CIRCLE ( 'NONE', #2783, 0.3499999999999993117 ) ;
#2174 = MECHANICAL_DESIGN_GEOMETRIC_PRESENTATION_REPRESENTATION (  '', ( #1537 ), #2408 ) ;
#2175 = DIRECTION ( 'NONE',  ( -0.0000000000000000000, 0.0000000000000000000, 1.000000000000000000 ) ) ;
#2176 = ADVANCED_FACE ( 'NONE', ( #1731 ), #2522, .T. ) ;
#2177 = VECTOR ( 'NONE', #859, 1000.000000000000000 ) ;
#2178 = DIRECTION ( 'NONE',  ( 0.0000000000000000000, 0.0000000000000000000, 1.000000000000000000 ) ) ;
#2179 = CARTESIAN_POINT ( 'NONE',  ( -5.899999999999999467, 4.999999999999999112, 2.249999999999999112 ) ) ;
#2180 = EDGE_CURVE ( 'NONE', #1394, #1394, #3478, .T. ) ;
#2181 = VERTEX_POINT ( 'NONE', #2228 ) ;
#2182 = DIRECTION ( 'NONE',  ( -1.000000000000000000, 0.0000000000000000000, 0.0000000000000000000 ) ) ;
#2183 = FILL_AREA_STYLE ('',( #2832 ) ) ;
#2184 = VECTOR ( 'NONE', #3612, 1000.000000000000000 ) ;
#2185 = ORIENTED_EDGE ( 'NONE', *, *, #4000, .T. ) ;
#2186 =( GEOMETRIC_REPRESENTATION_CONTEXT ( 3 ) GLOBAL_UNCERTAINTY_ASSIGNED_CONTEXT ( ( #1899 ) ) GLOBAL_UNIT_ASSIGNED_CONTEXT ( ( #889, #2805, #572 ) ) REPRESENTATION_CONTEXT ( 'NONE', 'WORKASPACE' ) );
#2187 = EDGE_CURVE ( 'NONE', #43, #504, #1827, .T. ) ;
#2188 = LINE ( 'NONE', #671, #2354 ) ;
#2189 = LINE ( 'NONE', #4101, #492 ) ;
#2190 = DIRECTION ( 'NONE',  ( -1.000000000000000000, 0.0000000000000000000, 0.0000000000000000000 ) ) ;
#2191 = CARTESIAN_POINT ( 'NONE',  ( -3.000000000000000444, 7.000000000000000000, 1.949999999999999956 ) ) ;
#2192 = ORIENTED_EDGE ( 'NONE', *, *, #1490, .T. ) ;
#2193 = VERTEX_POINT ( 'NONE', #262 ) ;
#2194 = DIRECTION ( 'NONE',  ( 0.0000000000000000000, -0.0000000000000000000, 1.000000000000000000 ) ) ;
#2195 = VECTOR ( 'NONE', #1709, 1000.000000000000000 ) ;
#2196 = VECTOR ( 'NONE', #289, 1000.000000000000000 ) ;
#2197 = CARTESIAN_POINT ( 'NONE',  ( -5.250000000000000000, 7.000000000000000000, 1.940000000000000169 ) ) ;
#2198 = DIRECTION ( 'NONE',  ( 1.000000000000000000, -0.0000000000000000000, -0.0000000000000000000 ) ) ;
#2199 = ORIENTED_EDGE ( 'NONE', *, *, #3208, .T. ) ;
#2200 =( NAMED_UNIT ( * ) PLANE_ANGLE_UNIT ( ) SI_UNIT ( $, .RADIAN. ) );
#2201 = CARTESIAN_POINT ( 'NONE',  ( -5.250000000000000000, 2.000000000000000000, 1.949999999999999956 ) ) ;
#2202 = ADVANCED_FACE ( 'NONE', ( #2493 ), #2285, .F. ) ;
#2203 = EDGE_LOOP ( 'NONE', ( #4219 ) ) ;
#2204 = PLANE ( 'NONE',  #2882 ) ;
#2205 = VECTOR ( 'NONE', #2498, 1000.000000000000000 ) ;
#2206 = VERTEX_POINT ( 'NONE', #4164 ) ;
#2207 = DIRECTION ( 'NONE',  ( 0.0000000000000000000, -7.228014483236699514E-17, -1.000000000000000000 ) ) ;
#2208 = ORIENTED_EDGE ( 'NONE', *, *, #935, .F. ) ;
#2209 = EDGE_CURVE ( 'NONE', #2657, #46, #878, .T. ) ;
#2210 = MECHANICAL_DESIGN_GEOMETRIC_PRESENTATION_REPRESENTATION (  '', ( #1567 ), #2439 ) ;
#2211 = LINE ( 'NONE', #590, #1351 ) ;
#2212 = ORIENTED_EDGE ( 'NONE', *, *, #1768, .F. ) ;
#2213 = DIRECTION ( 'NONE',  ( 1.000000000000000000, -0.0000000000000000000, -0.0000000000000000000 ) ) ;
#2214 = DIRECTION ( 'NONE',  ( 0.2425356250363315813, 0.0000000000000000000, -0.9701425001453323205 ) ) ;
#2215 = DIRECTION ( 'NONE',  ( -1.000000000000000000, 0.0000000000000000000, -0.0000000000000000000 ) ) ;
#2216 = VECTOR ( 'NONE', #4094, 1000.000000000000000 ) ;
#2217 = ORIENTED_EDGE ( 'NONE', *, *, #1977, .F. ) ;
#2218 = EDGE_CURVE ( 'NONE', #3700, #1574, #2593, .T. ) ;
#2219 = ORIENTED_EDGE ( 'NONE', *, *, #553, .T. ) ;
#2220 = LINE ( 'NONE', #573, #1252 ) ;
#2221 = EDGE_CURVE ( 'NONE', #2712, #4209, #4153, .T. ) ;
#2222 = LINE ( 'NONE', #924, #2385 ) ;
#2223 = LINE ( 'NONE', #1917, #2116 ) ;
#2224 = PRODUCT ( 'B3F-3100', 'B3F-3100', '', ( #528 ) ) ;
#2225 = ADVANCED_FACE ( 'NONE', ( #683 ), #3504, .T. ) ;
#2226 = PRESENTATION_STYLE_ASSIGNMENT (( #1432 ) ) ;
#2227 = DIRECTION ( 'NONE',  ( 0.0000000000000000000, 1.000000000000000000, 0.0000000000000000000 ) ) ;
#2228 = CARTESIAN_POINT ( 'NONE',  ( -5.599999999999999645, 3.000000000000000000, -1.186931687685299996 ) ) ;
#2229 = CARTESIAN_POINT ( 'NONE',  ( -5.599999999999999645, 3.000000000000000000, 2.250000000000000000 ) ) ;
#2230 = AXIS2_PLACEMENT_3D ( 'NONE', #1631, #2636, #456 ) ;
#2231 = CARTESIAN_POINT ( 'NONE',  ( -4.850000000000000533, 7.299999999999998934, 0.1499999999999999944 ) ) ;
#2232 = VECTOR ( 'NONE', #917, 1000.000000000000000 ) ;
#2233 = CARTESIAN_POINT ( 'NONE',  ( -5.899999999999999467, 1.000000000000000000, -2.000000000000000000 ) ) ;
#2234 = DIRECTION ( 'NONE',  ( 0.0000000000000000000, 0.0000000000000000000, -1.000000000000000000 ) ) ;
#2235 = ORIENTED_EDGE ( 'NONE', *, *, #689, .F. ) ;
#2236 = VERTEX_POINT ( 'NONE', #3957 ) ;
#2237 = FACE_OUTER_BOUND ( 'NONE', #1727, .T. ) ;
#2238 = ORIENTED_EDGE ( 'NONE', *, *, #633, .F. ) ;
#2239 = VECTOR ( 'NONE', #3565, 1000.000000000000000 ) ;
#2240 = CARTESIAN_POINT ( 'NONE',  ( 1.050000000000000044, 5.000000000000000000, 0.2500000000000000000 ) ) ;
#2241 = EDGE_CURVE ( 'NONE', #252, #1829, #3262, .T. ) ;
#2242 = DIRECTION ( 'NONE',  ( -0.0000000000000000000, -1.000000000000000000, -0.0000000000000000000 ) ) ;
#2243 = EDGE_LOOP ( 'NONE', ( #2917, #2968, #4184, #4232 ) ) ;
#2244 = CARTESIAN_POINT ( 'NONE',  ( -4.850000000000000533, 1.000000000000000000, 0.1499999999999999944 ) ) ;
#2245 = LINE ( 'NONE', #773, #3221 ) ;
#2246 = ADVANCED_FACE ( 'NONE', ( #4052 ), #1091, .T. ) ;
#2247 = EDGE_CURVE ( 'NONE', #646, #113, #1975, .T. ) ;
#2248 = FACE_OUTER_BOUND ( 'NONE', #521, .T. ) ;
#2249 = VERTEX_POINT ( 'NONE', #2481 ) ;
#2250 = VERTEX_POINT ( 'NONE', #1922 ) ;
#2251 = CARTESIAN_POINT ( 'NONE',  ( -0.2499999999999993616, 2.000000000000000000, 1.940000000000000169 ) ) ;
#2252 = ORIENTED_EDGE ( 'NONE', *, *, #2161, .F. ) ;
#2253 = CARTESIAN_POINT ( 'NONE',  ( -5.258957249956400126, 5.000000000000000000, 0.1772393124891010197 ) ) ;
#2254 = CARTESIAN_POINT ( 'NONE',  ( 1.399999999999999911, -3.499999999999983125, -3.000000000000000000 ) ) ;
#2255 = VECTOR ( 'NONE', #3564, 1000.000000000000227 ) ;
#2256 = ORIENTED_EDGE ( 'NONE', *, *, #3601, .F. ) ;
#2257 = ORIENTED_EDGE ( 'NONE', *, *, #1081, .T. ) ;
#2258 = ORIENTED_EDGE ( 'NONE', *, *, #1120, .F. ) ;
#2259 = PRESENTATION_LAYER_ASSIGNMENT (  '', '', ( #1826 ) ) ;
#2260 = LINE ( 'NONE', #2437, #3239 ) ;
#2261 = CARTESIAN_POINT ( 'NONE',  ( -5.935615886704083799, -1.800000000000000044, -3.000000000000000000 ) ) ;
#2262 = CARTESIAN_POINT ( 'NONE',  ( -5.599999999999999645, 5.000000000000000000, -1.186931687685300219 ) ) ;
#2263 = AXIS2_PLACEMENT_3D ( 'NONE', #2905, #3253, #4058 ) ;
#2264 = FACE_BOUND ( 'NONE', #1028, .T. ) ;
#2265 = VERTEX_POINT ( 'NONE', #423 ) ;
#2266 = EDGE_CURVE ( 'NONE', #305, #963, #365, .T. ) ;
#2267 = PRESENTATION_LAYER_ASSIGNMENT (  '', '', ( #2053 ) ) ;
#2268 = ADVANCED_FACE ( 'NONE', ( #1104 ), #2663, .F. ) ;
#2269 = LINE ( 'NONE', #1148, #3307 ) ;
#2270 = CARTESIAN_POINT ( 'NONE',  ( -3.000000000000000444, 7.100000000000000533, 1.949999999999999956 ) ) ;
#2271 = COLOUR_RGB ( '',0.8392156862745098200, 0.8392156862745098200, 0.9215686274509803377 ) ;
#2272 = ORIENTED_EDGE ( 'NONE', *, *, #2978, .T. ) ;
#2273 = DIRECTION ( 'NONE',  ( -0.0000000000000000000, 1.000000000000000000, -0.0000000000000000000 ) ) ;
#2274 = FACE_OUTER_BOUND ( 'NONE', #1, .T. ) ;
#2275 = EDGE_CURVE ( 'NONE', #697, #3546, #267, .T. ) ;
#2276 = VECTOR ( 'NONE', #171, 1000.000000000000114 ) ;
#2277 = CARTESIAN_POINT ( 'NONE',  ( -5.899999999999999467, 1.000000000000000000, 2.250000000000000000 ) ) ;
#2278 = DIRECTION ( 'NONE',  ( -0.0000000000000000000, 7.220786468753459530E-17, 1.000000000000000000 ) ) ;
#2279 = EDGE_LOOP ( 'NONE', ( #3432, #3252, #3620, #3771, #478, #3069 ) ) ;
#2280 = COLOUR_RGB ( '',0.8392156862745098200, 0.8392156862745098200, 0.9215686274509803377 ) ;
#2281 = CARTESIAN_POINT ( 'NONE',  ( -0.3499999999999999778, 7.299999999999999822, -1.750000000000000000 ) ) ;
#2282 = CARTESIAN_POINT ( 'NONE',  ( -3.000000000000000000, 0.9000000000000000222, 1.949999999999999956 ) ) ;
#2283 = CARTESIAN_POINT ( 'NONE',  ( -5.599999999999999645, -1.112720534831482144, -4.000000000000069278 ) ) ;
#2284 = DIRECTION ( 'NONE',  ( 0.0000000000000000000, 0.0000000000000000000, -1.000000000000000000 ) ) ;
#2285 = PLANE ( 'NONE',  #2998 ) ;
#2286 = LINE ( 'NONE', #3911, #1030 ) ;
#2287 = SURFACE_SIDE_STYLE ('',( #867 ) ) ;
#2288 = PLANE ( 'NONE',  #3217 ) ;
#2289 = ADVANCED_FACE ( 'NONE', ( #2827 ), #1043, .T. ) ;
#2290 = FILL_AREA_STYLE ('',( #3729 ) ) ;
#2291 = ORIENTED_EDGE ( 'NONE', *, *, #1998, .F. ) ;
#2292 = VECTOR ( 'NONE', #295, 1000.000000000000000 ) ;
#2293 = CARTESIAN_POINT ( 'NONE',  ( -4.150000000000000355, 7.299999999999998934, 0.1499999999999999944 ) ) ;
#2294 = UNCERTAINTY_MEASURE_WITH_UNIT (LENGTH_MEASURE( 1.000000000000000082E-05 ), #3004, 'distance_accuracy_value', 'NONE');
#2295 = ORIENTED_EDGE ( 'NONE', *, *, #1621, .T. ) ;
#2296 = MECHANICAL_DESIGN_GEOMETRIC_PRESENTATION_REPRESENTATION (  '', ( #1858 ), #2519 ) ;
#2297 = DIRECTION ( 'NONE',  ( 0.0000000000000000000, -0.0000000000000000000, 1.000000000000000000 ) ) ;
#2298 = PLANE ( 'NONE',  #1307 ) ;
#2299 = ORIENTED_EDGE ( 'NONE', *, *, #2535, .F. ) ;
#2300 = LINE ( 'NONE', #2495, #339 ) ;
#2301 = EDGE_CURVE ( 'NONE', #2569, #356, #1571, .T. ) ;
#2302 = ORIENTED_EDGE ( 'NONE', *, *, #1972, .F. ) ;
#2303 = ORIENTED_EDGE ( 'NONE', *, *, #3657, .F. ) ;
#2304 = CARTESIAN_POINT ( 'NONE',  ( 0.0000000000000000000, 6.999999999999999112, -1.250000000000000000 ) ) ;
#2305 = CARTESIAN_POINT ( 'NONE',  ( -5.599999999999999645, 4.999999999999999112, 1.686931687685304881 ) ) ;
#2306 = LINE ( 'NONE', #2080, #2413 ) ;
#2307 = DIRECTION ( 'NONE',  ( 1.000000000000000000, 5.421010862427522170E-16, 7.227291681788372557E-16 ) ) ;
#2308 = ORIENTED_EDGE ( 'NONE', *, *, #2414, .F. ) ;
#2309 = EDGE_CURVE ( 'NONE', #420, #1550, #4099, .T. ) ;
#2310 = ORIENTED_EDGE ( 'NONE', *, *, #147, .F. ) ;
#2311 = ORIENTED_EDGE ( 'NONE', *, *, #3728, .T. ) ;
#2312 = CARTESIAN_POINT ( 'NONE',  ( 0.7619889452693550114, 3.000000000000000000, 0.1651125312372830056 ) ) ;
#2313 = ADVANCED_FACE ( 'NONE', ( #723, #1474 ), #3566, .F. ) ;
#2314 = ORIENTED_EDGE ( 'NONE', *, *, #1378, .F. ) ;
#2315 = ORIENTED_EDGE ( 'NONE', *, *, #4108, .T. ) ;
#2316 = AXIS2_PLACEMENT_3D ( 'NONE', #2615, #1397, #1388 ) ;
#2317 =( NAMED_UNIT ( * ) PLANE_ANGLE_UNIT ( ) SI_UNIT ( $, .RADIAN. ) );
#2318 = LINE ( 'NONE', #3673, #3980 ) ;
#2319 = ORIENTED_EDGE ( 'NONE', *, *, #1784, .T. ) ;
#2320 = CIRCLE ( 'NONE', #3460, 0.5000000000000000000 ) ;
#2321 = CARTESIAN_POINT ( 'NONE',  ( -5.599999999999999645, -3.500000000000000000, -2.000000000000000000 ) ) ;
#2322 = DIRECTION ( 'NONE',  ( 0.0000000000000000000, -1.000000000000000000, 0.0000000000000000000 ) ) ;
#2323 = LINE ( 'NONE', #1610, #3984 ) ;
#2324 = SURFACE_SIDE_STYLE ('',( #2878 ) ) ;
#2325 = ORIENTED_EDGE ( 'NONE', *, *, #1269, .F. ) ;
#2326 = VECTOR ( 'NONE', #2399, 1000.000000000000000 ) ;
#2327 = EDGE_LOOP ( 'NONE', ( #3402, #1600, #2319, #2489, #3497, #3342 ) ) ;
#2328 = FACE_OUTER_BOUND ( 'NONE', #3778, .T. ) ;
#2329 = FILL_AREA_STYLE ('',( #1363 ) ) ;
#2330 = EDGE_CURVE ( 'NONE', #433, #3255, #629, .T. ) ;
#2331 = DIRECTION ( 'NONE',  ( 0.0000000000000000000, 1.000000000000000000, 0.0000000000000000000 ) ) ;
#2332 = CARTESIAN_POINT ( 'NONE',  ( -4.250000000000000000, 6.999999999999999112, -1.150000000000000355 ) ) ;
#2333 = VERTEX_POINT ( 'NONE', #4182 ) ;
#2334 = VECTOR ( 'NONE', #2336, 1000.000000000000000 ) ;
#2335 = ORIENTED_EDGE ( 'NONE', *, *, #3665, .F. ) ;
#2336 = DIRECTION ( 'NONE',  ( -0.0000000000000000000, -0.0000000000000000000, 1.000000000000000000 ) ) ;
#2337 = CARTESIAN_POINT ( 'NONE',  ( 1.099999999999998979, 4.999999999999999112, -1.186931687685292003 ) ) ;
#2338 = DIRECTION ( 'NONE',  ( -0.0000000000000000000, 1.000000000000000000, -0.0000000000000000000 ) ) ;
#2339 = EDGE_CURVE ( 'NONE', #1202, #3027, #3097, .T. ) ;
#2340 = EDGE_LOOP ( 'NONE', ( #3032, #4240, #3295, #3300 ) ) ;
#2341 = VECTOR ( 'NONE', #2198, 1000.000000000000000 ) ;
#2342 = PLANE ( 'NONE',  #3846 ) ;
#2343 = CARTESIAN_POINT ( 'NONE',  ( -5.899999999999999467, -3.500000000000000000, -3.000000000000000000 ) ) ;
#2344 = AXIS2_PLACEMENT_3D ( 'NONE', #892, #2807, #575 ) ;
#2345 = ORIENTED_EDGE ( 'NONE', *, *, #689, .T. ) ;
#2346 = VERTEX_POINT ( 'NONE', #3205 ) ;
#2347 = DIRECTION ( 'NONE',  ( 1.000000000000000000, 0.0000000000000000000, 0.0000000000000000000 ) ) ;
#2348 = LINE ( 'NONE', #3976, #4009 ) ;
#2349 = UNCERTAINTY_MEASURE_WITH_UNIT (LENGTH_MEASURE( 1.000000000000000082E-05 ), #651, 'distance_accuracy_value', 'NONE');
#2350 = DIRECTION ( 'NONE',  ( 0.0000000000000000000, 0.0000000000000000000, -1.000000000000000000 ) ) ;
#2351 = CARTESIAN_POINT ( 'NONE',  ( 1.399999999999999911, 3.000000000000000000, -4.000000000000000000 ) ) ;
#2352 = AXIS2_PLACEMENT_3D ( 'NONE', #1110, #2844, #1890 ) ;
#2353 = PLANE ( 'NONE',  #2098 ) ;
#2354 = VECTOR ( 'NONE', #1337, 1000.000000000000000 ) ;
#2355 = DIRECTION ( 'NONE',  ( -0.0000000000000000000, -1.000000000000000000, -0.0000000000000000000 ) ) ;
#2356 = CARTESIAN_POINT ( 'NONE',  ( 1.100000000000000089, 3.000000000000000000, 1.686931687685299996 ) ) ;
#2357 = ORIENTED_EDGE ( 'NONE', *, *, #2550, .T. ) ;
#2358 = SURFACE_SIDE_STYLE ('',( #737 ) ) ;
#2359 = EDGE_CURVE ( 'NONE', #4075, #1438, #1368, .T. ) ;
#2360 = CIRCLE ( 'NONE', #1191, 0.5999999999999999778 ) ;
#2361 = VERTEX_POINT ( 'NONE', #1851 ) ;
#2362 = ORIENTED_EDGE ( 'NONE', *, *, #426, .F. ) ;
#2363 = ORIENTED_EDGE ( 'NONE', *, *, #4139, .T. ) ;
#2364 = EDGE_CURVE ( 'NONE', #3182, #565, #3888, .T. ) ;
#2365 = CARTESIAN_POINT ( 'NONE',  ( 1.399999999999999911, 3.000000000000000000, -1.750000000000000000 ) ) ;
#2366 = VECTOR ( 'NONE', #2107, 1000.000000000000000 ) ;
#2367 = DIRECTION ( 'NONE',  ( 0.7525766947068797119, 0.6585046078685159454, -0.0000000000000000000 ) ) ;
#2368 = ORIENTED_EDGE ( 'NONE', *, *, #4133, .F. ) ;
#2369 = DIRECTION ( 'NONE',  ( 1.000000000000000000, 0.0000000000000000000, 0.0000000000000000000 ) ) ;
#2370 =( NAMED_UNIT ( * ) SI_UNIT ( $, .STERADIAN. ) SOLID_ANGLE_UNIT ( ) );
#2371 = VECTOR ( 'NONE', #3158, 1000.000000000000000 ) ;
#2372 = SURFACE_SIDE_STYLE ('',( #911 ) ) ;
#2373 = CARTESIAN_POINT ( 'NONE',  ( -4.850000000000000533, -3.500000000000000444, 0.1499999999999999944 ) ) ;
#2374 = VECTOR ( 'NONE', #1612, 1000.000000000000000 ) ;
#2375 = FACE_OUTER_BOUND ( 'NONE', #3756, .T. ) ;
#2376 = CARTESIAN_POINT ( 'NONE',  ( 0.0000000000000000000, -3.499999999999994227, 0.0000000000000000000 ) ) ;
#2377 = LINE ( 'NONE', #1038, #4138 ) ;
#2378 = AXIS2_PLACEMENT_3D ( 'NONE', #2028, #2946, #2964 ) ;
#2379 = FILL_AREA_STYLE_COLOUR ( '', #3823 ) ;
#2380 = CARTESIAN_POINT ( 'NONE',  ( -3.000000000000000444, 7.400000000000000355, 2.250000000000000000 ) ) ;
#2381 = CARTESIAN_POINT ( 'NONE',  ( 0.3499999999999999778, 7.000000000000000000, -1.750000000000000000 ) ) ;
#2382 = LINE ( 'NONE', #3664, #3141 ) ;
#2383 = CARTESIAN_POINT ( 'NONE',  ( 1.101538820320219880, 3.000000000000000000, 0.2500000000000000000 ) ) ;
#2384 = PRESENTATION_LAYER_ASSIGNMENT (  '', '', ( #1941 ) ) ;
#2385 = VECTOR ( 'NONE', #3393, 1000.000000000000000 ) ;
#2386 = CARTESIAN_POINT ( 'NONE',  ( 1.100000000000000089, -1.112720534831482144, 3.149999999999999911 ) ) ;
#2387 = LINE ( 'NONE', #3625, #1523 ) ;
#2388 = VERTEX_POINT ( 'NONE', #691 ) ;
#2389 = FACE_OUTER_BOUND ( 'NONE', #400, .T. ) ;
#2390 = DIRECTION ( 'NONE',  ( -1.000000000000000000, 0.0000000000000000000, 0.0000000000000000000 ) ) ;
#2391 = VECTOR ( 'NONE', #3047, 1000.000000000000000 ) ;
#2392 = ORIENTED_EDGE ( 'NONE', *, *, #3890, .F. ) ;
#2393 = EDGE_CURVE ( 'NONE', #33, #900, #421, .T. ) ;
#2394 = CARTESIAN_POINT ( 'NONE',  ( 0.3499999999999999778, 7.299999999999999822, -1.750000000000000000 ) ) ;
#2395 = CARTESIAN_POINT ( 'NONE',  ( 1.100000000000000311, 6.499999999999999112, -1.750000000000000000 ) ) ;
#2396 = CARTESIAN_POINT ( 'NONE',  ( 1.399999999999999911, -3.499999999999983125, -3.000000000000000000 ) ) ;
#2397 = EDGE_CURVE ( 'NONE', #2052, #3857, #2223, .T. ) ;
#2398 =( NAMED_UNIT ( * ) SI_UNIT ( $, .STERADIAN. ) SOLID_ANGLE_UNIT ( ) );
#2399 = DIRECTION ( 'NONE',  ( 0.0000000000000000000, 0.0000000000000000000, 1.000000000000000000 ) ) ;
#2400 = COLOUR_RGB ( '',0.7921568627450980005, 0.8196078431372548767, 0.9333333333333333481 ) ;
#2401 = ORIENTED_EDGE ( 'NONE', *, *, #3638, .F. ) ;
#2402 = LINE ( 'NONE', #2756, #2037 ) ;
#2403 = ORIENTED_EDGE ( 'NONE', *, *, #1699, .F. ) ;
#2404 = FACE_OUTER_BOUND ( 'NONE', #3502, .T. ) ;
#2405 = CARTESIAN_POINT ( 'NONE',  ( -5.599999999999999645, -2.168404344971008868E-16, -3.999999999999967137 ) ) ;
#2406 = LINE ( 'NONE', #1496, #1165 ) ;
#2407 = CARTESIAN_POINT ( 'NONE',  ( 1.100000000000000089, -1.112720534831482144, 3.149999999999999911 ) ) ;
#2408 =( GEOMETRIC_REPRESENTATION_CONTEXT ( 3 ) GLOBAL_UNCERTAINTY_ASSIGNED_CONTEXT ( ( #1421 ) ) GLOBAL_UNIT_ASSIGNED_CONTEXT ( ( #1774, #3738, #160 ) ) REPRESENTATION_CONTEXT ( 'NONE', 'WORKASPACE' ) );
#2409 = DIRECTION ( 'NONE',  ( -0.0000000000000000000, -0.0000000000000000000, -1.000000000000000000 ) ) ;
#2410 = ORIENTED_EDGE ( 'NONE', *, *, #2726, .F. ) ;
#2411 = CARTESIAN_POINT ( 'NONE',  ( 1.100000000000000089, 3.000000000000000000, 0.05000000000000080075 ) ) ;
#2412 = ORIENTED_EDGE ( 'NONE', *, *, #1684, .F. ) ;
#2413 = VECTOR ( 'NONE', #1285, 1000.000000000000000 ) ;
#2414 = EDGE_CURVE ( 'NONE', #17, #3688, #1255, .T. ) ;
#2415 = VERTEX_POINT ( 'NONE', #2167 ) ;
#2416 = ORIENTED_EDGE ( 'NONE', *, *, #1050, .T. ) ;
#2417 = FACE_OUTER_BOUND ( 'NONE', #1046, .T. ) ;
#2418 = ORIENTED_EDGE ( 'NONE', *, *, #4175, .F. ) ;
#2419 = ORIENTED_EDGE ( 'NONE', *, *, #1409, .F. ) ;
#2420 = EDGE_CURVE ( 'NONE', #3854, #1508, #2884, .T. ) ;
#2421 = DIRECTION ( 'NONE',  ( -0.2425356250363344957, 0.0000000000000000000, 0.9701425001453315433 ) ) ;
#2422 = ORIENTED_EDGE ( 'NONE', *, *, #3528, .T. ) ;
#2423 = PLANE ( 'NONE',  #3061 ) ;
#2424 = DIRECTION ( 'NONE',  ( 0.0000000000000000000, -1.000000000000000000, 0.0000000000000000000 ) ) ;
#2425 = VECTOR ( 'NONE', #1377, 1000.000000000000000 ) ;
#2426 = CYLINDRICAL_SURFACE ( 'NONE', #3674, 0.1999999999999996503 ) ;
#2427 = DIRECTION ( 'NONE',  ( 0.0000000000000000000, -1.000000000000000000, 0.0000000000000000000 ) ) ;
#2428 = VECTOR ( 'NONE', #1371, 1000.000000000000000 ) ;
#2429 = CARTESIAN_POINT ( 'NONE',  ( -5.258957249956400126, 3.000000000000000000, 0.1772393124891010197 ) ) ;
#2430 = ORIENTED_EDGE ( 'NONE', *, *, #218, .F. ) ;
#2431 = AXIS2_PLACEMENT_3D ( 'NONE', #2571, #2175, #2877 ) ;
#2432 = CARTESIAN_POINT ( 'NONE',  ( -4.850000000000000533, 7.299999999999998934, -1.750000000000000000 ) ) ;
#2433 = PLANE ( 'NONE',  #3603 ) ;
#2434 = CARTESIAN_POINT ( 'NONE',  ( -0.3499999999999999778, 7.000000000000000000, -1.750000000000000000 ) ) ;
#2435 = VECTOR ( 'NONE', #3159, 1000.000000000000000 ) ;
#2436 = ORIENTED_EDGE ( 'NONE', *, *, #2623, .F. ) ;
#2437 = CARTESIAN_POINT ( 'NONE',  ( -4.150000000000000355, -3.500000000000000444, -0.1499999999999999944 ) ) ;
#2438 = EDGE_CURVE ( 'NONE', #3891, #3245, #317, .T. ) ;
#2439 =( GEOMETRIC_REPRESENTATION_CONTEXT ( 3 ) GLOBAL_UNCERTAINTY_ASSIGNED_CONTEXT ( ( #2349 ) ) GLOBAL_UNIT_ASSIGNED_CONTEXT ( ( #651, #808, #2166 ) ) REPRESENTATION_CONTEXT ( 'NONE', 'WORKASPACE' ) );
#2440 = DIRECTION ( 'NONE',  ( 0.0000000000000000000, 0.0000000000000000000, 1.000000000000000000 ) ) ;
#2441 = LINE ( 'NONE', #323, #1575 ) ;
#2442 =( GEOMETRIC_REPRESENTATION_CONTEXT ( 3 ) GLOBAL_UNCERTAINTY_ASSIGNED_CONTEXT ( ( #1540 ) ) GLOBAL_UNIT_ASSIGNED_CONTEXT ( ( #1484, #3456, #1139 ) ) REPRESENTATION_CONTEXT ( 'NONE', 'WORKASPACE' ) );
#2443 = EDGE_CURVE ( 'NONE', #252, #1125, #3676, .T. ) ;
#2444 = VECTOR ( 'NONE', #2639, 1000.000000000000000 ) ;
#2445 =( NAMED_UNIT ( * ) SI_UNIT ( $, .STERADIAN. ) SOLID_ANGLE_UNIT ( ) );
#2446 = CARTESIAN_POINT ( 'NONE',  ( 1.399999999999999911, -2.600000000000000089, -3.000000000000000000 ) ) ;
#2447 = VERTEX_POINT ( 'NONE', #3509 ) ;
#2448 = EDGE_LOOP ( 'NONE', ( #4122, #1090, #3864, #2363, #1085, #1335, #3410 ) ) ;
#2449 = ADVANCED_FACE ( 'NONE', ( #2771 ), #4215, .T. ) ;
#2450 = CARTESIAN_POINT ( 'NONE',  ( 1.050000000000000044, 3.000000000000000000, 0.2500000000000000000 ) ) ;
#2451 = EDGE_CURVE ( 'NONE', #1422, #1044, #1821, .T. ) ;
#2452 = LINE ( 'NONE', #394, #893 ) ;
#2453 = CARTESIAN_POINT ( 'NONE',  ( -4.150000000000000355, 1.000000000000000000, -0.1499999999999999944 ) ) ;
#2454 = APPLICATION_CONTEXT ( 'automotive_design' ) ;
#2455 = DIRECTION ( 'NONE',  ( -0.0000000000000000000, 0.0000000000000000000, -1.000000000000000000 ) ) ;
#2456 = ORIENTED_EDGE ( 'NONE', *, *, #1998, .T. ) ;
#2457 = VERTEX_POINT ( 'NONE', #1559 ) ;
#2458 = ORIENTED_EDGE ( 'NONE', *, *, #827, .T. ) ;
#2459 = EDGE_LOOP ( 'NONE', ( #282, #3568, #3591, #1225 ) ) ;
#2460 =( GEOMETRIC_REPRESENTATION_CONTEXT ( 3 ) GLOBAL_UNCERTAINTY_ASSIGNED_CONTEXT ( ( #4106 ) ) GLOBAL_UNIT_ASSIGNED_CONTEXT ( ( #3114, #860, #2776 ) ) REPRESENTATION_CONTEXT ( 'NONE', 'WORKASPACE' ) );
#2461 = ORIENTED_EDGE ( 'NONE', *, *, #3118, .T. ) ;
#2462 = AXIS2_PLACEMENT_3D ( 'NONE', #2450, #1761, #1018 ) ;
#2463 = LINE ( 'NONE', #4061, #2366 ) ;
#2464 = ORIENTED_EDGE ( 'NONE', *, *, #1208, .T. ) ;
#2465 = CARTESIAN_POINT ( 'NONE',  ( -6.086131225645459608, -1.931700921573702878, -3.000000000000000000 ) ) ;
#2466 = ORIENTED_EDGE ( 'NONE', *, *, #645, .F. ) ;
#2467 = APPLICATION_PROTOCOL_DEFINITION ( 'draft international standard', 'automotive_design', 1998, #2121 ) ;
#2468 = DIRECTION ( 'NONE',  ( 0.2425356250363315813, 0.0000000000000000000, -0.9701425001453323205 ) ) ;
#2469 = CARTESIAN_POINT ( 'NONE',  ( -4.150000000000000355, 1.000000000000000000, -0.1499999999999999944 ) ) ;
#2470 = EDGE_CURVE ( 'NONE', #3589, #1074, #1063, .T. ) ;
#2471 = VECTOR ( 'NONE', #3649, 1000.000000000000000 ) ;
#2472 = ADVANCED_FACE ( 'NONE', ( #2588 ), #3809, .F. ) ;
#2473 = VERTEX_POINT ( 'NONE', #628 ) ;
#2474 = VECTOR ( 'NONE', #410, 1000.000000000000114 ) ;
#2475 = EDGE_CURVE ( 'NONE', #2989, #2603, #3578, .T. ) ;
#2476 = CARTESIAN_POINT ( 'NONE',  ( -5.599999999999999645, 3.000000000000000000, -3.499999999999991562 ) ) ;
#2477 = CARTESIAN_POINT ( 'NONE',  ( -4.850000000000000533, 1.000000000000000000, -0.1499999999999999944 ) ) ;
#2478 = CARTESIAN_POINT ( 'NONE',  ( -4.250000000000000000, 6.000000000000000000, 1.940000000000000169 ) ) ;
#2479 = FACE_OUTER_BOUND ( 'NONE', #3496, .T. ) ;
#2480 = CARTESIAN_POINT ( 'NONE',  ( -3.000000000000000000, 7.400000000000000355, 0.9499999999999998446 ) ) ;
#2481 = CARTESIAN_POINT ( 'NONE',  ( -0.6999999999999999556, 6.150000000000000355, 2.750000000000000000 ) ) ;
#2482 = PLANE ( 'NONE',  #2974 ) ;
#2483 = DIRECTION ( 'NONE',  ( -0.0000000000000000000, 0.0000000000000000000, 1.000000000000000000 ) ) ;
#2484 = LINE ( 'NONE', #424, #1615 ) ;
#2485 = ORIENTED_EDGE ( 'NONE', *, *, #2364, .T. ) ;
#2486 = MECHANICAL_DESIGN_GEOMETRIC_PRESENTATION_REPRESENTATION (  '', ( #1826 ), #2688 ) ;
#2487 = LINE ( 'NONE', #1971, #2597 ) ;
#2488 = LINE ( 'NONE', #1824, #1723 ) ;
#2489 = ORIENTED_EDGE ( 'NONE', *, *, #1299, .T. ) ;
#2490 = VECTOR ( 'NONE', #3943, 1000.000000000000114 ) ;
#2491 = CARTESIAN_POINT ( 'NONE',  ( 0.7619889452693540122, 5.000000000000000000, 0.3348874687627160229 ) ) ;
#2492 = DIRECTION ( 'NONE',  ( -0.0000000000000000000, 1.000000000000000000, -0.0000000000000000000 ) ) ;
#2493 = FACE_OUTER_BOUND ( 'NONE', #2764, .T. ) ;
#2494 = ORIENTED_EDGE ( 'NONE', *, *, #1915, .F. ) ;
#2495 = CARTESIAN_POINT ( 'NONE',  ( -1.500000000000000000, 0.9000000000000000222, 1.949999999999999956 ) ) ;
#2496 = ADVANCED_FACE ( 'NONE', ( #8 ), #3933, .F. ) ;
#2497 = DIRECTION ( 'NONE',  ( 0.0000000000000000000, 1.000000000000000000, -1.705811418043860099E-14 ) ) ;
#2498 = DIRECTION ( 'NONE',  ( -1.000000000000000000, -0.0000000000000000000, -0.0000000000000000000 ) ) ;
#2499 = EDGE_CURVE ( 'NONE', #548, #548, #3475, .T. ) ;
#2500 = MECHANICAL_DESIGN_GEOMETRIC_PRESENTATION_REPRESENTATION (  '', ( #2053 ), #2700 ) ;
#2501 = DIRECTION ( 'NONE',  ( -1.000000000000000000, 0.0000000000000000000, 0.0000000000000000000 ) ) ;
#2502 = LINE ( 'NONE', #1530, #1326 ) ;
#2503 = EDGE_CURVE ( 'NONE', #1555, #226, #967, .T. ) ;
#2504 = FILL_AREA_STYLE ('',( #2379 ) ) ;
#2505 = ORIENTED_EDGE ( 'NONE', *, *, #1149, .T. ) ;
#2506 = VECTOR ( 'NONE', #3820, 1000.000000000000000 ) ;
#2507 = FILL_AREA_STYLE_COLOUR ( '', #4188 ) ;
#2508 = FILL_AREA_STYLE_COLOUR ( '', #1895 ) ;
#2509 = CARTESIAN_POINT ( 'NONE',  ( -0.3499999999999999778, 1.000000000000000000, 0.1499999999999999944 ) ) ;
#2510 = FACE_BOUND ( 'NONE', #4073, .T. ) ;
#2511 = ORIENTED_EDGE ( 'NONE', *, *, #1542, .F. ) ;
#2512 = ORIENTED_EDGE ( 'NONE', *, *, #4, .T. ) ;
#2513 = ADVANCED_FACE ( 'NONE', ( #774 ), #1353, .F. ) ;
#2514 = AXIS2_PLACEMENT_3D ( 'NONE', #3479, #1510, #1804 ) ;
#2515 = EDGE_LOOP ( 'NONE', ( #3263, #1385, #1839, #1379 ) ) ;
#2516 = CARTESIAN_POINT ( 'NONE',  ( -0.3499999999999999778, 7.299999999999999822, 0.1499999999999999944 ) ) ;
#2517 = CARTESIAN_POINT ( 'NONE',  ( 1.399999999999999911, 3.000000000000000000, 1.649999999999999911 ) ) ;
#2518 = LINE ( 'NONE', #2740, #3292 ) ;
#2519 =( GEOMETRIC_REPRESENTATION_CONTEXT ( 3 ) GLOBAL_UNCERTAINTY_ASSIGNED_CONTEXT ( ( #1023 ) ) GLOBAL_UNIT_ASSIGNED_CONTEXT ( ( #2713, #4054, #2398 ) ) REPRESENTATION_CONTEXT ( 'NONE', 'WORKASPACE' ) );
#2520 = DIRECTION ( 'NONE',  ( 0.0000000000000000000, 0.0000000000000000000, -1.000000000000000000 ) ) ;
#2521 = VERTEX_POINT ( 'NONE', #2244 ) ;
#2522 = PLANE ( 'NONE',  #2352 ) ;
#2523 = COLOUR_RGB ( '',0.8392156862745098200, 0.8392156862745098200, 0.9215686274509803377 ) ;
#2524 = ORIENTED_EDGE ( 'NONE', *, *, #2630, .F. ) ;
#2525 = ORIENTED_EDGE ( 'NONE', *, *, #3476, .F. ) ;
#2526 = DIRECTION ( 'NONE',  ( 0.0000000000000000000, -1.000000000000000000, -5.421010862427522170E-17 ) ) ;
#2527 = CARTESIAN_POINT ( 'NONE',  ( -1.500000000000000000, 7.100000000000000533, 0.9499999999999998446 ) ) ;
#2528 = EDGE_CURVE ( 'NONE', #1158, #2333, #2488, .T. ) ;
#2529 = LINE ( 'NONE', #3211, #711 ) ;
#2530 = EDGE_LOOP ( 'NONE', ( #2466, #605, #3655, #3668 ) ) ;
#2531 = DIRECTION ( 'NONE',  ( 0.0000000000000000000, 1.000000000000000000, 0.0000000000000000000 ) ) ;
#2532 = ORIENTED_EDGE ( 'NONE', *, *, #1414, .F. ) ;
#2533 = VERTEX_POINT ( 'NONE', #3359 ) ;
#2534 = VECTOR ( 'NONE', #108, 1000.000000000000000 ) ;
#2535 = EDGE_CURVE ( 'NONE', #1829, #4189, #2387, .T. ) ;
#2536 = CARTESIAN_POINT ( 'NONE',  ( 0.0000000000000000000, -7.220786468753459530E-17, 0.9499999999999998446 ) ) ;
#2537 = EDGE_LOOP ( 'NONE', ( #3025, #1646, #42, #653, #853, #995 ) ) ;
#2538 = DIRECTION ( 'NONE',  ( 0.0000000000000000000, 1.387778780781430884E-16, -1.000000000000000000 ) ) ;
#2539 = ADVANCED_FACE ( 'NONE', ( #4146 ), #434, .F. ) ;
#2540 = ORIENTED_EDGE ( 'NONE', *, *, #309, .F. ) ;
#2541 = CARTESIAN_POINT ( 'NONE',  ( -4.404315487163152021, -3.853776051267759684, -3.000000000000000000 ) ) ;
#2542 = FACE_OUTER_BOUND ( 'NONE', #4082, .T. ) ;
#2543 = LINE ( 'NONE', #667, #360 ) ;
#2544 = CARTESIAN_POINT ( 'NONE',  ( -5.599999999999999645, -2.168404344971008868E-16, -3.000000000000016875 ) ) ;
#2545 = VECTOR ( 'NONE', #4185, 1000.000000000000000 ) ;
#2546 = CARTESIAN_POINT ( 'NONE',  ( 1.399999999999999911, 1.000000000000000000, 0.2500000000000002220 ) ) ;
#2547 = AXIS2_PLACEMENT_3D ( 'NONE', #93, #685, #1263 ) ;
#2548 = DIRECTION ( 'NONE',  ( 0.0000000000000000000, -1.000000000000000000, 0.0000000000000000000 ) ) ;
#2549 = CARTESIAN_POINT ( 'NONE',  ( 1.108957249956399993, 3.000000000000000000, 1.722760687510899835 ) ) ;
#2550 = EDGE_CURVE ( 'NONE', #3921, #39, #3257, .T. ) ;
#2551 = CLOSED_SHELL ( 'NONE', ( #3511, #3619, #3473 ) ) ;
#2552 = ADVANCED_FACE ( 'NONE', ( #2274 ), #824, .T. ) ;
#2553 = EDGE_CURVE ( 'NONE', #226, #2118, #1424, .T. ) ;
#2554 = VECTOR ( 'NONE', #1221, 1000.000000000000000 ) ;
#2555 = DIRECTION ( 'NONE',  ( -0.0000000000000000000, -0.0000000000000000000, 1.000000000000000000 ) ) ;
#2556 = ORIENTED_EDGE ( 'NONE', *, *, #2829, .F. ) ;
#2557 = ORIENTED_EDGE ( 'NONE', *, *, #2420, .T. ) ;
#2558 = VECTOR ( 'NONE', #2892, 1000.000000000000000 ) ;
#2559 = AXIS2_PLACEMENT_3D ( 'NONE', #3057, #3196, #32 ) ;
#2560 = PLANE ( 'NONE',  #2775 ) ;
#2561 = DIRECTION ( 'NONE',  ( 0.0000000000000000000, 0.0000000000000000000, -1.000000000000000000 ) ) ;
#2562 = ORIENTED_EDGE ( 'NONE', *, *, #2656, .T. ) ;
#2563 = DIRECTION ( 'NONE',  ( -1.000000000000000000, 0.0000000000000000000, -0.0000000000000000000 ) ) ;
#2564 = LINE ( 'NONE', #540, #1283 ) ;
#2565 = ORIENTED_EDGE ( 'NONE', *, *, #70, .F. ) ;
#2566 = VERTEX_POINT ( 'NONE', #3014 ) ;
#2567 = LINE ( 'NONE', #1686, #95 ) ;
#2568 = DIRECTION ( 'NONE',  ( 0.0000000000000000000, 0.0000000000000000000, -1.000000000000000000 ) ) ;
#2569 = VERTEX_POINT ( 'NONE', #2321 ) ;
#2570 = EDGE_CURVE ( 'NONE', #305, #1181, #3046, .T. ) ;
#2571 = CARTESIAN_POINT ( 'NONE',  ( 1.435615886704083799, -1.799999999999999600, -3.000000000000000000 ) ) ;
#2572 = ADVANCED_FACE ( 'NONE', ( #3375 ), #1472, .F. ) ;
#2573 = VECTOR ( 'NONE', #2170, 1000.000000000000000 ) ;
#2574 = CARTESIAN_POINT ( 'NONE',  ( -5.899999999999999467, 1.000000000000000000, -2.000000000000000000 ) ) ;
#2575 = DIRECTION ( 'NONE',  ( 0.0000000000000000000, -0.0000000000000000000, -1.000000000000000000 ) ) ;
#2576 = DIRECTION ( 'NONE',  ( 0.0000000000000000000, 1.705840330101793256E-14, 1.000000000000000000 ) ) ;
#2577 = CIRCLE ( 'NONE', #3576, 0.2000000000000000944 ) ;
#2578 = EDGE_LOOP ( 'NONE', ( #3558, #2072, #2915, #1246 ) ) ;
#2579 = EDGE_CURVE ( 'NONE', #1494, #2712, #579, .T. ) ;
#2580 = MANIFOLD_SOLID_BREP ( 'Ø3.5 (3.5) Diameter Hole2[1]', #2551 ) ;
#2581 = VECTOR ( 'NONE', #2596, 1000.000000000000000 ) ;
#2582 = ORIENTED_EDGE ( 'NONE', *, *, #3467, .F. ) ;
#2583 = PLANE ( 'NONE',  #1931 ) ;
#2584 = DIRECTION ( 'NONE',  ( -0.0000000000000000000, 1.000000000000000000, -0.0000000000000000000 ) ) ;
#2585 = SURFACE_STYLE_USAGE ( .BOTH. , #3362 ) ;
#2586 = AXIS2_PLACEMENT_3D ( 'NONE', #1180, #3553, #3937 ) ;
#2587 = VECTOR ( 'NONE', #1382, 1000.000000000000000 ) ;
#2588 = FACE_OUTER_BOUND ( 'NONE', #1452, .T. ) ;
#2589 = ORIENTED_EDGE ( 'NONE', *, *, #3428, .F. ) ;
#2590 = LINE ( 'NONE', #1210, #3828 ) ;
#2591 = DIRECTION ( 'NONE',  ( -0.0000000000000000000, -0.0000000000000000000, 1.000000000000000000 ) ) ;
#2592 = ORIENTED_EDGE ( 'NONE', *, *, #739, .F. ) ;
#2593 = LINE ( 'NONE', #4070, #15 ) ;
#2594 = DIRECTION ( 'NONE',  ( 0.9701425001453322094, 0.0000000000000000000, -0.2425356250363320532 ) ) ;
#2595 = STYLED_ITEM ( 'NONE', ( #3747 ), #1554 ) ;
#2596 = DIRECTION ( 'NONE',  ( -1.000000000000000000, -0.0000000000000000000, -0.0000000000000000000 ) ) ;
#2597 = VECTOR ( 'NONE', #2278, 1000.000000000000000 ) ;
#2598 = ADVANCED_FACE ( 'NONE', ( #470 ), #2423, .F. ) ;
#2599 = CARTESIAN_POINT ( 'NONE',  ( 1.399999999999999911, -1.000000000000000000, -3.000000000000000000 ) ) ;
#2600 = CARTESIAN_POINT ( 'NONE',  ( -4.850000000000000533, -3.500000000000000444, 0.1499999999999999944 ) ) ;
#2601 = MECHANICAL_DESIGN_GEOMETRIC_PRESENTATION_REPRESENTATION (  '', ( #1941 ), #2801 ) ;
#2602 = PLANE ( 'NONE',  #1336 ) ;
#2603 = VERTEX_POINT ( 'NONE', #3441 ) ;
#2604 = EDGE_CURVE ( 'NONE', #4171, #3641, #157, .T. ) ;
#2605 = DIRECTION ( 'NONE',  ( 0.0000000000000000000, 0.0000000000000000000, 1.000000000000000000 ) ) ;
#2606 = VECTOR ( 'NONE', #2591, 1000.000000000000000 ) ;
#2607 = SURFACE_STYLE_USAGE ( .BOTH. , #2287 ) ;
#2608 = CARTESIAN_POINT ( 'NONE',  ( 0.3499999999999999778, 7.299999999999999822, 0.1499999999999999944 ) ) ;
#2609 = MANIFOLD_SOLID_BREP ( 'Revolve8', #2643 ) ;
#2610 = EDGE_CURVE ( 'NONE', #3854, #3507, #3194, .T. ) ;
#2611 = ORIENTED_EDGE ( 'NONE', *, *, #4036, .T. ) ;
#2612 = VERTEX_POINT ( 'NONE', #469 ) ;
#2613 = VERTEX_POINT ( 'NONE', #2065 ) ;
#2614 = ADVANCED_FACE ( 'NONE', ( #3521 ), #136, .T. ) ;
#2615 = CARTESIAN_POINT ( 'NONE',  ( -4.850000000000000533, -3.500000000000000444, -0.1499999999999999944 ) ) ;
#2616 = AXIS2_PLACEMENT_3D ( 'NONE', #333, #47, #1365 ) ;
#2617 = FACE_OUTER_BOUND ( 'NONE', #3624, .T. ) ;
#2618 = DIRECTION ( 'NONE',  ( -0.0000000000000000000, 1.000000000000000000, 0.0000000000000000000 ) ) ;
#2619 = FACE_OUTER_BOUND ( 'NONE', #1700, .T. ) ;
#2620 = PLANE ( 'NONE',  #3418 ) ;
#2621 = VERTEX_POINT ( 'NONE', #2075 ) ;
#2622 = LINE ( 'NONE', #2191, #48 ) ;
#2623 = EDGE_CURVE ( 'NONE', #3447, #558, #1778, .T. ) ;
#2624 = CARTESIAN_POINT ( 'NONE',  ( -5.549999999999999822, 3.000000000000000000, 0.2500000000000000000 ) ) ;
#2625 = VECTOR ( 'NONE', #1683, 1000.000000000000000 ) ;
#2626 = DIRECTION ( 'NONE',  ( -1.000000000000000000, -0.0000000000000000000, -0.0000000000000000000 ) ) ;
#2627 = ORIENTED_EDGE ( 'NONE', *, *, #2988, .T. ) ;
#2628 = CARTESIAN_POINT ( 'NONE',  ( -4.400000000000000355, 6.150000000000000355, 2.249999999999999556 ) ) ;
#2629 = VECTOR ( 'NONE', #3730, 1000.000000000000000 ) ;
#2630 = EDGE_CURVE ( 'NONE', #2236, #60, #626, .T. ) ;
#2631 =( LENGTH_UNIT ( ) NAMED_UNIT ( * ) SI_UNIT ( .MILLI., .METRE. ) );
#2632 = ADVANCED_FACE ( 'NONE', ( #522 ), #4040, .T. ) ;
#2633 = PLANE ( 'NONE',  #1342 ) ;
#2634 = ORIENTED_EDGE ( 'NONE', *, *, #3204, .T. ) ;
#2635 = EDGE_LOOP ( 'NONE', ( #1037, #1176, #952, #132, #3123, #342 ) ) ;
#2636 = DIRECTION ( 'NONE',  ( 0.0000000000000000000, 0.0000000000000000000, 1.000000000000000000 ) ) ;
#2637 = CIRCLE ( 'NONE', #3320, 0.5999999999999999778 ) ;
#2638 = CARTESIAN_POINT ( 'NONE',  ( -4.150000000000000355, -3.500000000000000444, -0.1499999999999999944 ) ) ;
#2639 = DIRECTION ( 'NONE',  ( 0.0000000000000000000, 1.000000000000000000, 0.0000000000000000000 ) ) ;
#2640 = DIRECTION ( 'NONE',  ( 0.0000000000000000000, -1.000000000000000000, 0.0000000000000000000 ) ) ;
#2641 = LINE ( 'NONE', #1692, #169 ) ;
#2642 = AXIS2_PLACEMENT_3D ( 'NONE', #343, #1182, #3087 ) ;
#2643 = CLOSED_SHELL ( 'NONE', ( #198, #577, #2862 ) ) ;
#2644 = DIRECTION ( 'NONE',  ( 0.0000000000000000000, 1.000000000000000000, 0.0000000000000000000 ) ) ;
#2645 = EDGE_CURVE ( 'NONE', #3245, #43, #3992, .T. ) ;
#2646 = STYLED_ITEM ( 'NONE', ( #3030 ), #3788 ) ;
#2647 = FACE_OUTER_BOUND ( 'NONE', #3704, .T. ) ;
#2648 = CARTESIAN_POINT ( 'NONE',  ( 1.399999999999999911, 1.000000000000000000, 1.949999999999999956 ) ) ;
#2649 = DIRECTION ( 'NONE',  ( -1.000000000000000000, 0.0000000000000000000, 0.0000000000000000000 ) ) ;
#2650 = EDGE_LOOP ( 'NONE', ( #1402 ) ) ;
#2651 = EDGE_CURVE ( 'NONE', #60, #4253, #3884, .T. ) ;
#2652 = ORIENTED_EDGE ( 'NONE', *, *, #3340, .T. ) ;
#2653 = CARTESIAN_POINT ( 'NONE',  ( 1.399999999999999911, 3.000000000000000000, 1.649999999999999911 ) ) ;
#2654 = FILL_AREA_STYLE_COLOUR ( '', #2271 ) ;
#2655 = LINE ( 'NONE', #2405, #1799 ) ;
#2656 = EDGE_CURVE ( 'NONE', #288, #1115, #2220, .T. ) ;
#2657 = VERTEX_POINT ( 'NONE', #2777 ) ;
#2658 = PRODUCT_DEFINITION_SHAPE ( 'NONE', 'NONE',  #3567 ) ;
#2659 = ORIENTED_EDGE ( 'NONE', *, *, #642, .T. ) ;
#2660 = DIRECTION ( 'NONE',  ( 0.0000000000000000000, -1.000000000000000000, 7.228014483236699514E-17 ) ) ;
#2661 = ORIENTED_EDGE ( 'NONE', *, *, #1627, .T. ) ;
#2662 = PRESENTATION_LAYER_ASSIGNMENT (  '', '', ( #3107 ) ) ;
#2663 = PLANE ( 'NONE',  #969 ) ;
#2664 = DIRECTION ( 'NONE',  ( 0.0000000000000000000, 0.0000000000000000000, -1.000000000000000000 ) ) ;
#2665 = DIRECTION ( 'NONE',  ( -1.000000000000000000, 0.0000000000000000000, 0.0000000000000000000 ) ) ;
#2666 = DIRECTION ( 'NONE',  ( 1.000000000000000000, 0.0000000000000000000, 0.0000000000000000000 ) ) ;
#2667 = ORIENTED_EDGE ( 'NONE', *, *, #2926, .T. ) ;
#2668 = DIRECTION ( 'NONE',  ( 0.0000000000000000000, 0.0000000000000000000, -1.000000000000000000 ) ) ;
#2669 = DIRECTION ( 'NONE',  ( 0.0000000000000000000, 0.0000000000000000000, 1.000000000000000000 ) ) ;
#2670 = VECTOR ( 'NONE', #4251, 1000.000000000000114 ) ;
#2671 = ORIENTED_EDGE ( 'NONE', *, *, #1577, .F. ) ;
#2672 = CARTESIAN_POINT ( 'NONE',  ( 1.811904234057522212, -2.129252303934259238, -3.000000000000000000 ) ) ;
#2673 = LINE ( 'NONE', #4107, #1816 ) ;
#2674 = ORIENTED_EDGE ( 'NONE', *, *, #2610, .F. ) ;
#2675 = CARTESIAN_POINT ( 'NONE',  ( 1.399999999999999911, -5.637851296924616746E-15, -2.000000000000000000 ) ) ;
#2676 = EDGE_CURVE ( 'NONE', #1164, #2987, #2112, .T. ) ;
#2677 = ORIENTED_EDGE ( 'NONE', *, *, #452, .F. ) ;
#2678 = VECTOR ( 'NONE', #1866, 1000.000000000000000 ) ;
#2679 = VERTEX_POINT ( 'NONE', #3353 ) ;
#2680 = CARTESIAN_POINT ( 'NONE',  ( 1.100000000000000089, 3.000000000000000000, 0.4500000000000000111 ) ) ;
#2681 = CARTESIAN_POINT ( 'NONE',  ( 1.100000000000000089, 3.000000000000000000, 0.05000000000000080075 ) ) ;
#2682 = DIRECTION ( 'NONE',  ( 0.0000000000000000000, -0.0000000000000000000, -1.000000000000000000 ) ) ;
#2683 = EDGE_CURVE ( 'NONE', #1650, #2118, #2018, .T. ) ;
#2684 = CARTESIAN_POINT ( 'NONE',  ( 1.399999999999999911, 1.000000000000000000, 0.2500000000000002220 ) ) ;
#2685 = FACE_OUTER_BOUND ( 'NONE', #1754, .T. ) ;
#2686 = PLANE ( 'NONE',  #1483 ) ;
#2687 = CARTESIAN_POINT ( 'NONE',  ( 0.7500000000000000000, 1.000000000000000000, -1.149999999999999911 ) ) ;
#2688 =( GEOMETRIC_REPRESENTATION_CONTEXT ( 3 ) GLOBAL_UNCERTAINTY_ASSIGNED_CONTEXT ( ( #3543 ) ) GLOBAL_UNIT_ASSIGNED_CONTEXT ( ( #4203, #2200, #279 ) ) REPRESENTATION_CONTEXT ( 'NONE', 'WORKASPACE' ) );
#2689 = CARTESIAN_POINT ( 'NONE',  ( -6.600999999999999091, 6.499999999999999112, -1.250000000000000000 ) ) ;
#2690 = CARTESIAN_POINT ( 'NONE',  ( 1.399999999999999911, 1.000000000000000000, 2.250000000000000000 ) ) ;
#2691 = CARTESIAN_POINT ( 'NONE',  ( -5.935615886704083799, -1.800000000000000044, -2.000000000000004885 ) ) ;
#2692 = AXIS2_PLACEMENT_3D ( 'NONE', #4243, #3822, #828 ) ;
#2693 = CARTESIAN_POINT ( 'NONE',  ( 1.100000000000000311, 6.499999999999999112, -1.250000000000000000 ) ) ;
#2694 = LINE ( 'NONE', #1411, #690 ) ;
#2695 = LINE ( 'NONE', #4008, #167 ) ;
#2696 = ORIENTED_EDGE ( 'NONE', *, *, #2275, .T. ) ;
#2697 = ORIENTED_EDGE ( 'NONE', *, *, #170, .T. ) ;
#2698 = FACE_OUTER_BOUND ( 'NONE', #1673, .T. ) ;
#2699 = EDGE_CURVE ( 'NONE', #3688, #2171, #2879, .T. ) ;
#2700 =( GEOMETRIC_REPRESENTATION_CONTEXT ( 3 ) GLOBAL_UNCERTAINTY_ASSIGNED_CONTEXT ( ( #1521 ) ) GLOBAL_UNIT_ASSIGNED_CONTEXT ( ( #3907, #3599, #3368 ) ) REPRESENTATION_CONTEXT ( 'NONE', 'WORKASPACE' ) );
#2701 = EDGE_LOOP ( 'NONE', ( #450, #2565, #804, #290 ) ) ;
#2702 = ORIENTED_EDGE ( 'NONE', *, *, #1347, .F. ) ;
#2703 = DIRECTION ( 'NONE',  ( 0.0000000000000000000, -0.0000000000000000000, 1.000000000000000000 ) ) ;
#2704 = EDGE_CURVE ( 'NONE', #3623, #3191, #313, .T. ) ;
#2705 = CARTESIAN_POINT ( 'NONE',  ( 1.099999999999999645, 7.000000000000000000, 2.250000000000000000 ) ) ;
#2706 = CARTESIAN_POINT ( 'NONE',  ( -5.599999999999998757, 5.000000000000000000, 0.05000000000000576900 ) ) ;
#2707 = VECTOR ( 'NONE', #2876, 1000.000000000000000 ) ;
#2708 = ORIENTED_EDGE ( 'NONE', *, *, #2579, .T. ) ;
#2709 = DIRECTION ( 'NONE',  ( 0.0000000000000000000, 0.0000000000000000000, 1.000000000000000000 ) ) ;
#2710 = CARTESIAN_POINT ( 'NONE',  ( -5.899999999999999467, 3.000000000000000000, -1.750000000000000222 ) ) ;
#2711 = LINE ( 'NONE', #122, #239 ) ;
#2712 = VERTEX_POINT ( 'NONE', #1141 ) ;
#2713 =( LENGTH_UNIT ( ) NAMED_UNIT ( * ) SI_UNIT ( .MILLI., .METRE. ) );
#2714 = ORIENTED_EDGE ( 'NONE', *, *, #218, .T. ) ;
#2715 =( NAMED_UNIT ( * ) PLANE_ANGLE_UNIT ( ) SI_UNIT ( $, .RADIAN. ) );
#2716 = FACE_OUTER_BOUND ( 'NONE', #2448, .T. ) ;
#2717 = CARTESIAN_POINT ( 'NONE',  ( -3.000000000000000000, 0.5999999999999998668, 0.9499999999999998446 ) ) ;
#2718 = LINE ( 'NONE', #1711, #1968 ) ;
#2719 = CARTESIAN_POINT ( 'NONE',  ( 1.100000000000000089, 1.699335117066794086E-14, -3.000000000000000000 ) ) ;
#2720 = ORIENTED_EDGE ( 'NONE', *, *, #2952, .F. ) ;
#2721 = ORIENTED_EDGE ( 'NONE', *, *, #4031, .F. ) ;
#2722 = VECTOR ( 'NONE', #2626, 1000.000000000000000 ) ;
#2723 = EDGE_CURVE ( 'NONE', #2473, #46, #418, .T. ) ;
#2724 = FILL_AREA_STYLE_COLOUR ( '', #2733 ) ;
#2725 = CARTESIAN_POINT ( 'NONE',  ( 0.0000000000000000000, -3.500000000000000444, 0.0000000000000000000 ) ) ;
#2726 = EDGE_CURVE ( 'NONE', #3913, #3913, #1919, .T. ) ;
#2727 = CARTESIAN_POINT ( 'NONE',  ( -5.599999999999999645, -0.9999999999999829026, -3.000000000000000000 ) ) ;
#2728 = ORIENTED_EDGE ( 'NONE', *, *, #1149, .F. ) ;
#2729 = LINE ( 'NONE', #843, #3953 ) ;
#2730 = STYLED_ITEM ( 'NONE', ( #2739 ), #1134 ) ;
#2731 =( NAMED_UNIT ( * ) PLANE_ANGLE_UNIT ( ) SI_UNIT ( $, .RADIAN. ) );
#2732 = ORIENTED_EDGE ( 'NONE', *, *, #847, .T. ) ;
#2733 = COLOUR_RGB ( '',0.8392156862745098200, 0.8392156862745098200, 0.9215686274509803377 ) ;
#2734 = VECTOR ( 'NONE', #1875, 1000.000000000000000 ) ;
#2735 = CARTESIAN_POINT ( 'NONE',  ( -5.599999999999999645, 6.499999999999999112, -1.750000000000000000 ) ) ;
#2736 = STYLED_ITEM ( 'NONE', ( #1418 ), #2862 ) ;
#2737 = FILL_AREA_STYLE_COLOUR ( '', #3826 ) ;
#2738 = DIRECTION ( 'NONE',  ( 0.0000000000000000000, -1.000000000000000000, 7.228014483236699514E-17 ) ) ;
#2739 = PRESENTATION_STYLE_ASSIGNMENT (( #871 ) ) ;
#2740 = CARTESIAN_POINT ( 'NONE',  ( -1.500000000000000000, 0.5999999999999998668, 0.9499999999999998446 ) ) ;
#2741 = ORIENTED_EDGE ( 'NONE', *, *, #3208, .F. ) ;
#2742 = CARTESIAN_POINT ( 'NONE',  ( 1.100000000000000089, 5.000000000000000000, 0.05000000000000080075 ) ) ;
#2743 = LINE ( 'NONE', #1446, #2195 ) ;
#2744 = VECTOR ( 'NONE', #1462, 1000.000000000000000 ) ;
#2745 = EDGE_CURVE ( 'NONE', #3773, #1658, #205, .T. ) ;
#2746 = ORIENTED_EDGE ( 'NONE', *, *, #168, .F. ) ;
#2747 = COLOUR_RGB ( '',0.5882352941176470784, 0.5882352941176470784, 0.6313725490196078205 ) ;
#2748 = ORIENTED_EDGE ( 'NONE', *, *, #2359, .T. ) ;
#2749 = ORIENTED_EDGE ( 'NONE', *, *, #2339, .T. ) ;
#2750 = ORIENTED_EDGE ( 'NONE', *, *, #3555, .T. ) ;
#2751 = EDGE_CURVE ( 'NONE', #113, #2026, #2673, .T. ) ;
#2752 = CARTESIAN_POINT ( 'NONE',  ( -5.549999999999999822, 3.000000000000000000, 0.2500000000000000000 ) ) ;
#2753 = CARTESIAN_POINT ( 'NONE',  ( 2.100999999999999535, 3.000000000000000000, -1.750000000000000222 ) ) ;
#2754 = VERTEX_POINT ( 'NONE', #2031 ) ;
#2755 = DIRECTION ( 'NONE',  ( 0.0000000000000000000, 0.0000000000000000000, 1.000000000000000000 ) ) ;
#2756 = CARTESIAN_POINT ( 'NONE',  ( -3.000000000000000000, 7.400000000000000355, 0.9499999999999998446 ) ) ;
#2757 = EDGE_LOOP ( 'NONE', ( #2256, #1553, #4039, #4202, #3608, #503, #1698, #3742 ) ) ;
#2758 = DIRECTION ( 'NONE',  ( 0.0000000000000000000, 0.0000000000000000000, 1.000000000000000000 ) ) ;
#2759 = DIRECTION ( 'NONE',  ( 1.000000000000000000, 0.0000000000000000000, 0.0000000000000000000 ) ) ;
#2760 = FACE_OUTER_BOUND ( 'NONE', #802, .T. ) ;
#2761 = ORIENTED_EDGE ( 'NONE', *, *, #1548, .T. ) ;
#2762 = FACE_OUTER_BOUND ( 'NONE', #2635, .T. ) ;
#2763 = ORIENTED_EDGE ( 'NONE', *, *, #1813, .T. ) ;
#2764 = EDGE_LOOP ( 'NONE', ( #1802, #3602, #2907, #754 ) ) ;
#2765 = VECTOR ( 'NONE', #204, 1000.000000000000000 ) ;
#2766 = EDGE_LOOP ( 'NONE', ( #1882 ) ) ;
#2767 = CARTESIAN_POINT ( 'NONE',  ( -5.599999999999999645, 6.499999999999999112, -1.250000000000000000 ) ) ;
#2768 = CARTESIAN_POINT ( 'NONE',  ( -0.1000000000000000056, 1.850000000000000089, 2.750000000000000000 ) ) ;
#2769 = ADVANCED_FACE ( 'NONE', ( #962 ), #1188, .T. ) ;
#2770 = DIRECTION ( 'NONE',  ( 0.0000000000000000000, 0.0000000000000000000, -1.000000000000000000 ) ) ;
#2771 = FACE_OUTER_BOUND ( 'NONE', #2340, .T. ) ;
#2772 = ORIENTED_EDGE ( 'NONE', *, *, #1204, .F. ) ;
#2773 = UNCERTAINTY_MEASURE_WITH_UNIT (LENGTH_MEASURE( 1.000000000000000082E-05 ), #793, 'distance_accuracy_value', 'NONE');
#2774 = EDGE_CURVE ( 'NONE', #173, #1657, #3671, .T. ) ;
#2775 = AXIS2_PLACEMENT_3D ( 'NONE', #1354, #1323, #1247 ) ;
#2776 =( NAMED_UNIT ( * ) SI_UNIT ( $, .STERADIAN. ) SOLID_ANGLE_UNIT ( ) );
#2777 = CARTESIAN_POINT ( 'NONE',  ( 0.3499999999999999778, -3.500000000000000444, 0.1499999999999999944 ) ) ;
#2778 = DIRECTION ( 'NONE',  ( 1.000000000000000000, 0.0000000000000000000, -0.0000000000000000000 ) ) ;
#2779 = LINE ( 'NONE', #3172, #322 ) ;
#2780 = EDGE_CURVE ( 'NONE', #1650, #697, #3574, .T. ) ;
#2781 = CARTESIAN_POINT ( 'NONE',  ( -5.899999999999999467, 0.5999999999999999778, 2.250000000000000000 ) ) ;
#2782 = CARTESIAN_POINT ( 'NONE',  ( -4.850000000000000533, 7.299999999999998934, -1.750000000000000000 ) ) ;
#2783 = AXIS2_PLACEMENT_3D ( 'NONE', #1031, #1844, #3155 ) ;
#2784 = COLOUR_RGB ( '',0.8392156862745098200, 0.8392156862745098200, 0.9215686274509803377 ) ;
#2785 = CARTESIAN_POINT ( 'NONE',  ( -4.250000000000000000, 6.999999999999999112, -1.150000000000000355 ) ) ;
#2786 = CARTESIAN_POINT ( 'NONE',  ( -1.500000000000000000, 7.400000000000000355, 0.9499999999999998446 ) ) ;
#2787 = CARTESIAN_POINT ( 'NONE',  ( -0.6999999999999999556, 1.850000000000000089, 2.750000000000000000 ) ) ;
#2788 = CARTESIAN_POINT ( 'NONE',  ( 1.099999999999999867, 6.999999999999999112, 1.949999999999999734 ) ) ;
#2789 = FILL_AREA_STYLE_COLOUR ( '', #2400 ) ;
#2790 = VECTOR ( 'NONE', #1071, 1000.000000000000000 ) ;
#2791 = ORIENTED_EDGE ( 'NONE', *, *, #2025, .F. ) ;
#2792 = ADVANCED_FACE ( 'NONE', ( #3471 ), #2353, .F. ) ;
#2793 = ORIENTED_EDGE ( 'NONE', *, *, #2875, .T. ) ;
#2794 = PRESENTATION_LAYER_ASSIGNMENT (  '', '', ( #2595 ) ) ;
#2795 = FACE_OUTER_BOUND ( 'NONE', #2887, .T. ) ;
#2796 = CARTESIAN_POINT ( 'NONE',  ( 1.100000000000000089, 3.000000000000000000, 1.250000000000000000 ) ) ;
#2797 = LINE ( 'NONE', #1069, #26 ) ;
#2798 = ORIENTED_EDGE ( 'NONE', *, *, #1231, .T. ) ;
#2799 = CARTESIAN_POINT ( 'NONE',  ( -5.599999999999999645, 7.000000000000000000, 2.250000000000000000 ) ) ;
#2800 = VERTEX_POINT ( 'NONE', #336 ) ;
#2801 =( GEOMETRIC_REPRESENTATION_CONTEXT ( 3 ) GLOBAL_UNCERTAINTY_ASSIGNED_CONTEXT ( ( #1697 ) ) GLOBAL_UNIT_ASSIGNED_CONTEXT ( ( #1843, #1674, #2010 ) ) REPRESENTATION_CONTEXT ( 'NONE', 'WORKASPACE' ) );
#2802 = DIRECTION ( 'NONE',  ( -0.6585046078685158344, -0.7525766947068797119, 0.0000000000000000000 ) ) ;
#2803 = VECTOR ( 'NONE', #1399, 1000.000000000000114 ) ;
#2804 = VERTEX_POINT ( 'NONE', #1715 ) ;
#2805 =( NAMED_UNIT ( * ) PLANE_ANGLE_UNIT ( ) SI_UNIT ( $, .RADIAN. ) );
#2806 = CARTESIAN_POINT ( 'NONE',  ( 1.100000000000000089, 3.000000000000000000, 2.250000000000000000 ) ) ;
#2807 = DIRECTION ( 'NONE',  ( -1.000000000000000000, 0.0000000000000000000, 0.0000000000000000000 ) ) ;
#2808 = EDGE_CURVE ( 'NONE', #1406, #1574, #2484, .T. ) ;
#2809 = ORIENTED_EDGE ( 'NONE', *, *, #358, .F. ) ;
#2810 = ORIENTED_EDGE ( 'NONE', *, *, #745, .F. ) ;
#2811 = ORIENTED_EDGE ( 'NONE', *, *, #2309, .F. ) ;
#2812 = CARTESIAN_POINT ( 'NONE',  ( -1.500000000000000000, 6.999999999999998224, 1.949999999999997957 ) ) ;
#2813 = LINE ( 'NONE', #1921, #1769 ) ;
#2814 = CARTESIAN_POINT ( 'NONE',  ( -6.086131225645458720, -1.668299078426296989, -3.000000000000000000 ) ) ;
#2815 = EDGE_CURVE ( 'NONE', #1550, #900, #3371, .T. ) ;
#2816 = ADVANCED_FACE ( 'NONE', ( #4141 ), #1403, .F. ) ;
#2817 = DIRECTION ( 'NONE',  ( 1.000000000000000000, 0.0000000000000000000, 0.0000000000000000000 ) ) ;
#2818 = DIRECTION ( 'NONE',  ( 0.0000000000000000000, 0.0000000000000000000, 1.000000000000000000 ) ) ;
#2819 = CARTESIAN_POINT ( 'NONE',  ( -5.899999999999999467, -3.500000000000000000, -2.000000000000000000 ) ) ;
#2820 = LINE ( 'NONE', #51, #3726 ) ;
#2821 = ORIENTED_EDGE ( 'NONE', *, *, #3561, .T. ) ;
#2822 = CARTESIAN_POINT ( 'NONE',  ( -4.150000000000000355, 1.000000000000000000, 0.1499999999999999944 ) ) ;
#2823 = AXIS2_PLACEMENT_3D ( 'NONE', #3698, #987, #2649 ) ;
#2824 = EDGE_LOOP ( 'NONE', ( #2611, #233, #1545, #443 ) ) ;
#2825 = STYLED_ITEM ( 'NONE', ( #920 ), #2609 ) ;
#2826 = DIRECTION ( 'NONE',  ( 0.7525766947068770474, -0.6585046078685190540, 0.0000000000000000000 ) ) ;
#2827 = FACE_OUTER_BOUND ( 'NONE', #3498, .T. ) ;
#2828 = DIRECTION ( 'NONE',  ( -1.000000000000000000, 0.0000000000000000000, 0.0000000000000000000 ) ) ;
#2829 = EDGE_CURVE ( 'NONE', #3191, #2521, #771, .T. ) ;
#2830 = CARTESIAN_POINT ( 'NONE',  ( 0.0000000000000000000, 6.999999999999999112, 0.0000000000000000000 ) ) ;
#2831 = DIRECTION ( 'NONE',  ( 0.0000000000000000000, 0.0000000000000000000, 1.000000000000000000 ) ) ;
#2832 = FILL_AREA_STYLE_COLOUR ( '', #3013 ) ;
#2833 = ADVANCED_FACE ( 'NONE', ( #1518 ), #2482, .F. ) ;
#2834 = VECTOR ( 'NONE', #2526, 1000.000000000000000 ) ;
#2835 = EDGE_CURVE ( 'NONE', #3785, #2052, #675, .T. ) ;
#2836 = CARTESIAN_POINT ( 'NONE',  ( -5.899999999999999467, 1.000000000000000000, 1.250000000000000000 ) ) ;
#2837 = CLOSED_SHELL ( 'NONE', ( #1488, #2539, #2552, #2289, #3268, #1868, #241, #2176, #1678, #2313, #1847, #840, #3243, #3903, #682, #30, #908, #2598, #3487, #3288, #1312, #53, #396, #294, #2496, #3452, #11, #1020, #3105, #3769, #3950, #1907, #2157, #3131, #1265, #2942, #1611, #618, #659, #2816, #3192, #3813, #2928, #3214, #960, #3316, #943, #2449, #332, #1536, #3579, #268, #2833, #1153, #1172, #3928, #1197, #4216, #2903, #1634, #2632, #1511, #2202, #2769, #3970, #2130, #696, #4172, #885, #2268, #3151, #1987, #4193, #219, #1330, #532, #1953, #1651, #2513, #2225, #1806, #551, #593, #2472, #3593, #2614, #3168, #2572, #3833, #4142, #1828, #1593, #1573, #3855, #3557, #2792, #1217, #1002, #4103, #1244, #1973, #714, #635, #3635, #1885, #1290, #863, #926, #368, #2886, #1935, #311, #979, #348 ) ) ;
#2838 = CARTESIAN_POINT ( 'NONE',  ( -4.150000000000000355, 7.299999999999998934, -1.750000000000000000 ) ) ;
#2839 = VECTOR ( 'NONE', #1473, 1000.000000000000000 ) ;
#2840 = ORIENTED_EDGE ( 'NONE', *, *, #251, .T. ) ;
#2841 = ORIENTED_EDGE ( 'NONE', *, *, #3493, .T. ) ;
#2842 = DIRECTION ( 'NONE',  ( 0.0000000000000000000, 0.0000000000000000000, 1.000000000000000000 ) ) ;
#2843 = CARTESIAN_POINT ( 'NONE',  ( -2.250000000000000000, 4.000000000000000000, 2.250000000000001332 ) ) ;
#2844 = DIRECTION ( 'NONE',  ( 0.0000000000000000000, -1.000000000000000000, 0.0000000000000000000 ) ) ;
#2845 = CARTESIAN_POINT ( 'NONE',  ( -3.800000000000000266, 6.150000000000000355, 2.750000000000000000 ) ) ;
#2846 = DIRECTION ( 'NONE',  ( -0.6585046078685190540, 0.7525766947068770474, 0.0000000000000000000 ) ) ;
#2847 = ORIENTED_EDGE ( 'NONE', *, *, #1595, .T. ) ;
#2848 = ORIENTED_EDGE ( 'NONE', *, *, #2007, .T. ) ;
#2849 = LINE ( 'NONE', #1556, #2790 ) ;
#2850 = ORIENTED_EDGE ( 'NONE', *, *, #1006, .T. ) ;
#2851 = PRESENTATION_LAYER_ASSIGNMENT (  '', '', ( #882 ) ) ;
#2852 = VECTOR ( 'NONE', #3265, 1000.000000000000000 ) ;
#2853 = CARTESIAN_POINT ( 'NONE',  ( 0.3499999999999999778, 7.000000000000000000, -1.150000000000000577 ) ) ;
#2854 = ORIENTED_EDGE ( 'NONE', *, *, #3890, .T. ) ;
#2855 = DIRECTION ( 'NONE',  ( -0.0000000000000000000, -0.0000000000000000000, -1.000000000000000000 ) ) ;
#2856 = DIRECTION ( 'NONE',  ( 1.000000000000000000, 0.0000000000000000000, 0.0000000000000000000 ) ) ;
#2857 = LINE ( 'NONE', #414, #3653 ) ;
#2858 = EDGE_CURVE ( 'NONE', #3182, #269, #2382, .T. ) ;
#2859 = ORIENTED_EDGE ( 'NONE', *, *, #1011, .T. ) ;
#2860 = AXIS2_PLACEMENT_3D ( 'NONE', #731, #3019, #2929 ) ;
#2861 = CARTESIAN_POINT ( 'NONE',  ( -5.599999999999999645, 2.999999999999895195, -4.000000000000000000 ) ) ;
#2862 = ADVANCED_FACE ( 'NONE', ( #4042 ), #1925, .T. ) ;
#2863 = ORIENTED_EDGE ( 'NONE', *, *, #117, .F. ) ;
#2864 = CARTESIAN_POINT ( 'NONE',  ( -0.3499999999999999778, 7.299999999999999822, 0.1499999999999999944 ) ) ;
#2865 = CARTESIAN_POINT ( 'NONE',  ( -5.899999999999999467, -2.168404344971008868E-16, -3.000000000000016875 ) ) ;
#2866 = SURFACE_STYLE_FILL_AREA ( #397 ) ;
#2867 = EDGE_LOOP ( 'NONE', ( #3628, #1850, #1585, #923, #562 ) ) ;
#2868 = ORIENTED_EDGE ( 'NONE', *, *, #2870, .T. ) ;
#2869 = DIRECTION ( 'NONE',  ( 0.6585046078685181659, 0.7525766947068778245, 0.0000000000000000000 ) ) ;
#2870 = EDGE_CURVE ( 'NONE', #798, #3182, #2820, .T. ) ;
#2871 = VECTOR ( 'NONE', #91, 1000.000000000000000 ) ;
#2872 = PLANE ( 'NONE',  #1734 ) ;
#2873 = VECTOR ( 'NONE', #4002, 1000.000000000000000 ) ;
#2874 = ORIENTED_EDGE ( 'NONE', *, *, #3372, .T. ) ;
#2875 = EDGE_CURVE ( 'NONE', #4068, #3808, #1099, .T. ) ;
#2876 = DIRECTION ( 'NONE',  ( -1.000000000000000000, -0.0000000000000000000, -0.0000000000000000000 ) ) ;
#2877 = DIRECTION ( 'NONE',  ( 1.000000000000000000, 0.0000000000000000000, 0.0000000000000000000 ) ) ;
#2878 = SURFACE_STYLE_FILL_AREA ( #2504 ) ;
#2879 = LINE ( 'NONE', #733, #3774 ) ;
#2880 = CARTESIAN_POINT ( 'NONE',  ( -1.500000000000000222, 7.399999999999998579, 2.249999999999998224 ) ) ;
#2881 = VERTEX_POINT ( 'NONE', #3696 ) ;
#2882 = AXIS2_PLACEMENT_3D ( 'NONE', #3247, #3264, #4026 ) ;
#2883 = DIRECTION ( 'NONE',  ( -1.000000000000000000, 0.0000000000000000000, -0.0000000000000000000 ) ) ;
#2884 = LINE ( 'NONE', #2527, #2021 ) ;
#2885 = VERTEX_POINT ( 'NONE', #2742 ) ;
#2886 = ADVANCED_FACE ( 'NONE', ( #254 ), #153, .T. ) ;
#2887 = EDGE_LOOP ( 'NONE', ( #2456 ) ) ;
#2888 = DIRECTION ( 'NONE',  ( 0.0000000000000000000, 0.0000000000000000000, -1.000000000000000000 ) ) ;
#2889 = AXIS2_PLACEMENT_3D ( 'NONE', #1576, #912, #1898 ) ;
#2890 = VECTOR ( 'NONE', #1630, 1000.000000000000000 ) ;
#2891 = CARTESIAN_POINT ( 'NONE',  ( -6.311904234057530871, -1.470747696065732857, -3.000000000000000000 ) ) ;
#2892 = DIRECTION ( 'NONE',  ( 0.0000000000000000000, 1.000000000000000000, 0.0000000000000000000 ) ) ;
#2893 = EDGE_CURVE ( 'NONE', #3076, #3430, #2718, .T. ) ;
#2894 = CARTESIAN_POINT ( 'NONE',  ( -0.2500000000000000000, 6.000000000000000000, 1.949999999999999734 ) ) ;
#2895 = EDGE_LOOP ( 'NONE', ( #2847 ) ) ;
#2896 = FACE_OUTER_BOUND ( 'NONE', #3439, .T. ) ;
#2897 = FILL_AREA_STYLE ('',( #2654 ) ) ;
#2898 = ORIENTED_EDGE ( 'NONE', *, *, #3043, .T. ) ;
#2899 = EDGE_CURVE ( 'NONE', #775, #3857, #1865, .T. ) ;
#2900 = DIRECTION ( 'NONE',  ( 0.0000000000000000000, -1.000000000000000000, 0.0000000000000000000 ) ) ;
#2901 = ORIENTED_EDGE ( 'NONE', *, *, #588, .T. ) ;
#2902 = CARTESIAN_POINT ( 'NONE',  ( -0.1000000000000000472, 6.150000000000000355, 2.249999999999999556 ) ) ;
#2903 = ADVANCED_FACE ( 'NONE', ( #1010 ), #4246, .T. ) ;
#2904 = VECTOR ( 'NONE', #534, 1000.000000000000000 ) ;
#2905 = CARTESIAN_POINT ( 'NONE',  ( 0.0000000000000000000, 6.999999999999999112, 0.0000000000000000000 ) ) ;
#2906 = CARTESIAN_POINT ( 'NONE',  ( -4.150000000000000355, 6.999999999999999112, -1.750000000000000000 ) ) ;
#2907 = ORIENTED_EDGE ( 'NONE', *, *, #949, .F. ) ;
#2908 = ORIENTED_EDGE ( 'NONE', *, *, #3178, .T. ) ;
#2909 = CARTESIAN_POINT ( 'NONE',  ( 0.3499999999999999778, 7.299999999999999822, -1.750000000000000000 ) ) ;
#2910 = UNCERTAINTY_MEASURE_WITH_UNIT (LENGTH_MEASURE( 1.000000000000000082E-05 ), #1436, 'distance_accuracy_value', 'NONE');
#2911 = VECTOR ( 'NONE', #1590, 1000.000000000000000 ) ;
#2912 = VECTOR ( 'NONE', #676, 1000.000000000000000 ) ;
#2913 = VERTEX_POINT ( 'NONE', #493 ) ;
#2914 = DIRECTION ( 'NONE',  ( 0.2425356250363290556, 0.0000000000000000000, 0.9701425001453328756 ) ) ;
#2915 = ORIENTED_EDGE ( 'NONE', *, *, #956, .T. ) ;
#2916 = ORIENTED_EDGE ( 'NONE', *, *, #2858, .T. ) ;
#2917 = ORIENTED_EDGE ( 'NONE', *, *, #422, .F. ) ;
#2918 = CARTESIAN_POINT ( 'NONE',  ( 1.435615886704083799, -1.799999999999999600, -3.000000000000000000 ) ) ;
#2919 = DIRECTION ( 'NONE',  ( -0.2425356250363320254, 0.0000000000000000000, -0.9701425001453320984 ) ) ;
#2920 = EDGE_CURVE ( 'NONE', #4253, #3041, #916, .T. ) ;
#2921 = LINE ( 'NONE', #1374, #2060 ) ;
#2922 = DIRECTION ( 'NONE',  ( 1.000000000000000000, -0.0000000000000000000, 0.0000000000000000000 ) ) ;
#2923 = CARTESIAN_POINT ( 'NONE',  ( -3.000000000000000000, 0.8999999999999999112, 0.9499999999999998446 ) ) ;
#2924 = VECTOR ( 'NONE', #2555, 1000.000000000000000 ) ;
#2925 = ORIENTED_EDGE ( 'NONE', *, *, #3886, .T. ) ;
#2926 = EDGE_CURVE ( 'NONE', #2913, #1205, #56, .T. ) ;
#2927 = DIRECTION ( 'NONE',  ( 0.0000000000000000000, 0.0000000000000000000, -1.000000000000000000 ) ) ;
#2928 = ADVANCED_FACE ( 'NONE', ( #821 ), #2970, .F. ) ;
#2929 = DIRECTION ( 'NONE',  ( -6.195440985631454331E-16, 0.0000000000000000000, -1.000000000000000000 ) ) ;
#2930 = CARTESIAN_POINT ( 'NONE',  ( -1.500000000000000000, 7.100000000000000533, 1.949999999999999956 ) ) ;
#2931 = VECTOR ( 'NONE', #3617, 1000.000000000000114 ) ;
#2932 = ORIENTED_EDGE ( 'NONE', *, *, #1627, .F. ) ;
#2933 = PRESENTATION_STYLE_ASSIGNMENT (( #1460 ) ) ;
#2934 = VECTOR ( 'NONE', #2520, 1000.000000000000000 ) ;
#2935 = CARTESIAN_POINT ( 'NONE',  ( -5.899999999999999467, -2.168404344971008868E-16, -3.000000000000016875 ) ) ;
#2936 = VERTEX_POINT ( 'NONE', #2044 ) ;
#2937 = DIRECTION ( 'NONE',  ( 0.0000000000000000000, 0.0000000000000000000, -1.000000000000000000 ) ) ;
#2938 = AXIS2_PLACEMENT_3D ( 'NONE', #2782, #1974, #24 ) ;
#2939 = DIRECTION ( 'NONE',  ( -1.000000000000000000, 0.0000000000000000000, -0.0000000000000000000 ) ) ;
#2940 = FACE_BOUND ( 'NONE', #1721, .T. ) ;
#2941 = CARTESIAN_POINT ( 'NONE',  ( 1.100000000000000089, 1.000000000000000000, 0.2500000000000002220 ) ) ;
#2942 = ADVANCED_FACE ( 'NONE', ( #3424 ), #3401, .F. ) ;
#2943 = LINE ( 'NONE', #1451, #1273 ) ;
#2944 = EDGE_CURVE ( 'NONE', #3936, #1829, #3309, .T. ) ;
#2945 = DIRECTION ( 'NONE',  ( 1.000000000000000000, -0.0000000000000000000, -0.0000000000000000000 ) ) ;
#2946 = DIRECTION ( 'NONE',  ( -0.0000000000000000000, 1.000000000000000000, 0.0000000000000000000 ) ) ;
#2947 = ORIENTED_EDGE ( 'NONE', *, *, #2535, .T. ) ;
#2948 = LINE ( 'NONE', #3285, #3642 ) ;
#2949 = PLANE ( 'NONE',  #1752 ) ;
#2950 = DIRECTION ( 'NONE',  ( 1.000000000000000000, -0.0000000000000000000, -0.0000000000000000000 ) ) ;
#2951 = SURFACE_STYLE_USAGE ( .BOTH. , #2324 ) ;
#2952 = EDGE_CURVE ( 'NONE', #1531, #1044, #4201, .T. ) ;
#2953 = EDGE_LOOP ( 'NONE', ( #437 ) ) ;
#2954 = FACE_OUTER_BOUND ( 'NONE', #74, .T. ) ;
#2955 = ORIENTED_EDGE ( 'NONE', *, *, #3524, .F. ) ;
#2956 = DIRECTION ( 'NONE',  ( 0.9701425001453323205, 0.0000000000000000000, 0.2425356250363315813 ) ) ;
#2957 = CARTESIAN_POINT ( 'NONE',  ( -4.150000000000000355, 1.000000000000000000, 0.1499999999999999944 ) ) ;
#2958 = LINE ( 'NONE', #27, #1338 ) ;
#2959 = PLANE ( 'NONE',  #1984 ) ;
#2960 = ORIENTED_EDGE ( 'NONE', *, *, #1204, .T. ) ;
#2961 =( NAMED_UNIT ( * ) SI_UNIT ( $, .STERADIAN. ) SOLID_ANGLE_UNIT ( ) );
#2962 = AXIS2_PLACEMENT_3D ( 'NONE', #19, #3944, #3866 ) ;
#2963 = CARTESIAN_POINT ( 'NONE',  ( -4.850000000000000533, 6.999999999999999112, 0.1499999999999999944 ) ) ;
#2964 = DIRECTION ( 'NONE',  ( 0.0000000000000000000, -0.0000000000000000000, 1.000000000000000000 ) ) ;
#2965 = LINE ( 'NONE', #1200, #507 ) ;
#2966 = EDGE_LOOP ( 'NONE', ( #364, #240, #2403, #3995 ) ) ;
#2967 = CARTESIAN_POINT ( 'NONE',  ( -5.608957249956400659, 5.000000000000000000, 1.722760687510899835 ) ) ;
#2968 = ORIENTED_EDGE ( 'NONE', *, *, #2808, .F. ) ;
#2969 = EDGE_LOOP ( 'NONE', ( #1914, #4100, #2035, #870, #427, #965 ) ) ;
#2970 = PLANE ( 'NONE',  #1137 ) ;
#2971 = DIRECTION ( 'NONE',  ( -0.0000000000000000000, -1.000000000000000000, -0.0000000000000000000 ) ) ;
#2972 = LINE ( 'NONE', #3739, #2205 ) ;
#2973 = EDGE_LOOP ( 'NONE', ( #2042 ) ) ;
#2974 = AXIS2_PLACEMENT_3D ( 'NONE', #3592, #3492, #1309 ) ;
#2975 = VECTOR ( 'NONE', #2214, 1000.000000000000114 ) ;
#2976 = ORIENTED_EDGE ( 'NONE', *, *, #1026, .T. ) ;
#2977 = DIRECTION ( 'NONE',  ( 0.0000000000000000000, -1.000000000000000000, 0.0000000000000000000 ) ) ;
#2978 = EDGE_CURVE ( 'NONE', #1164, #1522, #3516, .T. ) ;
#2979 = CARTESIAN_POINT ( 'NONE',  ( 1.399999999999999911, 1.705840330101707428E-14, -3.000000000000000000 ) ) ;
#2980 = LINE ( 'NONE', #3443, #2873 ) ;
#2981 = ORIENTED_EDGE ( 'NONE', *, *, #363, .T. ) ;
#2982 = CARTESIAN_POINT ( 'NONE',  ( 1.399999999999999911, 1.000000000000000000, 2.250000000000000000 ) ) ;
#2983 = EDGE_LOOP ( 'NONE', ( #3042, #2335, #2925, #457 ) ) ;
#2984 = CARTESIAN_POINT ( 'NONE',  ( 1.100000000000000089, 4.999999999999999112, 1.686931687685299996 ) ) ;
#2985 = CARTESIAN_POINT ( 'NONE',  ( 0.0000000000000000000, 7.299999999999998934, 0.0000000000000000000 ) ) ;
#2986 = VECTOR ( 'NONE', #3022, 1000.000000000000000 ) ;
#2987 = VERTEX_POINT ( 'NONE', #3370 ) ;
#2988 = EDGE_CURVE ( 'NONE', #2101, #4204, #4089, .T. ) ;
#2989 = VERTEX_POINT ( 'NONE', #3384 ) ;
#2990 = VECTOR ( 'NONE', #2561, 1000.000000000000000 ) ;
#2991 = CARTESIAN_POINT ( 'NONE',  ( 1.399999999999999911, 5.000000000000000000, -1.149999999999999911 ) ) ;
#2992 = VERTEX_POINT ( 'NONE', #2036 ) ;
#2993 = AXIS2_PLACEMENT_3D ( 'NONE', #3840, #3915, #2856 ) ;
#2994 = DIRECTION ( 'NONE',  ( -0.6585046078685181659, 0.7525766947068778245, 0.0000000000000000000 ) ) ;
#2995 = CARTESIAN_POINT ( 'NONE',  ( -1.499999999999999778, 0.9999999999999986677, 1.949999999999997957 ) ) ;
#2996 = PLANE ( 'NONE',  #582 ) ;
#2997 = LINE ( 'NONE', #100, #1832 ) ;
#2998 = AXIS2_PLACEMENT_3D ( 'NONE', #1248, #652, #2576 ) ;
#2999 = CARTESIAN_POINT ( 'NONE',  ( -5.599999999999999645, 3.000000000000000000, 1.686931687685304881 ) ) ;
#3000 = EDGE_LOOP ( 'NONE', ( #3241, #1897, #2746, #3290 ) ) ;
#3001 = ORIENTED_EDGE ( 'NONE', *, *, #1771, .F. ) ;
#3002 = CARTESIAN_POINT ( 'NONE',  ( -5.899999999999999467, 3.000000000000000000, 1.649999999999999911 ) ) ;
#3003 = VECTOR ( 'NONE', #1679, 1000.000000000000000 ) ;
#3004 =( LENGTH_UNIT ( ) NAMED_UNIT ( * ) SI_UNIT ( .MILLI., .METRE. ) );
#3005 = EDGE_CURVE ( 'NONE', #2265, #2140, #715, .T. ) ;
#3006 = STYLED_ITEM ( 'NONE', ( #2001 ), #3928 ) ;
#3007 = VERTEX_POINT ( 'NONE', #3725 ) ;
#3008 = CARTESIAN_POINT ( 'NONE',  ( 0.7500000000000000000, 1.000000000000000000, -1.149999999999999911 ) ) ;
#3009 = CARTESIAN_POINT ( 'NONE',  ( -0.3499999999999999778, 7.299999999999999822, 0.1499999999999999944 ) ) ;
#3010 = ORIENTED_EDGE ( 'NONE', *, *, #1889, .F. ) ;
#3011 = EDGE_CURVE ( 'NONE', #2612, #795, #2323, .T. ) ;
#3012 = PLANE ( 'NONE',  #3932 ) ;
#3013 = COLOUR_RGB ( '',0.8392156862745098200, 0.8392156862745098200, 0.9215686274509803377 ) ;
#3014 = CARTESIAN_POINT ( 'NONE',  ( -5.599999999999999645, 1.000000000000000000, 1.949999999999999956 ) ) ;
#3015 = FACE_OUTER_BOUND ( 'NONE', #2824, .T. ) ;
#3016 = DIRECTION ( 'NONE',  ( 0.0000000000000000000, 6.643448811904929652E-17, 1.000000000000000000 ) ) ;
#3017 = VERTEX_POINT ( 'NONE', #1823 ) ;
#3018 = EDGE_LOOP ( 'NONE', ( #3277, #125, #278, #3481 ) ) ;
#3019 = DIRECTION ( 'NONE',  ( 0.0000000000000000000, 1.000000000000000000, 0.0000000000000000000 ) ) ;
#3020 = ORIENTED_EDGE ( 'NONE', *, *, #2127, .F. ) ;
#3021 = AXIS2_PLACEMENT_3D ( 'NONE', #2429, #2594, #3843 ) ;
#3022 = DIRECTION ( 'NONE',  ( 0.6585046078685159454, -0.7525766947068797119, 0.0000000000000000000 ) ) ;
#3023 = DIRECTION ( 'NONE',  ( 0.0000000000000000000, -1.000000000000000000, -2.168404344971010101E-16 ) ) ;
#3024 = VECTOR ( 'NONE', #1480, 1000.000000000000114 ) ;
#3025 = ORIENTED_EDGE ( 'NONE', *, *, #533, .T. ) ;
#3026 = CYLINDRICAL_SURFACE ( 'NONE', #4120, 0.5000000000000000000 ) ;
#3027 = VERTEX_POINT ( 'NONE', #3585 ) ;
#3028 = ORIENTED_EDGE ( 'NONE', *, *, #3740, .F. ) ;
#3029 = UNCERTAINTY_MEASURE_WITH_UNIT (LENGTH_MEASURE( 1.000000000000000082E-05 ), #1057, 'distance_accuracy_value', 'NONE');
#3030 = PRESENTATION_STYLE_ASSIGNMENT (( #2084 ) ) ;
#3031 = ORIENTED_EDGE ( 'NONE', *, *, #2630, .T. ) ;
#3032 = ORIENTED_EDGE ( 'NONE', *, *, #3793, .F. ) ;
#3033 = MECHANICAL_DESIGN_GEOMETRIC_PRESENTATION_REPRESENTATION (  '', ( #2595 ), #3256 ) ;
#3034 = FILL_AREA_STYLE_COLOUR ( '', #1640 ) ;
#3035 = VERTEX_POINT ( 'NONE', #2373 ) ;
#3036 = FACE_OUTER_BOUND ( 'NONE', #866, .T. ) ;
#3037 = DIRECTION ( 'NONE',  ( -0.0000000000000000000, 1.705811418043860099E-14, 1.000000000000000000 ) ) ;
#3038 = PLANE ( 'NONE',  #369 ) ;
#3039 = VECTOR ( 'NONE', #3228, 1000.000000000000000 ) ;
#3040 = CARTESIAN_POINT ( 'NONE',  ( 1.100000000000000089, -1.112720534831482144, -3.000000000000000000 ) ) ;
#3041 = VERTEX_POINT ( 'NONE', #1639 ) ;
#3042 = ORIENTED_EDGE ( 'NONE', *, *, #4206, .T. ) ;
#3043 = EDGE_CURVE ( 'NONE', #356, #2613, #3090, .T. ) ;
#3044 = DIRECTION ( 'NONE',  ( -1.084202172485503818E-16, 2.168404344971010101E-16, -1.000000000000000000 ) ) ;
#3045 = VERTEX_POINT ( 'NONE', #2086 ) ;
#3046 = LINE ( 'NONE', #4166, #2163 ) ;
#3047 = DIRECTION ( 'NONE',  ( 0.0000000000000000000, -1.000000000000000000, 0.0000000000000000000 ) ) ;
#3048 = PLANE ( 'NONE',  #1067 ) ;
#3049 = LINE ( 'NONE', #1677, #2276 ) ;
#3050 = DIRECTION ( 'NONE',  ( -8.131516293641283255E-17, 0.0000000000000000000, -1.000000000000000000 ) ) ;
#3051 = CARTESIAN_POINT ( 'NONE',  ( 1.399999999999999911, 2.500000000000000000, -3.499999999999991562 ) ) ;
#3052 = EDGE_CURVE ( 'NONE', #2679, #3808, #622, .T. ) ;
#3053 = SURFACE_SIDE_STYLE ('',( #3244 ) ) ;
#3054 = CARTESIAN_POINT ( 'NONE',  ( -6.086131225645458720, -1.931700921573703100, -2.000000000000000000 ) ) ;
#3055 = EDGE_LOOP ( 'NONE', ( #3764, #466, #2219, #1597 ) ) ;
#3056 = AXIS2_PLACEMENT_3D ( 'NONE', #1054, #344, #2770 ) ;
#3057 = CARTESIAN_POINT ( 'NONE',  ( -5.549999999999999822, 3.000000000000000000, 0.2500000000000000000 ) ) ;
#3058 = FACE_OUTER_BOUND ( 'NONE', #2867, .T. ) ;
#3059 = DIRECTION ( 'NONE',  ( -0.6585046078685201643, -0.7525766947068760482, 0.0000000000000000000 ) ) ;
#3060 = CLOSED_SHELL ( 'NONE', ( #4123, #2246, #3881 ) ) ;
#3061 = AXIS2_PLACEMENT_3D ( 'NONE', #1107, #811, #3421 ) ;
#3062 = CARTESIAN_POINT ( 'NONE',  ( -5.899999999999999467, 3.000000000000000000, 1.649999999999999911 ) ) ;
#3063 = LINE ( 'NONE', #1720, #2839 ) ;
#3064 = DIRECTION ( 'NONE',  ( 1.000000000000000000, 0.0000000000000000000, 0.0000000000000000000 ) ) ;
#3065 = ORIENTED_EDGE ( 'NONE', *, *, #857, .F. ) ;
#3066 = DIRECTION ( 'NONE',  ( -0.0000000000000000000, -0.0000000000000000000, -1.000000000000000000 ) ) ;
#3067 = VECTOR ( 'NONE', #2062, 1000.000000000000000 ) ;
#3068 = EDGE_CURVE ( 'NONE', #1658, #2936, #1355, .T. ) ;
#3069 = ORIENTED_EDGE ( 'NONE', *, *, #769, .T. ) ;
#3070 = ORIENTED_EDGE ( 'NONE', *, *, #1299, .F. ) ;
#3071 = EDGE_CURVE ( 'NONE', #1074, #2612, #1563, .T. ) ;
#3072 = CARTESIAN_POINT ( 'NONE',  ( 0.7619889452693550114, 3.000000000000000000, 0.3348874687627164670 ) ) ;
#3073 = FACE_OUTER_BOUND ( 'NONE', #1601, .T. ) ;
#3074 = ORIENTED_EDGE ( 'NONE', *, *, #3127, .T. ) ;
#3075 = DIRECTION ( 'NONE',  ( -1.000000000000000000, 0.0000000000000000000, 0.0000000000000000000 ) ) ;
#3076 = VERTEX_POINT ( 'NONE', #3002 ) ;
#3077 = CARTESIAN_POINT ( 'NONE',  ( -1.499999999999999778, 0.9999999999999986677, 1.949999999999997957 ) ) ;
#3078 = CARTESIAN_POINT ( 'NONE',  ( -4.850000000000000533, 1.000000000000000000, -0.1499999999999999944 ) ) ;
#3079 = CARTESIAN_POINT ( 'NONE',  ( 2.100999999999999535, 3.000000000000000000, -4.000000000000000000 ) ) ;
#3080 = CARTESIAN_POINT ( 'NONE',  ( 1.399999999999999911, 1.705840330101707428E-14, -3.000000000000000000 ) ) ;
#3081 = ORIENTED_EDGE ( 'NONE', *, *, #221, .F. ) ;
#3082 = LINE ( 'NONE', #3324, #513 ) ;
#3083 = ORIENTED_EDGE ( 'NONE', *, *, #2082, .T. ) ;
#3084 = ORIENTED_EDGE ( 'NONE', *, *, #3665, .T. ) ;
#3085 = LINE ( 'NONE', #3490, #3661 ) ;
#3086 = AXIS2_PLACEMENT_3D ( 'NONE', #2154, #231, #2483 ) ;
#3087 = DIRECTION ( 'NONE',  ( 0.0000000000000000000, 0.0000000000000000000, 1.000000000000000000 ) ) ;
#3088 = CARTESIAN_POINT ( 'NONE',  ( -3.000000000000000000, 7.100000000000000533, 0.9499999999999998446 ) ) ;
#3089 = DIRECTION ( 'NONE',  ( 1.000000000000000000, 0.0000000000000000000, -0.0000000000000000000 ) ) ;
#3090 = LINE ( 'NONE', #436, #2216 ) ;
#3091 = EDGE_LOOP ( 'NONE', ( #2748, #2901, #166, #190 ) ) ;
#3092 = CARTESIAN_POINT ( 'NONE',  ( 1.399999999999999911, 1.000000000000000000, 2.250000000000000000 ) ) ;
#3093 = EDGE_CURVE ( 'NONE', #589, #1164, #3879, .T. ) ;
#3094 = AXIS2_PLACEMENT_3D ( 'NONE', #4226, #3805, #1114 ) ;
#3095 = DIRECTION ( 'NONE',  ( 0.0000000000000000000, -1.000000000000000000, 0.0000000000000000000 ) ) ;
#3096 = VECTOR ( 'NONE', #455, 1000.000000000000000 ) ;
#3097 = LINE ( 'NONE', #3072, #527 ) ;
#3098 = EDGE_CURVE ( 'NONE', #2712, #1154, #2980, .T. ) ;
#3099 = COLOUR_RGB ( '',0.8392156862745098200, 0.8392156862745098200, 0.9215686274509803377 ) ;
#3100 = EDGE_CURVE ( 'NONE', #4079, #3245, #3770, .T. ) ;
#3101 = DIRECTION ( 'NONE',  ( 0.0000000000000000000, 0.0000000000000000000, 1.000000000000000000 ) ) ;
#3102 = CARTESIAN_POINT ( 'NONE',  ( 0.3499999999999999778, 1.000000000000000000, 0.1499999999999999944 ) ) ;
#3103 = ORIENTED_EDGE ( 'NONE', *, *, #3306, .T. ) ;
#3104 = ORIENTED_EDGE ( 'NONE', *, *, #3476, .T. ) ;
#3105 = ADVANCED_FACE ( 'NONE', ( #310 ), #876, .F. ) ;
#3106 = VECTOR ( 'NONE', #3183, 1000.000000000000000 ) ;
#3107 = STYLED_ITEM ( 'NONE', ( #3112 ), #1302 ) ;
#3108 = DIRECTION ( 'NONE',  ( -0.2425356250363329691, 0.0000000000000000000, 0.9701425001453318764 ) ) ;
#3109 = LINE ( 'NONE', #1902, #3003 ) ;
#3110 = ORIENTED_EDGE ( 'NONE', *, *, #3719, .F. ) ;
#3111 = LINE ( 'NONE', #4086, #3341 ) ;
#3112 = PRESENTATION_STYLE_ASSIGNMENT (( #16 ) ) ;
#3113 = DIRECTION ( 'NONE',  ( 0.6585046078685201643, 0.7525766947068760482, 0.0000000000000000000 ) ) ;
#3114 =( LENGTH_UNIT ( ) NAMED_UNIT ( * ) SI_UNIT ( .MILLI., .METRE. ) );
#3115 = CARTESIAN_POINT ( 'NONE',  ( 2.100999999999999535, 6.499999999999999112, -1.750000000000000000 ) ) ;
#3116 = CARTESIAN_POINT ( 'NONE',  ( -5.599999999999999645, 7.000000000000000000, 1.949999999999999956 ) ) ;
#3117 = VERTEX_POINT ( 'NONE', #556 ) ;
#3118 = EDGE_CURVE ( 'NONE', #173, #1724, #3667, .T. ) ;
#3119 = ORIENTED_EDGE ( 'NONE', *, *, #3325, .T. ) ;
#3120 = ORIENTED_EDGE ( 'NONE', *, *, #3631, .T. ) ;
#3121 = CARTESIAN_POINT ( 'NONE',  ( 0.7500000000000000000, 6.999999999999999112, 1.939999999999999725 ) ) ;
#3122 = LINE ( 'NONE', #1015, #3024 ) ;
#3123 = ORIENTED_EDGE ( 'NONE', *, *, #2579, .F. ) ;
#3124 = CARTESIAN_POINT ( 'NONE',  ( -5.250000000000000000, 1.000000000000000000, 1.940000000000000169 ) ) ;
#3125 = VERTEX_POINT ( 'NONE', #4063 ) ;
#3126 = ORIENTED_EDGE ( 'NONE', *, *, #1238, .F. ) ;
#3127 = EDGE_CURVE ( 'NONE', #1339, #996, #1055, .T. ) ;
#3128 = DIRECTION ( 'NONE',  ( 0.0000000000000000000, 1.000000000000000000, 0.0000000000000000000 ) ) ;
#3129 = FACE_OUTER_BOUND ( 'NONE', #2701, .T. ) ;
#3130 = ORIENTED_EDGE ( 'NONE', *, *, #2815, .T. ) ;
#3131 = ADVANCED_FACE ( 'NONE', ( #2762 ), #146, .F. ) ;
#3132 = DIRECTION ( 'NONE',  ( 0.0000000000000000000, 0.0000000000000000000, 1.000000000000000000 ) ) ;
#3133 = UNCERTAINTY_MEASURE_WITH_UNIT (LENGTH_MEASURE( 1.000000000000000082E-05 ), #674, 'distance_accuracy_value', 'NONE');
#3134 = CARTESIAN_POINT ( 'NONE',  ( -5.000000000000000888, 6.150000000000000355, 2.249999999999999556 ) ) ;
#3135 = CARTESIAN_POINT ( 'NONE',  ( 1.399999999999999911, 1.000000000000000000, 1.250000000000000000 ) ) ;
#3136 = CARTESIAN_POINT ( 'NONE',  ( 1.399999999999999911, -1.000000000000005551, -2.000000000000000000 ) ) ;
#3137 = FACE_OUTER_BOUND ( 'NONE', #417, .T. ) ;
#3138 = ORIENTED_EDGE ( 'NONE', *, *, #1081, .F. ) ;
#3139 = DIRECTION ( 'NONE',  ( 1.000000000000000000, 0.0000000000000000000, 0.0000000000000000000 ) ) ;
#3140 = AXIS2_PLACEMENT_3D ( 'NONE', #3873, #3189, #2846 ) ;
#3141 = VECTOR ( 'NONE', #1008, 1000.000000000000000 ) ;
#3142 = LINE ( 'NONE', #2838, #1918 ) ;
#3143 = DIRECTION ( 'NONE',  ( 0.0000000000000000000, 0.0000000000000000000, -1.000000000000000000 ) ) ;
#3144 = COLOUR_RGB ( '',0.7921568627450980005, 0.8196078431372548767, 0.9333333333333333481 ) ;
#3145 = FACE_OUTER_BOUND ( 'NONE', #706, .T. ) ;
#3146 = EDGE_CURVE ( 'NONE', #1515, #2038, #1912, .T. ) ;
#3147 = SURFACE_STYLE_USAGE ( .BOTH. , #1185 ) ;
#3148 = CARTESIAN_POINT ( 'NONE',  ( -5.549999999999999822, 5.000000000000000000, 0.2500000000000000000 ) ) ;
#3149 = VECTOR ( 'NONE', #3348, 1000.000000000000000 ) ;
#3150 = VERTEX_POINT ( 'NONE', #4190 ) ;
#3151 = ADVANCED_FACE ( 'NONE', ( #958 ), #1053, .F. ) ;
#3152 = DIRECTION ( 'NONE',  ( 0.0000000000000000000, 1.000000000000000000, 0.0000000000000000000 ) ) ;
#3153 = EDGE_CURVE ( 'NONE', #1508, #1670, #101, .T. ) ;
#3154 = CARTESIAN_POINT ( 'NONE',  ( -1.500000000000000000, 0.8999999999999999112, 0.9499999999999998446 ) ) ;
#3155 = DIRECTION ( 'NONE',  ( 0.0000000000000000000, 0.0000000000000000000, -1.000000000000000000 ) ) ;
#3156 = SURFACE_STYLE_FILL_AREA ( #1157 ) ;
#3157 = DIRECTION ( 'NONE',  ( -1.000000000000000000, 0.0000000000000000000, -0.0000000000000000000 ) ) ;
#3158 = DIRECTION ( 'NONE',  ( -0.0000000000000000000, 1.000000000000000000, -0.0000000000000000000 ) ) ;
#3159 = DIRECTION ( 'NONE',  ( -1.000000000000000000, -0.0000000000000000000, -0.0000000000000000000 ) ) ;
#3160 = ORIENTED_EDGE ( 'NONE', *, *, #1684, .T. ) ;
#3161 = DIRECTION ( 'NONE',  ( -1.000000000000000000, -0.0000000000000000000, -0.0000000000000000000 ) ) ;
#3162 = VECTOR ( 'NONE', #2842, 1000.000000000000000 ) ;
#3163 = DIRECTION ( 'NONE',  ( 1.000000000000000000, -0.0000000000000000000, -0.0000000000000000000 ) ) ;
#3164 = ORIENTED_EDGE ( 'NONE', *, *, #3270, .T. ) ;
#3165 = ORIENTED_EDGE ( 'NONE', *, *, #1654, .F. ) ;
#3166 = AXIS2_PLACEMENT_3D ( 'NONE', #3523, #3660, #2063 ) ;
#3167 = DIRECTION ( 'NONE',  ( -0.0000000000000000000, -0.0000000000000000000, -1.000000000000000000 ) ) ;
#3168 = ADVANCED_FACE ( 'NONE', ( #3464 ), #441, .F. ) ;
#3169 = CARTESIAN_POINT ( 'NONE',  ( 0.3499999999999999778, 7.000000000000000000, 0.1499999999999999944 ) ) ;
#3170 = CYLINDRICAL_SURFACE ( 'NONE', #3391, 0.5999999999999999778 ) ;
#3171 = ORIENTED_EDGE ( 'NONE', *, *, #1319, .F. ) ;
#3172 = CARTESIAN_POINT ( 'NONE',  ( 1.100000000000000089, 1.000000000000000000, 0.2500000000000002220 ) ) ;
#3173 = EDGE_CURVE ( 'NONE', #1413, #4253, #2577, .T. ) ;
#3174 = ORIENTED_EDGE ( 'NONE', *, *, #3743, .F. ) ;
#3175 = ORIENTED_EDGE ( 'NONE', *, *, #287, .F. ) ;
#3176 =( NAMED_UNIT ( * ) SI_UNIT ( $, .STERADIAN. ) SOLID_ANGLE_UNIT ( ) );
#3177 = DIRECTION ( 'NONE',  ( -1.000000000000000000, -0.0000000000000000000, -0.0000000000000000000 ) ) ;
#3178 = EDGE_CURVE ( 'NONE', #3150, #1515, #1814, .T. ) ;
#3179 = PLANE ( 'NONE',  #1184 ) ;
#3180 = CARTESIAN_POINT ( 'NONE',  ( -5.899999999999999467, 5.000000000000000000, 1.649999999999999911 ) ) ;
#3181 = VECTOR ( 'NONE', #1268, 1000.000000000000000 ) ;
#3182 = VERTEX_POINT ( 'NONE', #1703 ) ;
#3183 = DIRECTION ( 'NONE',  ( 0.0000000000000000000, 1.000000000000000000, -1.705811418043860099E-14 ) ) ;
#3184 = DIRECTION ( 'NONE',  ( 0.0000000000000000000, -1.000000000000000000, 0.0000000000000000000 ) ) ;
#3185 =( NAMED_UNIT ( * ) SI_UNIT ( $, .STERADIAN. ) SOLID_ANGLE_UNIT ( ) );
#3186 = VECTOR ( 'NONE', #518, 1000.000000000000000 ) ;
#3187 = ORIENTED_EDGE ( 'NONE', *, *, #2952, .T. ) ;
#3188 = DIRECTION ( 'NONE',  ( 1.000000000000000000, 0.0000000000000000000, 0.0000000000000000000 ) ) ;
#3189 = DIRECTION ( 'NONE',  ( -0.7525766947068770474, -0.6585046078685190540, 0.0000000000000000000 ) ) ;
#3190 = PRESENTATION_LAYER_ASSIGNMENT (  '', '', ( #2730 ) ) ;
#3191 = VERTEX_POINT ( 'NONE', #2957 ) ;
#3192 = ADVANCED_FACE ( 'NONE', ( #4252 ), #3560, .T. ) ;
#3193 = PRESENTATION_STYLE_ASSIGNMENT (( #2951 ) ) ;
#3194 = LINE ( 'NONE', #151, #2326 ) ;
#3195 = ORIENTED_EDGE ( 'NONE', *, *, #2359, .F. ) ;
#3196 = DIRECTION ( 'NONE',  ( 0.9701425001453322094, 0.0000000000000000000, -0.2425356250363320532 ) ) ;
#3197 = LINE ( 'NONE', #2432, #1870 ) ;
#3198 = PRESENTATION_LAYER_ASSIGNMENT (  '', '', ( #2736 ) ) ;
#3199 = ORIENTED_EDGE ( 'NONE', *, *, #2077, .F. ) ;
#3200 = VECTOR ( 'NONE', #119, 1000.000000000000000 ) ;
#3201 = DIRECTION ( 'NONE',  ( -0.0000000000000000000, -0.0000000000000000000, 1.000000000000000000 ) ) ;
#3202 = FACE_OUTER_BOUND ( 'NONE', #2973, .T. ) ;
#3203 = DIRECTION ( 'NONE',  ( 1.000000000000000000, 0.0000000000000000000, -0.0000000000000000000 ) ) ;
#3204 = EDGE_CURVE ( 'NONE', #1048, #3519, #1713, .T. ) ;
#3205 = CARTESIAN_POINT ( 'NONE',  ( -3.000000000000000000, 0.5999999999999999778, 2.250000000000000000 ) ) ;
#3206 = DIRECTION ( 'NONE',  ( 0.0000000000000000000, 1.000000000000000000, -0.0000000000000000000 ) ) ;
#3207 = VECTOR ( 'NONE', #2133, 1000.000000000000000 ) ;
#3208 = EDGE_CURVE ( 'NONE', #697, #226, #3365, .T. ) ;
#3209 = CLOSED_SHELL ( 'NONE', ( #3534, #3788, #2114 ) ) ;
#3210 = ORIENTED_EDGE ( 'NONE', *, *, #1813, .F. ) ;
#3211 = CARTESIAN_POINT ( 'NONE',  ( -6.599999999999999645, -1.799999999999982725, -3.000000000000000000 ) ) ;
#3212 = LINE ( 'NONE', #2005, #3106 ) ;
#3213 = CARTESIAN_POINT ( 'NONE',  ( 1.399999999999999911, 3.000000000000000000, -1.149999999999999911 ) ) ;
#3214 = ADVANCED_FACE ( 'NONE', ( #2479, #766 ), #4221, .T. ) ;
#3215 = CARTESIAN_POINT ( 'NONE',  ( -5.899999999999999467, 3.000000000000000000, -4.000000000000000000 ) ) ;
#3216 = CYLINDRICAL_SURFACE ( 'NONE', #3056, 0.5000000000000000000 ) ;
#3217 = AXIS2_PLACEMENT_3D ( 'NONE', #530, #37, #3132 ) ;
#3218 = CARTESIAN_POINT ( 'NONE',  ( 1.100000000000000311, 4.999999999999999112, 0.4500000000000030087 ) ) ;
#3219 = ORIENTED_EDGE ( 'NONE', *, *, #1548, .F. ) ;
#3220 = DIRECTION ( 'NONE',  ( 0.0000000000000000000, 0.0000000000000000000, 1.000000000000000000 ) ) ;
#3221 = VECTOR ( 'NONE', #3630, 1000.000000000000000 ) ;
#3222 = STYLED_ITEM ( 'NONE', ( #1528 ), #2246 ) ;
#3223 = VECTOR ( 'NONE', #3784, 1000.000000000000000 ) ;
#3224 = COLOUR_RGB ( '',0.7921568627450980005, 0.8196078431372548767, 0.9333333333333333481 ) ;
#3225 = ORIENTED_EDGE ( 'NONE', *, *, #3969, .F. ) ;
#3226 = CARTESIAN_POINT ( 'NONE',  ( -5.601538820320220324, 3.000000000000000000, 0.2500000000000000000 ) ) ;
#3227 = EDGE_LOOP ( 'NONE', ( #3753, #242, #759, #749 ) ) ;
#3228 = DIRECTION ( 'NONE',  ( 0.0000000000000000000, 6.643448811904929652E-17, 1.000000000000000000 ) ) ;
#3229 = LINE ( 'NONE', #2517, #1497 ) ;
#3230 = VERTEX_POINT ( 'NONE', #1588 ) ;
#3231 = EDGE_CURVE ( 'NONE', #3917, #1413, #864, .T. ) ;
#3232 = ORIENTED_EDGE ( 'NONE', *, *, #2815, .F. ) ;
#3233 = AXIS2_PLACEMENT_3D ( 'NONE', #823, #637, #595 ) ;
#3234 = DIRECTION ( 'NONE',  ( -0.0000000000000000000, -1.000000000000000000, -0.0000000000000000000 ) ) ;
#3235 = CARTESIAN_POINT ( 'NONE',  ( -3.000000000000000444, 7.000000000000000000, 2.250000000000000000 ) ) ;
#3236 = CARTESIAN_POINT ( 'NONE',  ( -3.000000000000000444, 7.400000000000000355, 2.250000000000000000 ) ) ;
#3237 = FILL_AREA_STYLE_COLOUR ( '', #2280 ) ;
#3238 = DIRECTION ( 'NONE',  ( -1.000000000000000000, 0.0000000000000000000, 0.0000000000000000000 ) ) ;
#3239 = VECTOR ( 'NONE', #2950, 1000.000000000000000 ) ;
#3240 = PRESENTATION_LAYER_ASSIGNMENT (  '', '', ( #3860 ) ) ;
#3241 = ORIENTED_EDGE ( 'NONE', *, *, #3390, .F. ) ;
#3242 = EDGE_CURVE ( 'NONE', #2076, #3960, #2377, .T. ) ;
#3243 = ADVANCED_FACE ( 'NONE', ( #3137 ), #3998, .T. ) ;
#3244 = SURFACE_STYLE_FILL_AREA ( #2073 ) ;
#3245 = VERTEX_POINT ( 'NONE', #1179 ) ;
#3246 = FACE_OUTER_BOUND ( 'NONE', #3266, .T. ) ;
#3247 = CARTESIAN_POINT ( 'NONE',  ( 0.0000000000000000000, 6.000000000000000000, 0.0000000000000000000 ) ) ;
#3248 = LINE ( 'NONE', #4030, #3039 ) ;
#3249 = AXIS2_PLACEMENT_3D ( 'NONE', #2767, #2091, #687 ) ;
#3250 = PLANE ( 'NONE',  #50 ) ;
#3251 = VECTOR ( 'NONE', #764, 1000.000000000000114 ) ;
#3252 = ORIENTED_EDGE ( 'NONE', *, *, #1238, .T. ) ;
#3253 = DIRECTION ( 'NONE',  ( -0.0000000000000000000, 1.000000000000000000, 0.0000000000000000000 ) ) ;
#3254 = CARTESIAN_POINT ( 'NONE',  ( 1.100000000000000755, -1.112720534831484365, -3.000000000000000000 ) ) ;
#3255 = VERTEX_POINT ( 'NONE', #2814 ) ;
#3256 =( GEOMETRIC_REPRESENTATION_CONTEXT ( 3 ) GLOBAL_UNCERTAINTY_ASSIGNED_CONTEXT ( ( #3364 ) ) GLOBAL_UNIT_ASSIGNED_CONTEXT ( ( #3722, #3633, #3412 ) ) REPRESENTATION_CONTEXT ( 'NONE', 'WORKASPACE' ) );
#3257 = LINE ( 'NONE', #3080, #679 ) ;
#3258 = FACE_OUTER_BOUND ( 'NONE', #716, .T. ) ;
#3259 = DIRECTION ( 'NONE',  ( 0.7525766947068760482, -0.6585046078685201643, 0.0000000000000000000 ) ) ;
#3260 = DIRECTION ( 'NONE',  ( -0.0000000000000000000, -1.000000000000000000, -0.0000000000000000000 ) ) ;
#3261 = FACE_OUTER_BOUND ( 'NONE', #3945, .T. ) ;
#3262 = LINE ( 'NONE', #817, #3149 ) ;
#3263 = ORIENTED_EDGE ( 'NONE', *, *, #3118, .F. ) ;
#3264 = DIRECTION ( 'NONE',  ( 0.0000000000000000000, 1.000000000000000000, -0.0000000000000000000 ) ) ;
#3265 = DIRECTION ( 'NONE',  ( 0.0000000000000000000, -1.000000000000000000, 0.0000000000000000000 ) ) ;
#3266 = EDGE_LOOP ( 'NONE', ( #1570, #2362, #1450, #2115 ) ) ;
#3267 = DIRECTION ( 'NONE',  ( -0.6585046078685158344, -0.7525766947068797119, 0.0000000000000000000 ) ) ;
#3268 = ADVANCED_FACE ( 'NONE', ( #2264, #673 ), #2872, .T. ) ;
#3269 = CARTESIAN_POINT ( 'NONE',  ( 1.399999999999999911, 3.000000000000000000, -3.499999999999991562 ) ) ;
#3270 = EDGE_CURVE ( 'NONE', #599, #2621, #568, .T. ) ;
#3271 = CARTESIAN_POINT ( 'NONE',  ( -4.150000000000000355, 6.999999999999999112, 0.1499999999999999944 ) ) ;
#3272 = EDGE_LOOP ( 'NONE', ( #2592, #3520, #1499, #2308 ) ) ;
#3273 = EDGE_CURVE ( 'NONE', #1193, #3688, #3248, .T. ) ;
#3274 = FACE_OUTER_BOUND ( 'NONE', #261, .T. ) ;
#3275 = DIRECTION ( 'NONE',  ( 0.0000000000000000000, -1.000000000000000000, 0.0000000000000000000 ) ) ;
#3276 = EDGE_LOOP ( 'NONE', ( #1467, #709, #2589, #2793 ) ) ;
#3277 = ORIENTED_EDGE ( 'NONE', *, *, #2944, .F. ) ;
#3278 = LINE ( 'NONE', #1934, #3488 ) ;
#3279 = VECTOR ( 'NONE', #3417, 1000.000000000000000 ) ;
#3280 = CARTESIAN_POINT ( 'NONE',  ( 1.100000000000000089, 1.699335117066794086E-14, -3.000000000000000000 ) ) ;
#3281 = PLANE ( 'NONE',  #1632 ) ;
#3282 = ORIENTED_EDGE ( 'NONE', *, *, #1441, .F. ) ;
#3283 = ORIENTED_EDGE ( 'NONE', *, *, #2393, .T. ) ;
#3284 = CARTESIAN_POINT ( 'NONE',  ( 1.399999999999999911, 5.000000000000000000, 1.649999999999999911 ) ) ;
#3285 = CARTESIAN_POINT ( 'NONE',  ( -3.000000000000000000, 1.000000000000000000, 2.250000000000000000 ) ) ;
#3286 = ORIENTED_EDGE ( 'NONE', *, *, #717, .T. ) ;
#3287 = ORIENTED_EDGE ( 'NONE', *, *, #2156, .T. ) ;
#3288 = ADVANCED_FACE ( 'NONE', ( #2158 ), #1410, .T. ) ;
#3289 = PLANE ( 'NONE',  #1051 ) ;
#3290 = ORIENTED_EDGE ( 'NONE', *, *, #3011, .F. ) ;
#3291 = PRESENTATION_LAYER_ASSIGNMENT (  '', '', ( #2825 ) ) ;
#3292 = VECTOR ( 'NONE', #2355, 1000.000000000000000 ) ;
#3293 = ORIENTED_EDGE ( 'NONE', *, *, #29, .T. ) ;
#3294 = ORIENTED_EDGE ( 'NONE', *, *, #4113, .F. ) ;
#3295 = ORIENTED_EDGE ( 'NONE', *, *, #3997, .F. ) ;
#3296 = ORIENTED_EDGE ( 'NONE', *, *, #3173, .T. ) ;
#3297 = CARTESIAN_POINT ( 'NONE',  ( 1.701369532022449782, -1.800000000000000044, -3.000000000000000000 ) ) ;
#3298 = EDGE_CURVE ( 'NONE', #1522, #2800, #1412, .T. ) ;
#3299 = CARTESIAN_POINT ( 'NONE',  ( -5.899999999999999467, -2.168404344971008868E-16, -3.999999999999967137 ) ) ;
#3300 = ORIENTED_EDGE ( 'NONE', *, *, #3690, .T. ) ;
#3301 = DIRECTION ( 'NONE',  ( -0.0000000000000000000, 1.000000000000000000, -0.0000000000000000000 ) ) ;
#3302 = LINE ( 'NONE', #2653, #3874 ) ;
#3303 = ORIENTED_EDGE ( 'NONE', *, *, #4090, .T. ) ;
#3304 = FACE_OUTER_BOUND ( 'NONE', #126, .T. ) ;
#3305 = DIRECTION ( 'NONE',  ( -8.131516293641283255E-17, 0.0000000000000000000, -1.000000000000000000 ) ) ;
#3306 = EDGE_CURVE ( 'NONE', #1316, #646, #460, .T. ) ;
#3307 = VECTOR ( 'NONE', #2531, 1000.000000000000000 ) ;
#3308 = EDGE_LOOP ( 'NONE', ( #3317, #2325, #2238, #3130 ) ) ;
#3309 = LINE ( 'NONE', #2396, #1660 ) ;
#3310 = PLANE ( 'NONE',  #2586 ) ;
#3311 = VERTEX_POINT ( 'NONE', #2343 ) ;
#3312 = ORIENTED_EDGE ( 'NONE', *, *, #3587, .T. ) ;
#3313 = ORIENTED_EDGE ( 'NONE', *, *, #1409, .T. ) ;
#3314 = LINE ( 'NONE', #2011, #2934 ) ;
#3315 = CARTESIAN_POINT ( 'NONE',  ( -5.261988945269359341, 3.000000000000000000, 0.3348874687627164670 ) ) ;
#3316 = ADVANCED_FACE ( 'NONE', ( #2064 ), #665, .T. ) ;
#3317 = ORIENTED_EDGE ( 'NONE', *, *, #614, .T. ) ;
#3318 = DIRECTION ( 'NONE',  ( 1.000000000000000000, 0.0000000000000000000, -8.131516293641275859E-17 ) ) ;
#3319 = CARTESIAN_POINT ( 'NONE',  ( -6.311904234057521990, -2.129252303934259682, -2.000000000000000000 ) ) ;
#3320 = AXIS2_PLACEMENT_3D ( 'NONE', #586, #574, #248 ) ;
#3321 = CARTESIAN_POINT ( 'NONE',  ( -0.1000000000000000472, 1.850000000000000089, 2.250000000000000000 ) ) ;
#3322 = VERTEX_POINT ( 'NONE', #3893 ) ;
#3323 = LINE ( 'NONE', #4199, #1477 ) ;
#3324 = CARTESIAN_POINT ( 'NONE',  ( 1.399999999999999911, 1.000000000000000000, 1.250000000000000000 ) ) ;
#3325 = EDGE_CURVE ( 'NONE', #3494, #485, #2622, .T. ) ;
#3326 = PRESENTATION_LAYER_ASSIGNMENT (  '', '', ( #2646 ) ) ;
#3327 = CIRCLE ( 'NONE', #1458, 0.1999999999999996503 ) ;
#3328 = CARTESIAN_POINT ( 'NONE',  ( -5.250000000000000000, 1.000000000000000000, -1.149999999999999911 ) ) ;
#3329 = ORIENTED_EDGE ( 'NONE', *, *, #3428, .T. ) ;
#3330 = ORIENTED_EDGE ( 'NONE', *, *, #4055, .T. ) ;
#3331 = DIRECTION ( 'NONE',  ( 0.0000000000000000000, -1.000000000000000000, -2.168404344971010101E-16 ) ) ;
#3332 = LINE ( 'NONE', #3235, #3279 ) ;
#3333 = EDGE_CURVE ( 'NONE', #3429, #1650, #1770, .T. ) ;
#3334 = DIRECTION ( 'NONE',  ( -0.0000000000000000000, -0.0000000000000000000, 1.000000000000000000 ) ) ;
#3335 = DIRECTION ( 'NONE',  ( 0.0000000000000000000, 0.0000000000000000000, -1.000000000000000000 ) ) ;
#3336 = DIRECTION ( 'NONE',  ( 0.0000000000000000000, 0.0000000000000000000, 1.000000000000000000 ) ) ;
#3337 = LINE ( 'NONE', #237, #430 ) ;
#3338 = CARTESIAN_POINT ( 'NONE',  ( -0.3499999999999999778, 7.000000000000000000, -1.149999999999999911 ) ) ;
#3339 = CARTESIAN_POINT ( 'NONE',  ( -5.549999999999999822, 5.000000000000000000, 0.2500000000000000000 ) ) ;
#3340 = EDGE_CURVE ( 'NONE', #1485, #3537, #914, .T. ) ;
#3341 = VECTOR ( 'NONE', #3267, 1000.000000000000114 ) ;
#3342 = ORIENTED_EDGE ( 'NONE', *, *, #1707, .F. ) ;
#3343 = FACE_OUTER_BOUND ( 'NONE', #3735, .T. ) ;
#3344 = DIRECTION ( 'NONE',  ( 0.0000000000000000000, 1.000000000000000000, 2.168404344971007685E-15 ) ) ;
#3345 = ORIENTED_EDGE ( 'NONE', *, *, #4198, .T. ) ;
#3346 = PLANE ( 'NONE',  #2040 ) ;
#3347 = AXIS2_PLACEMENT_3D ( 'NONE', #440, #1751, #3139 ) ;
#3348 = DIRECTION ( 'NONE',  ( -0.0000000000000000000, -0.0000000000000000000, -1.000000000000000000 ) ) ;
#3349 = DIRECTION ( 'NONE',  ( 8.131516293641275859E-17, -0.0000000000000000000, 1.000000000000000000 ) ) ;
#3350 = FACE_OUTER_BOUND ( 'NONE', #2537, .T. ) ;
#3351 = ORIENTED_EDGE ( 'NONE', *, *, #2988, .F. ) ;
#3352 = CARTESIAN_POINT ( 'NONE',  ( 0.3499999999999999778, 1.000000000000000000, -0.1499999999999999944 ) ) ;
#3353 = CARTESIAN_POINT ( 'NONE',  ( -0.3499999999999999778, 1.000000000000000000, 0.1499999999999999944 ) ) ;
#3354 = LINE ( 'NONE', #2047, #2471 ) ;
#3355 = ORIENTED_EDGE ( 'NONE', *, *, #1707, .T. ) ;
#3356 = CARTESIAN_POINT ( 'NONE',  ( 0.0000000000000000000, -3.500000000000000444, 0.0000000000000000000 ) ) ;
#3357 = VECTOR ( 'NONE', #541, 1000.000000000000000 ) ;
#3358 = AXIS2_PLACEMENT_3D ( 'NONE', #3905, #1392, #1242 ) ;
#3359 = CARTESIAN_POINT ( 'NONE',  ( -5.599999999999999645, 1.000000000000000000, -2.000000000000000000 ) ) ;
#3360 = LINE ( 'NONE', #2179, #2374 ) ;
#3361 = ORIENTED_EDGE ( 'NONE', *, *, #2218, .T. ) ;
#3362 = SURFACE_SIDE_STYLE ('',( #1300 ) ) ;
#3363 = EDGE_CURVE ( 'NONE', #3637, #420, #3419, .T. ) ;
#3364 = UNCERTAINTY_MEASURE_WITH_UNIT (LENGTH_MEASURE( 1.000000000000000082E-05 ), #3722, 'distance_accuracy_value', 'NONE');
#3365 = LINE ( 'NONE', #3545, #1609 ) ;
#3366 = ORIENTED_EDGE ( 'NONE', *, *, #3561, .F. ) ;
#3367 = CARTESIAN_POINT ( 'NONE',  ( 0.4999999999999998890, 6.150000000000000355, 2.750000000000000000 ) ) ;
#3368 =( NAMED_UNIT ( * ) SI_UNIT ( $, .STERADIAN. ) SOLID_ANGLE_UNIT ( ) );
#3369 = VECTOR ( 'NONE', #3152, 1000.000000000000000 ) ;
#3370 = CARTESIAN_POINT ( 'NONE',  ( 1.099999999999999867, 7.000000000000000000, 1.949999999999999956 ) ) ;
#3371 = LINE ( 'NONE', #2231, #3 ) ;
#3372 = EDGE_CURVE ( 'NONE', #1562, #3507, #816, .T. ) ;
#3373 = ORIENTED_EDGE ( 'NONE', *, *, #3583, .F. ) ;
#3374 = DIRECTION ( 'NONE',  ( 0.0000000000000000000, 0.0000000000000000000, -1.000000000000000000 ) ) ;
#3375 = FACE_OUTER_BOUND ( 'NONE', #3598, .T. ) ;
#3376 = VECTOR ( 'NONE', #3894, 1000.000000000000000 ) ;
#3377 = ORIENTED_EDGE ( 'NONE', *, *, #531, .T. ) ;
#3378 = DIRECTION ( 'NONE',  ( -0.0000000000000000000, -0.0000000000000000000, 1.000000000000000000 ) ) ;
#3379 = AXIS2_PLACEMENT_3D ( 'NONE', #2845, #929, #3188 ) ;
#3380 = VECTOR ( 'NONE', #2994, 999.9999999999998863 ) ;
#3381 = DIRECTION ( 'NONE',  ( 1.000000000000000000, -0.0000000000000000000, -0.0000000000000000000 ) ) ;
#3382 = CARTESIAN_POINT ( 'NONE',  ( -1.500000000000000000, 6.999999999999998224, 2.249999999999998224 ) ) ;
#3383 = DIRECTION ( 'NONE',  ( 0.0000000000000000000, 0.0000000000000000000, 1.000000000000000000 ) ) ;
#3384 = CARTESIAN_POINT ( 'NONE',  ( -5.899999999999999467, 7.000000000000000000, 2.250000000000000000 ) ) ;
#3385 = CARTESIAN_POINT ( 'NONE',  ( -0.3499999999999999778, -3.500000000000000444, -0.1499999999999999944 ) ) ;
#3386 = CARTESIAN_POINT ( 'NONE',  ( -6.600999999999999091, 6.499999999999999112, -1.750000000000000000 ) ) ;
#3387 = DIRECTION ( 'NONE',  ( -0.0000000000000000000, -0.0000000000000000000, -1.000000000000000000 ) ) ;
#3388 = LINE ( 'NONE', #3215, #3162 ) ;
#3389 = DIRECTION ( 'NONE',  ( 0.0000000000000000000, -0.0000000000000000000, -1.000000000000000000 ) ) ;
#3390 = EDGE_CURVE ( 'NONE', #1658, #2612, #2529, .T. ) ;
#3391 = AXIS2_PLACEMENT_3D ( 'NONE', #1103, #3050, #3075 ) ;
#3392 = LINE ( 'NONE', #2332, #3067 ) ;
#3393 = DIRECTION ( 'NONE',  ( 0.0000000000000000000, 1.000000000000000000, 0.0000000000000000000 ) ) ;
#3394 = ORIENTED_EDGE ( 'NONE', *, *, #3975, .T. ) ;
#3395 = ORIENTED_EDGE ( 'NONE', *, *, #1621, .F. ) ;
#3396 = VECTOR ( 'NONE', #3927, 1000.000000000000000 ) ;
#3397 = EDGE_CURVE ( 'NONE', #3407, #2236, #1560, .T. ) ;
#3398 =( LENGTH_UNIT ( ) NAMED_UNIT ( * ) SI_UNIT ( .MILLI., .METRE. ) );
#3399 = CARTESIAN_POINT ( 'NONE',  ( -1.500000000000000000, 0.8999999999999999112, 0.9499999999999998446 ) ) ;
#3400 = VECTOR ( 'NONE', #3331, 1000.000000000000000 ) ;
#3401 = PLANE ( 'NONE',  #1587 ) ;
#3402 = ORIENTED_EDGE ( 'NONE', *, *, #4139, .F. ) ;
#3403 = ORIENTED_EDGE ( 'NONE', *, *, #506, .T. ) ;
#3404 =( NAMED_UNIT ( * ) SI_UNIT ( $, .STERADIAN. ) SOLID_ANGLE_UNIT ( ) );
#3405 = AXIS2_PLACEMENT_3D ( 'NONE', #712, #186, #143 ) ;
#3406 = ORIENTED_EDGE ( 'NONE', *, *, #621, .T. ) ;
#3407 = VERTEX_POINT ( 'NONE', #4159 ) ;
#3408 = LINE ( 'NONE', #3092, #1648 ) ;
#3409 = EDGE_LOOP ( 'NONE', ( #3806, #3712, #748, #2652, #1288, #2708 ) ) ;
#3410 = ORIENTED_EDGE ( 'NONE', *, *, #3524, .T. ) ;
#3411 = AXIS2_PLACEMENT_3D ( 'NONE', #713, #73, #403 ) ;
#3412 =( NAMED_UNIT ( * ) SI_UNIT ( $, .STERADIAN. ) SOLID_ANGLE_UNIT ( ) );
#3413 = DIRECTION ( 'NONE',  ( -0.0000000000000000000, 1.000000000000000000, -0.0000000000000000000 ) ) ;
#3414 = VECTOR ( 'NONE', #734, 1000.000000000000114 ) ;
#3415 = CARTESIAN_POINT ( 'NONE',  ( -5.599999999999999645, 3.000000000000000000, 0.4500000000000000111 ) ) ;
#3416 = ORIENTED_EDGE ( 'NONE', *, *, #564, .T. ) ;
#3417 = DIRECTION ( 'NONE',  ( 0.0000000000000000000, 1.000000000000000000, 0.0000000000000000000 ) ) ;
#3418 = AXIS2_PLACEMENT_3D ( 'NONE', #97, #3651, #176 ) ;
#3419 = LINE ( 'NONE', #3515, #4194 ) ;
#3420 = ORIENTED_EDGE ( 'NONE', *, *, #553, .F. ) ;
#3421 = DIRECTION ( 'NONE',  ( -1.000000000000000000, 0.0000000000000000000, 0.0000000000000000000 ) ) ;
#3422 = UNCERTAINTY_MEASURE_WITH_UNIT (LENGTH_MEASURE( 1.000000000000000082E-05 ), #831, 'distance_accuracy_value', 'NONE');
#3423 = ORIENTED_EDGE ( 'NONE', *, *, #3467, .T. ) ;
#3424 = FACE_OUTER_BOUND ( 'NONE', #954, .T. ) ;
#3425 = EDGE_CURVE ( 'NONE', #798, #2533, #4084, .T. ) ;
#3426 = ORIENTED_EDGE ( 'NONE', *, *, #2330, .F. ) ;
#3427 = VECTOR ( 'NONE', #370, 1000.000000000000000 ) ;
#3428 = EDGE_CURVE ( 'NONE', #4068, #2415, #2318, .T. ) ;
#3429 = VERTEX_POINT ( 'NONE', #3328 ) ;
#3430 = VERTEX_POINT ( 'NONE', #3415 ) ;
#3431 = DIRECTION ( 'NONE',  ( -1.000000000000000000, 0.0000000000000000000, 0.0000000000000000000 ) ) ;
#3432 = ORIENTED_EDGE ( 'NONE', *, *, #672, .T. ) ;
#3433 = CIRCLE ( 'NONE', #3757, 0.5000000000000000000 ) ;
#3434 = MECHANICAL_DESIGN_GEOMETRIC_PRESENTATION_REPRESENTATION (  '', ( #2730 ), #3645 ) ;
#3435 = LINE ( 'NONE', #315, #1792 ) ;
#3436 = DIRECTION ( 'NONE',  ( 1.000000000000000000, 0.0000000000000000000, 0.0000000000000000000 ) ) ;
#3437 = PLANE ( 'NONE',  #3021 ) ;
#3438 = DIRECTION ( 'NONE',  ( -5.421010862427520198E-16, 1.000000000000000000, 0.0000000000000000000 ) ) ;
#3439 = EDGE_LOOP ( 'NONE', ( #3010 ) ) ;
#3440 = MECHANICAL_DESIGN_GEOMETRIC_PRESENTATION_REPRESENTATION (  '', ( #2736 ), #3652 ) ;
#3441 = CARTESIAN_POINT ( 'NONE',  ( -5.899999999999999467, 1.000000000000000000, 2.250000000000000000 ) ) ;
#3442 = FILL_AREA_STYLE ('',( #570 ) ) ;
#3443 = CARTESIAN_POINT ( 'NONE',  ( 1.099999999999999867, 1.000000000000000000, 2.250000000000000000 ) ) ;
#3444 = LINE ( 'NONE', #4186, #2232 ) ;
#3445 = EDGE_CURVE ( 'NONE', #33, #2250, #2211, .T. ) ;
#3446 = ORIENTED_EDGE ( 'NONE', *, *, #86, .T. ) ;
#3447 = VERTEX_POINT ( 'NONE', #2465 ) ;
#3448 = EDGE_CURVE ( 'NONE', #3929, #4154, #3302, .T. ) ;
#3449 = CARTESIAN_POINT ( 'NONE',  ( 1.811904234057514218, -2.129252303934251689, -3.000000000000000000 ) ) ;
#3450 = ORIENTED_EDGE ( 'NONE', *, *, #1098, .T. ) ;
#3451 = ORIENTED_EDGE ( 'NONE', *, *, #850, .T. ) ;
#3452 = ADVANCED_FACE ( 'NONE', ( #619 ), #1776, .T. ) ;
#3453 = CARTESIAN_POINT ( 'NONE',  ( 1.100000000000000089, 2.500000000000000000, -3.499999999999991562 ) ) ;
#3454 = ORIENTED_EDGE ( 'NONE', *, *, #1833, .F. ) ;
#3455 = LINE ( 'NONE', #4013, #2573 ) ;
#3456 =( NAMED_UNIT ( * ) PLANE_ANGLE_UNIT ( ) SI_UNIT ( $, .RADIAN. ) );
#3457 = CARTESIAN_POINT ( 'NONE',  ( 1.435615886704083799, -1.799999999999999600, -2.000000000000000000 ) ) ;
#3458 = ORIENTED_EDGE ( 'NONE', *, *, #201, .F. ) ;
#3459 = DIRECTION ( 'NONE',  ( -0.0000000000000000000, -0.0000000000000000000, -1.000000000000000000 ) ) ;
#3460 = AXIS2_PLACEMENT_3D ( 'NONE', #3453, #1066, #4241 ) ;
#3461 = VECTOR ( 'NONE', #1666, 1000.000000000000000 ) ;
#3462 = AXIS2_PLACEMENT_3D ( 'NONE', #2830, #1937, #1459 ) ;
#3463 = DIRECTION ( 'NONE',  ( 0.0000000000000000000, 1.000000000000000000, -0.0000000000000000000 ) ) ;
#3464 = FACE_OUTER_BOUND ( 'NONE', #1729, .T. ) ;
#3465 = ORIENTED_EDGE ( 'NONE', *, *, #4090, .F. ) ;
#3466 = FILL_AREA_STYLE_COLOUR ( '', #2009 ) ;
#3467 = EDGE_CURVE ( 'NONE', #1097, #2038, #517, .T. ) ;
#3468 = PRESENTATION_LAYER_ASSIGNMENT (  '', '', ( #3006 ) ) ;
#3469 = EDGE_LOOP ( 'NONE', ( #813, #1613, #616, #96 ) ) ;
#3470 = CARTESIAN_POINT ( 'NONE',  ( 0.0000000000000000000, -7.220786468753459530E-17, 0.9499999999999998446 ) ) ;
#3471 = FACE_OUTER_BOUND ( 'NONE', #1442, .T. ) ;
#3472 = CARTESIAN_POINT ( 'NONE',  ( 1.399999999999999911, -2.599999999999982769, -3.000000000000000000 ) ) ;
#3473 = ADVANCED_FACE ( 'NONE', ( #411 ), #3867, .F. ) ;
#3474 = VERTEX_POINT ( 'NONE', #627 ) ;
#3475 = CIRCLE ( 'NONE', #3816, 0.5999999999999999778 ) ;
#3476 = EDGE_CURVE ( 'NONE', #2621, #3322, #2104, .T. ) ;
#3477 = FACE_OUTER_BOUND ( 'NONE', #3513, .T. ) ;
#3478 = CIRCLE ( 'NONE', #2117, 1.750000000000000000 ) ;
#3479 = CARTESIAN_POINT ( 'NONE',  ( -3.000000000000000444, 0.0000000000000000000, 0.0000000000000000000 ) ) ;
#3480 = AXIS2_PLACEMENT_3D ( 'NONE', #1618, #1078, #2054 ) ;
#3481 = ORIENTED_EDGE ( 'NONE', *, *, #2241, .T. ) ;
#3482 = LINE ( 'NONE', #2541, #3895 ) ;
#3483 = CARTESIAN_POINT ( 'NONE',  ( 0.3499999999999999778, 1.000000000000000000, 0.1499999999999999944 ) ) ;
#3484 = VECTOR ( 'NONE', #4181, 1000.000000000000000 ) ;
#3485 = ORIENTED_EDGE ( 'NONE', *, *, #909, .T. ) ;
#3486 = AXIS2_PLACEMENT_3D ( 'NONE', #3008, #327, #4012 ) ;
#3487 = ADVANCED_FACE ( 'NONE', ( #3767 ), #2996, .F. ) ;
#3488 = VECTOR ( 'NONE', #3167, 1000.000000000000000 ) ;
#3489 = LINE ( 'NONE', #1292, #2558 ) ;
#3490 = CARTESIAN_POINT ( 'NONE',  ( 1.399999999999999911, 7.000000000000000000, -1.750000000000000000 ) ) ;
#3491 = FILL_AREA_STYLE ('',( #2508 ) ) ;
#3492 = DIRECTION ( 'NONE',  ( 0.0000000000000000000, 1.000000000000000000, -0.0000000000000000000 ) ) ;
#3493 = EDGE_CURVE ( 'NONE', #3017, #3017, #1245, .T. ) ;
#3494 = VERTEX_POINT ( 'NONE', #3847 ) ;
#3495 = EDGE_LOOP ( 'NONE', ( #2659, #1527, #3814, #3654 ) ) ;
#3496 = EDGE_LOOP ( 'NONE', ( #1454, #3174, #345, #2199 ) ) ;
#3497 = ORIENTED_EDGE ( 'NONE', *, *, #591, .T. ) ;
#3498 = EDGE_LOOP ( 'NONE', ( #1133, #3330, #640, #4220, #1688, #3900, #735, #3001, #4006, #1380, #3786, #3210 ) ) ;
#3499 = EDGE_CURVE ( 'NONE', #1481, #1422, #3085, .T. ) ;
#3500 = LINE ( 'NONE', #3614, #906 ) ;
#3501 = CARTESIAN_POINT ( 'NONE',  ( 0.3499999999999999778, -3.500000000000000444, 0.1499999999999999944 ) ) ;
#3502 = EDGE_LOOP ( 'NONE', ( #3841, #1561, #752, #3293 ) ) ;
#3503 = DIRECTION ( 'NONE',  ( -1.000000000000000000, -0.0000000000000000000, -0.0000000000000000000 ) ) ;
#3504 = PLANE ( 'NONE',  #3462 ) ;
#3505 = VECTOR ( 'NONE', #4149, 1000.000000000000000 ) ;
#3506 = ORIENTED_EDGE ( 'NONE', *, *, #3743, .T. ) ;
#3507 = VERTEX_POINT ( 'NONE', #2880 ) ;
#3508 = DIRECTION ( 'NONE',  ( 0.0000000000000000000, 0.0000000000000000000, 1.000000000000000000 ) ) ;
#3509 = CARTESIAN_POINT ( 'NONE',  ( 0.7619889452693550114, 5.000000000000000000, 0.1651125312372830056 ) ) ;
#3510 = AXIS2_PLACEMENT_3D ( 'NONE', #3605, #3644, #1227 ) ;
#3511 = ADVANCED_FACE ( 'NONE', ( #2760, #1135 ), #761, .T. ) ;
#3512 = VECTOR ( 'NONE', #3531, 1000.000000000000000 ) ;
#3513 = EDGE_LOOP ( 'NONE', ( #3406, #1551, #496, #405, #2314, #3119 ) ) ;
#3514 = MECHANICAL_DESIGN_GEOMETRIC_PRESENTATION_REPRESENTATION (  '', ( #2825 ), #3737 ) ;
#3515 = CARTESIAN_POINT ( 'NONE',  ( -4.850000000000000533, 7.299999999999998934, -1.750000000000000000 ) ) ;
#3516 = CIRCLE ( 'NONE', #1805, 0.5000000000000000000 ) ;
#3517 = ORIENTED_EDGE ( 'NONE', *, *, #2475, .F. ) ;
#3518 = CARTESIAN_POINT ( 'NONE',  ( 1.050000000000000044, 3.000000000000000000, 0.2500000000000000000 ) ) ;
#3519 = VERTEX_POINT ( 'NONE', #2262 ) ;
#3520 = ORIENTED_EDGE ( 'NONE', *, *, #472, .F. ) ;
#3521 = FACE_OUTER_BOUND ( 'NONE', #1272, .T. ) ;
#3522 = ORIENTED_EDGE ( 'NONE', *, *, #1946, .F. ) ;
#3523 = CARTESIAN_POINT ( 'NONE',  ( -4.400000000000000355, 1.850000000000000089, 2.750000000000000000 ) ) ;
#3524 = EDGE_CURVE ( 'NONE', #775, #3027, #1606, .T. ) ;
#3525 = DIRECTION ( 'NONE',  ( 1.000000000000000000, -0.0000000000000000000, -0.0000000000000000000 ) ) ;
#3526 = VERTEX_POINT ( 'NONE', #1939 ) ;
#3527 = DIRECTION ( 'NONE',  ( 1.000000000000000000, -0.0000000000000000000, -0.0000000000000000000 ) ) ;
#3528 = EDGE_CURVE ( 'NONE', #4204, #1795, #3360, .T. ) ;
#3529 = ORIENTED_EDGE ( 'NONE', *, *, #776, .T. ) ;
#3530 = LINE ( 'NONE', #3115, #2545 ) ;
#3531 = DIRECTION ( 'NONE',  ( 1.000000000000000000, -0.0000000000000000000, -0.0000000000000000000 ) ) ;
#3532 = DIRECTION ( 'NONE',  ( 1.000000000000000000, -0.0000000000000000000, -0.0000000000000000000 ) ) ;
#3533 = CARTESIAN_POINT ( 'NONE',  ( -2.250000000000000444, 4.000000000000000000, 1.250000000000002665 ) ) ;
#3534 = ADVANCED_FACE ( 'NONE', ( #4249, #4135 ), #3717, .T. ) ;
#3535 =( NAMED_UNIT ( * ) PLANE_ANGLE_UNIT ( ) SI_UNIT ( $, .RADIAN. ) );
#3536 = DIRECTION ( 'NONE',  ( 0.0000000000000000000, 1.000000000000000000, 0.0000000000000000000 ) ) ;
#3537 = VERTEX_POINT ( 'NONE', #1746 ) ;
#3538 = CARTESIAN_POINT ( 'NONE',  ( 2.100999999999999535, 3.000000000000000000, -3.499999999999991562 ) ) ;
#3539 = SURFACE_STYLE_FILL_AREA ( #938 ) ;
#3540 = VECTOR ( 'NONE', #1289, 1000.000000000000000 ) ;
#3541 = AXIS2_PLACEMENT_3D ( 'NONE', #3470, #2831, #2778 ) ;
#3542 = VECTOR ( 'NONE', #3143, 1000.000000000000000 ) ;
#3543 = UNCERTAINTY_MEASURE_WITH_UNIT (LENGTH_MEASURE( 1.000000000000000082E-05 ), #4203, 'distance_accuracy_value', 'NONE');
#3544 = DIRECTION ( 'NONE',  ( 0.0000000000000000000, -1.000000000000000000, 0.0000000000000000000 ) ) ;
#3545 = CARTESIAN_POINT ( 'NONE',  ( 0.7500000000000000000, 1.000000000000000000, 1.940000000000000169 ) ) ;
#3546 = VERTEX_POINT ( 'NONE', #453 ) ;
#3547 = EDGE_CURVE ( 'NONE', #1522, #1481, #349, .T. ) ;
#3548 = MECHANICAL_DESIGN_GEOMETRIC_PRESENTATION_REPRESENTATION (  '', ( #2646 ), #3766 ) ;
#3549 = DIRECTION ( 'NONE',  ( 0.6585046078685199422, -0.7525766947068762702, 0.0000000000000000000 ) ) ;
#3550 = FACE_OUTER_BOUND ( 'NONE', #2243, .T. ) ;
#3551 = PRESENTATION_STYLE_ASSIGNMENT (( #3147 ) ) ;
#3552 = CARTESIAN_POINT ( 'NONE',  ( -5.899999999999999467, 3.000000000000000000, -3.499999999999991562 ) ) ;
#3553 = DIRECTION ( 'NONE',  ( 0.0000000000000000000, 1.000000000000000000, 0.0000000000000000000 ) ) ;
#3554 = VERTEX_POINT ( 'NONE', #81 ) ;
#3555 = EDGE_CURVE ( 'NONE', #1181, #2987, #2921, .T. ) ;
#3556 = ORIENTED_EDGE ( 'NONE', *, *, #805, .F. ) ;
#3557 = ADVANCED_FACE ( 'NONE', ( #1094 ), #2620, .F. ) ;
#3558 = ORIENTED_EDGE ( 'NONE', *, *, #3772, .T. ) ;
#3559 = ORIENTED_EDGE ( 'NONE', *, *, #2528, .T. ) ;
#3560 = PLANE ( 'NONE',  #435 ) ;
#3561 = EDGE_CURVE ( 'NONE', #565, #25, #1186, .T. ) ;
#3562 = PLANE ( 'NONE',  #2559 ) ;
#3563 = CARTESIAN_POINT ( 'NONE',  ( -1.499999999999999778, 0.5999999999999986455, 2.249999999999998224 ) ) ;
#3564 = DIRECTION ( 'NONE',  ( -0.6585046078685181659, 0.7525766947068777135, 0.0000000000000000000 ) ) ;
#3565 = DIRECTION ( 'NONE',  ( 0.0000000000000000000, -1.000000000000000000, 0.0000000000000000000 ) ) ;
#3566 = PLANE ( 'NONE',  #2692 ) ;
#3567 = PRODUCT_DEFINITION ( 'UNKNOWN', '', #4097, #307 ) ;
#3568 = ORIENTED_EDGE ( 'NONE', *, *, #3340, .F. ) ;
#3569 = VECTOR ( 'NONE', #3656, 1000.000000000000000 ) ;
#3570 = ORIENTED_EDGE ( 'NONE', *, *, #1465, .F. ) ;
#3571 = MECHANICAL_DESIGN_GEOMETRIC_PRESENTATION_REPRESENTATION (  '', ( #3107 ), #3782 ) ;
#3572 = CARTESIAN_POINT ( 'NONE',  ( -6.311904234057522878, -1.470747696065740628, -3.000000000000000000 ) ) ;
#3573 = VERTEX_POINT ( 'NONE', #4105 ) ;
#3574 = LINE ( 'NONE', #991, #1718 ) ;
#3575 = ORIENTED_EDGE ( 'NONE', *, *, #1470, .F. ) ;
#3576 = AXIS2_PLACEMENT_3D ( 'NONE', #1994, #3378, #114 ) ;
#3577 = DIRECTION ( 'NONE',  ( -1.000000000000000000, 0.0000000000000000000, 0.0000000000000000000 ) ) ;
#3578 = LINE ( 'NONE', #834, #872 ) ;
#3579 = ADVANCED_FACE ( 'NONE', ( #2716 ), #2342, .T. ) ;
#3580 = CARTESIAN_POINT ( 'NONE',  ( 1.399999999999999911, -2.599999999999982769, -3.000000000000000000 ) ) ;
#3581 = ORIENTED_EDGE ( 'NONE', *, *, #416, .F. ) ;
#3582 = VECTOR ( 'NONE', #730, 1000.000000000000000 ) ;
#3583 = EDGE_CURVE ( 'NONE', #1574, #3519, #1855, .T. ) ;
#3584 = DIRECTION ( 'NONE',  ( 0.0000000000000000000, 0.0000000000000000000, -1.000000000000000000 ) ) ;
#3585 = CARTESIAN_POINT ( 'NONE',  ( 0.7619889452693550114, 3.000000000000000000, 0.3348874687627164670 ) ) ;
#3586 = FILL_AREA_STYLE_COLOUR ( '', #1509 ) ;
#3587 = EDGE_CURVE ( 'NONE', #3526, #33, #1003, .T. ) ;
#3588 = FACE_OUTER_BOUND ( 'NONE', #1822, .T. ) ;
#3589 = VERTEX_POINT ( 'NONE', #1877 ) ;
#3590 = ORIENTED_EDGE ( 'NONE', *, *, #2241, .F. ) ;
#3591 = ORIENTED_EDGE ( 'NONE', *, *, #393, .F. ) ;
#3592 = CARTESIAN_POINT ( 'NONE',  ( 0.0000000000000000000, 4.999999999999998224, 0.0000000000000000000 ) ) ;
#3593 = ADVANCED_FACE ( 'NONE', ( #2619 ), #1389, .F. ) ;
#3594 = AXIS2_PLACEMENT_3D ( 'NONE', #2909, #525, #3220 ) ;
#3595 = LINE ( 'NONE', #2680, #1123 ) ;
#3596 = ORIENTED_EDGE ( 'NONE', *, *, #2438, .T. ) ;
#3597 = FILL_AREA_STYLE_COLOUR ( '', #897 ) ;
#3598 = EDGE_LOOP ( 'NONE', ( #14, #801, #1036, #4051 ) ) ;
#3599 =( NAMED_UNIT ( * ) PLANE_ANGLE_UNIT ( ) SI_UNIT ( $, .RADIAN. ) );
#3600 = FACE_OUTER_BOUND ( 'NONE', #2895, .T. ) ;
#3601 = EDGE_CURVE ( 'NONE', #207, #775, #2813, .T. ) ;
#3602 = ORIENTED_EDGE ( 'NONE', *, *, #2550, .F. ) ;
#3603 = AXIS2_PLACEMENT_3D ( 'NONE', #2407, #2367, #2129 ) ;
#3604 = DIRECTION ( 'NONE',  ( 0.0000000000000000000, 1.000000000000000000, 0.0000000000000000000 ) ) ;
#3605 = CARTESIAN_POINT ( 'NONE',  ( -5.899999999999999467, -3.500000000000000000, -3.000000000000000000 ) ) ;
#3606 = CARTESIAN_POINT ( 'NONE',  ( 0.0000000000000000000, -3.500000000000000000, 0.0000000000000000000 ) ) ;
#3607 = LINE ( 'NONE', #3352, #141 ) ;
#3608 = ORIENTED_EDGE ( 'NONE', *, *, #1128, .T. ) ;
#3609 = ORIENTED_EDGE ( 'NONE', *, *, #2893, .T. ) ;
#3610 = DIRECTION ( 'NONE',  ( -0.0000000000000000000, -0.0000000000000000000, 1.000000000000000000 ) ) ;
#3611 = EDGE_CURVE ( 'NONE', #2052, #463, #144, .T. ) ;
#3612 = DIRECTION ( 'NONE',  ( -1.457750820148560625E-16, 2.915501640297121250E-16, -1.000000000000000000 ) ) ;
#3613 = VECTOR ( 'NONE', #1966, 1000.000000000000000 ) ;
#3614 = CARTESIAN_POINT ( 'NONE',  ( -3.000000000000000000, 1.000000000000000000, 1.949999999999999956 ) ) ;
#3615 = DIRECTION ( 'NONE',  ( -1.000000000000000000, 0.0000000000000000000, -0.0000000000000000000 ) ) ;
#3616 = VERTEX_POINT ( 'NONE', #202 ) ;
#3617 = DIRECTION ( 'NONE',  ( -0.6585046078685179438, -0.7525766947068779356, 0.0000000000000000000 ) ) ;
#3618 = DIRECTION ( 'NONE',  ( -0.2425356250363282784, 0.0000000000000000000, 0.9701425001453330976 ) ) ;
#3619 = ADVANCED_FACE ( 'NONE', ( #45 ), #2633, .T. ) ;
#3620 = ORIENTED_EDGE ( 'NONE', *, *, #1894, .F. ) ;
#3621 = VECTOR ( 'NONE', #2338, 1000.000000000000000 ) ;
#3622 = ORIENTED_EDGE ( 'NONE', *, *, #1768, .T. ) ;
#3623 = VERTEX_POINT ( 'NONE', #1060 ) ;
#3624 = EDGE_LOOP ( 'NONE', ( #2798, #3974, #1928, #3971 ) ) ;
#3625 = CARTESIAN_POINT ( 'NONE',  ( 1.100000000000000089, -3.499999999999983125, -3.000000000000000000 ) ) ;
#3626 = VECTOR ( 'NONE', #1547, 1000.000000000000000 ) ;
#3627 = VECTOR ( 'NONE', #2945, 1000.000000000000000 ) ;
#3628 = ORIENTED_EDGE ( 'NONE', *, *, #337, .T. ) ;
#3629 = DIRECTION ( 'NONE',  ( -1.000000000000000000, 0.0000000000000000000, 0.0000000000000000000 ) ) ;
#3630 = DIRECTION ( 'NONE',  ( -0.0000000000000000000, -0.0000000000000000000, 1.000000000000000000 ) ) ;
#3631 = EDGE_CURVE ( 'NONE', #2754, #3573, #3082, .T. ) ;
#3632 = CARTESIAN_POINT ( 'NONE',  ( 1.100000000000000089, 3.000000000000000000, -1.186931687685297998 ) ) ;
#3633 =( NAMED_UNIT ( * ) PLANE_ANGLE_UNIT ( ) SI_UNIT ( $, .RADIAN. ) );
#3634 = COLOUR_RGB ( '',0.5882352941176470784, 0.5882352941176470784, 0.6313725490196078205 ) ;
#3635 = ADVANCED_FACE ( 'NONE', ( #1652 ), #846, .F. ) ;
#3636 = DIRECTION ( 'NONE',  ( -1.000000000000000000, 0.0000000000000000000, 0.0000000000000000000 ) ) ;
#3637 = VERTEX_POINT ( 'NONE', #708 ) ;
#3638 = EDGE_CURVE ( 'NONE', #4079, #494, #1345, .T. ) ;
#3639 = LINE ( 'NONE', #3580, #2239 ) ;
#3640 = CARTESIAN_POINT ( 'NONE',  ( 1.100000000000000089, 7.000000000000000000, -1.250000000000000000 ) ) ;
#3641 = VERTEX_POINT ( 'NONE', #3680 ) ;
#3642 = VECTOR ( 'NONE', #2284, 1000.000000000000000 ) ;
#3643 = DIRECTION ( 'NONE',  ( -0.0000000000000000000, 7.220786468753459530E-17, 1.000000000000000000 ) ) ;
#3644 = DIRECTION ( 'NONE',  ( 1.000000000000000000, 0.0000000000000000000, -0.0000000000000000000 ) ) ;
#3645 =( GEOMETRIC_REPRESENTATION_CONTEXT ( 3 ) GLOBAL_UNCERTAINTY_ASSIGNED_CONTEXT ( ( #2773 ) ) GLOBAL_UNIT_ASSIGNED_CONTEXT ( ( #793, #787, #765 ) ) REPRESENTATION_CONTEXT ( 'NONE', 'WORKASPACE' ) );
#3646 = SURFACE_STYLE_FILL_AREA ( #3442 ) ;
#3647 = CARTESIAN_POINT ( 'NONE',  ( 1.100000000000000089, 3.000000000000000000, -1.186931687685297998 ) ) ;
#3648 = ORIENTED_EDGE ( 'NONE', *, *, #337, .F. ) ;
#3649 = DIRECTION ( 'NONE',  ( -0.0000000000000000000, -0.0000000000000000000, 1.000000000000000000 ) ) ;
#3650 = ORIENTED_EDGE ( 'NONE', *, *, #2105, .F. ) ;
#3651 = DIRECTION ( 'NONE',  ( 0.0000000000000000000, 0.0000000000000000000, 1.000000000000000000 ) ) ;
#3652 =( GEOMETRIC_REPRESENTATION_CONTEXT ( 3 ) GLOBAL_UNCERTAINTY_ASSIGNED_CONTEXT ( ( #3133 ) ) GLOBAL_UNIT_ASSIGNED_CONTEXT ( ( #674, #3687, #413 ) ) REPRESENTATION_CONTEXT ( 'NONE', 'WORKASPACE' ) );
#3653 = VECTOR ( 'NONE', #243, 1000.000000000000000 ) ;
#3654 = ORIENTED_EDGE ( 'NONE', *, *, #4057, .T. ) ;
#3655 = ORIENTED_EDGE ( 'NONE', *, *, #1817, .T. ) ;
#3656 = DIRECTION ( 'NONE',  ( 0.0000000000000000000, 1.000000000000000000, 0.0000000000000000000 ) ) ;
#3657 = EDGE_CURVE ( 'NONE', #3616, #3526, #2972, .T. ) ;
#3658 = ORIENTED_EDGE ( 'NONE', *, *, #2893, .F. ) ;
#3659 = DIRECTION ( 'NONE',  ( 0.0000000000000000000, -0.0000000000000000000, -1.000000000000000000 ) ) ;
#3660 = DIRECTION ( 'NONE',  ( 0.0000000000000000000, 0.0000000000000000000, -1.000000000000000000 ) ) ;
#3661 = VECTOR ( 'NONE', #3184, 1000.000000000000000 ) ;
#3662 = ORIENTED_EDGE ( 'NONE', *, *, #850, .F. ) ;
#3663 = FACE_OUTER_BOUND ( 'NONE', #1261, .T. ) ;
#3664 = CARTESIAN_POINT ( 'NONE',  ( -5.599999999999999645, 0.0000000000000000000, 0.2500000000000002220 ) ) ;
#3665 = EDGE_CURVE ( 'NONE', #2181, #3150, #3869, .T. ) ;
#3666 = VECTOR ( 'NONE', #232, 1000.000000000000114 ) ;
#3667 = LINE ( 'NONE', #2727, #2013 ) ;
#3668 = ORIENTED_EDGE ( 'NONE', *, *, #931, .F. ) ;
#3669 = EDGE_LOOP ( 'NONE', ( #1457, #1955, #3416, #3609 ) ) ;
#3670 = CIRCLE ( 'NONE', #3480, 0.5000000000000000000 ) ;
#3671 = LINE ( 'NONE', #750, #105 ) ;
#3672 = ORIENTED_EDGE ( 'NONE', *, *, #3146, .T. ) ;
#3673 = CARTESIAN_POINT ( 'NONE',  ( 0.3499999999999999778, -3.500000000000000444, -0.1499999999999999944 ) ) ;
#3674 = AXIS2_PLACEMENT_3D ( 'NONE', #183, #206, #516 ) ;
#3675 = MANIFOLD_SOLID_BREP ( 'Revolve7', #896 ) ;
#3676 = LINE ( 'NONE', #297, #209 ) ;
#3677 = VERTEX_POINT ( 'NONE', #2480 ) ;
#3678 = DIRECTION ( 'NONE',  ( 0.0000000000000000000, 0.0000000000000000000, 1.000000000000000000 ) ) ;
#3679 = PLANE ( 'NONE',  #1183 ) ;
#3680 = CARTESIAN_POINT ( 'NONE',  ( -0.3499999999999999778, 7.000000000000000000, -1.750000000000000000 ) ) ;
#3681 = PRESENTATION_LAYER_ASSIGNMENT (  '', '', ( #3222 ) ) ;
#3682 = DIRECTION ( 'NONE',  ( -0.0000000000000000000, -0.0000000000000000000, -1.000000000000000000 ) ) ;
#3683 = ORIENTED_EDGE ( 'NONE', *, *, #382, .T. ) ;
#3684 = SURFACE_STYLE_USAGE ( .BOTH. , #4003 ) ;
#3685 = LINE ( 'NONE', #359, #1065 ) ;
#3686 = DIRECTION ( 'NONE',  ( -0.0000000000000000000, 1.000000000000000000, -0.0000000000000000000 ) ) ;
#3687 =( NAMED_UNIT ( * ) PLANE_ANGLE_UNIT ( ) SI_UNIT ( $, .RADIAN. ) );
#3688 = VERTEX_POINT ( 'NONE', #2006 ) ;
#3689 = CARTESIAN_POINT ( 'NONE',  ( -4.250000000000000000, 7.000000000000000000, 1.940000000000000169 ) ) ;
#3690 = EDGE_CURVE ( 'NONE', #2804, #2613, #951, .T. ) ;
#3691 = MECHANICAL_DESIGN_GEOMETRIC_PRESENTATION_REPRESENTATION (  '', ( #3006 ), #3910 ) ;
#3692 = VECTOR ( 'NONE', #1664, 1000.000000000000000 ) ;
#3693 = EDGE_CURVE ( 'NONE', #3311, #2804, #2567, .T. ) ;
#3694 = CARTESIAN_POINT ( 'NONE',  ( 0.0000000000000000000, 6.000000000000000000, 1.949999999999999734 ) ) ;
#3695 = PLANE ( 'NONE',  #1834 ) ;
#3696 = CARTESIAN_POINT ( 'NONE',  ( -5.549999999999999822, 3.000000000000000000, 0.2500000000000000000 ) ) ;
#3697 = VECTOR ( 'NONE', #2083, 1000.000000000000000 ) ;
#3698 = CARTESIAN_POINT ( 'NONE',  ( -4.400000000000000355, 1.850000000000000089, 2.750000000000000000 ) ) ;
#3699 = DIRECTION ( 'NONE',  ( 0.0000000000000000000, 2.168404344971010101E-16, -1.000000000000000000 ) ) ;
#3700 = VERTEX_POINT ( 'NONE', #3339 ) ;
#3701 = STYLED_ITEM ( 'NONE', ( #3193 ), #198 ) ;
#3702 = MECHANICAL_DESIGN_GEOMETRIC_PRESENTATION_REPRESENTATION (  '', ( #3860 ), #2186 ) ;
#3703 = LINE ( 'NONE', #260, #694 ) ;
#3704 = EDGE_LOOP ( 'NONE', ( #658, #3852, #3219, #1236, #601, #1948, #1758, #1665, #3882, #118, #210, #2532 ) ) ;
#3705 = VERTEX_POINT ( 'NONE', #1035 ) ;
#3706 = UNCERTAINTY_MEASURE_WITH_UNIT (LENGTH_MEASURE( 1.000000000000000082E-05 ), #1861, 'distance_accuracy_value', 'NONE');
#3707 = CARTESIAN_POINT ( 'NONE',  ( -5.261988945269359341, 5.000000000000000000, 0.1651125312372840048 ) ) ;
#3708 = STYLED_ITEM ( 'NONE', ( #1082 ), #1565 ) ;
#3709 = CARTESIAN_POINT ( 'NONE',  ( 1.435615886704083577, -1.799999999999999156, -2.000000000000000000 ) ) ;
#3710 = CIRCLE ( 'NONE', #2141, 0.2000000000000000944 ) ;
#3711 = COLOUR_RGB ( '',0.8392156862745098200, 0.8392156862745098200, 0.9215686274509803377 ) ;
#3712 = ORIENTED_EDGE ( 'NONE', *, *, #1927, .T. ) ;
#3713 = DIRECTION ( 'NONE',  ( 0.0000000000000000000, 1.734723475976805122E-15, -1.000000000000000000 ) ) ;
#3714 = DIRECTION ( 'NONE',  ( 0.0000000000000000000, -1.000000000000000000, 0.0000000000000000000 ) ) ;
#3715 = DIRECTION ( 'NONE',  ( 0.0000000000000000000, -1.000000000000000000, 0.0000000000000000000 ) ) ;
#3716 = PLANE ( 'NONE',  #1367 ) ;
#3717 = CYLINDRICAL_SURFACE ( 'NONE', #3166, 0.6000000000000007550 ) ;
#3718 = VECTOR ( 'NONE', #4118, 1000.000000000000000 ) ;
#3719 = EDGE_CURVE ( 'NONE', #3936, #1125, #3354, .T. ) ;
#3720 = DIRECTION ( 'NONE',  ( -0.0000000000000000000, -0.0000000000000000000, -1.000000000000000000 ) ) ;
#3721 = DIRECTION ( 'NONE',  ( 1.000000000000000000, -0.0000000000000000000, 0.0000000000000000000 ) ) ;
#3722 =( LENGTH_UNIT ( ) NAMED_UNIT ( * ) SI_UNIT ( .MILLI., .METRE. ) );
#3723 = CARTESIAN_POINT ( 'NONE',  ( -3.000000000000000000, 1.000000000000000000, 2.250000000000000000 ) ) ;
#3724 = EDGE_LOOP ( 'NONE', ( #762, #4092, #234, #3313 ) ) ;
#3725 = CARTESIAN_POINT ( 'NONE',  ( -0.3499999999999999778, -3.500000000000000444, 0.1499999999999999944 ) ) ;
#3726 = VECTOR ( 'NONE', #3824, 1000.000000000000000 ) ;
#3727 = ORIENTED_EDGE ( 'NONE', *, *, #2723, .F. ) ;
#3728 = EDGE_CURVE ( 'NONE', #2987, #3045, #4244, .T. ) ;
#3729 = FILL_AREA_STYLE_COLOUR ( '', #3924 ) ;
#3730 = DIRECTION ( 'NONE',  ( -1.000000000000000000, -0.0000000000000000000, -0.0000000000000000000 ) ) ;
#3731 = AXIS2_PLACEMENT_3D ( 'NONE', #2151, #4150, #1835 ) ;
#3732 = ORIENTED_EDGE ( 'NONE', *, *, #2835, .F. ) ;
#3733 = STYLED_ITEM ( 'NONE', ( #942 ), #960 ) ;
#3734 = VECTOR ( 'NONE', #3525, 1000.000000000000000 ) ;
#3735 = EDGE_LOOP ( 'NONE', ( #2840, #454, #2932, #3074 ) ) ;
#3736 =( NAMED_UNIT ( * ) PLANE_ANGLE_UNIT ( ) SI_UNIT ( $, .RADIAN. ) );
#3737 =( GEOMETRIC_REPRESENTATION_CONTEXT ( 3 ) GLOBAL_UNCERTAINTY_ASSIGNED_CONTEXT ( ( #2910 ) ) GLOBAL_UNIT_ASSIGNED_CONTEXT ( ( #1436, #2715, #3404 ) ) REPRESENTATION_CONTEXT ( 'NONE', 'WORKASPACE' ) );
#3738 =( NAMED_UNIT ( * ) PLANE_ANGLE_UNIT ( ) SI_UNIT ( $, .RADIAN. ) );
#3739 = CARTESIAN_POINT ( 'NONE',  ( -4.850000000000000533, 6.999999999999999112, -1.750000000000000000 ) ) ;
#3740 = EDGE_CURVE ( 'NONE', #485, #2566, #855, .T. ) ;
#3741 = FACE_OUTER_BOUND ( 'NONE', #473, .T. ) ;
#3742 = ORIENTED_EDGE ( 'NONE', *, *, #2899, .F. ) ;
#3743 = EDGE_CURVE ( 'NONE', #3546, #1555, #1603, .T. ) ;
#3744 = LINE ( 'NONE', #227, #3400 ) ;
#3745 = DIRECTION ( 'NONE',  ( 0.0000000000000000000, -1.000000000000000000, -1.387778780781430884E-16 ) ) ;
#3746 = ORIENTED_EDGE ( 'NONE', *, *, #2499, .T. ) ;
#3747 = PRESENTATION_STYLE_ASSIGNMENT (( #3797 ) ) ;
#3748 = SURFACE_STYLE_USAGE ( .BOTH. , #1113 ) ;
#3749 = LINE ( 'NONE', #1886, #2128 ) ;
#3750 = DIRECTION ( 'NONE',  ( 0.0000000000000000000, -0.0000000000000000000, -1.000000000000000000 ) ) ;
#3751 = ORIENTED_EDGE ( 'NONE', *, *, #514, .T. ) ;
#3752 = LINE ( 'NONE', #571, #2852 ) ;
#3753 = ORIENTED_EDGE ( 'NONE', *, *, #2309, .T. ) ;
#3754 = FACE_OUTER_BOUND ( 'NONE', #385, .T. ) ;
#3755 = LINE ( 'NONE', #335, #1811 ) ;
#3756 = EDGE_LOOP ( 'NONE', ( #3981, #3426, #4180, #2436 ) ) ;
#3757 = AXIS2_PLACEMENT_3D ( 'NONE', #277, #3947, #3678 ) ;
#3758 = ORIENTED_EDGE ( 'NONE', *, *, #112, .T. ) ;
#3759 = SURFACE_SIDE_STYLE ('',( #3999 ) ) ;
#3760 = DIRECTION ( 'NONE',  ( -0.0000000000000000000, 1.000000000000000000, -0.0000000000000000000 ) ) ;
#3761 = VECTOR ( 'NONE', #2914, 1000.000000000000000 ) ;
#3762 = ORIENTED_EDGE ( 'NONE', *, *, #3178, .F. ) ;
#3763 = CARTESIAN_POINT ( 'NONE',  ( -6.600999999999999091, 7.000000000000000000, -1.750000000000000000 ) ) ;
#3764 = ORIENTED_EDGE ( 'NONE', *, *, #1526, .T. ) ;
#3765 = EDGE_CURVE ( 'NONE', #1657, #2569, #756, .T. ) ;
#3766 =( GEOMETRIC_REPRESENTATION_CONTEXT ( 3 ) GLOBAL_UNCERTAINTY_ASSIGNED_CONTEXT ( ( #4248 ) ) GLOBAL_UNIT_ASSIGNED_CONTEXT ( ( #1557, #1732, #1712 ) ) REPRESENTATION_CONTEXT ( 'NONE', 'WORKASPACE' ) );
#3767 = FACE_OUTER_BOUND ( 'NONE', #1291, .T. ) ;
#3768 = DIRECTION ( 'NONE',  ( 0.0000000000000000000, -1.000000000000000000, 0.0000000000000000000 ) ) ;
#3769 = ADVANCED_FACE ( 'NONE', ( #3129 ), #1404, .T. ) ;
#3770 = LINE ( 'NONE', #2672, #1138 ) ;
#3771 = ORIENTED_EDGE ( 'NONE', *, *, #1387, .F. ) ;
#3772 = EDGE_CURVE ( 'NONE', #2076, #1869, #2260, .T. ) ;
#3773 = VERTEX_POINT ( 'NONE', #1009 ) ;
#3774 = VECTOR ( 'NONE', #4019, 1000.000000000000000 ) ;
#3775 = ORIENTED_EDGE ( 'NONE', *, *, #244, .T. ) ;
#3776 = DIRECTION ( 'NONE',  ( -0.0000000000000000000, -1.705840330101793256E-14, -1.000000000000000000 ) ) ;
#3777 = EDGE_CURVE ( 'NONE', #2447, #1202, #4032, .T. ) ;
#3778 = EDGE_LOOP ( 'NONE', ( #1546, #1495, #2702, #3451 ) ) ;
#3779 = VECTOR ( 'NONE', #3334, 1000.000000000000000 ) ;
#3780 = ORIENTED_EDGE ( 'NONE', *, *, #1572, .F. ) ;
#3781 = SURFACE_STYLE_USAGE ( .BOTH. , #1809 ) ;
#3782 =( GEOMETRIC_REPRESENTATION_CONTEXT ( 3 ) GLOBAL_UNCERTAINTY_ASSIGNED_CONTEXT ( ( #2294 ) ) GLOBAL_UNIT_ASSIGNED_CONTEXT ( ( #3004, #285, #3176 ) ) REPRESENTATION_CONTEXT ( 'NONE', 'WORKASPACE' ) );
#3783 = DIRECTION ( 'NONE',  ( 0.0000000000000000000, 1.000000000000000000, 5.421010862427522170E-17 ) ) ;
#3784 = DIRECTION ( 'NONE',  ( 5.421010862427520198E-16, -1.000000000000000000, 0.0000000000000000000 ) ) ;
#3785 = VERTEX_POINT ( 'NONE', #2240 ) ;
#3786 = ORIENTED_EDGE ( 'NONE', *, *, #745, .T. ) ;
#3787 = AXIS2_PLACEMENT_3D ( 'NONE', #286, #1525, #1719 ) ;
#3788 = ADVANCED_FACE ( 'NONE', ( #1503 ), #4022, .T. ) ;
#3789 = LINE ( 'NONE', #2999, #3542 ) ;
#3790 = CARTESIAN_POINT ( 'NONE',  ( 1.100000000000000089, 3.000000000000000000, -1.186931687685297998 ) ) ;
#3791 = CARTESIAN_POINT ( 'NONE',  ( -5.599999999999999645, 5.000000000000000888, -4.000000000000070166 ) ) ;
#3792 = DIRECTION ( 'NONE',  ( 1.000000000000000000, 0.0000000000000000000, 0.0000000000000000000 ) ) ;
#3793 = EDGE_CURVE ( 'NONE', #3834, #2613, #2711, .T. ) ;
#3794 = VERTEX_POINT ( 'NONE', #794 ) ;
#3795 = VECTOR ( 'NONE', #1089, 1000.000000000000000 ) ;
#3796 = EDGE_CURVE ( 'NONE', #3808, #2473, #3607, .T. ) ;
#3797 = SURFACE_STYLE_USAGE ( .BOTH. , #4060 ) ;
#3798 = LINE ( 'NONE', #3280, #1393 ) ;
#3799 = DIRECTION ( 'NONE',  ( 1.000000000000000000, 0.0000000000000000000, 0.0000000000000000000 ) ) ;
#3800 = ORIENTED_EDGE ( 'NONE', *, *, #3821, .T. ) ;
#3801 = DIRECTION ( 'NONE',  ( 1.000000000000000000, 0.0000000000000000000, 0.0000000000000000000 ) ) ;
#3802 = ORIENTED_EDGE ( 'NONE', *, *, #1034, .F. ) ;
#3803 = CARTESIAN_POINT ( 'NONE',  ( -4.850000000000000533, 6.999999999999999112, 0.1499999999999999944 ) ) ;
#3804 = VECTOR ( 'NONE', #1448, 1000.000000000000000 ) ;
#3805 = DIRECTION ( 'NONE',  ( 0.0000000000000000000, 1.000000000000000000, 0.0000000000000000000 ) ) ;
#3806 = ORIENTED_EDGE ( 'NONE', *, *, #2221, .T. ) ;
#3807 = CARTESIAN_POINT ( 'NONE',  ( 1.586131225645459386, -1.668299078426295656, -3.000000000000000000 ) ) ;
#3808 = VERTEX_POINT ( 'NONE', #874 ) ;
#3809 = PLANE ( 'NONE',  #3594 ) ;
#3810 = CARTESIAN_POINT ( 'NONE',  ( 0.3499999999999999778, 6.999999999999999112, 0.1499999999999999944 ) ) ;
#3811 = CARTESIAN_POINT ( 'NONE',  ( -6.086131225645459608, -1.668299078426296322, -2.000000000000000000 ) ) ;
#3812 = AXIS2_PLACEMENT_3D ( 'NONE', #2608, #2927, #993 ) ;
#3813 = ADVANCED_FACE ( 'NONE', ( #1852 ), #4004, .F. ) ;
#3814 = ORIENTED_EDGE ( 'NONE', *, *, #2247, .F. ) ;
#3815 = DIRECTION ( 'NONE',  ( -0.2425356250363328026, 0.0000000000000000000, 0.9701425001453319874 ) ) ;
#3816 = AXIS2_PLACEMENT_3D ( 'NONE', #3321, #3305, #2501 ) ;
#3817 = DIRECTION ( 'NONE',  ( -0.0000000000000000000, 3.614007241618349757E-17, 1.000000000000000000 ) ) ;
#3818 = CARTESIAN_POINT ( 'NONE',  ( -5.250000000000000000, 0.0000000000000000000, 0.0000000000000000000 ) ) ;
#3819 = PRESENTATION_STYLE_ASSIGNMENT (( #2585 ) ) ;
#3820 = DIRECTION ( 'NONE',  ( -1.000000000000000000, -0.0000000000000000000, -0.0000000000000000000 ) ) ;
#3821 = EDGE_CURVE ( 'NONE', #1406, #3700, #999, .T. ) ;
#3822 = DIRECTION ( 'NONE',  ( -1.000000000000000000, 0.0000000000000000000, 0.0000000000000000000 ) ) ;
#3823 = COLOUR_RGB ( '',0.8392156862745098200, 0.8392156862745098200, 0.9215686274509803377 ) ;
#3824 = DIRECTION ( 'NONE',  ( 0.0000000000000000000, -1.000000000000000000, 0.0000000000000000000 ) ) ;
#3825 = ORIENTED_EDGE ( 'NONE', *, *, #63, .F. ) ;
#3826 = COLOUR_RGB ( '',0.7921568627450980005, 0.8196078431372548767, 0.9333333333333333481 ) ;
#3827 = EDGE_CURVE ( 'NONE', #3705, #2566, #3500, .T. ) ;
#3828 = VECTOR ( 'NONE', #959, 1000.000000000000000 ) ;
#3829 = EDGE_LOOP ( 'NONE', ( #3899 ) ) ;
#3830 = VERTEX_POINT ( 'NONE', #3552 ) ;
#3831 = ORIENTED_EDGE ( 'NONE', *, *, #1542, .T. ) ;
#3832 = VECTOR ( 'NONE', #78, 1000.000000000000000 ) ;
#3833 = ADVANCED_FACE ( 'NONE', ( #2617 ), #3289, .F. ) ;
#3834 = VERTEX_POINT ( 'NONE', #3319 ) ;
#3835 = DIRECTION ( 'NONE',  ( -0.0000000000000000000, -0.0000000000000000000, 1.000000000000000000 ) ) ;
#3836 = DIRECTION ( 'NONE',  ( 0.0000000000000000000, 1.000000000000000000, 0.0000000000000000000 ) ) ;
#3837 = DIRECTION ( 'NONE',  ( 0.0000000000000000000, 0.0000000000000000000, -1.000000000000000000 ) ) ;
#3838 = LINE ( 'NONE', #2019, #3795 ) ;
#3839 = AXIS2_PLACEMENT_3D ( 'NONE', #1027, #1959, #1344 ) ;
#3840 = CARTESIAN_POINT ( 'NONE',  ( -5.935615886704083799, -1.800000000000000044, -3.000000000000000000 ) ) ;
#3841 = ORIENTED_EDGE ( 'NONE', *, *, #3657, .T. ) ;
#3842 = CARTESIAN_POINT ( 'NONE',  ( 2.100000000000000089, -1.800000000000000044, -3.000000000000000000 ) ) ;
#3843 = DIRECTION ( 'NONE',  ( 0.0000000000000000000, -1.000000000000000000, 0.0000000000000000000 ) ) ;
#3844 = CYLINDRICAL_SURFACE ( 'NONE', #2090, 0.2000000000000000944 ) ;
#3845 = EDGE_LOOP ( 'NONE', ( #2164, #3658, #1280, #361, #3800, #3556 ) ) ;
#3846 = AXIS2_PLACEMENT_3D ( 'NONE', #2383, #1513, #4242 ) ;
#3847 = CARTESIAN_POINT ( 'NONE',  ( -3.000000000000000444, 7.000000000000000000, 1.949999999999999956 ) ) ;
#3848 = FACE_BOUND ( 'NONE', #4131, .T. ) ;
#3849 = SURFACE_SIDE_STYLE ('',( #381 ) ) ;
#3850 = CARTESIAN_POINT ( 'NONE',  ( 1.399999999999999911, 3.000000000000000000, -1.750000000000000000 ) ) ;
#3851 = EDGE_CURVE ( 'NONE', #1154, #2754, #3408, .T. ) ;
#3852 = ORIENTED_EDGE ( 'NONE', *, *, #3098, .T. ) ;
#3853 = FACE_OUTER_BOUND ( 'NONE', #623, .T. ) ;
#3854 = VERTEX_POINT ( 'NONE', #2786 ) ;
#3855 = ADVANCED_FACE ( 'NONE', ( #40 ), #2686, .F. ) ;
#3856 = FACE_OUTER_BOUND ( 'NONE', #2969, .T. ) ;
#3857 = VERTEX_POINT ( 'NONE', #2984 ) ;
#3858 = DIRECTION ( 'NONE',  ( -1.000000000000000000, -0.0000000000000000000, -0.0000000000000000000 ) ) ;
#3859 = EDGE_CURVE ( 'NONE', #1485, #2206, #2518, .T. ) ;
#3860 = STYLED_ITEM ( 'NONE', ( #3551 ), #4239 ) ;
#3861 = LINE ( 'NONE', #3236, #399 ) ;
#3862 = ORIENTED_EDGE ( 'NONE', *, *, #477, .F. ) ;
#3863 = DIRECTION ( 'NONE',  ( 0.0000000000000000000, 0.0000000000000000000, 1.000000000000000000 ) ) ;
#3864 = ORIENTED_EDGE ( 'NONE', *, *, #4222, .T. ) ;
#3865 = ORIENTED_EDGE ( 'NONE', *, *, #2156, .F. ) ;
#3866 = DIRECTION ( 'NONE',  ( 0.0000000000000000000, 1.000000000000000000, 0.0000000000000000000 ) ) ;
#3867 = PLANE ( 'NONE',  #135 ) ;
#3868 = DIRECTION ( 'NONE',  ( -1.000000000000000000, 0.0000000000000000000, 0.0000000000000000000 ) ) ;
#3869 = LINE ( 'NONE', #1033, #3761 ) ;
#3870 = ORIENTED_EDGE ( 'NONE', *, *, #739, .T. ) ;
#3871 = ORIENTED_EDGE ( 'NONE', *, *, #2829, .T. ) ;
#3872 = CARTESIAN_POINT ( 'NONE',  ( 1.399999999999999911, 7.000000000000000000, -1.250000000000000222 ) ) ;
#3873 = CARTESIAN_POINT ( 'NONE',  ( -6.599999999999999645, -1.800000000000000044, -3.000000000000000000 ) ) ;
#3874 = VECTOR ( 'NONE', #1541, 1000.000000000000000 ) ;
#3875 = ORIENTED_EDGE ( 'NONE', *, *, #978, .F. ) ;
#3876 = VECTOR ( 'NONE', #3958, 1000.000000000000000 ) ;
#3877 = DIRECTION ( 'NONE',  ( 1.000000000000000000, -0.0000000000000000000, 0.0000000000000000000 ) ) ;
#3878 = DIRECTION ( 'NONE',  ( -1.000000000000000000, 0.0000000000000000000, 0.0000000000000000000 ) ) ;
#3879 = LINE ( 'NONE', #2304, #415 ) ;
#3880 = ORIENTED_EDGE ( 'NONE', *, *, #2920, .T. ) ;
#3881 = ADVANCED_FACE ( 'NONE', ( #2417 ), #2560, .T. ) ;
#3882 = ORIENTED_EDGE ( 'NONE', *, *, #2475, .T. ) ;
#3883 = DIRECTION ( 'NONE',  ( 1.000000000000000000, 0.0000000000000000000, -0.0000000000000000000 ) ) ;
#3884 = LINE ( 'NONE', #3040, #2986 ) ;
#3885 = LINE ( 'NONE', #3180, #2490 ) ;
#3886 = EDGE_CURVE ( 'NONE', #2181, #3519, #2965, .T. ) ;
#3887 =( NAMED_UNIT ( * ) SI_UNIT ( $, .STERADIAN. ) SOLID_ANGLE_UNIT ( ) );
#3888 = LINE ( 'NONE', #789, #3996 ) ;
#3889 = EDGE_LOOP ( 'NONE', ( #3083, #2557, #1229, #482 ) ) ;
#3890 = EDGE_CURVE ( 'NONE', #1562, #3677, #3861, .T. ) ;
#3891 = VERTEX_POINT ( 'NONE', #1106 ) ;
#3892 = DIRECTION ( 'NONE',  ( 0.0000000000000000000, 0.0000000000000000000, -1.000000000000000000 ) ) ;
#3893 = CARTESIAN_POINT ( 'NONE',  ( 1.100000000000000089, -5.637851296924616746E-15, 1.250000000000000222 ) ) ;
#3894 = DIRECTION ( 'NONE',  ( 0.0000000000000000000, 0.0000000000000000000, -1.000000000000000000 ) ) ;
#3895 = VECTOR ( 'NONE', #1745, 1000.000000000000114 ) ;
#3896 = CARTESIAN_POINT ( 'NONE',  ( -4.250000000000000000, 6.999999999999999112, -1.150000000000000355 ) ) ;
#3897 = STYLED_ITEM ( 'NONE', ( #1121 ), #500 ) ;
#3898 = DIRECTION ( 'NONE',  ( 0.0000000000000000000, -0.0000000000000000000, 1.000000000000000000 ) ) ;
#3899 = ORIENTED_EDGE ( 'NONE', *, *, #879, .F. ) ;
#3900 = ORIENTED_EDGE ( 'NONE', *, *, #2393, .F. ) ;
#3901 = FACE_OUTER_BOUND ( 'NONE', #250, .T. ) ;
#3902 = CARTESIAN_POINT ( 'NONE',  ( -0.3499999999999999778, -3.500000000000000444, -0.1499999999999999944 ) ) ;
#3903 = ADVANCED_FACE ( 'NONE', ( #3754 ), #888, .F. ) ;
#3904 = MECHANICAL_DESIGN_GEOMETRIC_PRESENTATION_REPRESENTATION (  '', ( #3222 ), #4127 ) ;
#3905 = CARTESIAN_POINT ( 'NONE',  ( -1.500000000000000000, 0.8999999999999999112, 0.9499999999999998446 ) ) ;
#3906 = VERTEX_POINT ( 'NONE', #948 ) ;
#3907 =( LENGTH_UNIT ( ) NAMED_UNIT ( * ) SI_UNIT ( .MILLI., .METRE. ) );
#3908 = LINE ( 'NONE', #3271, #439 ) ;
#3909 = EDGE_CURVE ( 'NONE', #4238, #207, #2100, .T. ) ;
#3910 =( GEOMETRIC_REPRESENTATION_CONTEXT ( 3 ) GLOBAL_UNCERTAINTY_ASSIGNED_CONTEXT ( ( #3422 ) ) GLOBAL_UNIT_ASSIGNED_CONTEXT ( ( #831, #3736, #2445 ) ) REPRESENTATION_CONTEXT ( 'NONE', 'WORKASPACE' ) );
#3911 = CARTESIAN_POINT ( 'NONE',  ( 1.399999999999999911, 2.499999999999991562, -3.999999999999991562 ) ) ;
#3912 = VECTOR ( 'NONE', #3618, 1000.000000000000000 ) ;
#3913 = VERTEX_POINT ( 'NONE', #4134 ) ;
#3914 = CARTESIAN_POINT ( 'NONE',  ( -4.850000000000000533, 7.299999999999998934, 0.1499999999999999944 ) ) ;
#3915 = DIRECTION ( 'NONE',  ( 0.0000000000000000000, 0.0000000000000000000, 1.000000000000000000 ) ) ;
#3916 = ORIENTED_EDGE ( 'NONE', *, *, #314, .F. ) ;
#3917 = VERTEX_POINT ( 'NONE', #498 ) ;
#3918 = EDGE_CURVE ( 'NONE', #3931, #3407, #2857, .T. ) ;
#3919 = CIRCLE ( 'NONE', #974, 0.3499999999999999778 ) ;
#3920 = DIRECTION ( 'NONE',  ( 0.0000000000000000000, 0.0000000000000000000, 1.000000000000000000 ) ) ;
#3921 = VERTEX_POINT ( 'NONE', #376 ) ;
#3922 = ORIENTED_EDGE ( 'NONE', *, *, #1061, .F. ) ;
#3923 = PLANE ( 'NONE',  #729 ) ;
#3924 = COLOUR_RGB ( '',0.8392156862745098200, 0.8392156862745098200, 0.9215686274509803377 ) ;
#3925 = PRESENTATION_LAYER_ASSIGNMENT (  '', '', ( #3701 ) ) ;
#3926 = CARTESIAN_POINT ( 'NONE',  ( -1.499999999999996447, -8.131516293641265506E-16, -1.879095837264976707E-15 ) ) ;
#3927 = DIRECTION ( 'NONE',  ( -1.000000000000000000, -0.0000000000000000000, -0.0000000000000000000 ) ) ;
#3928 = ADVANCED_FACE ( 'NONE', ( #299 ), #165, .F. ) ;
#3929 = VERTEX_POINT ( 'NONE', #215 ) ;
#3930 = VECTOR ( 'NONE', #2977, 1000.000000000000000 ) ;
#3931 = VERTEX_POINT ( 'NONE', #4017 ) ;
#3932 = AXIS2_PLACEMENT_3D ( 'NONE', #3367, #3349, #3318 ) ;
#3933 = PLANE ( 'NONE',  #4049 ) ;
#3934 = DIRECTION ( 'NONE',  ( 1.000000000000000000, 0.0000000000000000000, 0.0000000000000000000 ) ) ;
#3935 = EDGE_LOOP ( 'NONE', ( #3070, #666, #2094, #3165 ) ) ;
#3936 = VERTEX_POINT ( 'NONE', #2254 ) ;
#3937 = DIRECTION ( 'NONE',  ( 0.0000000000000000000, -0.0000000000000000000, 1.000000000000000000 ) ) ;
#3938 = CARTESIAN_POINT ( 'NONE',  ( -5.899999999999999467, 1.000000000000000000, 1.250000000000000000 ) ) ;
#3939 = AXIS2_PLACEMENT_3D ( 'NONE', #2549, #4213, #1888 ) ;
#3940 = VECTOR ( 'NONE', #1976, 1000.000000000000000 ) ;
#3941 = FACE_BOUND ( 'NONE', #692, .T. ) ;
#3942 = DIRECTION ( 'NONE',  ( 0.0000000000000000000, -1.000000000000000000, -5.421010862427522170E-17 ) ) ;
#3943 = DIRECTION ( 'NONE',  ( 0.2425356250363315813, 0.0000000000000000000, -0.9701425001453323205 ) ) ;
#3944 = DIRECTION ( 'NONE',  ( -0.9701425001453318764, 0.0000000000000000000, 0.2425356250363329691 ) ) ;
#3945 = EDGE_LOOP ( 'NONE', ( #193, #1324, #259, #3993 ) ) ;
#3946 = EDGE_CURVE ( 'NONE', #1413, #4189, #4236, .T. ) ;
#3947 = DIRECTION ( 'NONE',  ( 1.000000000000000000, -0.0000000000000000000, -0.0000000000000000000 ) ) ;
#3948 = VERTEX_POINT ( 'NONE', #3723 ) ;
#3949 = CARTESIAN_POINT ( 'NONE',  ( 1.399999999999999911, 1.000000000000000000, 2.250000000000000000 ) ) ;
#3950 = ADVANCED_FACE ( 'NONE', ( #3350 ), #883, .F. ) ;
#3951 = EDGE_CURVE ( 'NONE', #2415, #2473, #1599, .T. ) ;
#3952 = DIRECTION ( 'NONE',  ( -0.2425356250363328026, 0.0000000000000000000, 0.9701425001453319874 ) ) ;
#3953 = VECTOR ( 'NONE', #2497, 1000.000000000000000 ) ;
#3954 = CARTESIAN_POINT ( 'NONE',  ( -0.3499999999999999778, 6.999999999999999112, 0.0000000000000000000 ) ) ;
#3955 = LINE ( 'NONE', #1004, #2184 ) ;
#3956 = AXIS2_PLACEMENT_3D ( 'NONE', #476, #2322, #3659 ) ;
#3957 = CARTESIAN_POINT ( 'NONE',  ( 1.100000000000000089, -1.112720534831482144, -2.000000000000000000 ) ) ;
#3958 = DIRECTION ( 'NONE',  ( 1.000000000000000000, 0.0000000000000000000, 0.0000000000000000000 ) ) ;
#3959 = ORIENTED_EDGE ( 'NONE', *, *, #3100, .F. ) ;
#3960 = VERTEX_POINT ( 'NONE', #2477 ) ;
#3961 = VECTOR ( 'NONE', #3720, 1000.000000000000000 ) ;
#3962 = CARTESIAN_POINT ( 'NONE',  ( 1.399999999999999911, 5.000000000000000000, 1.649999999999999911 ) ) ;
#3963 = CYLINDRICAL_SURFACE ( 'NONE', #785, 0.6000000000000007550 ) ;
#3964 = CARTESIAN_POINT ( 'NONE',  ( 1.701369532022449782, -1.800000000000000044, 3.149999999999999911 ) ) ;
#3965 = ORIENTED_EDGE ( 'NONE', *, *, #2780, .T. ) ;
#3966 = ORIENTED_EDGE ( 'NONE', *, *, #168, .T. ) ;
#3967 = ORIENTED_EDGE ( 'NONE', *, *, #3448, .T. ) ;
#3968 = FACE_OUTER_BOUND ( 'NONE', #1836, .T. ) ;
#3969 = EDGE_CURVE ( 'NONE', #90, #3637, #2463, .T. ) ;
#3970 = ADVANCED_FACE ( 'NONE', ( #657 ), #44, .F. ) ;
#3971 = ORIENTED_EDGE ( 'NONE', *, *, #281, .F. ) ;
#3972 = CARTESIAN_POINT ( 'NONE',  ( -5.899999999999999467, -0.9999999999999997780, -2.000000000000000000 ) ) ;
#3973 = DIRECTION ( 'NONE',  ( 1.000000000000000000, 0.0000000000000000000, -0.0000000000000000000 ) ) ;
#3974 = ORIENTED_EDGE ( 'NONE', *, *, #3231, .T. ) ;
#3975 = EDGE_CURVE ( 'NONE', #3929, #463, #3229, .T. ) ;
#3976 = CARTESIAN_POINT ( 'NONE',  ( -5.599999999999999645, -3.500000000000000000, -2.000000000000000000 ) ) ;
#3977 = ORIENTED_EDGE ( 'NONE', *, *, #94, .T. ) ;
#3978 = DIRECTION ( 'NONE',  ( 0.0000000000000000000, 0.0000000000000000000, 1.000000000000000000 ) ) ;
#3979 = EDGE_LOOP ( 'NONE', ( #2960, #2525, #3802, #3120 ) ) ;
#3980 = VECTOR ( 'NONE', #3163, 1000.000000000000000 ) ;
#3981 = ORIENTED_EDGE ( 'NONE', *, *, #1006, .F. ) ;
#3982 = CARTESIAN_POINT ( 'NONE',  ( -5.599999999999999645, 1.000000000000000000, 0.2500000000000002220 ) ) ;
#3983 = DIRECTION ( 'NONE',  ( 0.0000000000000000000, -1.000000000000000000, -1.387778780781430884E-16 ) ) ;
#3984 = VECTOR ( 'NONE', #2440, 1000.000000000000000 ) ;
#3985 = CARTESIAN_POINT ( 'NONE',  ( 0.0000000000000000000, 0.0000000000000000000, 0.2500000000000002220 ) ) ;
#3986 = CARTESIAN_POINT ( 'NONE',  ( -5.250000000000000000, 7.000000000000000000, 1.940000000000000169 ) ) ;
#3987 = ORIENTED_EDGE ( 'NONE', *, *, #63, .T. ) ;
#3988 = FILL_AREA_STYLE ('',( #3466 ) ) ;
#3989 = LINE ( 'NONE', #1356, #2587 ) ;
#3990 = STYLED_ITEM ( 'NONE', ( #2226 ), #2114 ) ;
#3991 = CARTESIAN_POINT ( 'NONE',  ( 0.7500000000000000000, 6.999999999999999112, -1.150000000000000355 ) ) ;
#3992 = CIRCLE ( 'NONE', #377, 0.5000000000000000000 ) ;
#3993 = ORIENTED_EDGE ( 'NONE', *, *, #170, .F. ) ;
#3994 = DIRECTION ( 'NONE',  ( -1.000000000000000000, -0.0000000000000000000, -0.0000000000000000000 ) ) ;
#3995 = ORIENTED_EDGE ( 'NONE', *, *, #3951, .T. ) ;
#3996 = VECTOR ( 'NONE', #2605, 1000.000000000000000 ) ;
#3997 = EDGE_CURVE ( 'NONE', #2804, #3773, #4027, .T. ) ;
#3998 = PLANE ( 'NONE',  #1282 ) ;
#3999 = SURFACE_STYLE_FILL_AREA ( #510 ) ;
#4000 = EDGE_CURVE ( 'NONE', #599, #1970, #851, .T. ) ;
#4001 = LINE ( 'NONE', #3124, #4111 ) ;
#4002 = DIRECTION ( 'NONE',  ( 1.000000000000000000, -0.0000000000000000000, -0.0000000000000000000 ) ) ;
#4003 = SURFACE_SIDE_STYLE ('',( #3646 ) ) ;
#4004 = PLANE ( 'NONE',  #634 ) ;
#4005 = ORIENTED_EDGE ( 'NONE', *, *, #1784, .F. ) ;
#4006 = ORIENTED_EDGE ( 'NONE', *, *, #2503, .T. ) ;
#4007 = EDGE_CURVE ( 'NONE', #1202, #3857, #3122, .T. ) ;
#4008 = CARTESIAN_POINT ( 'NONE',  ( -1.499999999999999778, 0.5999999999999986455, 1.949999999999997957 ) ) ;
#4009 = VECTOR ( 'NONE', #4091, 1000.000000000000000 ) ;
#4010 = ORIENTED_EDGE ( 'NONE', *, *, #3333, .T. ) ;
#4011 = VECTOR ( 'NONE', #2802, 1000.000000000000114 ) ;
#4012 = DIRECTION ( 'NONE',  ( 0.0000000000000000000, 1.000000000000000000, -4.550300712860469697E-32 ) ) ;
#4013 = CARTESIAN_POINT ( 'NONE',  ( -1.500000000000000000, 0.8999999999999999112, 0.9499999999999998446 ) ) ;
#4014 = ORIENTED_EDGE ( 'NONE', *, *, #978, .T. ) ;
#4015 = DIRECTION ( 'NONE',  ( -0.0000000000000000000, -0.0000000000000000000, -1.000000000000000000 ) ) ;
#4016 = CARTESIAN_POINT ( 'NONE',  ( -4.250000000000000000, 6.999999999999999112, -1.150000000000000355 ) ) ;
#4017 = CARTESIAN_POINT ( 'NONE',  ( 1.100000000000000089, 1.000000000000000000, 0.2500000000000002220 ) ) ;
#4018 = DIRECTION ( 'NONE',  ( 1.000000000000000000, -0.0000000000000000000, -0.0000000000000000000 ) ) ;
#4019 = DIRECTION ( 'NONE',  ( 0.0000000000000000000, 1.000000000000000000, -3.614007241618349757E-17 ) ) ;
#4020 = VERTEX_POINT ( 'NONE', #2787 ) ;
#4021 = ORIENTED_EDGE ( 'NONE', *, *, #531, .F. ) ;
#4022 = PLANE ( 'NONE',  #191 ) ;
#4023 = ORIENTED_EDGE ( 'NONE', *, *, #1465, .T. ) ;
#4024 = AXIS2_PLACEMENT_3D ( 'NONE', #300, #957, #1691 ) ;
#4025 = DIRECTION ( 'NONE',  ( -1.000000000000000000, 0.0000000000000000000, -0.0000000000000000000 ) ) ;
#4026 = DIRECTION ( 'NONE',  ( 0.0000000000000000000, 0.0000000000000000000, 1.000000000000000000 ) ) ;
#4027 = LINE ( 'NONE', #2059, #2255 ) ;
#4028 = ORIENTED_EDGE ( 'NONE', *, *, #3765, .F. ) ;
#4029 = ORIENTED_EDGE ( 'NONE', *, *, #1738, .F. ) ;
#4030 = CARTESIAN_POINT ( 'NONE',  ( -0.2500000000000000000, 2.000000000000000000, 1.940000000000000169 ) ) ;
#4031 = EDGE_CURVE ( 'NONE', #2038, #1048, #3919, .T. ) ;
#4032 = CIRCLE ( 'NONE', #2860, 0.3499999999999999778 ) ;
#4033 = ORIENTED_EDGE ( 'NONE', *, *, #1034, .T. ) ;
#4034 = CARTESIAN_POINT ( 'NONE',  ( -3.000000000000000000, 7.100000000000000533, 0.9499999999999998446 ) ) ;
#4035 = LINE ( 'NONE', #1101, #352 ) ;
#4036 = EDGE_CURVE ( 'NONE', #1193, #1304, #2143, .T. ) ;
#4037 = PLANE ( 'NONE',  #895 ) ;
#4038 = VECTOR ( 'NONE', #2039, 1000.000000000000000 ) ;
#4039 = ORIENTED_EDGE ( 'NONE', *, *, #4222, .F. ) ;
#4040 = PLANE ( 'NONE',  #607 ) ;
#4041 = LINE ( 'NONE', #4156, #2931 ) ;
#4042 = FACE_OUTER_BOUND ( 'NONE', #947, .T. ) ;
#4043 = ORIENTED_EDGE ( 'NONE', *, *, #591, .F. ) ;
#4044 = VECTOR ( 'NONE', #188, 1000.000000000000000 ) ;
#4045 = PLANE ( 'NONE',  #1047 ) ;
#4046 = CARTESIAN_POINT ( 'NONE',  ( 1.399999999999999911, 2.499999999999991562, -3.999999999999991562 ) ) ;
#4047 = VECTOR ( 'NONE', #648, 1000.000000000000000 ) ;
#4048 = CARTESIAN_POINT ( 'NONE',  ( -5.599999999999999645, 3.000000000000000000, -1.750000000000000222 ) ) ;
#4049 = AXIS2_PLACEMENT_3D ( 'NONE', #3062, #1086, #3095 ) ;
#4050 = DIRECTION ( 'NONE',  ( 1.000000000000000000, -0.0000000000000000000, -0.0000000000000000000 ) ) ;
#4051 = ORIENTED_EDGE ( 'NONE', *, *, #4234, .F. ) ;
#4052 = FACE_OUTER_BOUND ( 'NONE', #320, .T. ) ;
#4053 = ORIENTED_EDGE ( 'NONE', *, *, #4206, .F. ) ;
#4054 =( NAMED_UNIT ( * ) PLANE_ANGLE_UNIT ( ) SI_UNIT ( $, .RADIAN. ) );
#4055 = EDGE_CURVE ( 'NONE', #388, #681, #1398, .T. ) ;
#4056 = DIRECTION ( 'NONE',  ( 0.0000000000000000000, 0.0000000000000000000, -1.000000000000000000 ) ) ;
#4057 = EDGE_CURVE ( 'NONE', #646, #388, #1286, .T. ) ;
#4058 = DIRECTION ( 'NONE',  ( 0.0000000000000000000, -0.0000000000000000000, 1.000000000000000000 ) ) ;
#4059 = CARTESIAN_POINT ( 'NONE',  ( -5.899999999999999467, 3.000000000000000000, -4.000000000000000000 ) ) ;
#4060 = SURFACE_SIDE_STYLE ('',( #4168 ) ) ;
#4061 = CARTESIAN_POINT ( 'NONE',  ( -4.150000000000000355, 7.299999999999998934, -1.750000000000000000 ) ) ;
#4062 = ORIENTED_EDGE ( 'NONE', *, *, #4229, .T. ) ;
#4063 = CARTESIAN_POINT ( 'NONE',  ( -4.250000000000000000, 6.000000000000000000, 1.949999999999999734 ) ) ;
#4064 = FACE_OUTER_BOUND ( 'NONE', #258, .T. ) ;
#4065 = SURFACE_SIDE_STYLE ('',( #1014 ) ) ;
#4066 = FACE_OUTER_BOUND ( 'NONE', #1489, .T. ) ;
#4067 = ORIENTED_EDGE ( 'NONE', *, *, #3242, .F. ) ;
#4068 = VERTEX_POINT ( 'NONE', #1416 ) ;
#4069 = ORIENTED_EDGE ( 'NONE', *, *, #3043, .F. ) ;
#4070 = CARTESIAN_POINT ( 'NONE',  ( -5.549999999999999822, 5.000000000000000000, 0.2500000000000000000 ) ) ;
#4071 = DIRECTION ( 'NONE',  ( 0.0000000000000000000, 0.0000000000000000000, 1.000000000000000000 ) ) ;
#4072 = LINE ( 'NONE', #2681, #1455 ) ;
#4073 = EDGE_LOOP ( 'NONE', ( #1558, #2152, #1187, #3727 ) ) ;
#4074 = SURFACE_STYLE_USAGE ( .BOTH. , #512 ) ;
#4075 = VERTEX_POINT ( 'NONE', #4048 ) ;
#4076 = CARTESIAN_POINT ( 'NONE',  ( -4.150000000000000355, -3.500000000000000444, 0.1499999999999999944 ) ) ;
#4077 = CARTESIAN_POINT ( 'NONE',  ( -4.850000000000000533, 6.999999999999999112, 0.1499999999999999944 ) ) ;
#4078 = STYLED_ITEM ( 'NONE', ( #814 ), #3619 ) ;
#4079 = VERTEX_POINT ( 'NONE', #3449 ) ;
#4080 = CARTESIAN_POINT ( 'NONE',  ( 0.0000000000000000000, 1.705840330101707428E-14, -3.000000000000000000 ) ) ;
#4081 = ORIENTED_EDGE ( 'NONE', *, *, #1526, .F. ) ;
#4082 = EDGE_LOOP ( 'NONE', ( #1331, #1254, #340, #1988 ) ) ;
#4083 = EDGE_CURVE ( 'NONE', #2881, #1146, #341, .T. ) ;
#4084 = LINE ( 'NONE', #3982, #1463 ) ;
#4085 = EDGE_LOOP ( 'NONE', ( #849, #301, #194, #901, #1232, #292, #1506, #2850, #3403, #2461, #1991, #1906 ) ) ;
#4086 = CARTESIAN_POINT ( 'NONE',  ( -2.620244690702989931, 2.292714104365119798, -3.000000000000000000 ) ) ;
#4087 = DIRECTION ( 'NONE',  ( 0.0000000000000000000, 0.0000000000000000000, 1.000000000000000000 ) ) ;
#4088 = DIRECTION ( 'NONE',  ( 0.0000000000000000000, 1.000000000000000000, 2.168404344971010101E-16 ) ) ;
#4089 = LINE ( 'NONE', #465, #3186 ) ;
#4090 = EDGE_CURVE ( 'NONE', #2800, #152, #2050, .T. ) ;
#4091 = DIRECTION ( 'NONE',  ( -0.0000000000000000000, -0.0000000000000000000, 1.000000000000000000 ) ) ;
#4092 = ORIENTED_EDGE ( 'NONE', *, *, #2875, .F. ) ;
#4093 = ORIENTED_EDGE ( 'NONE', *, *, #363, .F. ) ;
#4094 = DIRECTION ( 'NONE',  ( -0.0000000000000000000, 1.000000000000000000, -0.0000000000000000000 ) ) ;
#4095 = ORIENTED_EDGE ( 'NONE', *, *, #29, .F. ) ;
#4096 = LINE ( 'NONE', #1997, #4148 ) ;
#4097 = PRODUCT_DEFINITION_FORMATION_WITH_SPECIFIED_SOURCE ( 'ANY', '', #2224, .NOT_KNOWN. ) ;
#4098 = EDGE_LOOP ( 'NONE', ( #1295, #1332, #809, #1084, #1696, #904 ) ) ;
#4099 = LINE ( 'NONE', #3914, #2334 ) ;
#4100 = ORIENTED_EDGE ( 'NONE', *, *, #117, .T. ) ;
#4101 = CARTESIAN_POINT ( 'NONE',  ( -5.899999999999999467, 0.0000000000000000000, 0.2500000000000002220 ) ) ;
#4102 = VECTOR ( 'NONE', #1755, 1000.000000000000000 ) ;
#4103 = ADVANCED_FACE ( 'NONE', ( #1087 ), #3695, .F. ) ;
#4104 = PLANE ( 'NONE',  #2962 ) ;
#4105 = CARTESIAN_POINT ( 'NONE',  ( 1.100000000000000089, 1.000000000000000000, 1.249999999999999334 ) ) ;
#4106 = UNCERTAINTY_MEASURE_WITH_UNIT (LENGTH_MEASURE( 1.000000000000000082E-05 ), #3114, 'distance_accuracy_value', 'NONE');
#4107 = CARTESIAN_POINT ( 'NONE',  ( 0.3499999999999999778, 7.299999999999999822, 0.1499999999999999944 ) ) ;
#4108 = EDGE_CURVE ( 'NONE', #2936, #3834, #235, .T. ) ;
#4109 = ORIENTED_EDGE ( 'NONE', *, *, #956, .F. ) ;
#4110 = ORIENTED_EDGE ( 'NONE', *, *, #2920, .F. ) ;
#4111 = VECTOR ( 'NONE', #910, 1000.000000000000000 ) ;
#4112 = EDGE_LOOP ( 'NONE', ( #2505, #2714, #699, #2976, #200, #2947, #1583, #3296, #2125, #110, #246, #1504 ) ) ;
#4113 = EDGE_CURVE ( 'NONE', #1508, #2081, #1950, .T. ) ;
#4114 = VECTOR ( 'NONE', #1170, 1000.000000000000000 ) ;
#4115 = LINE ( 'NONE', #1633, #873 ) ;
#4116 = CARTESIAN_POINT ( 'NONE',  ( 1.399999999999999911, 1.000000000000000000, 1.250000000000000000 ) ) ;
#4117 = FILL_AREA_STYLE ('',( #1500 ) ) ;
#4118 = DIRECTION ( 'NONE',  ( 0.0000000000000000000, -1.000000000000000000, 3.614007241618349757E-17 ) ) ;
#4119 = LINE ( 'NONE', #884, #3912 ) ;
#4120 = AXIS2_PLACEMENT_3D ( 'NONE', #429, #1305, #66 ) ;
#4121 = ORIENTED_EDGE ( 'NONE', *, *, #2187, .T. ) ;
#4122 = ORIENTED_EDGE ( 'NONE', *, *, #70, .T. ) ;
#4123 = ADVANCED_FACE ( 'NONE', ( #3600, #1848 ), #3170, .T. ) ;
#4124 = VECTOR ( 'NONE', #3059, 1000.000000000000000 ) ;
#4125 = ORIENTED_EDGE ( 'NONE', *, *, #2056, .T. ) ;
#4126 = ORIENTED_EDGE ( 'NONE', *, *, #1441, .T. ) ;
#4127 =( GEOMETRIC_REPRESENTATION_CONTEXT ( 3 ) GLOBAL_UNCERTAINTY_ASSIGNED_CONTEXT ( ( #972 ) ) GLOBAL_UNIT_ASSIGNED_CONTEXT ( ( #1740, #1694, #3887 ) ) REPRESENTATION_CONTEXT ( 'NONE', 'WORKASPACE' ) );
#4128 = DIRECTION ( 'NONE',  ( 1.000000000000000000, 0.0000000000000000000, 0.0000000000000000000 ) ) ;
#4129 = DIRECTION ( 'NONE',  ( 1.000000000000000000, -0.0000000000000000000, -0.0000000000000000000 ) ) ;
#4130 = VECTOR ( 'NONE', #1903, 1000.000000000000000 ) ;
#4131 = EDGE_LOOP ( 'NONE', ( #49, #1195, #907, #1052, #1352, #767, #724, #3775 ) ) ;
#4132 = ORIENTED_EDGE ( 'NONE', *, *, #3242, .T. ) ;
#4133 = EDGE_CURVE ( 'NONE', #1146, #2101, #700, .T. ) ;
#4134 = CARTESIAN_POINT ( 'NONE',  ( -0.5000000000000104361, 4.000000000000000000, 2.250000000000001332 ) ) ;
#4135 = FACE_OUTER_BOUND ( 'NONE', #989, .T. ) ;
#4136 = DIRECTION ( 'NONE',  ( -0.0000000000000000000, -0.0000000000000000000, -1.000000000000000000 ) ) ;
#4137 = DIRECTION ( 'NONE',  ( -1.000000000000000000, -0.0000000000000000000, -0.0000000000000000000 ) ) ;
#4138 = VECTOR ( 'NONE', #253, 1000.000000000000000 ) ;
#4139 = EDGE_CURVE ( 'NONE', #4238, #810, #4072, .T. ) ;
#4140 = CARTESIAN_POINT ( 'NONE',  ( 1.399999999999999911, 5.000000000000000000, 1.649999999999999911 ) ) ;
#4141 = FACE_OUTER_BOUND ( 'NONE', #630, .T. ) ;
#4142 = ADVANCED_FACE ( 'NONE', ( #3968 ), #2433, .F. ) ;
#4143 = MECHANICAL_DESIGN_GEOMETRIC_PRESENTATION_REPRESENTATION (  '', ( #3701 ), #123 ) ;
#4144 = VERTEX_POINT ( 'NONE', #2735 ) ;
#4145 = DIRECTION ( 'NONE',  ( 1.000000000000000000, 0.0000000000000000000, -0.0000000000000000000 ) ) ;
#4146 = FACE_OUTER_BOUND ( 'NONE', #2515, .T. ) ;
#4147 = ORIENTED_EDGE ( 'NONE', *, *, #4007, .F. ) ;
#4148 = VECTOR ( 'NONE', #3643, 1000.000000000000000 ) ;
#4149 = DIRECTION ( 'NONE',  ( -0.0000000000000000000, -0.0000000000000000000, 1.000000000000000000 ) ) ;
#4150 = DIRECTION ( 'NONE',  ( -8.131516293641275859E-17, 0.0000000000000000000, -1.000000000000000000 ) ) ;
#4151 = DIRECTION ( 'NONE',  ( 0.0000000000000000000, 0.0000000000000000000, -1.000000000000000000 ) ) ;
#4152 = EDGE_LOOP ( 'NONE', ( #934 ) ) ;
#4153 = LINE ( 'NONE', #615, #2391 ) ;
#4154 = VERTEX_POINT ( 'NONE', #1782 ) ;
#4155 = PRESENTATION_LAYER_ASSIGNMENT (  '', '', ( #3708 ) ) ;
#4156 = CARTESIAN_POINT ( 'NONE',  ( -5.899999999999999467, -1.000000000000000000, -2.000000000000000000 ) ) ;
#4157 = VERTEX_POINT ( 'NONE', #1757 ) ;
#4158 = CARTESIAN_POINT ( 'NONE',  ( -5.935615886704083799, -1.799999999999999378, -2.000000000000004885 ) ) ;
#4159 = CARTESIAN_POINT ( 'NONE',  ( 1.100000000000000089, 1.000000000000000000, -2.000000000000000000 ) ) ;
#4160 = CARTESIAN_POINT ( 'NONE',  ( -4.850000000000000533, 6.999999999999999112, -1.150000000000000355 ) ) ;
#4161 = LINE ( 'NONE', #2684, #497 ) ;
#4162 = DIRECTION ( 'NONE',  ( 1.000000000000000000, 2.168404344971091698E-16, 0.0000000000000000000 ) ) ;
#4163 = DIRECTION ( 'NONE',  ( 0.2425356250363315813, 0.0000000000000000000, -0.9701425001453323205 ) ) ;
#4164 = CARTESIAN_POINT ( 'NONE',  ( -1.500000000000000000, 0.5999999999999998668, 0.9499999999999998446 ) ) ;
#4165 = CARTESIAN_POINT ( 'NONE',  ( 1.100000000000000089, 3.000000000000000000, 0.05000000000000080075 ) ) ;
#4166 = CARTESIAN_POINT ( 'NONE',  ( -1.500000000000000000, 6.999999999999998224, 2.249999999999998224 ) ) ;
#4167 = ORIENTED_EDGE ( 'NONE', *, *, #2102, .F. ) ;
#4168 = SURFACE_STYLE_FILL_AREA ( #1756 ) ;
#4169 = DIRECTION ( 'NONE',  ( -0.0000000000000000000, -0.0000000000000000000, -1.000000000000000000 ) ) ;
#4170 = EDGE_CURVE ( 'NONE', #2533, #325, #2306, .T. ) ;
#4171 = VERTEX_POINT ( 'NONE', #2381 ) ;
#4172 = ADVANCED_FACE ( 'NONE', ( #3073 ), #1384, .T. ) ;
#4173 = EDGE_LOOP ( 'NONE', ( #1502, #2058, #2863, #2750, #2311, #2258, #1343, #611, #3126, #707, #3028, #409 ) ) ;
#4174 = VECTOR ( 'NONE', #2213, 1000.000000000000000 ) ;
#4175 = EDGE_CURVE ( 'NONE', #1788, #4237, #502, .T. ) ;
#4176 = ORIENTED_EDGE ( 'NONE', *, *, #2187, .F. ) ;
#4177 = LINE ( 'NONE', #2148, #1544 ) ;
#4178 = DIRECTION ( 'NONE',  ( 1.000000000000000000, 5.421010862427520198E-16, 0.0000000000000000000 ) ) ;
#4179 = ORIENTED_EDGE ( 'NONE', *, *, #3975, .F. ) ;
#4180 = ORIENTED_EDGE ( 'NONE', *, *, #1264, .F. ) ;
#4181 = DIRECTION ( 'NONE',  ( -0.0000000000000000000, -0.0000000000000000000, -1.000000000000000000 ) ) ;
#4182 = CARTESIAN_POINT ( 'NONE',  ( 1.399999999999999911, 1.000000000000000000, -2.000000000000000000 ) ) ;
#4183 = ORIENTED_EDGE ( 'NONE', *, *, #973, .F. ) ;
#4184 = ORIENTED_EDGE ( 'NONE', *, *, #1871, .F. ) ;
#4185 = DIRECTION ( 'NONE',  ( 1.000000000000000000, -0.0000000000000000000, -0.0000000000000000000 ) ) ;
#4186 = CARTESIAN_POINT ( 'NONE',  ( -5.899999999999999467, 3.000000000000000000, -1.149999999999999911 ) ) ;
#4187 = DIRECTION ( 'NONE',  ( -0.0000000000000000000, -1.000000000000000000, -0.0000000000000000000 ) ) ;
#4188 = COLOUR_RGB ( '',0.8392156862745098200, 0.8392156862745098200, 0.9215686274509803377 ) ;
#4189 = VERTEX_POINT ( 'NONE', #491 ) ;
#4190 = CARTESIAN_POINT ( 'NONE',  ( -5.261988945269359341, 3.000000000000000000, 0.1651125312372840048 ) ) ;
#4191 = ORIENTED_EDGE ( 'NONE', *, *, #2119, .F. ) ;
#4192 = CARTESIAN_POINT ( 'NONE',  ( -0.3499999999999999778, 7.299999999999999822, -1.750000000000000000 ) ) ;
#4193 = ADVANCED_FACE ( 'NONE', ( #604 ), #224, .F. ) ;
#4194 = VECTOR ( 'NONE', #3177, 1000.000000000000000 ) ;
#4195 = ORIENTED_EDGE ( 'NONE', *, *, #1341, .F. ) ;
#4196 = VECTOR ( 'NONE', #596, 1000.000000000000000 ) ;
#4197 = CARTESIAN_POINT ( 'NONE',  ( -5.549999999999999822, 3.000000000000000000, 0.2500000000000000000 ) ) ;
#4198 = EDGE_CURVE ( 'NONE', #1146, #2181, #2958, .T. ) ;
#4199 = CARTESIAN_POINT ( 'NONE',  ( 1.100000000000000089, -3.499999999999983125, -3.000000000000000000 ) ) ;
#4200 = ORIENTED_EDGE ( 'NONE', *, *, #4031, .T. ) ;
#4201 = CIRCLE ( 'NONE', #1375, 0.5000000000000000000 ) ;
#4202 = ORIENTED_EDGE ( 'NONE', *, *, #645, .T. ) ;
#4203 =( LENGTH_UNIT ( ) NAMED_UNIT ( * ) SI_UNIT ( .MILLI., .METRE. ) );
#4204 = VERTEX_POINT ( 'NONE', #1025 ) ;
#4205 = VERTEX_POINT ( 'NONE', #2282 ) ;
#4206 = EDGE_CURVE ( 'NONE', #1048, #3150, #3752, .T. ) ;
#4207 = LINE ( 'NONE', #592, #1524 ) ;
#4208 = CARTESIAN_POINT ( 'NONE',  ( 0.7500000000000000000, 1.000000000000000000, -1.149999999999999911 ) ) ;
#4209 = VERTEX_POINT ( 'NONE', #3563 ) ;
#4210 = DIRECTION ( 'NONE',  ( 0.0000000000000000000, 0.0000000000000000000, -1.000000000000000000 ) ) ;
#4211 = ORIENTED_EDGE ( 'NONE', *, *, #2247, .T. ) ;
#4212 = VECTOR ( 'NONE', #1904, 1000.000000000000000 ) ;
#4213 = DIRECTION ( 'NONE',  ( -0.9701425001453318764, 0.0000000000000000000, 0.2425356250363329691 ) ) ;
#4214 = CARTESIAN_POINT ( 'NONE',  ( 1.399999999999999911, 0.0000000000000000000, 0.2500000000000002220 ) ) ;
#4215 = PLANE ( 'NONE',  #3140 ) ;
#4216 = ADVANCED_FACE ( 'NONE', ( #3856 ), #3179, .T. ) ;
#4217 = LINE ( 'NONE', #3538, #1750 ) ;
#4218 = PRESENTATION_LAYER_ASSIGNMENT (  '', '', ( #3990 ) ) ;
#4219 = ORIENTED_EDGE ( 'NONE', *, *, #1520, .T. ) ;
#4220 = ORIENTED_EDGE ( 'NONE', *, *, #2656, .F. ) ;
#4221 = PLANE ( 'NONE',  #869 ) ;
#4222 = EDGE_CURVE ( 'NONE', #2140, #4238, #1228, .T. ) ;
#4223 = ORIENTED_EDGE ( 'NONE', *, *, #1167, .F. ) ;
#4224 = CARTESIAN_POINT ( 'NONE',  ( 1.399999999999999911, 4.999999999999998224, -1.149999999999999911 ) ) ;
#4225 = LINE ( 'NONE', #3896, #3697 ) ;
#4226 = CARTESIAN_POINT ( 'NONE',  ( 1.101538820320219880, 3.000000000000000000, 0.2500000000000000000 ) ) ;
#4227 = DIRECTION ( 'NONE',  ( -0.2425356250363320254, 0.0000000000000000000, -0.9701425001453320984 ) ) ;
#4228 = ORIENTED_EDGE ( 'NONE', *, *, #3493, .F. ) ;
#4229 = EDGE_CURVE ( 'NONE', #3311, #1724, #2096, .T. ) ;
#4230 = CIRCLE ( 'NONE', #2823, 0.5999999999999998668 ) ;
#4231 = ORIENTED_EDGE ( 'NONE', *, *, #1378, .T. ) ;
#4232 = ORIENTED_EDGE ( 'NONE', *, *, #3528, .F. ) ;
#4233 = CARTESIAN_POINT ( 'NONE',  ( 1.399999999999999689, 7.400000000000000355, 2.250000000000000000 ) ) ;
#4234 = EDGE_CURVE ( 'NONE', #2800, #1422, #1124, .T. ) ;
#4235 = DIRECTION ( 'NONE',  ( 0.0000000000000000000, 0.0000000000000000000, -1.000000000000000000 ) ) ;
#4236 = LINE ( 'NONE', #3297, #4124 ) ;
#4237 = VERTEX_POINT ( 'NONE', #2168 ) ;
#4238 = VERTEX_POINT ( 'NONE', #4165 ) ;
#4239 = ADVANCED_FACE ( 'NONE', ( #185 ), #1534, .T. ) ;
#4240 = ORIENTED_EDGE ( 'NONE', *, *, #426, .T. ) ;
#4241 = DIRECTION ( 'NONE',  ( 0.0000000000000000000, 0.0000000000000000000, 1.000000000000000000 ) ) ;
#4242 = DIRECTION ( 'NONE',  ( 0.0000000000000000000, -0.0000000000000000000, -1.000000000000000000 ) ) ;
#4243 = CARTESIAN_POINT ( 'NONE',  ( 1.399999999999999911, 3.000000000000000000, 2.250000000000000000 ) ) ;
#4244 = LINE ( 'NONE', #538, #3461 ) ;
#4245 = ORIENTED_EDGE ( 'NONE', *, *, #2870, .F. ) ;
#4246 = PLANE ( 'NONE',  #736 ) ;
#4247 = ORIENTED_EDGE ( 'NONE', *, *, #3127, .F. ) ;
#4248 = UNCERTAINTY_MEASURE_WITH_UNIT (LENGTH_MEASURE( 1.000000000000000082E-05 ), #1557, 'distance_accuracy_value', 'NONE');
#4249 = FACE_OUTER_BOUND ( 'NONE', #1276, .T. ) ;
#4250 = ORIENTED_EDGE ( 'NONE', *, *, #36, .F. ) ;
#4251 = DIRECTION ( 'NONE',  ( -0.2425356250363320254, 0.0000000000000000000, -0.9701425001453320984 ) ) ;
#4252 = FACE_OUTER_BOUND ( 'NONE', #3272, .T. ) ;
#4253 = VERTEX_POINT ( 'NONE', #3807 ) ;
ENDSEC;
END-ISO-10303-21;
