ISO-10303-21;
HEADER;
FILE_DESCRIPTION (( 'STEP AP214' ),
    '1' );
FILE_NAME ('KTD2026BEWE-TR.STEP',
    '2024-07-12T11:32:11',
    ( '' ),
    ( '' ),
    'SwSTEP 2.0',
    'SolidWorks 2021',
    '' );
FILE_SCHEMA (( 'AUTOMOTIVE_DESIGN' ));
ENDSEC;

DATA;
#1 = VECTOR ( 'NONE', #3497, 1000.000000000000000 ) ;
#2 = VERTEX_POINT ( 'NONE', #320 ) ;
#3 = VERTEX_POINT ( 'NONE', #1409 ) ;
#4 = DIRECTION ( 'NONE',  ( 1.000000000000000000, 0.000000000000000000, -0.000000000000000000 ) ) ;
#5 = CARTESIAN_POINT ( 'NONE',  ( -0.6999999999999999556, 0.1430000000000000160, -0.5749999999999996225 ) ) ;
#6 = AXIS2_PLACEMENT_3D ( 'NONE', #1413, #760, #2208 ) ;
#7 = PRESENTATION_LAYER_ASSIGNMENT (  '', '', ( #1957 ) ) ;
#8 = VECTOR ( 'NONE', #4190, 1000.000000000000000 ) ;
#9 = CARTESIAN_POINT ( 'NONE',  ( 0.2999999999999993228, 0.1430000000000000160, -0.7499999999999995559 ) ) ;
#10 =( NAMED_UNIT ( * ) PLANE_ANGLE_UNIT ( ) SI_UNIT ( $, .RADIAN. ) );
#11 = ORIENTED_EDGE ( 'NONE', *, *, #2229, .F. ) ;
#12 = CARTESIAN_POINT ( 'NONE',  ( -0.6999999999999999556, 0.1430000000000000160, -0.5749999999999996225 ) ) ;
#13 = VERTEX_POINT ( 'NONE', #2109 ) ;
#14 = DIRECTION ( 'NONE',  ( 1.548860246407865308E-16, 0.000000000000000000, -1.000000000000000000 ) ) ;
#15 =( LENGTH_UNIT ( ) NAMED_UNIT ( * ) SI_UNIT ( .MILLI., .METRE. ) );
#16 = CARTESIAN_POINT ( 'NONE',  ( 0.2999999999999992673, 0.2500000000000000000, 0.5749999999999996225 ) ) ;
#17 = EDGE_LOOP ( 'NONE', ( #1348, #1350, #3188, #992 ) ) ;
#18 = EDGE_CURVE ( 'NONE', #3799, #2123, #1112, .T. ) ;
#19 =( LENGTH_UNIT ( ) NAMED_UNIT ( * ) SI_UNIT ( .MILLI., .METRE. ) );
#20 = LINE ( 'NONE', #3243, #3205 ) ;
#21 = LINE ( 'NONE', #4302, #2882 ) ;
#22 = CIRCLE ( 'NONE', #1466, 0.09999999999999999167 ) ;
#23 = ORIENTED_EDGE ( 'NONE', *, *, #2831, .F. ) ;
#24 = UNCERTAINTY_MEASURE_WITH_UNIT (LENGTH_MEASURE( 1.000000000000000082E-05 ), #4500, 'distance_accuracy_value', 'NONE');
#25 = ORIENTED_EDGE ( 'NONE', *, *, #3556, .T. ) ;
#26 = EDGE_CURVE ( 'NONE', #1691, #2306, #3594, .T. ) ;
#27 = EDGE_CURVE ( 'NONE', #2286, #2248, #1076, .T. ) ;
#28 = SURFACE_STYLE_FILL_AREA ( #4333 ) ;
#29 = CARTESIAN_POINT ( 'NONE',  ( 0.4999999999999998890, 0.1430000000000000160, 0.5749999999999996225 ) ) ;
#30 = STYLED_ITEM ( 'NONE', ( #2566 ), #3756 ) ;
#31 = DIRECTION ( 'NONE',  ( -1.000000000000000000, 0.000000000000000000, 3.097720492815731110E-16 ) ) ;
#32 = DIRECTION ( 'NONE',  ( 1.000000000000000000, 0.000000000000000000, 0.000000000000000000 ) ) ;
#33 = CARTESIAN_POINT ( 'NONE',  ( -0.5000000000000001110, 0.1430000000000000160, -0.5749999999999996225 ) ) ;
#34 = PLANE ( 'NONE',  #215 ) ;
#35 = DIRECTION ( 'NONE',  ( 0.000000000000000000, 0.000000000000000000, -1.000000000000000000 ) ) ;
#36 = VERTEX_POINT ( 'NONE', #343 ) ;
#37 = DIRECTION ( 'NONE',  ( -1.000000000000000000, 0.000000000000000000, 5.421010862427525128E-16 ) ) ;
#38 = SURFACE_STYLE_FILL_AREA ( #653 ) ;
#39 = DIRECTION ( 'NONE',  ( -1.000000000000000000, 0.000000000000000000, 5.421010862427523156E-16 ) ) ;
#40 = ORIENTED_EDGE ( 'NONE', *, *, #3872, .F. ) ;
#41 = ORIENTED_EDGE ( 'NONE', *, *, #3083, .T. ) ;
#42 = MECHANICAL_DESIGN_GEOMETRIC_PRESENTATION_REPRESENTATION (  '', ( #3592 ), #2689 ) ;
#43 = CARTESIAN_POINT ( 'NONE',  ( -0.5999999999999997558, 0.2700000000000000178, -0.2500000000000000555 ) ) ;
#44 = FILL_AREA_STYLE_COLOUR ( '', #95 ) ;
#45 =( NAMED_UNIT ( * ) SI_UNIT ( $, .STERADIAN. ) SOLID_ANGLE_UNIT ( ) );
#46 = EDGE_CURVE ( 'NONE', #1432, #2785, #2583, .T. ) ;
#47 = DIRECTION ( 'NONE',  ( -1.000000000000000000, 0.000000000000000000, 0.000000000000000000 ) ) ;
#48 = PRESENTATION_STYLE_ASSIGNMENT (( #691 ) ) ;
#49 = VECTOR ( 'NONE', #1858, 1000.000000000000000 ) ;
#50 = LINE ( 'NONE', #3675, #1998 ) ;
#51 = ADVANCED_FACE ( 'NONE', ( #2131 ), #1134, .F. ) ;
#52 = EDGE_CURVE ( 'NONE', #852, #3058, #2155, .T. ) ;
#53 = ORIENTED_EDGE ( 'NONE', *, *, #2517, .T. ) ;
#54 = CARTESIAN_POINT ( 'NONE',  ( 0.000000000000000000, 0.1430000000000000160, 0.000000000000000000 ) ) ;
#55 = VECTOR ( 'NONE', #4645, 1000.000000000000000 ) ;
#56 = CARTESIAN_POINT ( 'NONE',  ( -0.1000000000000000749, 0.2500000000000000000, 0.7499999999999994449 ) ) ;
#57 = DIRECTION ( 'NONE',  ( -0.000000000000000000, 1.000000000000000000, -0.000000000000000000 ) ) ;
#58 = CARTESIAN_POINT ( 'NONE',  ( 0.6999999999999992895, 0.2500000000000000000, -0.7499999999999998890 ) ) ;
#59 = ORIENTED_EDGE ( 'NONE', *, *, #3837, .T. ) ;
#60 = ORIENTED_EDGE ( 'NONE', *, *, #496, .T. ) ;
#61 = DIRECTION ( 'NONE',  ( -0.000000000000000000, 1.000000000000000000, -0.000000000000000000 ) ) ;
#62 = COLOUR_RGB ( '',1.000000000000000000, 1.000000000000000000, 1.000000000000000000 ) ;
#63 = SURFACE_STYLE_USAGE ( .BOTH. , #130 ) ;
#64 = LINE ( 'NONE', #3358, #536 ) ;
#65 = FILL_AREA_STYLE ('',( #3308 ) ) ;
#66 = ORIENTED_EDGE ( 'NONE', *, *, #4330, .F. ) ;
#67 = PRODUCT_DEFINITION_CONTEXT ( 'detailed design', #374, 'design' ) ;
#68 =( NAMED_UNIT ( * ) SI_UNIT ( $, .STERADIAN. ) SOLID_ANGLE_UNIT ( ) );
#69 = SURFACE_STYLE_USAGE ( .BOTH. , #1519 ) ;
#70 = AXIS2_PLACEMENT_3D ( 'NONE', #3808, #161, #3878 ) ;
#71 = PLANE ( 'NONE',  #1454 ) ;
#72 = ORIENTED_EDGE ( 'NONE', *, *, #4560, .T. ) ;
#73 = EDGE_CURVE ( 'NONE', #3467, #3830, #4284, .T. ) ;
#74 = VERTEX_POINT ( 'NONE', #29 ) ;
#75 = CARTESIAN_POINT ( 'NONE',  ( -0.5000000000000001110, 0.2700000000000000178, 0.5749999999999996225 ) ) ;
#76 = ORIENTED_EDGE ( 'NONE', *, *, #4394, .F. ) ;
#77 = PRESENTATION_LAYER_ASSIGNMENT (  '', '', ( #2120 ) ) ;
#78 = SURFACE_SIDE_STYLE ('',( #4081 ) ) ;
#79 = AXIS2_PLACEMENT_3D ( 'NONE', #3289, #4656, #685 ) ;
#80 = CARTESIAN_POINT ( 'NONE',  ( 0.000000000000000000, 0.2700000000000000178, 0.000000000000000000 ) ) ;
#81 = VECTOR ( 'NONE', #3735, 1000.000000000000000 ) ;
#82 = FILL_AREA_STYLE ('',( #3657 ) ) ;
#83 = CARTESIAN_POINT ( 'NONE',  ( 0.7499999999999996669, 0.2500000000000000000, -0.7500000000000003331 ) ) ;
#84 = SURFACE_STYLE_FILL_AREA ( #1786 ) ;
#85 = ORIENTED_EDGE ( 'NONE', *, *, #4129, .T. ) ;
#86 = SURFACE_STYLE_USAGE ( .BOTH. , #174 ) ;
#87 = CARTESIAN_POINT ( 'NONE',  ( 0.2999999999999992673, 0.1430000000000000160, -0.5749999999999997335 ) ) ;
#88 = PLANE ( 'NONE',  #3726 ) ;
#89 = DIRECTION ( 'NONE',  ( 6.195440985631453345E-16, 0.000000000000000000, 1.000000000000000000 ) ) ;
#90 = CARTESIAN_POINT ( 'NONE',  ( 0.6500000000000000222, 0.1430000000000000160, 0.09999999999999956146 ) ) ;
#91 = ORIENTED_EDGE ( 'NONE', *, *, #4214, .F. ) ;
#92 = MECHANICAL_DESIGN_GEOMETRIC_PRESENTATION_REPRESENTATION (  '', ( #4543 ), #1599 ) ;
#93 = FACE_OUTER_BOUND ( 'NONE', #3734, .T. ) ;
#94 = DIRECTION ( 'NONE',  ( 0.000000000000000000, 0.000000000000000000, 1.000000000000000000 ) ) ;
#95 = COLOUR_RGB ( '',1.000000000000000000, 1.000000000000000000, 1.000000000000000000 ) ;
#96 = COLOUR_RGB ( '',1.000000000000000000, 1.000000000000000000, 1.000000000000000000 ) ;
#97 = CARTESIAN_POINT ( 'NONE',  ( 0.09999999999999945044, 0.1430000000000000160, -0.5749999999999997335 ) ) ;
#98 = ORIENTED_EDGE ( 'NONE', *, *, #556, .T. ) ;
#99 = ORIENTED_EDGE ( 'NONE', *, *, #2510, .F. ) ;
#100 = CARTESIAN_POINT ( 'NONE',  ( 0.2999999999999992117, 0.1430000000000000160, 0.7499999999999994449 ) ) ;
#101 = AXIS2_PLACEMENT_3D ( 'NONE', #521, #773, #4023 ) ;
#102 = CARTESIAN_POINT ( 'NONE',  ( -0.7500000000000003331, 0.2500000000000000000, -0.7500000000000003331 ) ) ;
#103 = SURFACE_STYLE_USAGE ( .BOTH. , #2611 ) ;
#104 = DIRECTION ( 'NONE',  ( 1.000000000000000000, 0.000000000000000000, -5.421010862427526114E-16 ) ) ;
#105 = ORIENTED_EDGE ( 'NONE', *, *, #688, .F. ) ;
#106 = EDGE_CURVE ( 'NONE', #3, #1503, #1048, .T. ) ;
#107 = ORIENTED_EDGE ( 'NONE', *, *, #3353, .F. ) ;
#108 = DIRECTION ( 'NONE',  ( -0.000000000000000000, 1.000000000000000000, -0.000000000000000000 ) ) ;
#109 = CARTESIAN_POINT ( 'NONE',  ( -0.6999999999999999556, 0.1430000000000000160, 0.5749999999999996225 ) ) ;
#110 = DIRECTION ( 'NONE',  ( -0.000000000000000000, 0.000000000000000000, -1.000000000000000000 ) ) ;
#111 =( LENGTH_UNIT ( ) NAMED_UNIT ( * ) SI_UNIT ( .MILLI., .METRE. ) );
#112 = ORIENTED_EDGE ( 'NONE', *, *, #3292, .F. ) ;
#113 = EDGE_CURVE ( 'NONE', #1378, #3832, #3937, .T. ) ;
#114 = LINE ( 'NONE', #2987, #81 ) ;
#115 = LINE ( 'NONE', #2692, #3761 ) ;
#116 = DIRECTION ( 'NONE',  ( 5.421010862427525128E-16, -0.000000000000000000, 1.000000000000000000 ) ) ;
#117 = LINE ( 'NONE', #436, #1389 ) ;
#118 = ORIENTED_EDGE ( 'NONE', *, *, #1041, .T. ) ;
#119 = PRESENTATION_LAYER_ASSIGNMENT (  '', '', ( #1559 ) ) ;
#120 = CARTESIAN_POINT ( 'NONE',  ( 0.6999999999999997335, 0.1430000000000000160, 0.7499999999999996669 ) ) ;
#121 = CARTESIAN_POINT ( 'NONE',  ( 0.4999999999999993339, 0.2700000000000000178, -0.7499999999999997780 ) ) ;
#122 = DIRECTION ( 'NONE',  ( 0.000000000000000000, 1.000000000000000000, 0.000000000000000000 ) ) ;
#123 = SURFACE_STYLE_FILL_AREA ( #3770 ) ;
#124 = PLANE ( 'NONE',  #4298 ) ;
#125 = FILL_AREA_STYLE_COLOUR ( '', #188 ) ;
#126 = CARTESIAN_POINT ( 'NONE',  ( 0.2999999999999992673, 0.2700000000000000178, -0.5749999999999997335 ) ) ;
#127 = DIRECTION ( 'NONE',  ( 7.589415207398527883E-15, 0.000000000000000000, 1.000000000000000000 ) ) ;
#128 = ORIENTED_EDGE ( 'NONE', *, *, #3269, .T. ) ;
#129 = DIRECTION ( 'NONE',  ( 0.000000000000000000, -0.000000000000000000, 1.000000000000000000 ) ) ;
#130 = SURFACE_SIDE_STYLE ('',( #4371 ) ) ;
#131 = EDGE_CURVE ( 'NONE', #1062, #1119, #3223, .T. ) ;
#132 = VECTOR ( 'NONE', #1572, 1000.000000000000000 ) ;
#133 = LINE ( 'NONE', #4444, #4312 ) ;
#134 = CARTESIAN_POINT ( 'NONE',  ( 0.09999999999999945044, 0.1430000000000000160, -0.5749999999999997335 ) ) ;
#135 = VERTEX_POINT ( 'NONE', #5 ) ;
#136 = VECTOR ( 'NONE', #2999, 1000.000000000000000 ) ;
#137 =( NAMED_UNIT ( * ) PLANE_ANGLE_UNIT ( ) SI_UNIT ( $, .RADIAN. ) );
#138 =( LENGTH_UNIT ( ) NAMED_UNIT ( * ) SI_UNIT ( .MILLI., .METRE. ) );
#139 = ADVANCED_FACE ( 'NONE', ( #1460 ), #756, .F. ) ;
#140 = EDGE_CURVE ( 'NONE', #586, #2393, #3033, .T. ) ;
#141 = LINE ( 'NONE', #3035, #2029 ) ;
#142 = AXIS2_PLACEMENT_3D ( 'NONE', #616, #2419, #3527 ) ;
#143 = DIRECTION ( 'NONE',  ( -0.000000000000000000, -0.000000000000000000, -1.000000000000000000 ) ) ;
#144 = VERTEX_POINT ( 'NONE', #3736 ) ;
#145 =( NAMED_UNIT ( * ) SI_UNIT ( $, .STERADIAN. ) SOLID_ANGLE_UNIT ( ) );
#146 = ORIENTED_EDGE ( 'NONE', *, *, #4560, .F. ) ;
#147 = VECTOR ( 'NONE', #1955, 1000.000000000000000 ) ;
#148 = SURFACE_STYLE_USAGE ( .BOTH. , #78 ) ;
#149 =( NAMED_UNIT ( * ) PLANE_ANGLE_UNIT ( ) SI_UNIT ( $, .RADIAN. ) );
#150 =( NAMED_UNIT ( * ) PLANE_ANGLE_UNIT ( ) SI_UNIT ( $, .RADIAN. ) );
#151 =( LENGTH_UNIT ( ) NAMED_UNIT ( * ) SI_UNIT ( .MILLI., .METRE. ) );
#152 = CARTESIAN_POINT ( 'NONE',  ( -0.5000000000000000000, 0.1430000000000000160, 0.7499999999999996669 ) ) ;
#153 = AXIS2_PLACEMENT_3D ( 'NONE', #256, #2381, #4201 ) ;
#154 = ORIENTED_EDGE ( 'NONE', *, *, #4472, .F. ) ;
#155 = STYLED_ITEM ( 'NONE', ( #2626 ), #4388 ) ;
#156 = EDGE_LOOP ( 'NONE', ( #4100, #3384, #788, #1354 ) ) ;
#157 = CARTESIAN_POINT ( 'NONE',  ( -0.6499999999999998002, 0.1430000000000000160, -0.1000000000000000472 ) ) ;
#158 = CARTESIAN_POINT ( 'NONE',  ( 0.6999999999999997335, 0.1430000000000000160, 0.5749999999999996225 ) ) ;
#159 = SURFACE_STYLE_USAGE ( .BOTH. , #816 ) ;
#160 = UNCERTAINTY_MEASURE_WITH_UNIT (LENGTH_MEASURE( 1.000000000000000082E-05 ), #2918, 'distance_accuracy_value', 'NONE');
#161 = DIRECTION ( 'NONE',  ( 0.000000000000000000, 0.000000000000000000, -1.000000000000000000 ) ) ;
#162 = DIRECTION ( 'NONE',  ( 0.000000000000000000, 0.000000000000000000, 1.000000000000000000 ) ) ;
#163 = CARTESIAN_POINT ( 'NONE',  ( -0.2999999999999999889, 0.2700000000000000178, -0.7499999999999994449 ) ) ;
#164 = ADVANCED_FACE ( 'NONE', ( #1561 ), #3670, .F. ) ;
#165 = EDGE_CURVE ( 'NONE', #4259, #4623, #4403, .T. ) ;
#166 = CARTESIAN_POINT ( 'NONE',  ( 0.2999999999999992673, 0.2700000000000000178, 0.5749999999999996225 ) ) ;
#167 = FILL_AREA_STYLE_COLOUR ( '', #3782 ) ;
#168 = ORIENTED_EDGE ( 'NONE', *, *, #2864, .T. ) ;
#169 = CARTESIAN_POINT ( 'NONE',  ( -0.1000000000000000472, 0.2700000000000000178, -0.5749999999999996225 ) ) ;
#170 = DIRECTION ( 'NONE',  ( 0.000000000000000000, -0.000000000000000000, 1.000000000000000000 ) ) ;
#171 = AXIS2_PLACEMENT_3D ( 'NONE', #1492, #2293, #1129 ) ;
#172 = LINE ( 'NONE', #248, #293 ) ;
#173 = MECHANICAL_DESIGN_GEOMETRIC_PRESENTATION_REPRESENTATION (  '', ( #4111 ), #3204 ) ;
#174 = SURFACE_SIDE_STYLE ('',( #3021 ) ) ;
#175 = EDGE_LOOP ( 'NONE', ( #769, #4412, #1699, #2822 ) ) ;
#176 =( NAMED_UNIT ( * ) SI_UNIT ( $, .STERADIAN. ) SOLID_ANGLE_UNIT ( ) );
#177 = CARTESIAN_POINT ( 'NONE',  ( 0.6999999999999997335, 0.1430000000000000160, 0.7499999999999996669 ) ) ;
#178 = FACE_OUTER_BOUND ( 'NONE', #4536, .T. ) ;
#179 = DIRECTION ( 'NONE',  ( 3.097720492815731110E-16, 0.000000000000000000, -1.000000000000000000 ) ) ;
#180 = DIRECTION ( 'NONE',  ( 1.000000000000000000, 0.000000000000000000, -5.421010862427525128E-16 ) ) ;
#181 =( NAMED_UNIT ( * ) SI_UNIT ( $, .STERADIAN. ) SOLID_ANGLE_UNIT ( ) );
#182 = EDGE_LOOP ( 'NONE', ( #1000, #3714, #763, #4239 ) ) ;
#183 = PRESENTATION_STYLE_ASSIGNMENT (( #1379 ) ) ;
#184 = ORIENTED_EDGE ( 'NONE', *, *, #4270, .T. ) ;
#185 = EDGE_CURVE ( 'NONE', #3533, #2210, #1158, .T. ) ;
#186 = CARTESIAN_POINT ( 'NONE',  ( 0.6500000000000000222, 0.1430000000000000160, 0.09999999999999956146 ) ) ;
#187 = CIRCLE ( 'NONE', #2083, 0.1000000000000000194 ) ;
#188 = COLOUR_RGB ( '',1.000000000000000000, 1.000000000000000000, 1.000000000000000000 ) ;
#189 = LINE ( 'NONE', #3085, #1892 ) ;
#190 = EDGE_CURVE ( 'NONE', #703, #3144, #1251, .T. ) ;
#191 = EDGE_CURVE ( 'NONE', #3731, #1117, #3759, .T. ) ;
#192 = PLANE ( 'NONE',  #2004 ) ;
#193 = PRESENTATION_STYLE_ASSIGNMENT (( #951 ) ) ;
#194 = ORIENTED_EDGE ( 'NONE', *, *, #2035, .T. ) ;
#195 = FILL_AREA_STYLE ('',( #2405 ) ) ;
#196 = ORIENTED_EDGE ( 'NONE', *, *, #1293, .T. ) ;
#197 = FILL_AREA_STYLE ('',( #3400 ) ) ;
#198 = CARTESIAN_POINT ( 'NONE',  ( -0.1000000000000000472, 0.1430000000000000160, -0.5749999999999996225 ) ) ;
#199 = CARTESIAN_POINT ( 'NONE',  ( -0.2999999999999999889, 0.1430000000000000160, -0.7499999999999994449 ) ) ;
#200 = VECTOR ( 'NONE', #2619, 1000.000000000000000 ) ;
#201 = VERTEX_POINT ( 'NONE', #529 ) ;
#202 = UNCERTAINTY_MEASURE_WITH_UNIT (LENGTH_MEASURE( 1.000000000000000082E-05 ), #4142, 'distance_accuracy_value', 'NONE');
#203 = AXIS2_PLACEMENT_3D ( 'NONE', #330, #3632, #4346 ) ;
#204 = DIRECTION ( 'NONE',  ( -1.000000000000000000, -0.000000000000000000, -0.000000000000000000 ) ) ;
#205 = FILL_AREA_STYLE_COLOUR ( '', #1831 ) ;
#206 = FACE_OUTER_BOUND ( 'NONE', #3361, .T. ) ;
#207 = ORIENTED_EDGE ( 'NONE', *, *, #353, .T. ) ;
#208 = UNCERTAINTY_MEASURE_WITH_UNIT (LENGTH_MEASURE( 1.000000000000000082E-05 ), #1433, 'distance_accuracy_value', 'NONE');
#209 = AXIS2_PLACEMENT_3D ( 'NONE', #599, #2016, #4487 ) ;
#210 = ORIENTED_EDGE ( 'NONE', *, *, #1010, .T. ) ;
#211 = CARTESIAN_POINT ( 'NONE',  ( 0.6500000000000000222, 0.2700000000000000178, -0.1000000000000002137 ) ) ;
#212 = ORIENTED_EDGE ( 'NONE', *, *, #2658, .F. ) ;
#213 = DIRECTION ( 'NONE',  ( -0.000000000000000000, -1.000000000000000000, -0.000000000000000000 ) ) ;
#214 = LINE ( 'NONE', #3794, #3979 ) ;
#215 = AXIS2_PLACEMENT_3D ( 'NONE', #2637, #1903, #1124 ) ;
#216 = SURFACE_SIDE_STYLE ('',( #1001 ) ) ;
#217 = EDGE_CURVE ( 'NONE', #3863, #840, #847, .T. ) ;
#218 = LINE ( 'NONE', #1651, #2195 ) ;
#219 = VECTOR ( 'NONE', #3809, 1000.000000000000000 ) ;
#220 = VECTOR ( 'NONE', #204, 1000.000000000000000 ) ;
#221 = ORIENTED_EDGE ( 'NONE', *, *, #217, .F. ) ;
#222 = ORIENTED_EDGE ( 'NONE', *, *, #2979, .F. ) ;
#223 = EDGE_CURVE ( 'NONE', #1155, #2153, #115, .T. ) ;
#224 = DIRECTION ( 'NONE',  ( -0.000000000000000000, 1.000000000000000000, -0.000000000000000000 ) ) ;
#225 = ADVANCED_FACE ( 'NONE', ( #1600 ), #1935, .T. ) ;
#226 = VERTEX_POINT ( 'NONE', #4494 ) ;
#227 = CARTESIAN_POINT ( 'NONE',  ( -0.6999999999999999556, 0.2500000000000000000, -0.7499999999999996669 ) ) ;
#228 = PRESENTATION_LAYER_ASSIGNMENT (  '', '', ( #2273 ) ) ;
#229 = CARTESIAN_POINT ( 'NONE',  ( -0.2999999999999999334, 0.1430000000000000160, -0.5749999999999996225 ) ) ;
#230 = DIRECTION ( 'NONE',  ( 0.000000000000000000, 0.000000000000000000, 1.000000000000000000 ) ) ;
#231 = AXIS2_PLACEMENT_3D ( 'NONE', #2891, #2200, #1068 ) ;
#232 = DIRECTION ( 'NONE',  ( 0.000000000000000000, 0.000000000000000000, -1.000000000000000000 ) ) ;
#233 = STYLED_ITEM ( 'NONE', ( #1775 ), #4301 ) ;
#234 = ORIENTED_EDGE ( 'NONE', *, *, #1426, .T. ) ;
#235 = CARTESIAN_POINT ( 'NONE',  ( 0.2999999999999992117, 0.1430000000000000160, 0.7499999999999994449 ) ) ;
#236 = SURFACE_SIDE_STYLE ('',( #3828 ) ) ;
#237 = STYLED_ITEM ( 'NONE', ( #549 ), #4473 ) ;
#238 = FILL_AREA_STYLE_COLOUR ( '', #4153 ) ;
#239 = VERTEX_POINT ( 'NONE', #1540 ) ;
#240 = CARTESIAN_POINT ( 'NONE',  ( 0.000000000000000000, 0.1430000000000000160, 0.000000000000000000 ) ) ;
#241 = VERTEX_POINT ( 'NONE', #2228 ) ;
#242 = FACE_OUTER_BOUND ( 'NONE', #3342, .T. ) ;
#243 = SURFACE_STYLE_FILL_AREA ( #3482 ) ;
#244 =( NAMED_UNIT ( * ) PLANE_ANGLE_UNIT ( ) SI_UNIT ( $, .RADIAN. ) );
#245 =( NAMED_UNIT ( * ) SI_UNIT ( $, .STERADIAN. ) SOLID_ANGLE_UNIT ( ) );
#246 = STYLED_ITEM ( 'NONE', ( #576 ), #3180 ) ;
#247 = DIRECTION ( 'NONE',  ( 1.000000000000000000, 0.000000000000000000, -3.097720492815731110E-16 ) ) ;
#248 = CARTESIAN_POINT ( 'NONE',  ( -0.2999999999999994893, 0.1430000000000000160, 0.5749999999999996225 ) ) ;
#249 = ORIENTED_EDGE ( 'NONE', *, *, #2624, .F. ) ;
#250 = ORIENTED_EDGE ( 'NONE', *, *, #632, .T. ) ;
#251 = AXIS2_PLACEMENT_3D ( 'NONE', #532, #3293, #456 ) ;
#252 = DIRECTION ( 'NONE',  ( -1.000000000000000000, 0.000000000000000000, 0.000000000000000000 ) ) ;
#253 = LINE ( 'NONE', #1686, #854 ) ;
#254 = VECTOR ( 'NONE', #4230, 1000.000000000000000 ) ;
#255 = CARTESIAN_POINT ( 'NONE',  ( 0.09999999999999985290, 0.2700000000000000178, 0.7499999999999994449 ) ) ;
#256 = CARTESIAN_POINT ( 'NONE',  ( -0.5000000000000000000, 0.1430000000000000160, 0.7499999999999996669 ) ) ;
#257 = CARTESIAN_POINT ( 'NONE',  ( 0.6999999999999997335, 0.2700000000000000178, 0.7499999999999996669 ) ) ;
#258 = EDGE_CURVE ( 'NONE', #2063, #1432, #4428, .T. ) ;
#259 = ORIENTED_EDGE ( 'NONE', *, *, #1098, .F. ) ;
#260 = UNCERTAINTY_MEASURE_WITH_UNIT (LENGTH_MEASURE( 1.000000000000000082E-05 ), #4409, 'distance_accuracy_value', 'NONE');
#261 = ORIENTED_EDGE ( 'NONE', *, *, #979, .F. ) ;
#262 = COLOUR_RGB ( '',0.2980392156862745057, 0.2980392156862745057, 0.2980392156862745057 ) ;
#263 = DIRECTION ( 'NONE',  ( -0.000000000000000000, 1.000000000000000000, -0.000000000000000000 ) ) ;
#264 = LINE ( 'NONE', #2073, #254 ) ;
#265 =( NAMED_UNIT ( * ) SI_UNIT ( $, .STERADIAN. ) SOLID_ANGLE_UNIT ( ) );
#266 = ADVANCED_FACE ( 'NONE', ( #93 ), #2988, .F. ) ;
#267 = EDGE_LOOP ( 'NONE', ( #3607, #4664, #2451, #3276 ) ) ;
#268 = ORIENTED_EDGE ( 'NONE', *, *, #2889, .T. ) ;
#269 = CARTESIAN_POINT ( 'NONE',  ( -0.2999999999999999889, 0.2500000000000000000, -0.7499999999999994449 ) ) ;
#270 = ORIENTED_EDGE ( 'NONE', *, *, #4357, .T. ) ;
#271 = CARTESIAN_POINT ( 'NONE',  ( -0.5999999999999997558, 0.2500000000000000000, 0.2500000000000000555 ) ) ;
#272 = ORIENTED_EDGE ( 'NONE', *, *, #4559, .T. ) ;
#273 =( NAMED_UNIT ( * ) SI_UNIT ( $, .STERADIAN. ) SOLID_ANGLE_UNIT ( ) );
#274 = CARTESIAN_POINT ( 'NONE',  ( -0.6999999999999999556, 0.1430000000000000160, -0.7499999999999996669 ) ) ;
#275 =( NAMED_UNIT ( * ) PLANE_ANGLE_UNIT ( ) SI_UNIT ( $, .RADIAN. ) );
#276 = ORIENTED_EDGE ( 'NONE', *, *, #1756, .F. ) ;
#277 = ORIENTED_EDGE ( 'NONE', *, *, #2491, .T. ) ;
#278 = CARTESIAN_POINT ( 'NONE',  ( 0.4999999999999993339, 0.1430000000000000160, -0.7499999999999997780 ) ) ;
#279 = PRESENTATION_STYLE_ASSIGNMENT (( #3514 ) ) ;
#280 = DIRECTION ( 'NONE',  ( -6.195440985631453345E-16, 0.000000000000000000, -1.000000000000000000 ) ) ;
#281 = DIRECTION ( 'NONE',  ( -0.000000000000000000, -1.000000000000000000, -0.000000000000000000 ) ) ;
#282 = ORIENTED_EDGE ( 'NONE', *, *, #1257, .T. ) ;
#283 = EDGE_CURVE ( 'NONE', #1487, #2018, #3644, .T. ) ;
#284 = CARTESIAN_POINT ( 'NONE',  ( 0.4500000000000000111, 0.2700000000000000178, 0.3499999999999992006 ) ) ;
#285 = DIRECTION ( 'NONE',  ( 1.000000000000000000, 0.000000000000000000, 7.860465750519903991E-15 ) ) ;
#286 = MECHANICAL_DESIGN_GEOMETRIC_PRESENTATION_REPRESENTATION (  '', ( #4209 ), #1790 ) ;
#287 = EDGE_CURVE ( 'NONE', #1165, #3496, #1715, .T. ) ;
#288 = EDGE_CURVE ( 'NONE', #3368, #13, #965, .T. ) ;
#289 = ORIENTED_EDGE ( 'NONE', *, *, #283, .F. ) ;
#290 = CARTESIAN_POINT ( 'NONE',  ( -0.5999999999999997558, 0.2500000000000000000, -0.09999999999999967248 ) ) ;
#291 = ORIENTED_EDGE ( 'NONE', *, *, #2247, .T. ) ;
#292 = CARTESIAN_POINT ( 'NONE',  ( 0.4999999999999998890, 0.2700000000000000178, 0.5749999999999996225 ) ) ;
#293 = VECTOR ( 'NONE', #1967, 1000.000000000000000 ) ;
#294 = DIRECTION ( 'NONE',  ( 6.195440985631453345E-16, 0.000000000000000000, 1.000000000000000000 ) ) ;
#295 =( NAMED_UNIT ( * ) PLANE_ANGLE_UNIT ( ) SI_UNIT ( $, .RADIAN. ) );
#296 = PRESENTATION_STYLE_ASSIGNMENT (( #2659 ) ) ;
#297 = LINE ( 'NONE', #665, #3226 ) ;
#298 = ORIENTED_EDGE ( 'NONE', *, *, #1122, .T. ) ;
#299 = VERTEX_POINT ( 'NONE', #1299 ) ;
#300 = CARTESIAN_POINT ( 'NONE',  ( 0.2999999999999992673, 0.1430000000000000160, 0.5749999999999996225 ) ) ;
#301 = AXIS2_PLACEMENT_3D ( 'NONE', #4558, #1322, #179 ) ;
#302 = MECHANICAL_DESIGN_GEOMETRIC_PRESENTATION_REPRESENTATION (  '', ( #1644 ), #2181 ) ;
#303 = PLANE ( 'NONE',  #1680 ) ;
#304 = PRESENTATION_STYLE_ASSIGNMENT (( #2164 ) ) ;
#305 = FILL_AREA_STYLE_COLOUR ( '', #367 ) ;
#306 = ORIENTED_EDGE ( 'NONE', *, *, #824, .T. ) ;
#307 = CIRCLE ( 'NONE', #4605, 0.09999999999999999167 ) ;
#308 = CARTESIAN_POINT ( 'NONE',  ( 0.2999999999999992673, 0.1430000000000000160, -0.5749999999999997335 ) ) ;
#309 = LINE ( 'NONE', #2506, #2115 ) ;
#310 = LINE ( 'NONE', #1474, #2671 ) ;
#311 = AXIS2_PLACEMENT_3D ( 'NONE', #3568, #1090, #2578 ) ;
#312 = CARTESIAN_POINT ( 'NONE',  ( -0.5999999999999997558, 0.1430000000000000160, -0.09999999999999967248 ) ) ;
#313 = STYLED_ITEM ( 'NONE', ( #296 ), #3812 ) ;
#314 = VERTEX_POINT ( 'NONE', #4185 ) ;
#315 = UNCERTAINTY_MEASURE_WITH_UNIT (LENGTH_MEASURE( 1.000000000000000082E-05 ), #3962, 'distance_accuracy_value', 'NONE');
#316 = AXIS2_PLACEMENT_3D ( 'NONE', #4041, #1592, #792 ) ;
#317 = ORIENTED_EDGE ( 'NONE', *, *, #681, .T. ) ;
#318 = MECHANICAL_DESIGN_GEOMETRIC_PRESENTATION_REPRESENTATION (  '', ( #392 ), #4160 ) ;
#319 = DIRECTION ( 'NONE',  ( -1.000000000000000000, 0.000000000000000000, 0.000000000000000000 ) ) ;
#320 = CARTESIAN_POINT ( 'NONE',  ( 0.4999999999999996669, 0.1430000000000000160, -0.3500000000000001443 ) ) ;
#321 =( NAMED_UNIT ( * ) SI_UNIT ( $, .STERADIAN. ) SOLID_ANGLE_UNIT ( ) );
#322 = EDGE_CURVE ( 'NONE', #1886, #4162, #1975, .T. ) ;
#323 =( NAMED_UNIT ( * ) SI_UNIT ( $, .STERADIAN. ) SOLID_ANGLE_UNIT ( ) );
#324 = LINE ( 'NONE', #1842, #2648 ) ;
#325 = EDGE_CURVE ( 'NONE', #510, #4633, #3880, .T. ) ;
#326 = ORIENTED_EDGE ( 'NONE', *, *, #739, .F. ) ;
#327 = EDGE_LOOP ( 'NONE', ( #2775, #499, #2511, #4440 ) ) ;
#328 = CARTESIAN_POINT ( 'NONE',  ( 0.000000000000000000, 0.2700000000000000178, 0.000000000000000000 ) ) ;
#329 =( NAMED_UNIT ( * ) SI_UNIT ( $, .STERADIAN. ) SOLID_ANGLE_UNIT ( ) );
#330 = CARTESIAN_POINT ( 'NONE',  ( -0.2999999999999999889, 0.2700000000000000178, -0.7499999999999994449 ) ) ;
#331 = VECTOR ( 'NONE', #61, 1000.000000000000000 ) ;
#332 = ORIENTED_EDGE ( 'NONE', *, *, #1602, .T. ) ;
#333 = PLANE ( 'NONE',  #4033 ) ;
#334 = DIRECTION ( 'NONE',  ( 0.000000000000000000, 0.000000000000000000, -1.000000000000000000 ) ) ;
#335 = PRESENTATION_LAYER_ASSIGNMENT (  '', '', ( #4035 ) ) ;
#336 = FILL_AREA_STYLE_COLOUR ( '', #1160 ) ;
#337 =( LENGTH_UNIT ( ) NAMED_UNIT ( * ) SI_UNIT ( .MILLI., .METRE. ) );
#338 = AXIS2_PLACEMENT_3D ( 'NONE', #1089, #1810, #3905 ) ;
#339 = EDGE_LOOP ( 'NONE', ( #3432, #2483, #2002, #485 ) ) ;
#340 =( GEOMETRIC_REPRESENTATION_CONTEXT ( 3 ) GLOBAL_UNCERTAINTY_ASSIGNED_CONTEXT ( ( #3050 ) ) GLOBAL_UNIT_ASSIGNED_CONTEXT ( ( #2350, #3796, #4082 ) ) REPRESENTATION_CONTEXT ( 'NONE', 'WORKASPACE' ) );
#341 = ORIENTED_EDGE ( 'NONE', *, *, #3003, .F. ) ;
#342 = LINE ( 'NONE', #43, #4236 ) ;
#343 = CARTESIAN_POINT ( 'NONE',  ( -0.5999999999999997558, 0.2700000000000000178, -0.2500000000000000555 ) ) ;
#344 = FILL_AREA_STYLE_COLOUR ( '', #1566 ) ;
#345 = CARTESIAN_POINT ( 'NONE',  ( -0.4999999999999996669, 0.1430000000000000160, 0.2500000000000000555 ) ) ;
#346 = DIRECTION ( 'NONE',  ( -0.000000000000000000, -1.000000000000000000, -0.000000000000000000 ) ) ;
#347 = EDGE_CURVE ( 'NONE', #2887, #2283, #2792, .T. ) ;
#348 = CARTESIAN_POINT ( 'NONE',  ( -0.5999999999999997558, 0.1430000000000000160, 0.09999999999999902023 ) ) ;
#349 = EDGE_LOOP ( 'NONE', ( #4264, #4317, #1095, #2931 ) ) ;
#350 = CARTESIAN_POINT ( 'NONE',  ( 0.6999999999999992895, 0.2700000000000000178, -0.5749999999999998446 ) ) ;
#351 =( NAMED_UNIT ( * ) PLANE_ANGLE_UNIT ( ) SI_UNIT ( $, .RADIAN. ) );
#352 = ADVANCED_FACE ( 'NONE', ( #1343 ), #4136, .F. ) ;
#353 = EDGE_CURVE ( 'NONE', #2194, #2306, #1642, .T. ) ;
#354 = SURFACE_STYLE_FILL_AREA ( #3586 ) ;
#355 = CARTESIAN_POINT ( 'NONE',  ( 0.4999999999999998890, 0.2700000000000000178, -0.2500000000000001665 ) ) ;
#356 = FILL_AREA_STYLE_COLOUR ( '', #1264 ) ;
#357 = VECTOR ( 'NONE', #662, 1000.000000000000000 ) ;
#358 = VERTEX_POINT ( 'NONE', #1273 ) ;
#359 = LINE ( 'NONE', #1788, #2447 ) ;
#360 =( NAMED_UNIT ( * ) SI_UNIT ( $, .STERADIAN. ) SOLID_ANGLE_UNIT ( ) );
#361 = FACE_OUTER_BOUND ( 'NONE', #4104, .T. ) ;
#362 = ORIENTED_EDGE ( 'NONE', *, *, #3899, .F. ) ;
#363 = UNCERTAINTY_MEASURE_WITH_UNIT (LENGTH_MEASURE( 1.000000000000000082E-05 ), #370, 'distance_accuracy_value', 'NONE');
#364 = ORIENTED_EDGE ( 'NONE', *, *, #2309, .F. ) ;
#365 = CARTESIAN_POINT ( 'NONE',  ( -0.1000000000000000749, 0.1430000000000000160, -0.7499999999999994449 ) ) ;
#366 = ORIENTED_EDGE ( 'NONE', *, *, #1501, .T. ) ;
#367 = COLOUR_RGB ( '',1.000000000000000000, 1.000000000000000000, 1.000000000000000000 ) ;
#368 = DIRECTION ( 'NONE',  ( 0.7071067811865474617, 0.000000000000000000, -0.7071067811865475727 ) ) ;
#369 = MECHANICAL_DESIGN_GEOMETRIC_PRESENTATION_REPRESENTATION (  '', ( #2404 ), #3455 ) ;
#370 =( LENGTH_UNIT ( ) NAMED_UNIT ( * ) SI_UNIT ( .MILLI., .METRE. ) );
#371 = ORIENTED_EDGE ( 'NONE', *, *, #3816, .F. ) ;
#372 = EDGE_CURVE ( 'NONE', #3731, #1304, #2438, .T. ) ;
#373 = AXIS2_PLACEMENT_3D ( 'NONE', #3843, #3165, #3489 ) ;
#374 = APPLICATION_CONTEXT ( 'automotive_design' ) ;
#375 = DIRECTION ( 'NONE',  ( 1.000000000000000000, 0.000000000000000000, 0.000000000000000000 ) ) ;
#376 = PRESENTATION_STYLE_ASSIGNMENT (( #1849 ) ) ;
#377 = LINE ( 'NONE', #4273, #488 ) ;
#378 = FILL_AREA_STYLE ('',( #719 ) ) ;
#379 = DIRECTION ( 'NONE',  ( 0.000000000000000000, 0.000000000000000000, 1.000000000000000000 ) ) ;
#380 = EDGE_CURVE ( 'NONE', #1981, #2353, #568, .T. ) ;
#381 = EDGE_CURVE ( 'NONE', #3014, #745, #4206, .T. ) ;
#382 = ORIENTED_EDGE ( 'NONE', *, *, #288, .T. ) ;
#383 = VECTOR ( 'NONE', #1328, 1000.000000000000000 ) ;
#384 =( NAMED_UNIT ( * ) PLANE_ANGLE_UNIT ( ) SI_UNIT ( $, .RADIAN. ) );
#385 = VECTOR ( 'NONE', #4051, 1000.000000000000000 ) ;
#386 = EDGE_LOOP ( 'NONE', ( #4488, #1167, #1632, #53 ) ) ;
#387 = VECTOR ( 'NONE', #1404, 1000.000000000000000 ) ;
#388 = DIRECTION ( 'NONE',  ( -1.548860246407865555E-16, 0.000000000000000000, -1.000000000000000000 ) ) ;
#389 = DIRECTION ( 'NONE',  ( -0.000000000000000000, -1.000000000000000000, -0.000000000000000000 ) ) ;
#390 = DIRECTION ( 'NONE',  ( 1.000000000000000000, 0.000000000000000000, -0.000000000000000000 ) ) ;
#391 = VECTOR ( 'NONE', #2214, 1000.000000000000000 ) ;
#392 = STYLED_ITEM ( 'NONE', ( #2915 ), #4353 ) ;
#393 = CARTESIAN_POINT ( 'NONE',  ( -0.5000000000000000000, 0.2500000000000000000, 0.7499999999999996669 ) ) ;
#394 = PLANE ( 'NONE',  #3254 ) ;
#395 = SURFACE_SIDE_STYLE ('',( #1898 ) ) ;
#396 = ORIENTED_EDGE ( 'NONE', *, *, #3970, .T. ) ;
#397 = CARTESIAN_POINT ( 'NONE',  ( -0.7500000000000001110, -0.2500000000000000000, 0.7499999999999996669 ) ) ;
#398 = DIRECTION ( 'NONE',  ( -0.000000000000000000, -1.000000000000000000, -0.000000000000000000 ) ) ;
#399 = ORIENTED_EDGE ( 'NONE', *, *, #4339, .T. ) ;
#400 =( NAMED_UNIT ( * ) SI_UNIT ( $, .STERADIAN. ) SOLID_ANGLE_UNIT ( ) );
#401 =( NAMED_UNIT ( * ) SI_UNIT ( $, .STERADIAN. ) SOLID_ANGLE_UNIT ( ) );
#402 = EDGE_CURVE ( 'NONE', #4633, #4140, #264, .T. ) ;
#403 = LINE ( 'NONE', #2911, #2721 ) ;
#404 = COLOUR_RGB ( '',1.000000000000000000, 1.000000000000000000, 1.000000000000000000 ) ;
#405 = ORIENTED_EDGE ( 'NONE', *, *, #46, .F. ) ;
#406 = UNCERTAINTY_MEASURE_WITH_UNIT (LENGTH_MEASURE( 1.000000000000000082E-05 ), #111, 'distance_accuracy_value', 'NONE');
#407 = VERTEX_POINT ( 'NONE', #4538 ) ;
#408 =( GEOMETRIC_REPRESENTATION_CONTEXT ( 3 ) GLOBAL_UNCERTAINTY_ASSIGNED_CONTEXT ( ( #2960 ) ) GLOBAL_UNIT_ASSIGNED_CONTEXT ( ( #4053, #1586, #2320 ) ) REPRESENTATION_CONTEXT ( 'NONE', 'WORKASPACE' ) );
#409 = DIRECTION ( 'NONE',  ( 1.000000000000000000, 0.000000000000000000, 0.000000000000000000 ) ) ;
#410 = CARTESIAN_POINT ( 'NONE',  ( 0.6500000000000000222, 0.2700000000000000178, 0.09999999999999956146 ) ) ;
#411 = EDGE_CURVE ( 'NONE', #1029, #1378, #2387, .T. ) ;
#412 = ADVANCED_FACE ( 'NONE', ( #4159 ), #610, .F. ) ;
#413 = FACE_OUTER_BOUND ( 'NONE', #2912, .T. ) ;
#414 =( GEOMETRIC_REPRESENTATION_CONTEXT ( 3 ) GLOBAL_UNCERTAINTY_ASSIGNED_CONTEXT ( ( #2535 ) ) GLOBAL_UNIT_ASSIGNED_CONTEXT ( ( #1575, #796, #2666 ) ) REPRESENTATION_CONTEXT ( 'NONE', 'WORKASPACE' ) );
#415 = STYLED_ITEM ( 'NONE', ( #4625 ), #3715 ) ;
#416 = MECHANICAL_DESIGN_GEOMETRIC_PRESENTATION_REPRESENTATION (  '', ( #1091 ), #2224 ) ;
#417 = DIRECTION ( 'NONE',  ( 0.000000000000000000, -0.000000000000000000, 1.000000000000000000 ) ) ;
#418 = CARTESIAN_POINT ( 'NONE',  ( 0.6500000000000000222, 0.1430000000000000160, -0.1000000000000002137 ) ) ;
#419 = ORIENTED_EDGE ( 'NONE', *, *, #1719, .F. ) ;
#420 = ORIENTED_EDGE ( 'NONE', *, *, #526, .T. ) ;
#421 = CARTESIAN_POINT ( 'NONE',  ( -0.1000000000000000472, 0.2500000000000000000, 0.5749999999999996225 ) ) ;
#422 = ORIENTED_EDGE ( 'NONE', *, *, #2518, .F. ) ;
#423 =( LENGTH_UNIT ( ) NAMED_UNIT ( * ) SI_UNIT ( .MILLI., .METRE. ) );
#424 =( NAMED_UNIT ( * ) SI_UNIT ( $, .STERADIAN. ) SOLID_ANGLE_UNIT ( ) );
#425 = ORIENTED_EDGE ( 'NONE', *, *, #2736, .F. ) ;
#426 = DIRECTION ( 'NONE',  ( 0.000000000000000000, -0.000000000000000000, 1.000000000000000000 ) ) ;
#427 = CARTESIAN_POINT ( 'NONE',  ( -0.4999999999999996669, 0.1430000000000000160, -0.3499999999999999778 ) ) ;
#428 = STYLED_ITEM ( 'NONE', ( #4518 ), #2157 ) ;
#429 = CARTESIAN_POINT ( 'NONE',  ( -0.5000000000000000000, 0.2700000000000000178, -0.7499999999999996669 ) ) ;
#430 = ORIENTED_EDGE ( 'NONE', *, *, #1258, .F. ) ;
#431 = ADVANCED_FACE ( 'NONE', ( #2861 ), #3196, .F. ) ;
#432 = VECTOR ( 'NONE', #4663, 1000.000000000000000 ) ;
#433 = DIRECTION ( 'NONE',  ( 1.000000000000000000, 0.000000000000000000, -7.860465750519903991E-15 ) ) ;
#434 = SURFACE_STYLE_FILL_AREA ( #3387 ) ;
#435 = PLANE ( 'NONE',  #1441 ) ;
#436 = CARTESIAN_POINT ( 'NONE',  ( 0.2999999999999992117, 0.2500000000000000000, 0.7499999999999994449 ) ) ;
#437 = DIRECTION ( 'NONE',  ( 6.195440985631453345E-16, 0.000000000000000000, 1.000000000000000000 ) ) ;
#438 = PRESENTATION_STYLE_ASSIGNMENT (( #1166 ) ) ;
#439 = DIRECTION ( 'NONE',  ( -1.000000000000000000, 0.000000000000000000, 0.000000000000000000 ) ) ;
#440 = AXIS2_PLACEMENT_3D ( 'NONE', #2121, #1034, #2907 ) ;
#441 = CARTESIAN_POINT ( 'NONE',  ( 0.6500000000000000222, 0.1430000000000000160, 0.09999999999999956146 ) ) ;
#442 =( LENGTH_UNIT ( ) NAMED_UNIT ( * ) SI_UNIT ( .MILLI., .METRE. ) );
#443 = VECTOR ( 'NONE', #2685, 1000.000000000000000 ) ;
#444 = ORIENTED_EDGE ( 'NONE', *, *, #4250, .T. ) ;
#445 = LINE ( 'NONE', #1534, #2139 ) ;
#446 =( GEOMETRIC_REPRESENTATION_CONTEXT ( 3 ) GLOBAL_UNCERTAINTY_ASSIGNED_CONTEXT ( ( #4233 ) ) GLOBAL_UNIT_ASSIGNED_CONTEXT ( ( #4058, #3322, #3744 ) ) REPRESENTATION_CONTEXT ( 'NONE', 'WORKASPACE' ) );
#447 = DIRECTION ( 'NONE',  ( -0.000000000000000000, -1.000000000000000000, -0.000000000000000000 ) ) ;
#448 = DIRECTION ( 'NONE',  ( 1.000000000000000000, 0.000000000000000000, -7.589415207398527883E-15 ) ) ;
#449 =( NAMED_UNIT ( * ) PLANE_ANGLE_UNIT ( ) SI_UNIT ( $, .RADIAN. ) );
#450 = VECTOR ( 'NONE', #1381, 1000.000000000000000 ) ;
#451 = ORIENTED_EDGE ( 'NONE', *, *, #2044, .F. ) ;
#452 = PRESENTATION_LAYER_ASSIGNMENT (  '', '', ( #3251 ) ) ;
#453 = DIRECTION ( 'NONE',  ( -0.000000000000000000, 1.000000000000000000, -0.000000000000000000 ) ) ;
#454 = EDGE_CURVE ( 'NONE', #981, #3343, #2104, .T. ) ;
#455 = VECTOR ( 'NONE', #4509, 1000.000000000000000 ) ;
#456 = DIRECTION ( 'NONE',  ( -1.000000000000000000, 0.000000000000000000, 7.589415207398527883E-15 ) ) ;
#457 = MECHANICAL_DESIGN_GEOMETRIC_PRESENTATION_REPRESENTATION (  '', ( #2342 ), #4608 ) ;
#458 = ORIENTED_EDGE ( 'NONE', *, *, #890, .F. ) ;
#459 = EDGE_LOOP ( 'NONE', ( #3793, #969, #3702, #2617 ) ) ;
#460 = EDGE_CURVE ( 'NONE', #3790, #2283, #20, .T. ) ;
#461 = EDGE_CURVE ( 'NONE', #818, #2924, #310, .T. ) ;
#462 = CARTESIAN_POINT ( 'NONE',  ( -0.2999999999999994893, 0.2500000000000000000, 0.5749999999999996225 ) ) ;
#463 = ORIENTED_EDGE ( 'NONE', *, *, #3838, .T. ) ;
#464 = MECHANICAL_DESIGN_GEOMETRIC_PRESENTATION_REPRESENTATION (  '', ( #4011 ), #4310 ) ;
#465 = DIRECTION ( 'NONE',  ( 0.000000000000000000, 0.000000000000000000, 1.000000000000000000 ) ) ;
#466 = AXIS2_PLACEMENT_3D ( 'NONE', #2723, #3831, #3813 ) ;
#467 = PRESENTATION_STYLE_ASSIGNMENT (( #103 ) ) ;
#468 = EDGE_CURVE ( 'NONE', #2741, #3943, #2910, .T. ) ;
#469 = PRESENTATION_STYLE_ASSIGNMENT (( #1876 ) ) ;
#470 = CARTESIAN_POINT ( 'NONE',  ( 0.2999999999999992117, 0.2700000000000000178, 0.7499999999999994449 ) ) ;
#471 = FILL_AREA_STYLE_COLOUR ( '', #2940 ) ;
#472 = FILL_AREA_STYLE ('',( #3023 ) ) ;
#473 = DIRECTION ( 'NONE',  ( 1.000000000000000000, 0.000000000000000000, 0.000000000000000000 ) ) ;
#474 =( LENGTH_UNIT ( ) NAMED_UNIT ( * ) SI_UNIT ( .MILLI., .METRE. ) );
#475 = ORIENTED_EDGE ( 'NONE', *, *, #1663, .F. ) ;
#476 = SURFACE_STYLE_USAGE ( .BOTH. , #4469 ) ;
#477 = VECTOR ( 'NONE', #4566, 1000.000000000000000 ) ;
#478 = DIRECTION ( 'NONE',  ( -0.000000000000000000, 1.000000000000000000, -0.000000000000000000 ) ) ;
#479 = CARTESIAN_POINT ( 'NONE',  ( 0.2999999999999993228, 0.2700000000000000178, -0.7499999999999995559 ) ) ;
#480 =( GEOMETRIC_REPRESENTATION_CONTEXT ( 3 ) GLOBAL_UNCERTAINTY_ASSIGNED_CONTEXT ( ( #208 ) ) GLOBAL_UNIT_ASSIGNED_CONTEXT ( ( #1433, #3268, #2939 ) ) REPRESENTATION_CONTEXT ( 'NONE', 'WORKASPACE' ) );
#481 = PRESENTATION_LAYER_ASSIGNMENT (  '', '', ( #1755 ) ) ;
#482 = DIRECTION ( 'NONE',  ( 1.548860246407865555E-16, 0.000000000000000000, -1.000000000000000000 ) ) ;
#483 = PRESENTATION_LAYER_ASSIGNMENT (  '', '', ( #2825 ) ) ;
#484 = SURFACE_SIDE_STYLE ('',( #2991 ) ) ;
#485 = ORIENTED_EDGE ( 'NONE', *, *, #3899, .T. ) ;
#486 = ORIENTED_EDGE ( 'NONE', *, *, #4502, .F. ) ;
#487 = VECTOR ( 'NONE', #1660, 1000.000000000000000 ) ;
#488 = VECTOR ( 'NONE', #1762, 1000.000000000000000 ) ;
#489 = DIRECTION ( 'NONE',  ( -0.000000000000000000, 0.000000000000000000, 1.000000000000000000 ) ) ;
#490 = ADVANCED_FACE ( 'NONE', ( #3638 ), #1769, .F. ) ;
#491 = SURFACE_STYLE_FILL_AREA ( #4416 ) ;
#492 = CARTESIAN_POINT ( 'NONE',  ( 0.2999999999999993228, 0.1430000000000000160, -0.7499999999999995559 ) ) ;
#493 = CARTESIAN_POINT ( 'NONE',  ( 0.5999999999999999778, 0.2700000000000000178, 0.1999999999999992062 ) ) ;
#494 = DIRECTION ( 'NONE',  ( -0.000000000000000000, -1.000000000000000000, -0.000000000000000000 ) ) ;
#495 = ORIENTED_EDGE ( 'NONE', *, *, #3434, .T. ) ;
#496 = EDGE_CURVE ( 'NONE', #2444, #3496, #1429, .T. ) ;
#497 = CARTESIAN_POINT ( 'NONE',  ( 0.4999999999999998890, 0.1430000000000000160, 0.5749999999999996225 ) ) ;
#498 = ADVANCED_FACE ( 'NONE', ( #2598 ), #88, .T. ) ;
#499 = ORIENTED_EDGE ( 'NONE', *, *, #165, .F. ) ;
#500 = DIRECTION ( 'NONE',  ( 0.000000000000000000, 0.000000000000000000, -1.000000000000000000 ) ) ;
#501 = DIRECTION ( 'NONE',  ( 3.097720492815730617E-16, 0.000000000000000000, -1.000000000000000000 ) ) ;
#502 = ORIENTED_EDGE ( 'NONE', *, *, #3811, .F. ) ;
#503 = UNCERTAINTY_MEASURE_WITH_UNIT (LENGTH_MEASURE( 1.000000000000000082E-05 ), #1777, 'distance_accuracy_value', 'NONE');
#504 = CARTESIAN_POINT ( 'NONE',  ( 0.09999999999999976963, 0.2700000000000000178, 0.5749999999999996225 ) ) ;
#505 = COLOUR_RGB ( '',0.2980392156862745057, 0.2980392156862745057, 0.2980392156862745057 ) ;
#506 = PLANE ( 'NONE',  #3498 ) ;
#507 = CARTESIAN_POINT ( 'NONE',  ( 0.4999999999999994449, 0.2700000000000000178, -0.5749999999999997335 ) ) ;
#508 = EDGE_LOOP ( 'NONE', ( #982, #4173, #1867, #3562 ) ) ;
#509 = DIRECTION ( 'NONE',  ( 0.000000000000000000, 1.000000000000000000, 0.000000000000000000 ) ) ;
#510 = VERTEX_POINT ( 'NONE', #1911 ) ;
#511 = LINE ( 'NONE', #102, #4141 ) ;
#512 = PRESENTATION_STYLE_ASSIGNMENT (( #1168 ) ) ;
#513 = PRESENTATION_STYLE_ASSIGNMENT (( #4022 ) ) ;
#514 = DIRECTION ( 'NONE',  ( 1.000000000000000000, 0.000000000000000000, -1.548860246407866048E-16 ) ) ;
#515 = EDGE_CURVE ( 'NONE', #2924, #4385, #1677, .T. ) ;
#516 = VERTEX_POINT ( 'NONE', #2644 ) ;
#517 = VECTOR ( 'NONE', #294, 1000.000000000000000 ) ;
#518 =( LENGTH_UNIT ( ) NAMED_UNIT ( * ) SI_UNIT ( .MILLI., .METRE. ) );
#519 = ORIENTED_EDGE ( 'NONE', *, *, #283, .T. ) ;
#520 =( LENGTH_UNIT ( ) NAMED_UNIT ( * ) SI_UNIT ( .MILLI., .METRE. ) );
#521 = CARTESIAN_POINT ( 'NONE',  ( 0.000000000000000000, 0.1430000000000000160, 0.000000000000000000 ) ) ;
#522 = VECTOR ( 'NONE', #1682, 1000.000000000000000 ) ;
#523 = DIRECTION ( 'NONE',  ( -0.000000000000000000, -1.000000000000000000, -0.000000000000000000 ) ) ;
#524 = EDGE_CURVE ( 'NONE', #1465, #2622, #1555, .T. ) ;
#525 = SURFACE_SIDE_STYLE ('',( #889 ) ) ;
#526 = EDGE_CURVE ( 'NONE', #3336, #3641, #2299, .T. ) ;
#527 = COLOUR_RGB ( '',1.000000000000000000, 1.000000000000000000, 1.000000000000000000 ) ;
#528 = LINE ( 'NONE', #3032, #4315 ) ;
#529 = CARTESIAN_POINT ( 'NONE',  ( 0.5999999999999999778, 0.1430000000000000160, 0.1999999999999992062 ) ) ;
#530 = CARTESIAN_POINT ( 'NONE',  ( -0.7500000000000001110, 0.2500000000000000000, 0.7499999999999996669 ) ) ;
#531 = AXIS2_PLACEMENT_3D ( 'NONE', #292, #999, #1351 ) ;
#532 = CARTESIAN_POINT ( 'NONE',  ( -0.6499999999999998002, 0.2700000000000000178, 0.09999999999999939493 ) ) ;
#533 = ORIENTED_EDGE ( 'NONE', *, *, #3992, .F. ) ;
#534 = SURFACE_STYLE_USAGE ( .BOTH. , #1608 ) ;
#535 = PRESENTATION_STYLE_ASSIGNMENT (( #1190 ) ) ;
#536 = VECTOR ( 'NONE', #523, 1000.000000000000000 ) ;
#537 = VECTOR ( 'NONE', #2114, 1000.000000000000000 ) ;
#538 = CARTESIAN_POINT ( 'NONE',  ( -0.2999999999999994893, 0.2700000000000000178, 0.5749999999999996225 ) ) ;
#539 = SURFACE_STYLE_FILL_AREA ( #1311 ) ;
#540 = VECTOR ( 'NONE', #3994, 1000.000000000000000 ) ;
#541 = VERTEX_POINT ( 'NONE', #4396 ) ;
#542 = PLANE ( 'NONE',  #2329 ) ;
#543 = VECTOR ( 'NONE', #3887, 1000.000000000000000 ) ;
#544 = LINE ( 'NONE', #4575, #1013 ) ;
#545 = SURFACE_SIDE_STYLE ('',( #3825 ) ) ;
#546 = PRESENTATION_STYLE_ASSIGNMENT (( #2334 ) ) ;
#547 = UNCERTAINTY_MEASURE_WITH_UNIT (LENGTH_MEASURE( 1.000000000000000082E-05 ), #1730, 'distance_accuracy_value', 'NONE');
#548 = ADVANCED_FACE ( 'NONE', ( #2576 ), #3704, .F. ) ;
#549 = PRESENTATION_STYLE_ASSIGNMENT (( #1618 ) ) ;
#550 =( NAMED_UNIT ( * ) SI_UNIT ( $, .STERADIAN. ) SOLID_ANGLE_UNIT ( ) );
#551 = DIRECTION ( 'NONE',  ( -0.000000000000000000, -1.000000000000000000, -0.000000000000000000 ) ) ;
#552 = UNCERTAINTY_MEASURE_WITH_UNIT (LENGTH_MEASURE( 1.000000000000000082E-05 ), #4398, 'distance_accuracy_value', 'NONE');
#553 =( GEOMETRIC_REPRESENTATION_CONTEXT ( 3 ) GLOBAL_UNCERTAINTY_ASSIGNED_CONTEXT ( ( #160 ) ) GLOBAL_UNIT_ASSIGNED_CONTEXT ( ( #2918, #2875, #4265 ) ) REPRESENTATION_CONTEXT ( 'NONE', 'WORKASPACE' ) );
#554 = LINE ( 'NONE', #3079, #849 ) ;
#555 = ADVANCED_FACE ( 'NONE', ( #2220 ), #1927, .F. ) ;
#556 = EDGE_CURVE ( 'NONE', #4665, #1370, #544, .T. ) ;
#557 = LINE ( 'NONE', #2797, #1137 ) ;
#558 = VERTEX_POINT ( 'NONE', #987 ) ;
#559 = SURFACE_STYLE_USAGE ( .BOTH. , #2347 ) ;
#560 = VECTOR ( 'NONE', #3074, 1000.000000000000000 ) ;
#561 = SURFACE_SIDE_STYLE ('',( #539 ) ) ;
#562 = STYLED_ITEM ( 'NONE', ( #279 ), #3691 ) ;
#563 = EDGE_LOOP ( 'NONE', ( #3583, #2379, #4347, #4281 ) ) ;
#564 = CARTESIAN_POINT ( 'NONE',  ( 0.4999999999999996669, 0.1430000000000000160, -0.3500000000000000888 ) ) ;
#565 = SURFACE_STYLE_FILL_AREA ( #2432 ) ;
#566 = SURFACE_SIDE_STYLE ('',( #1739 ) ) ;
#567 = CARTESIAN_POINT ( 'NONE',  ( 0.6999999999999997335, 0.2700000000000000178, 0.5749999999999996225 ) ) ;
#568 = LINE ( 'NONE', #3147, #560 ) ;
#569 = SURFACE_STYLE_FILL_AREA ( #4207 ) ;
#570 = EDGE_CURVE ( 'NONE', #2043, #239, #3047, .T. ) ;
#571 = DIRECTION ( 'NONE',  ( 1.548860246407865308E-16, 0.000000000000000000, -1.000000000000000000 ) ) ;
#572 = ORIENTED_EDGE ( 'NONE', *, *, #3319, .T. ) ;
#573 = LINE ( 'NONE', #3454, #1200 ) ;
#574 =( NAMED_UNIT ( * ) SI_UNIT ( $, .STERADIAN. ) SOLID_ANGLE_UNIT ( ) );
#575 = VECTOR ( 'NONE', #3393, 1000.000000000000000 ) ;
#576 = PRESENTATION_STYLE_ASSIGNMENT (( #2373 ) ) ;
#577 = DIRECTION ( 'NONE',  ( 0.000000000000000000, 0.000000000000000000, 1.000000000000000000 ) ) ;
#578 =( LENGTH_UNIT ( ) NAMED_UNIT ( * ) SI_UNIT ( .MILLI., .METRE. ) );
#579 = ORIENTED_EDGE ( 'NONE', *, *, #623, .T. ) ;
#580 = ORIENTED_EDGE ( 'NONE', *, *, #1728, .F. ) ;
#581 = CARTESIAN_POINT ( 'NONE',  ( 0.000000000000000000, 0.2500000000000000000, 0.000000000000000000 ) ) ;
#582 = LINE ( 'NONE', #157, #1018 ) ;
#583 =( LENGTH_UNIT ( ) NAMED_UNIT ( * ) SI_UNIT ( .MILLI., .METRE. ) );
#584 = CARTESIAN_POINT ( 'NONE',  ( 0.5999999999999999778, 0.2700000000000000178, -0.2500000000000002220 ) ) ;
#585 =( GEOMETRIC_REPRESENTATION_CONTEXT ( 3 ) GLOBAL_UNCERTAINTY_ASSIGNED_CONTEXT ( ( #552 ) ) GLOBAL_UNIT_ASSIGNED_CONTEXT ( ( #4398, #3914, #321 ) ) REPRESENTATION_CONTEXT ( 'NONE', 'WORKASPACE' ) );
#586 = VERTEX_POINT ( 'NONE', #229 ) ;
#587 = MECHANICAL_DESIGN_GEOMETRIC_PRESENTATION_REPRESENTATION (  '', ( #4662 ), #1189 ) ;
#588 = LINE ( 'NONE', #4493, #1956 ) ;
#589 = CARTESIAN_POINT ( 'NONE',  ( -0.6999999999999999556, 0.1430000000000000160, 0.7499999999999996669 ) ) ;
#590 = UNCERTAINTY_MEASURE_WITH_UNIT (LENGTH_MEASURE( 1.000000000000000082E-05 ), #138, 'distance_accuracy_value', 'NONE');
#591 = DIRECTION ( 'NONE',  ( 1.000000000000000000, 0.000000000000000000, 0.000000000000000000 ) ) ;
#592 = ORIENTED_EDGE ( 'NONE', *, *, #2100, .F. ) ;
#593 = CARTESIAN_POINT ( 'NONE',  ( 0.7499999999999996669, 0.2500000000000000000, -0.7500000000000003331 ) ) ;
#594 =( NAMED_UNIT ( * ) PLANE_ANGLE_UNIT ( ) SI_UNIT ( $, .RADIAN. ) );
#595 =( GEOMETRIC_REPRESENTATION_CONTEXT ( 3 ) GLOBAL_UNCERTAINTY_ASSIGNED_CONTEXT ( ( #1717 ) ) GLOBAL_UNIT_ASSIGNED_CONTEXT ( ( #1850, #4390, #3629 ) ) REPRESENTATION_CONTEXT ( 'NONE', 'WORKASPACE' ) );
#596 = LINE ( 'NONE', #931, #2899 ) ;
#597 = COLOUR_RGB ( '',1.000000000000000000, 1.000000000000000000, 1.000000000000000000 ) ;
#598 = CARTESIAN_POINT ( 'NONE',  ( -0.2999999999999994338, 0.2700000000000000178, 0.7499999999999994449 ) ) ;
#599 = CARTESIAN_POINT ( 'NONE',  ( 0.6999999999999997335, 0.2700000000000000178, 0.5749999999999996225 ) ) ;
#600 = EDGE_LOOP ( 'NONE', ( #2759, #2766, #4379, #658 ) ) ;
#601 = VECTOR ( 'NONE', #3004, 1000.000000000000000 ) ;
#602 = CARTESIAN_POINT ( 'NONE',  ( -0.6499999999999998002, 0.1430000000000000160, -0.1000000000000000472 ) ) ;
#603 = ADVANCED_FACE ( 'NONE', ( #2022 ), #1970, .F. ) ;
#604 = LINE ( 'NONE', #1317, #2303 ) ;
#605 = CARTESIAN_POINT ( 'NONE',  ( -0.1000000000000000472, 0.2700000000000000178, -0.5749999999999996225 ) ) ;
#606 = SURFACE_STYLE_USAGE ( .BOTH. , #566 ) ;
#607 =( GEOMETRIC_REPRESENTATION_CONTEXT ( 3 ) GLOBAL_UNCERTAINTY_ASSIGNED_CONTEXT ( ( #777 ) ) GLOBAL_UNIT_ASSIGNED_CONTEXT ( ( #2079, #997, #4165 ) ) REPRESENTATION_CONTEXT ( 'NONE', 'WORKASPACE' ) );
#608 = VECTOR ( 'NONE', #710, 1000.000000000000000 ) ;
#609 = CARTESIAN_POINT ( 'NONE',  ( -0.4999999999999996669, 0.1430000000000000160, 0.3499999999999999778 ) ) ;
#610 = PLANE ( 'NONE',  #3966 ) ;
#611 = LINE ( 'NONE', #2793, #2641 ) ;
#612 = ORIENTED_EDGE ( 'NONE', *, *, #1116, .F. ) ;
#613 = ORIENTED_EDGE ( 'NONE', *, *, #2543, .T. ) ;
#614 = CARTESIAN_POINT ( 'NONE',  ( 0.4999999999999998890, 0.2700000000000000178, 0.5749999999999996225 ) ) ;
#615 = ORIENTED_EDGE ( 'NONE', *, *, #890, .T. ) ;
#616 = CARTESIAN_POINT ( 'NONE',  ( 0.4500000000000000111, 0.1430000000000000160, 0.3499999999999992006 ) ) ;
#617 =( LENGTH_UNIT ( ) NAMED_UNIT ( * ) SI_UNIT ( .MILLI., .METRE. ) );
#618 = DIRECTION ( 'NONE',  ( -1.000000000000000000, 0.000000000000000000, 0.000000000000000000 ) ) ;
#619 = VECTOR ( 'NONE', #1053, 1000.000000000000000 ) ;
#620 = FILL_AREA_STYLE_COLOUR ( '', #1332 ) ;
#621 = VERTEX_POINT ( 'NONE', #627 ) ;
#622 = ORIENTED_EDGE ( 'NONE', *, *, #2365, .F. ) ;
#623 = EDGE_CURVE ( 'NONE', #4120, #1177, #1338, .T. ) ;
#624 = VECTOR ( 'NONE', #3305, 1000.000000000000000 ) ;
#625 = PLANE ( 'NONE',  #4595 ) ;
#626 =( NAMED_UNIT ( * ) SI_UNIT ( $, .STERADIAN. ) SOLID_ANGLE_UNIT ( ) );
#627 = CARTESIAN_POINT ( 'NONE',  ( 0.5999999999999999778, 0.2700000000000000178, 0.1999999999999992062 ) ) ;
#628 = LINE ( 'NONE', #3071, #4234 ) ;
#629 = MECHANICAL_DESIGN_GEOMETRIC_PRESENTATION_REPRESENTATION (  '', ( #30 ), #3964 ) ;
#630 = DIRECTION ( 'NONE',  ( 0.000000000000000000, -0.000000000000000000, 1.000000000000000000 ) ) ;
#631 = EDGE_CURVE ( 'NONE', #4140, #1304, #4178, .T. ) ;
#632 = EDGE_CURVE ( 'NONE', #3512, #981, #3874, .T. ) ;
#633 = PRESENTATION_LAYER_ASSIGNMENT (  '', '', ( #4039 ) ) ;
#634 = LINE ( 'NONE', #2071, #1977 ) ;
#635 = CARTESIAN_POINT ( 'NONE',  ( -0.4999999999999996669, 0.1430000000000000160, -0.3500000000000000333 ) ) ;
#636 = UNCERTAINTY_MEASURE_WITH_UNIT (LENGTH_MEASURE( 1.000000000000000082E-05 ), #2609, 'distance_accuracy_value', 'NONE');
#637 = MANIFOLD_SOLID_BREP ( 'Boss-Extrude2[3]', #3565 ) ;
#638 = LINE ( 'NONE', #290, #4539 ) ;
#639 = ORIENTED_EDGE ( 'NONE', *, *, #3292, .T. ) ;
#640 = DIRECTION ( 'NONE',  ( -7.860465750519903991E-15, 0.000000000000000000, 1.000000000000000000 ) ) ;
#641 = SURFACE_SIDE_STYLE ('',( #1725 ) ) ;
#642 = CARTESIAN_POINT ( 'NONE',  ( -0.1000000000000000472, 0.2700000000000000178, 0.5749999999999996225 ) ) ;
#643 = CARTESIAN_POINT ( 'NONE',  ( 0.6500000000000000222, 0.1430000000000000160, 0.09999999999999956146 ) ) ;
#644 = ORIENTED_EDGE ( 'NONE', *, *, #714, .F. ) ;
#645 = EDGE_LOOP ( 'NONE', ( #1023, #3944, #2819, #945 ) ) ;
#646 = AXIS2_PLACEMENT_3D ( 'NONE', #4103, #855, #1821 ) ;
#647 = PLANE ( 'NONE',  #2700 ) ;
#648 = SURFACE_STYLE_USAGE ( .BOTH. , #3896 ) ;
#649 = LINE ( 'NONE', #3214, #857 ) ;
#650 = LINE ( 'NONE', #2409, #2249 ) ;
#651 = EDGE_LOOP ( 'NONE', ( #1656, #1747, #829, #1945 ) ) ;
#652 = DIRECTION ( 'NONE',  ( -1.000000000000000000, -0.000000000000000000, -0.000000000000000000 ) ) ;
#653 = FILL_AREA_STYLE ('',( #1108 ) ) ;
#654 = EDGE_CURVE ( 'NONE', #1155, #4120, #604, .T. ) ;
#655 = MECHANICAL_DESIGN_GEOMETRIC_PRESENTATION_REPRESENTATION (  '', ( #3385 ), #2553 ) ;
#656 = SURFACE_SIDE_STYLE ('',( #3906 ) ) ;
#657 = ORIENTED_EDGE ( 'NONE', *, *, #825, .F. ) ;
#658 = ORIENTED_EDGE ( 'NONE', *, *, #3145, .F. ) ;
#659 = ORIENTED_EDGE ( 'NONE', *, *, #2774, .T. ) ;
#660 =( NAMED_UNIT ( * ) PLANE_ANGLE_UNIT ( ) SI_UNIT ( $, .RADIAN. ) );
#661 = VECTOR ( 'NONE', #1120, 1000.000000000000000 ) ;
#662 = DIRECTION ( 'NONE',  ( 0.000000000000000000, 0.000000000000000000, 1.000000000000000000 ) ) ;
#663 = FILL_AREA_STYLE ('',( #2559 ) ) ;
#664 = AXIS2_PLACEMENT_3D ( 'NONE', #2971, #1940, #489 ) ;
#665 = CARTESIAN_POINT ( 'NONE',  ( -0.1000000000000000749, 0.1430000000000000160, -0.7499999999999994449 ) ) ;
#666 = VERTEX_POINT ( 'NONE', #3824 ) ;
#667 = DIRECTION ( 'NONE',  ( -1.000000000000000000, 0.000000000000000000, -0.000000000000000000 ) ) ;
#668 = LINE ( 'NONE', #227, #4634 ) ;
#669 = DIRECTION ( 'NONE',  ( -1.445602896647339163E-16, -0.000000000000000000, -1.000000000000000000 ) ) ;
#670 = FILL_AREA_STYLE_COLOUR ( '', #2936 ) ;
#671 = ORIENTED_EDGE ( 'NONE', *, *, #3549, .T. ) ;
#672 = MECHANICAL_DESIGN_GEOMETRIC_PRESENTATION_REPRESENTATION (  '', ( #2719 ), #4380 ) ;
#673 = LINE ( 'NONE', #2124, #1307 ) ;
#674 = CARTESIAN_POINT ( 'NONE',  ( -0.2999999999999999334, 0.2500000000000000000, -0.5749999999999996225 ) ) ;
#675 = CARTESIAN_POINT ( 'NONE',  ( 0.2999999999999992673, 0.2700000000000000178, -0.5749999999999997335 ) ) ;
#676 = VECTOR ( 'NONE', #501, 1000.000000000000000 ) ;
#677 = CARTESIAN_POINT ( 'NONE',  ( 0.6999999999999992895, 0.2700000000000000178, -0.7499999999999998890 ) ) ;
#678 =( GEOMETRIC_REPRESENTATION_CONTEXT ( 3 ) GLOBAL_UNCERTAINTY_ASSIGNED_CONTEXT ( ( #2621 ) ) GLOBAL_UNIT_ASSIGNED_CONTEXT ( ( #4193, #3530, #245 ) ) REPRESENTATION_CONTEXT ( 'NONE', 'WORKASPACE' ) );
#679 = ORIENTED_EDGE ( 'NONE', *, *, #1301, .T. ) ;
#680 = UNCERTAINTY_MEASURE_WITH_UNIT (LENGTH_MEASURE( 1.000000000000000082E-05 ), #4443, 'distance_accuracy_value', 'NONE');
#681 = EDGE_CURVE ( 'NONE', #1313, #1909, #2687, .T. ) ;
#682 = VECTOR ( 'NONE', #2514, 1000.000000000000000 ) ;
#683 = COLOUR_RGB ( '',1.000000000000000000, 1.000000000000000000, 1.000000000000000000 ) ;
#684 = DIRECTION ( 'NONE',  ( 0.000000000000000000, -0.000000000000000000, 1.000000000000000000 ) ) ;
#685 = DIRECTION ( 'NONE',  ( -1.000000000000000000, 0.000000000000000000, -0.000000000000000000 ) ) ;
#686 = CARTESIAN_POINT ( 'NONE',  ( -0.7500000000000003331, 0.2500000000000000000, -0.7500000000000003331 ) ) ;
#687 =( NAMED_UNIT ( * ) PLANE_ANGLE_UNIT ( ) SI_UNIT ( $, .RADIAN. ) );
#688 = EDGE_CURVE ( 'NONE', #1589, #703, #582, .T. ) ;
#689 = EDGE_CURVE ( 'NONE', #1648, #709, #2356, .T. ) ;
#690 = DIRECTION ( 'NONE',  ( 0.000000000000000000, 1.000000000000000000, 0.000000000000000000 ) ) ;
#691 = SURFACE_STYLE_USAGE ( .BOTH. , #3968 ) ;
#692 = MANIFOLD_SOLID_BREP ( 'Boss-Extrude2[5]', #2207 ) ;
#693 = ORIENTED_EDGE ( 'NONE', *, *, #799, .F. ) ;
#694 = CARTESIAN_POINT ( 'NONE',  ( 0.4999999999999997780, 0.2500000000000000000, 0.7499999999999996669 ) ) ;
#695 = LINE ( 'NONE', #4318, #1539 ) ;
#696 = VECTOR ( 'NONE', #2084, 1000.000000000000000 ) ;
#697 =( NAMED_UNIT ( * ) SI_UNIT ( $, .STERADIAN. ) SOLID_ANGLE_UNIT ( ) );
#698 = MECHANICAL_DESIGN_GEOMETRIC_PRESENTATION_REPRESENTATION (  '', ( #1674 ), #1910 ) ;
#699 = PLANE ( 'NONE',  #2423 ) ;
#700 = FACE_OUTER_BOUND ( 'NONE', #2985, .T. ) ;
#701 = EDGE_LOOP ( 'NONE', ( #2469, #371, #3022, #3297 ) ) ;
#702 = AXIS2_PLACEMENT_3D ( 'NONE', #3609, #4368, #3681 ) ;
#703 = VERTEX_POINT ( 'NONE', #718 ) ;
#704 = CARTESIAN_POINT ( 'NONE',  ( -0.5000000000000000000, 0.2700000000000000178, 0.7499999999999996669 ) ) ;
#705 = SURFACE_SIDE_STYLE ('',( #2170 ) ) ;
#706 = FACE_OUTER_BOUND ( 'NONE', #4211, .T. ) ;
#707 = AXIS2_PLACEMENT_3D ( 'NONE', #177, #1247, #1595 ) ;
#708 = ORIENTED_EDGE ( 'NONE', *, *, #2836, .F. ) ;
#709 = VERTEX_POINT ( 'NONE', #3897 ) ;
#710 = DIRECTION ( 'NONE',  ( -0.000000000000000000, 1.000000000000000000, -0.000000000000000000 ) ) ;
#711 = CARTESIAN_POINT ( 'NONE',  ( 0.09999999999999985290, 0.1430000000000000160, 0.7499999999999994449 ) ) ;
#712 = EDGE_CURVE ( 'NONE', #1388, #3, #3442, .T. ) ;
#713 = CARTESIAN_POINT ( 'NONE',  ( 0.09999999999999985290, 0.2700000000000000178, 0.7499999999999994449 ) ) ;
#714 = EDGE_CURVE ( 'NONE', #3175, #3058, #377, .T. ) ;
#715 = FILL_AREA_STYLE ('',( #3969 ) ) ;
#716 = DIRECTION ( 'NONE',  ( 1.445602896647339163E-16, 0.000000000000000000, 1.000000000000000000 ) ) ;
#717 = LINE ( 'NONE', #56, #1833 ) ;
#718 = CARTESIAN_POINT ( 'NONE',  ( -0.6499999999999998002, 0.2500000000000000000, -0.1000000000000000472 ) ) ;
#719 = FILL_AREA_STYLE_COLOUR ( '', #1136 ) ;
#720 = CARTESIAN_POINT ( 'NONE',  ( -0.5999999999999997558, 0.2700000000000000178, 0.09999999999999902023 ) ) ;
#721 = VECTOR ( 'NONE', #4056, 1000.000000000000000 ) ;
#722 = EDGE_LOOP ( 'NONE', ( #572, #2070, #3741, #613 ) ) ;
#723 = SURFACE_SIDE_STYLE ('',( #1449 ) ) ;
#724 = AXIS2_PLACEMENT_3D ( 'NONE', #538, #247, #1242 ) ;
#725 = DIRECTION ( 'NONE',  ( 1.000000000000000000, 0.000000000000000000, -7.589415207398527883E-15 ) ) ;
#726 = ORIENTED_EDGE ( 'NONE', *, *, #2459, .F. ) ;
#727 = UNCERTAINTY_MEASURE_WITH_UNIT (LENGTH_MEASURE( 1.000000000000000082E-05 ), #1716, 'distance_accuracy_value', 'NONE');
#728 = EDGE_LOOP ( 'NONE', ( #1430, #3480, #2087, #2128 ) ) ;
#729 = LINE ( 'NONE', #1748, #1962 ) ;
#730 = CARTESIAN_POINT ( 'NONE',  ( -0.7500000000000003331, 0.2500000000000000000, -0.7500000000000003331 ) ) ;
#731 = SURFACE_STYLE_USAGE ( .BOTH. , #3270 ) ;
#732 = FACE_OUTER_BOUND ( 'NONE', #1543, .T. ) ;
#733 = SURFACE_STYLE_FILL_AREA ( #1115 ) ;
#734 = PRESENTATION_LAYER_ASSIGNMENT (  '', '', ( #2404 ) ) ;
#735 = CARTESIAN_POINT ( 'NONE',  ( -0.5000000000000001110, 0.2700000000000000178, -0.5749999999999996225 ) ) ;
#736 = EDGE_LOOP ( 'NONE', ( #2534, #3298, #289, #2529 ) ) ;
#737 = VECTOR ( 'NONE', #738, 1000.000000000000000 ) ;
#738 = DIRECTION ( 'NONE',  ( -0.000000000000000000, -1.000000000000000000, -0.000000000000000000 ) ) ;
#739 = EDGE_CURVE ( 'NONE', #3014, #1005, #649, .T. ) ;
#740 = FILL_AREA_STYLE_COLOUR ( '', #4180 ) ;
#741 = LINE ( 'NONE', #3515, #3615 ) ;
#742 = PLANE ( 'NONE',  #2345 ) ;
#743 = LINE ( 'NONE', #1424, #2173 ) ;
#744 = ORIENTED_EDGE ( 'NONE', *, *, #1102, .T. ) ;
#745 = VERTEX_POINT ( 'NONE', #1804 ) ;
#746 = VECTOR ( 'NONE', #1410, 1000.000000000000000 ) ;
#747 = EDGE_CURVE ( 'NONE', #1509, #2622, #3539, .T. ) ;
#748 = LINE ( 'NONE', #704, #2595 ) ;
#749 = SURFACE_STYLE_USAGE ( .BOTH. , #1374 ) ;
#750 =( NAMED_UNIT ( * ) PLANE_ANGLE_UNIT ( ) SI_UNIT ( $, .RADIAN. ) );
#751 = CARTESIAN_POINT ( 'NONE',  ( 0.6999999999999997335, 0.1430000000000000160, 0.7499999999999996669 ) ) ;
#752 = AXIS2_PLACEMENT_3D ( 'NONE', #4335, #1097, #3314 ) ;
#753 = ORIENTED_EDGE ( 'NONE', *, *, #2836, .T. ) ;
#754 = VECTOR ( 'NONE', #2748, 1000.000000000000000 ) ;
#755 = FILL_AREA_STYLE_COLOUR ( '', #683 ) ;
#756 = PLANE ( 'NONE',  #4172 ) ;
#757 = MECHANICAL_DESIGN_GEOMETRIC_PRESENTATION_REPRESENTATION (  '', ( #3939 ), #678 ) ;
#758 = AXIS2_PLACEMENT_3D ( 'NONE', #1997, #3875, #230 ) ;
#759 = SURFACE_STYLE_USAGE ( .BOTH. , #4006 ) ;
#760 = DIRECTION ( 'NONE',  ( -1.000000000000000000, 0.000000000000000000, 0.000000000000000000 ) ) ;
#761 = VERTEX_POINT ( 'NONE', #1737 ) ;
#762 = DIRECTION ( 'NONE',  ( -6.195440985631453345E-16, 0.000000000000000000, -1.000000000000000000 ) ) ;
#763 = ORIENTED_EDGE ( 'NONE', *, *, #1202, .F. ) ;
#764 = CARTESIAN_POINT ( 'NONE',  ( 0.5999999999999999778, 0.1430000000000000160, 0.09999999999999915901 ) ) ;
#765 = LINE ( 'NONE', #1143, #2264 ) ;
#766 = CLOSED_SHELL ( 'NONE', ( #2747, #164, #2013, #2163, #498, #555 ) ) ;
#767 = EDGE_CURVE ( 'NONE', #2080, #4382, #1104, .T. ) ;
#768 = ADVANCED_FACE ( 'NONE', ( #2473 ), #3191, .T. ) ;
#769 = ORIENTED_EDGE ( 'NONE', *, *, #2101, .T. ) ;
#770 = ORIENTED_EDGE ( 'NONE', *, *, #3150, .T. ) ;
#771 = CARTESIAN_POINT ( 'NONE',  ( -0.6999999999999999556, 0.1430000000000000160, 0.7499999999999996669 ) ) ;
#772 =( NAMED_UNIT ( * ) SI_UNIT ( $, .STERADIAN. ) SOLID_ANGLE_UNIT ( ) );
#773 = DIRECTION ( 'NONE',  ( 0.000000000000000000, 1.000000000000000000, 0.000000000000000000 ) ) ;
#774 = MECHANICAL_DESIGN_GEOMETRIC_PRESENTATION_REPRESENTATION (  '', ( #1974 ), #3422 ) ;
#775 = EDGE_CURVE ( 'NONE', #3683, #3511, #3924, .T. ) ;
#776 = ORIENTED_EDGE ( 'NONE', *, *, #556, .F. ) ;
#777 = UNCERTAINTY_MEASURE_WITH_UNIT (LENGTH_MEASURE( 1.000000000000000082E-05 ), #2079, 'distance_accuracy_value', 'NONE');
#778 = EDGE_LOOP ( 'NONE', ( #3329, #2900, #1017, #2874 ) ) ;
#779 = VECTOR ( 'NONE', #1276, 1000.000000000000000 ) ;
#780 = DIRECTION ( 'NONE',  ( -0.000000000000000000, 1.000000000000000000, -0.000000000000000000 ) ) ;
#781 =( NAMED_UNIT ( * ) SI_UNIT ( $, .STERADIAN. ) SOLID_ANGLE_UNIT ( ) );
#782 = CARTESIAN_POINT ( 'NONE',  ( -0.6499999999999998002, 0.2700000000000000178, 0.09999999999999939493 ) ) ;
#783 = AXIS2_PLACEMENT_3D ( 'NONE', #4674, #4300, #4651 ) ;
#784 = LINE ( 'NONE', #4030, #3879 ) ;
#785 = FACE_OUTER_BOUND ( 'NONE', #1006, .T. ) ;
#786 = ORIENTED_EDGE ( 'NONE', *, *, #4450, .T. ) ;
#787 = FACE_OUTER_BOUND ( 'NONE', #1140, .T. ) ;
#788 = ORIENTED_EDGE ( 'NONE', *, *, #4671, .F. ) ;
#789 = SURFACE_SIDE_STYLE ('',( #878 ) ) ;
#790 = CARTESIAN_POINT ( 'NONE',  ( -0.6999999999999999556, 0.1430000000000000160, -0.7499999999999996669 ) ) ;
#791 = SURFACE_STYLE_USAGE ( .BOTH. , #2927 ) ;
#792 = DIRECTION ( 'NONE',  ( 0.000000000000000000, 0.000000000000000000, 1.000000000000000000 ) ) ;
#793 = ORIENTED_EDGE ( 'NONE', *, *, #3837, .F. ) ;
#794 = EDGE_LOOP ( 'NONE', ( #3137, #2147, #3789, #3245 ) ) ;
#795 = CARTESIAN_POINT ( 'NONE',  ( 0.2999999999999992117, 0.1430000000000000160, 0.7499999999999994449 ) ) ;
#796 =( NAMED_UNIT ( * ) PLANE_ANGLE_UNIT ( ) SI_UNIT ( $, .RADIAN. ) );
#797 = CARTESIAN_POINT ( 'NONE',  ( -0.6499999999999998002, 0.1430000000000000160, -0.1000000000000000472 ) ) ;
#798 = ORIENTED_EDGE ( 'NONE', *, *, #800, .T. ) ;
#799 = EDGE_CURVE ( 'NONE', #1792, #2776, #3233, .T. ) ;
#800 = EDGE_CURVE ( 'NONE', #4259, #1648, #2527, .T. ) ;
#801 = CARTESIAN_POINT ( 'NONE',  ( 0.6500000000000000222, 0.2700000000000000178, -0.1000000000000002137 ) ) ;
#802 = CARTESIAN_POINT ( 'NONE',  ( 0.4999999999999997780, 0.1430000000000000160, 0.7499999999999996669 ) ) ;
#803 = DIRECTION ( 'NONE',  ( 1.000000000000000000, 0.000000000000000000, 1.548860246407865555E-16 ) ) ;
#804 = EDGE_CURVE ( 'NONE', #358, #1407, #741, .T. ) ;
#805 = PRESENTATION_STYLE_ASSIGNMENT (( #2630 ) ) ;
#806 = VERTEX_POINT ( 'NONE', #4251 ) ;
#807 = VECTOR ( 'NONE', #1369, 1000.000000000000000 ) ;
#808 = CARTESIAN_POINT ( 'NONE',  ( 0.4999999999999994449, 0.2500000000000000000, -0.7500000000000003331 ) ) ;
#809 =( NAMED_UNIT ( * ) SI_UNIT ( $, .STERADIAN. ) SOLID_ANGLE_UNIT ( ) );
#810 = VECTOR ( 'NONE', #2997, 1000.000000000000000 ) ;
#811 = VECTOR ( 'NONE', #3700, 1000.000000000000000 ) ;
#812 = ORIENTED_EDGE ( 'NONE', *, *, #347, .F. ) ;
#813 = SURFACE_SIDE_STYLE ('',( #868 ) ) ;
#814 = DIRECTION ( 'NONE',  ( 1.000000000000000000, 0.000000000000000000, 0.000000000000000000 ) ) ;
#815 = CARTESIAN_POINT ( 'NONE',  ( 0.2999999999999992673, 0.1430000000000000160, 0.5749999999999996225 ) ) ;
#816 = SURFACE_SIDE_STYLE ('',( #3405 ) ) ;
#817 = VECTOR ( 'NONE', #3993, 1000.000000000000000 ) ;
#818 = VERTEX_POINT ( 'NONE', #2455 ) ;
#819 = UNCERTAINTY_MEASURE_WITH_UNIT (LENGTH_MEASURE( 1.000000000000000082E-05 ), #1026, 'distance_accuracy_value', 'NONE');
#820 = VECTOR ( 'NONE', #551, 1000.000000000000000 ) ;
#821 = CARTESIAN_POINT ( 'NONE',  ( -0.2999999999999994893, 0.1430000000000000160, 0.5749999999999996225 ) ) ;
#822 = CARTESIAN_POINT ( 'NONE',  ( 0.4999999999999998890, 0.1430000000000000160, -0.2500000000000001665 ) ) ;
#823 = AXIS2_PLACEMENT_3D ( 'NONE', #609, #2716, #4158 ) ;
#824 = EDGE_CURVE ( 'NONE', #2508, #621, #765, .T. ) ;
#825 = EDGE_CURVE ( 'NONE', #314, #2043, #1875, .T. ) ;
#826 = PLANE ( 'NONE',  #251 ) ;
#827 = COLOUR_RGB ( '',1.000000000000000000, 1.000000000000000000, 1.000000000000000000 ) ;
#828 = FACE_OUTER_BOUND ( 'NONE', #1683, .T. ) ;
#829 = ORIENTED_EDGE ( 'NONE', *, *, #1580, .F. ) ;
#830 = ORIENTED_EDGE ( 'NONE', *, *, #2230, .T. ) ;
#831 = MECHANICAL_DESIGN_GEOMETRIC_PRESENTATION_REPRESENTATION (  '', ( #1132 ), #3554 ) ;
#832 = ADVANCED_FACE ( 'NONE', ( #2996 ), #34, .F. ) ;
#833 = ADVANCED_FACE ( 'NONE', ( #2974 ), #124, .F. ) ;
#834 = ORIENTED_EDGE ( 'NONE', *, *, #496, .F. ) ;
#835 = CARTESIAN_POINT ( 'NONE',  ( -0.4999999999999996669, 0.1430000000000000160, 0.2500000000000000555 ) ) ;
#836 = PRESENTATION_LAYER_ASSIGNMENT (  '', '', ( #237 ) ) ;
#837 =( NAMED_UNIT ( * ) PLANE_ANGLE_UNIT ( ) SI_UNIT ( $, .RADIAN. ) );
#838 = FILL_AREA_STYLE_COLOUR ( '', #3857 ) ;
#839 =( NAMED_UNIT ( * ) SI_UNIT ( $, .STERADIAN. ) SOLID_ANGLE_UNIT ( ) );
#840 = VERTEX_POINT ( 'NONE', #492 ) ;
#841 = SURFACE_STYLE_FILL_AREA ( #2707 ) ;
#842 = SURFACE_SIDE_STYLE ('',( #3046 ) ) ;
#843 = CARTESIAN_POINT ( 'NONE',  ( 0.6500000000000000222, 0.1430000000000000160, -0.1000000000000002137 ) ) ;
#844 = PRESENTATION_STYLE_ASSIGNMENT (( #3706 ) ) ;
#845 = ORIENTED_EDGE ( 'NONE', *, *, #1173, .F. ) ;
#846 = PRESENTATION_LAYER_ASSIGNMENT (  '', '', ( #246 ) ) ;
#847 = LINE ( 'NONE', #3410, #2324 ) ;
#848 = LINE ( 'NONE', #2302, #1581 ) ;
#849 = VECTOR ( 'NONE', #1401, 1000.000000000000000 ) ;
#850 = AXIS2_PLACEMENT_3D ( 'NONE', #4064, #3025, #3306 ) ;
#851 = CARTESIAN_POINT ( 'NONE',  ( 0.4999999999999993339, 0.2500000000000000000, -0.7499999999999997780 ) ) ;
#852 = VERTEX_POINT ( 'NONE', #2567 ) ;
#853 = EDGE_CURVE ( 'NONE', #3507, #981, #1218, .T. ) ;
#854 = VECTOR ( 'NONE', #1337, 1000.000000000000000 ) ;
#855 = DIRECTION ( 'NONE',  ( -1.000000000000000000, 0.000000000000000000, 1.548860246407866048E-16 ) ) ;
#856 = ORIENTED_EDGE ( 'NONE', *, *, #322, .F. ) ;
#857 = VECTOR ( 'NONE', #669, 1000.000000000000000 ) ;
#858 = DIRECTION ( 'NONE',  ( -4.646580739223595925E-16, 0.000000000000000000, -1.000000000000000000 ) ) ;
#859 =( LENGTH_UNIT ( ) NAMED_UNIT ( * ) SI_UNIT ( .MILLI., .METRE. ) );
#860 = EDGE_CURVE ( 'NONE', #2306, #3394, #3324, .T. ) ;
#861 = ADVANCED_FACE ( 'NONE', ( #2213 ), #1506, .F. ) ;
#862 = PLANE ( 'NONE',  #3694 ) ;
#863 = PLANE ( 'NONE',  #1933 ) ;
#864 = DIRECTION ( 'NONE',  ( -6.195440985631453345E-16, 0.000000000000000000, -1.000000000000000000 ) ) ;
#865 = ORIENTED_EDGE ( 'NONE', *, *, #971, .F. ) ;
#866 = CARTESIAN_POINT ( 'NONE',  ( -0.7500000000000001110, 0.2500000000000000000, 0.7499999999999996669 ) ) ;
#867 = ORIENTED_EDGE ( 'NONE', *, *, #185, .F. ) ;
#868 = SURFACE_STYLE_FILL_AREA ( #472 ) ;
#869 = LINE ( 'NONE', #797, #4607 ) ;
#870 = CYLINDRICAL_SURFACE ( 'NONE', #3603, 0.1000000000000000194 ) ;
#871 = UNCERTAINTY_MEASURE_WITH_UNIT (LENGTH_MEASURE( 1.000000000000000082E-05 ), #1995, 'distance_accuracy_value', 'NONE');
#872 = SURFACE_STYLE_FILL_AREA ( #1133 ) ;
#873 = CARTESIAN_POINT ( 'NONE',  ( -0.6999999999999999556, 0.2700000000000000178, -0.5749999999999996225 ) ) ;
#874 = CARTESIAN_POINT ( 'NONE',  ( 0.6999999999999992895, 0.2500000000000000000, -0.5749999999999998446 ) ) ;
#875 = AXIS2_PLACEMENT_3D ( 'NONE', #4454, #4434, #762 ) ;
#876 = DIRECTION ( 'NONE',  ( 0.000000000000000000, -0.000000000000000000, 1.000000000000000000 ) ) ;
#877 = ORIENTED_EDGE ( 'NONE', *, *, #191, .F. ) ;
#878 = SURFACE_STYLE_FILL_AREA ( #3718 ) ;
#879 = DIRECTION ( 'NONE',  ( 0.000000000000000000, 1.000000000000000000, 0.000000000000000000 ) ) ;
#880 = VECTOR ( 'NONE', #1689, 1000.000000000000000 ) ;
#881 = LINE ( 'NONE', #3066, #4055 ) ;
#882 = FILL_AREA_STYLE ('',( #1243 ) ) ;
#883 = ADVANCED_FACE ( 'NONE', ( #3862 ), #2081, .F. ) ;
#884 = LINE ( 'NONE', #3774, #811 ) ;
#885 = VERTEX_POINT ( 'NONE', #4564 ) ;
#886 = PRESENTATION_STYLE_ASSIGNMENT (( #4130 ) ) ;
#887 = AXIS2_PLACEMENT_3D ( 'NONE', #822, #478, #3095 ) ;
#888 = DIRECTION ( 'NONE',  ( -1.000000000000000000, 0.000000000000000000, 0.000000000000000000 ) ) ;
#889 = SURFACE_STYLE_FILL_AREA ( #4424 ) ;
#890 = EDGE_CURVE ( 'NONE', #3472, #2857, #2056, .T. ) ;
#891 = EDGE_CURVE ( 'NONE', #1220, #2194, #2110, .T. ) ;
#892 = CARTESIAN_POINT ( 'NONE',  ( 0.000000000000000000, 0.1430000000000000160, 0.000000000000000000 ) ) ;
#893 = CARTESIAN_POINT ( 'NONE',  ( 0.7499999999999998890, 0.2500000000000000000, 0.7499999999999996669 ) ) ;
#894 = PLANE ( 'NONE',  #3398 ) ;
#895 = MECHANICAL_DESIGN_GEOMETRIC_PRESENTATION_REPRESENTATION (  '', ( #2335 ), #2713 ) ;
#896 =( LENGTH_UNIT ( ) NAMED_UNIT ( * ) SI_UNIT ( .MILLI., .METRE. ) );
#897 = ORIENTED_EDGE ( 'NONE', *, *, #3556, .F. ) ;
#898 = ORIENTED_EDGE ( 'NONE', *, *, #18, .F. ) ;
#899 = LINE ( 'NONE', #211, #3034 ) ;
#900 = ORIENTED_EDGE ( 'NONE', *, *, #860, .F. ) ;
#901 = FILL_AREA_STYLE_COLOUR ( '', #1175 ) ;
#902 = PRESENTATION_LAYER_ASSIGNMENT (  '', '', ( #3401 ) ) ;
#903 = PLANE ( 'NONE',  #3955 ) ;
#904 = FILL_AREA_STYLE ('',( #1610 ) ) ;
#905 = VECTOR ( 'NONE', #4602, 1000.000000000000000 ) ;
#906 =( NAMED_UNIT ( * ) PLANE_ANGLE_UNIT ( ) SI_UNIT ( $, .RADIAN. ) );
#907 = COLOUR_RGB ( '',0.2980392156862745057, 0.2980392156862745057, 0.2980392156862745057 ) ;
#908 = CARTESIAN_POINT ( 'NONE',  ( 0.4999999999999998890, 0.2700000000000000178, 0.5749999999999996225 ) ) ;
#909 = CARTESIAN_POINT ( 'NONE',  ( -0.6999999999999999556, 0.2500000000000000000, -0.5749999999999996225 ) ) ;
#910 = VECTOR ( 'NONE', #1105, 1000.000000000000000 ) ;
#911 = EDGE_LOOP ( 'NONE', ( #3438, #1195, #4373, #3635 ) ) ;
#912 =( NAMED_UNIT ( * ) SI_UNIT ( $, .STERADIAN. ) SOLID_ANGLE_UNIT ( ) );
#913 = PRESENTATION_LAYER_ASSIGNMENT (  '', '', ( #155 ) ) ;
#914 = SURFACE_SIDE_STYLE ('',( #2315 ) ) ;
#915 = SURFACE_STYLE_USAGE ( .BOTH. , #1687 ) ;
#916 = ADVANCED_FACE ( 'NONE', ( #4240 ), #3132, .F. ) ;
#917 =( NAMED_UNIT ( * ) SI_UNIT ( $, .STERADIAN. ) SOLID_ANGLE_UNIT ( ) );
#918 =( NAMED_UNIT ( * ) SI_UNIT ( $, .STERADIAN. ) SOLID_ANGLE_UNIT ( ) );
#919 = ORIENTED_EDGE ( 'NONE', *, *, #2101, .F. ) ;
#920 = LINE ( 'NONE', #3446, #4150 ) ;
#921 = SURFACE_STYLE_USAGE ( .BOTH. , #236 ) ;
#922 = ADVANCED_FACE ( 'NONE', ( #3154 ), #1724, .F. ) ;
#923 = DIRECTION ( 'NONE',  ( -1.000000000000000000, 0.000000000000000000, 5.421010862427525128E-16 ) ) ;
#924 = UNCERTAINTY_MEASURE_WITH_UNIT (LENGTH_MEASURE( 1.000000000000000082E-05 ), #2317, 'distance_accuracy_value', 'NONE');
#925 = AXIS2_PLACEMENT_3D ( 'NONE', #2585, #803, #482 ) ;
#926 = ORIENTED_EDGE ( 'NONE', *, *, #1202, .T. ) ;
#927 = CARTESIAN_POINT ( 'NONE',  ( 0.000000000000000000, 0.1430000000000000160, 0.000000000000000000 ) ) ;
#928 = ORIENTED_EDGE ( 'NONE', *, *, #2855, .F. ) ;
#929 = CARTESIAN_POINT ( 'NONE',  ( 0.4999999999999996669, 0.1430000000000000160, -0.3500000000000000888 ) ) ;
#930 = VECTOR ( 'NONE', #3216, 1000.000000000000000 ) ;
#931 = CARTESIAN_POINT ( 'NONE',  ( -0.1000000000000000749, 0.1430000000000000160, -0.7499999999999994449 ) ) ;
#932 = CARTESIAN_POINT ( 'NONE',  ( 0.6999999999999997335, 0.2700000000000000178, 0.7499999999999996669 ) ) ;
#933 = DIRECTION ( 'NONE',  ( -1.000000000000000000, 0.000000000000000000, 0.000000000000000000 ) ) ;
#934 =( GEOMETRIC_REPRESENTATION_CONTEXT ( 3 ) GLOBAL_UNCERTAINTY_ASSIGNED_CONTEXT ( ( #1456 ) ) GLOBAL_UNIT_ASSIGNED_CONTEXT ( ( #2337, #3785, #550 ) ) REPRESENTATION_CONTEXT ( 'NONE', 'WORKASPACE' ) );
#935 = ORIENTED_EDGE ( 'NONE', *, *, #353, .F. ) ;
#936 = ORIENTED_EDGE ( 'NONE', *, *, #1727, .T. ) ;
#937 = FACE_OUTER_BOUND ( 'NONE', #3317, .T. ) ;
#938 =( NAMED_UNIT ( * ) PLANE_ANGLE_UNIT ( ) SI_UNIT ( $, .RADIAN. ) );
#939 = CARTESIAN_POINT ( 'NONE',  ( 0.6999999999999992895, 0.1430000000000000160, -0.7499999999999998890 ) ) ;
#940 = DIRECTION ( 'NONE',  ( 0.000000000000000000, 1.000000000000000000, -0.000000000000000000 ) ) ;
#941 = FILL_AREA_STYLE ('',( #205 ) ) ;
#942 = DIRECTION ( 'NONE',  ( -0.000000000000000000, -0.000000000000000000, 1.000000000000000000 ) ) ;
#943 = EDGE_CURVE ( 'NONE', #1028, #2574, #2370, .T. ) ;
#944 = DIRECTION ( 'NONE',  ( -1.000000000000000000, 0.000000000000000000, 0.000000000000000000 ) ) ;
#945 = ORIENTED_EDGE ( 'NONE', *, *, #4535, .T. ) ;
#946 = SURFACE_SIDE_STYLE ('',( #2777 ) ) ;
#947 = CARTESIAN_POINT ( 'NONE',  ( 0.09999999999999976963, 0.1430000000000000160, 0.5749999999999996225 ) ) ;
#948 = AXIS2_PLACEMENT_3D ( 'NONE', #2872, #2111, #2446 ) ;
#949 = ADVANCED_FACE ( 'NONE', ( #3104 ), #2445, .F. ) ;
#950 = SURFACE_SIDE_STYLE ('',( #3108 ) ) ;
#951 = SURFACE_STYLE_USAGE ( .BOTH. , #561 ) ;
#952 = EDGE_LOOP ( 'NONE', ( #2953, #4515, #2172, #2321 ) ) ;
#953 = ORIENTED_EDGE ( 'NONE', *, *, #1925, .F. ) ;
#954 = CARTESIAN_POINT ( 'NONE',  ( -0.4999999999999996669, 0.1430000000000000160, -0.3500000000000000333 ) ) ;
#955 = EDGE_LOOP ( 'NONE', ( #3103, #3749, #4427, #3740 ) ) ;
#956 = CARTESIAN_POINT ( 'NONE',  ( -0.5000000000000000000, 0.2500000000000000000, -0.7499999999999996669 ) ) ;
#957 = FILL_AREA_STYLE_COLOUR ( '', #262 ) ;
#958 = DIRECTION ( 'NONE',  ( 0.000000000000000000, 1.000000000000000000, -0.000000000000000000 ) ) ;
#959 = FACE_OUTER_BOUND ( 'NONE', #2730, .T. ) ;
#960 = STYLED_ITEM ( 'NONE', ( #2738 ), #2395 ) ;
#961 = ORIENTED_EDGE ( 'NONE', *, *, #1325, .T. ) ;
#962 = EDGE_LOOP ( 'NONE', ( #936, #928, #364, #1377 ) ) ;
#963 = VECTOR ( 'NONE', #494, 1000.000000000000000 ) ;
#964 = LINE ( 'NONE', #2411, #1206 ) ;
#965 = LINE ( 'NONE', #1667, #3534 ) ;
#966 = UNCERTAINTY_MEASURE_WITH_UNIT (LENGTH_MEASURE( 1.000000000000000082E-05 ), #518, 'distance_accuracy_value', 'NONE');
#967 = EDGE_LOOP ( 'NONE', ( #3542, #4635, #2966, #399 ) ) ;
#968 = CARTESIAN_POINT ( 'NONE',  ( -0.1000000000000000749, 0.1430000000000000160, 0.7499999999999994449 ) ) ;
#969 = ORIENTED_EDGE ( 'NONE', *, *, #4534, .T. ) ;
#970 = SURFACE_STYLE_USAGE ( .BOTH. , #946 ) ;
#971 = EDGE_CURVE ( 'NONE', #1921, #1819, #2753, .T. ) ;
#972 =( NAMED_UNIT ( * ) SI_UNIT ( $, .STERADIAN. ) SOLID_ANGLE_UNIT ( ) );
#973 = STYLED_ITEM ( 'NONE', ( #2007 ), #916 ) ;
#974 = VERTEX_POINT ( 'NONE', #929 ) ;
#975 = FACE_OUTER_BOUND ( 'NONE', #3613, .T. ) ;
#976 = LINE ( 'NONE', #932, #3331 ) ;
#977 = PRESENTATION_LAYER_ASSIGNMENT (  '', '', ( #1802 ) ) ;
#978 = EDGE_CURVE ( 'NONE', #2369, #1165, #573, .T. ) ;
#979 = EDGE_CURVE ( 'NONE', #1589, #1621, #4192, .T. ) ;
#980 = ORIENTED_EDGE ( 'NONE', *, *, #2069, .T. ) ;
#981 = VERTEX_POINT ( 'NONE', #4212 ) ;
#982 = ORIENTED_EDGE ( 'NONE', *, *, #2594, .T. ) ;
#983 = VECTOR ( 'NONE', #1596, 1000.000000000000000 ) ;
#984 = CARTESIAN_POINT ( 'NONE',  ( -0.5999999999999997558, 0.1430000000000000160, -0.2500000000000000555 ) ) ;
#985 = DIRECTION ( 'NONE',  ( -1.000000000000000000, 0.000000000000000000, 7.860465750519903991E-15 ) ) ;
#986 = AXIS2_PLACEMENT_3D ( 'NONE', #3713, #3039, #1183 ) ;
#987 = CARTESIAN_POINT ( 'NONE',  ( -0.1000000000000000472, 0.2700000000000000178, 0.5749999999999996225 ) ) ;
#988 = FACE_OUTER_BOUND ( 'NONE', #955, .T. ) ;
#989 = VECTOR ( 'NONE', #3725, 1000.000000000000000 ) ;
#990 = CARTESIAN_POINT ( 'NONE',  ( 0.6999999999999992895, 0.1430000000000000160, -0.7499999999999998890 ) ) ;
#991 = VECTOR ( 'NONE', #4026, 1000.000000000000000 ) ;
#992 = ORIENTED_EDGE ( 'NONE', *, *, #1750, .T. ) ;
#993 = FILL_AREA_STYLE ('',( #1980 ) ) ;
#994 = DIRECTION ( 'NONE',  ( 1.000000000000000000, 0.000000000000000000, 0.000000000000000000 ) ) ;
#995 = ORIENTED_EDGE ( 'NONE', *, *, #461, .T. ) ;
#996 = VERTEX_POINT ( 'NONE', #4542 ) ;
#997 =( NAMED_UNIT ( * ) PLANE_ANGLE_UNIT ( ) SI_UNIT ( $, .RADIAN. ) );
#998 = ORIENTED_EDGE ( 'NONE', *, *, #2774, .F. ) ;
#999 = DIRECTION ( 'NONE',  ( 1.000000000000000000, -0.000000000000000000, 6.195440985631453345E-16 ) ) ;
#1000 = ORIENTED_EDGE ( 'NONE', *, *, #4393, .T. ) ;
#1001 = SURFACE_STYLE_FILL_AREA ( #2727 ) ;
#1002 = CARTESIAN_POINT ( 'NONE',  ( -0.1000000000000000472, 0.1430000000000000160, 0.5749999999999996225 ) ) ;
#1003 = PRESENTATION_LAYER_ASSIGNMENT (  '', '', ( #4478 ) ) ;
#1004 = CARTESIAN_POINT ( 'NONE',  ( 0.4999999999999993339, 0.1430000000000000160, -0.7499999999999997780 ) ) ;
#1005 = VERTEX_POINT ( 'NONE', #593 ) ;
#1006 = EDGE_LOOP ( 'NONE', ( #194, #679, #1655, #926 ) ) ;
#1007 = VECTOR ( 'NONE', #47, 1000.000000000000000 ) ;
#1008 = ADVANCED_FACE ( 'NONE', ( #242 ), #1675, .F. ) ;
#1009 = DIRECTION ( 'NONE',  ( 0.000000000000000000, 1.000000000000000000, -0.000000000000000000 ) ) ;
#1010 = EDGE_CURVE ( 'NONE', #1233, #3, #4029, .T. ) ;
#1011 = ORIENTED_EDGE ( 'NONE', *, *, #515, .F. ) ;
#1012 = FILL_AREA_STYLE_COLOUR ( '', #3502 ) ;
#1013 = VECTOR ( 'NONE', #4530, 1000.000000000000000 ) ;
#1014 = CARTESIAN_POINT ( 'NONE',  ( -0.6999999999999999556, 0.2700000000000000178, 0.7499999999999996669 ) ) ;
#1015 = MECHANICAL_DESIGN_GEOMETRIC_PRESENTATION_REPRESENTATION (  '', ( #4035 ), #2749 ) ;
#1016 = DIRECTION ( 'NONE',  ( -0.000000000000000000, -1.000000000000000000, -0.000000000000000000 ) ) ;
#1017 = ORIENTED_EDGE ( 'NONE', *, *, #689, .F. ) ;
#1018 = VECTOR ( 'NONE', #4200, 1000.000000000000000 ) ;
#1019 = DIRECTION ( 'NONE',  ( 3.097720492815730617E-16, -0.000000000000000000, 1.000000000000000000 ) ) ;
#1020 = CARTESIAN_POINT ( 'NONE',  ( 0.2999999999999992673, 0.1430000000000000160, 0.5749999999999996225 ) ) ;
#1021 = VERTEX_POINT ( 'NONE', #711 ) ;
#1022 =( NAMED_UNIT ( * ) SI_UNIT ( $, .STERADIAN. ) SOLID_ANGLE_UNIT ( ) );
#1023 = ORIENTED_EDGE ( 'NONE', *, *, #1181, .T. ) ;
#1024 = CARTESIAN_POINT ( 'NONE',  ( -0.6499999999999998002, 0.2700000000000000178, 0.09999999999999939493 ) ) ;
#1025 = DIRECTION ( 'NONE',  ( 1.000000000000000000, 0.000000000000000000, -0.000000000000000000 ) ) ;
#1026 =( LENGTH_UNIT ( ) NAMED_UNIT ( * ) SI_UNIT ( .MILLI., .METRE. ) );
#1027 = VECTOR ( 'NONE', #1567, 1000.000000000000000 ) ;
#1028 = VERTEX_POINT ( 'NONE', #782 ) ;
#1029 = VERTEX_POINT ( 'NONE', #4285 ) ;
#1030 = VECTOR ( 'NONE', #3839, 1000.000000000000000 ) ;
#1031 = LINE ( 'NONE', #564, #4293 ) ;
#1032 = CARTESIAN_POINT ( 'NONE',  ( -0.4999999999999996669, 0.1430000000000000160, 0.3499999999999999778 ) ) ;
#1033 =( LENGTH_UNIT ( ) NAMED_UNIT ( * ) SI_UNIT ( .MILLI., .METRE. ) );
#1034 = DIRECTION ( 'NONE',  ( -1.000000000000000000, 0.000000000000000000, 6.195440985631453345E-16 ) ) ;
#1035 = ADVANCED_FACE ( 'NONE', ( #413 ), #3982, .F. ) ;
#1036 = LINE ( 'NONE', #2099, #930 ) ;
#1037 = DIRECTION ( 'NONE',  ( 0.000000000000000000, 1.000000000000000000, -0.000000000000000000 ) ) ;
#1038 = SURFACE_STYLE_USAGE ( .BOTH. , #2816 ) ;
#1039 = COLOUR_RGB ( '',1.000000000000000000, 1.000000000000000000, 1.000000000000000000 ) ;
#1040 = LINE ( 'NONE', #2127, #2192 ) ;
#1041 = EDGE_CURVE ( 'NONE', #3524, #3310, #1077, .T. ) ;
#1042 = ADVANCED_FACE ( 'NONE', ( #2231 ), #435, .F. ) ;
#1043 = ORIENTED_EDGE ( 'NONE', *, *, #1784, .F. ) ;
#1044 = MECHANICAL_DESIGN_GEOMETRIC_PRESENTATION_REPRESENTATION (  '', ( #3918 ), #4590 ) ;
#1045 = ORIENTED_EDGE ( 'NONE', *, *, #1483, .T. ) ;
#1046 = ORIENTED_EDGE ( 'NONE', *, *, #4309, .F. ) ;
#1047 =( NAMED_UNIT ( * ) PLANE_ANGLE_UNIT ( ) SI_UNIT ( $, .RADIAN. ) );
#1048 = LINE ( 'NONE', #2490, #2581 ) ;
#1049 = CARTESIAN_POINT ( 'NONE',  ( 0.4999999999999997780, 0.1430000000000000160, 0.7499999999999996669 ) ) ;
#1050 = PRESENTATION_LAYER_ASSIGNMENT (  '', '', ( #1718 ) ) ;
#1051 = SURFACE_STYLE_FILL_AREA ( #1436 ) ;
#1052 = ORIENTED_EDGE ( 'NONE', *, *, #2459, .T. ) ;
#1053 = DIRECTION ( 'NONE',  ( -6.195440985631453345E-16, 0.000000000000000000, -1.000000000000000000 ) ) ;
#1054 = FACE_OUTER_BOUND ( 'NONE', #3716, .T. ) ;
#1055 = AXIS2_PLACEMENT_3D ( 'NONE', #4626, #1443, #1059 ) ;
#1056 = VERTEX_POINT ( 'NONE', #1049 ) ;
#1057 = ORIENTED_EDGE ( 'NONE', *, *, #2539, .T. ) ;
#1058 = CARTESIAN_POINT ( 'NONE',  ( 0.09999999999999985290, 0.2700000000000000178, 0.7499999999999994449 ) ) ;
#1059 = DIRECTION ( 'NONE',  ( 0.000000000000000000, 0.000000000000000000, -1.000000000000000000 ) ) ;
#1060 =( GEOMETRIC_REPRESENTATION_CONTEXT ( 3 ) GLOBAL_UNCERTAINTY_ASSIGNED_CONTEXT ( ( #1616 ) ) GLOBAL_UNIT_ASSIGNED_CONTEXT ( ( #2702, #150, #3043 ) ) REPRESENTATION_CONTEXT ( 'NONE', 'WORKASPACE' ) );
#1061 = DIRECTION ( 'NONE',  ( 4.646580739223595925E-16, -0.000000000000000000, 1.000000000000000000 ) ) ;
#1062 = VERTEX_POINT ( 'NONE', #2492 ) ;
#1063 = AXIS2_PLACEMENT_3D ( 'NONE', #80, #1570, #170 ) ;
#1064 = CARTESIAN_POINT ( 'NONE',  ( -0.5000000000000000000, 0.1430000000000000160, 0.7499999999999996669 ) ) ;
#1065 = EDGE_CURVE ( 'NONE', #4382, #3799, #3938, .T. ) ;
#1066 =( NAMED_UNIT ( * ) SI_UNIT ( $, .STERADIAN. ) SOLID_ANGLE_UNIT ( ) );
#1067 = COLOUR_RGB ( '',1.000000000000000000, 1.000000000000000000, 1.000000000000000000 ) ;
#1068 = DIRECTION ( 'NONE',  ( -1.548860246407865555E-16, 0.000000000000000000, 1.000000000000000000 ) ) ;
#1069 = COLOUR_RGB ( '',1.000000000000000000, 1.000000000000000000, 1.000000000000000000 ) ;
#1070 = ORIENTED_EDGE ( 'NONE', *, *, #1257, .F. ) ;
#1071 = ORIENTED_EDGE ( 'NONE', *, *, #3600, .T. ) ;
#1072 = ADVANCED_FACE ( 'NONE', ( #3575 ), #3412, .F. ) ;
#1073 = EDGE_CURVE ( 'NONE', #2359, #2881, #2319, .T. ) ;
#1074 = ORIENTED_EDGE ( 'NONE', *, *, #1483, .F. ) ;
#1075 = CARTESIAN_POINT ( 'NONE',  ( 0.2999999999999992117, 0.2700000000000000178, 0.7499999999999994449 ) ) ;
#1076 = LINE ( 'NONE', #2844, #1740 ) ;
#1077 = LINE ( 'NONE', #1776, #3619 ) ;
#1078 = CARTESIAN_POINT ( 'NONE',  ( -0.5999999999999997558, 0.1430000000000000160, -0.09999999999999967248 ) ) ;
#1079 = ORIENTED_EDGE ( 'NONE', *, *, #3872, .T. ) ;
#1080 = DIRECTION ( 'NONE',  ( 0.000000000000000000, -0.000000000000000000, 1.000000000000000000 ) ) ;
#1081 = DIRECTION ( 'NONE',  ( 0.000000000000000000, 0.000000000000000000, 1.000000000000000000 ) ) ;
#1082 = DIRECTION ( 'NONE',  ( -1.000000000000000000, 0.000000000000000000, 5.421010862427525128E-16 ) ) ;
#1083 = DIRECTION ( 'NONE',  ( -0.000000000000000000, -1.000000000000000000, -0.000000000000000000 ) ) ;
#1084 = STYLED_ITEM ( 'NONE', ( #3574 ), #139 ) ;
#1085 =( LENGTH_UNIT ( ) NAMED_UNIT ( * ) SI_UNIT ( .MILLI., .METRE. ) );
#1086 = ORIENTED_EDGE ( 'NONE', *, *, #3908, .T. ) ;
#1087 = FILL_AREA_STYLE_COLOUR ( '', #1676 ) ;
#1088 = MECHANICAL_DESIGN_GEOMETRIC_PRESENTATION_REPRESENTATION (  '', ( #3277 ), #3807 ) ;
#1089 = CARTESIAN_POINT ( 'NONE',  ( 0.000000000000000000, 0.1430000000000000160, 0.000000000000000000 ) ) ;
#1090 = DIRECTION ( 'NONE',  ( 7.589415207398527883E-15, 0.000000000000000000, -1.000000000000000000 ) ) ;
#1091 = STYLED_ITEM ( 'NONE', ( #2332 ), #692 ) ;
#1092 = VERTEX_POINT ( 'NONE', #3010 ) ;
#1093 = PRODUCT_DEFINITION ( 'UNKNOWN', '', #3552, #67 ) ;
#1094 = ORIENTED_EDGE ( 'NONE', *, *, #1727, .F. ) ;
#1095 = ORIENTED_EDGE ( 'NONE', *, *, #804, .F. ) ;
#1096 = CARTESIAN_POINT ( 'NONE',  ( -0.5000000000000000000, 0.2500000000000000000, -0.7499999999999996669 ) ) ;
#1097 = DIRECTION ( 'NONE',  ( 5.421010862427524142E-16, -0.000000000000000000, 1.000000000000000000 ) ) ;
#1098 = EDGE_CURVE ( 'NONE', #2562, #3512, #848, .T. ) ;
#1099 = DIRECTION ( 'NONE',  ( 3.097720492815731110E-16, 0.000000000000000000, 1.000000000000000000 ) ) ;
#1100 = PLANE ( 'NONE',  #6 ) ;
#1101 = CARTESIAN_POINT ( 'NONE',  ( 0.000000000000000000, 0.1430000000000000160, 0.000000000000000000 ) ) ;
#1102 = EDGE_CURVE ( 'NONE', #2123, #1579, #3760, .T. ) ;
#1103 = DIRECTION ( 'NONE',  ( -0.000000000000000000, -1.000000000000000000, -0.000000000000000000 ) ) ;
#1104 = LINE ( 'NONE', #4669, #3730 ) ;
#1105 = DIRECTION ( 'NONE',  ( -1.000000000000000000, 0.000000000000000000, 7.860465750519903991E-15 ) ) ;
#1106 = ORIENTED_EDGE ( 'NONE', *, *, #3755, .T. ) ;
#1107 = DIRECTION ( 'NONE',  ( 0.7071067811865474617, 0.000000000000000000, -0.7071067811865475727 ) ) ;
#1108 = FILL_AREA_STYLE_COLOUR ( '', #3501 ) ;
#1109 = PRESENTATION_STYLE_ASSIGNMENT (( #2482 ) ) ;
#1110 = ORIENTED_EDGE ( 'NONE', *, *, #1418, .F. ) ;
#1111 = UNCERTAINTY_MEASURE_WITH_UNIT (LENGTH_MEASURE( 1.000000000000000082E-05 ), #1085, 'distance_accuracy_value', 'NONE');
#1112 = LINE ( 'NONE', #730, #2734 ) ;
#1113 = PRESENTATION_LAYER_ASSIGNMENT (  '', '', ( #3159 ) ) ;
#1114 = DIRECTION ( 'NONE',  ( 0.000000000000000000, 1.000000000000000000, 0.000000000000000000 ) ) ;
#1115 = FILL_AREA_STYLE ('',( #1484 ) ) ;
#1116 = EDGE_CURVE ( 'NONE', #1405, #1909, #2627, .T. ) ;
#1117 = VERTEX_POINT ( 'NONE', #163 ) ;
#1118 = COLOUR_RGB ( '',1.000000000000000000, 1.000000000000000000, 1.000000000000000000 ) ;
#1119 = VERTEX_POINT ( 'NONE', #3737 ) ;
#1120 = DIRECTION ( 'NONE',  ( -0.000000000000000000, 1.000000000000000000, -0.000000000000000000 ) ) ;
#1121 = CARTESIAN_POINT ( 'NONE',  ( 0.4500000000000000111, 0.2700000000000000178, 0.3499999999999992006 ) ) ;
#1122 = EDGE_CURVE ( 'NONE', #761, #3304, #1583, .T. ) ;
#1123 = ADVANCED_FACE ( 'NONE', ( #1601 ), #894, .F. ) ;
#1124 = DIRECTION ( 'NONE',  ( -1.000000000000000000, 0.000000000000000000, -7.860465750519903991E-15 ) ) ;
#1125 = LINE ( 'NONE', #1924, #3596 ) ;
#1126 = SURFACE_STYLE_USAGE ( .BOTH. , #2885 ) ;
#1127 = ORIENTED_EDGE ( 'NONE', *, *, #1587, .F. ) ;
#1128 = DIRECTION ( 'NONE',  ( 0.000000000000000000, 1.000000000000000000, 0.000000000000000000 ) ) ;
#1129 = DIRECTION ( 'NONE',  ( 0.000000000000000000, 0.000000000000000000, 1.000000000000000000 ) ) ;
#1130 = DIRECTION ( 'NONE',  ( -1.000000000000000000, 0.000000000000000000, 1.445602896647339163E-16 ) ) ;
#1131 = ORIENTED_EDGE ( 'NONE', *, *, #4617, .T. ) ;
#1132 = STYLED_ITEM ( 'NONE', ( #2958 ), #1557 ) ;
#1133 = FILL_AREA_STYLE ('',( #3758 ) ) ;
#1134 = PLANE ( 'NONE',  #79 ) ;
#1135 = AXIS2_PLACEMENT_3D ( 'NONE', #3416, #2606, #1163 ) ;
#1136 = COLOUR_RGB ( '',1.000000000000000000, 1.000000000000000000, 1.000000000000000000 ) ;
#1137 = VECTOR ( 'NONE', #4562, 1000.000000000000000 ) ;
#1138 = LINE ( 'NONE', #3738, #4406 ) ;
#1139 = CARTESIAN_POINT ( 'NONE',  ( -0.2999999999999999889, 0.2700000000000000178, -0.7499999999999994449 ) ) ;
#1140 = EDGE_LOOP ( 'NONE', ( #830, #3221, #1926, #2078 ) ) ;
#1141 =( LENGTH_UNIT ( ) NAMED_UNIT ( * ) SI_UNIT ( .MILLI., .METRE. ) );
#1142 = DIRECTION ( 'NONE',  ( -0.000000000000000000, -1.000000000000000000, -0.000000000000000000 ) ) ;
#1143 = CARTESIAN_POINT ( 'NONE',  ( 0.4500000000000000111, 0.2700000000000000178, 0.3499999999999992006 ) ) ;
#1144 = LINE ( 'NONE', #2638, #2391 ) ;
#1145 = SURFACE_SIDE_STYLE ('',( #1170 ) ) ;
#1146 = EDGE_CURVE ( 'NONE', #2814, #2210, #3787, .T. ) ;
#1147 = ORIENTED_EDGE ( 'NONE', *, *, #3668, .T. ) ;
#1148 = AXIS2_PLACEMENT_3D ( 'NONE', #713, #1463, #3984 ) ;
#1149 = FILL_AREA_STYLE ('',( #3379 ) ) ;
#1150 = CARTESIAN_POINT ( 'NONE',  ( 0.6999999999999997335, 0.2500000000000000000, 0.7499999999999996669 ) ) ;
#1151 = VECTOR ( 'NONE', #1832, 1000.000000000000000 ) ;
#1152 = CARTESIAN_POINT ( 'NONE',  ( 0.09999999999999976963, 0.2500000000000000000, 0.5749999999999996225 ) ) ;
#1153 = ORIENTED_EDGE ( 'NONE', *, *, #891, .T. ) ;
#1154 = EDGE_CURVE ( 'NONE', #1056, #1854, #4449, .T. ) ;
#1155 = VERTEX_POINT ( 'NONE', #4404 ) ;
#1156 = COLOUR_RGB ( '',0.2980392156862745057, 0.2980392156862745057, 0.2980392156862745057 ) ;
#1157 =( LENGTH_UNIT ( ) NAMED_UNIT ( * ) SI_UNIT ( .MILLI., .METRE. ) );
#1158 = LINE ( 'NONE', #2318, #2098 ) ;
#1159 = DIRECTION ( 'NONE',  ( 0.000000000000000000, 1.000000000000000000, 0.000000000000000000 ) ) ;
#1160 = COLOUR_RGB ( '',1.000000000000000000, 1.000000000000000000, 1.000000000000000000 ) ;
#1161 = PRESENTATION_LAYER_ASSIGNMENT (  '', '', ( #2371 ) ) ;
#1162 = DIRECTION ( 'NONE',  ( 0.000000000000000000, -0.000000000000000000, 1.000000000000000000 ) ) ;
#1163 = DIRECTION ( 'NONE',  ( 0.000000000000000000, 0.000000000000000000, 1.000000000000000000 ) ) ;
#1164 = ORIENTED_EDGE ( 'NONE', *, *, #2333, .F. ) ;
#1165 = VERTEX_POINT ( 'NONE', #1893 ) ;
#1166 = SURFACE_STYLE_USAGE ( .BOTH. , #395 ) ;
#1167 = ORIENTED_EDGE ( 'NONE', *, *, #52, .F. ) ;
#1168 = SURFACE_STYLE_USAGE ( .BOTH. , #2682 ) ;
#1169 = CARTESIAN_POINT ( 'NONE',  ( -0.5999999999999997558, 0.1430000000000000160, 0.09999999999999902023 ) ) ;
#1170 = SURFACE_STYLE_FILL_AREA ( #882 ) ;
#1171 = CARTESIAN_POINT ( 'NONE',  ( 0.6999999999999992895, 0.1430000000000000160, -0.5749999999999998446 ) ) ;
#1172 = SURFACE_STYLE_FILL_AREA ( #1149 ) ;
#1173 = EDGE_CURVE ( 'NONE', #2248, #3377, #4523, .T. ) ;
#1174 = LINE ( 'NONE', #1224, #601 ) ;
#1175 = COLOUR_RGB ( '',1.000000000000000000, 1.000000000000000000, 1.000000000000000000 ) ;
#1176 = ORIENTED_EDGE ( 'NONE', *, *, #402, .T. ) ;
#1177 = VERTEX_POINT ( 'NONE', #874 ) ;
#1178 = MECHANICAL_DESIGN_GEOMETRIC_PRESENTATION_REPRESENTATION (  '', ( #2614 ), #1419 ) ;
#1179 = FILL_AREA_STYLE_COLOUR ( '', #3120 ) ;
#1180 = EDGE_CURVE ( 'NONE', #1615, #239, #2989, .T. ) ;
#1181 = EDGE_CURVE ( 'NONE', #3920, #4181, #141, .T. ) ;
#1182 = CARTESIAN_POINT ( 'NONE',  ( 0.6999999999999992895, 0.1430000000000000160, -0.5749999999999998446 ) ) ;
#1183 = DIRECTION ( 'NONE',  ( 0.000000000000000000, -0.000000000000000000, 1.000000000000000000 ) ) ;
#1184 = VERTEX_POINT ( 'NONE', #2675 ) ;
#1185 = ORIENTED_EDGE ( 'NONE', *, *, #767, .F. ) ;
#1186 =( GEOMETRIC_REPRESENTATION_CONTEXT ( 3 ) GLOBAL_UNCERTAINTY_ASSIGNED_CONTEXT ( ( #3099 ) ) GLOBAL_UNIT_ASSIGNED_CONTEXT ( ( #3170, #3445, #918 ) ) REPRESENTATION_CONTEXT ( 'NONE', 'WORKASPACE' ) );
#1187 = CARTESIAN_POINT ( 'NONE',  ( 0.5999999999999999778, 0.1430000000000000160, 0.09999999999999915901 ) ) ;
#1188 = ORIENTED_EDGE ( 'NONE', *, *, #2107, .F. ) ;
#1189 =( GEOMETRIC_REPRESENTATION_CONTEXT ( 3 ) GLOBAL_UNCERTAINTY_ASSIGNED_CONTEXT ( ( #1669 ) ) GLOBAL_UNIT_ASSIGNED_CONTEXT ( ( #3350, #3302, #839 ) ) REPRESENTATION_CONTEXT ( 'NONE', 'WORKASPACE' ) );
#1190 = SURFACE_STYLE_USAGE ( .BOTH. , #1239 ) ;
#1191 = SURFACE_STYLE_FILL_AREA ( #3300 ) ;
#1192 = DIRECTION ( 'NONE',  ( -0.000000000000000000, -1.000000000000000000, -0.000000000000000000 ) ) ;
#1193 = VECTOR ( 'NONE', #375, 1000.000000000000000 ) ;
#1194 = CARTESIAN_POINT ( 'NONE',  ( -0.6499999999999998002, 0.1430000000000000160, 0.09999999999999939493 ) ) ;
#1195 = ORIENTED_EDGE ( 'NONE', *, *, #524, .F. ) ;
#1196 = DIRECTION ( 'NONE',  ( 0.000000000000000000, 0.000000000000000000, 1.000000000000000000 ) ) ;
#1197 = CARTESIAN_POINT ( 'NONE',  ( 0.6500000000000000222, 0.1430000000000000160, 0.09999999999999956146 ) ) ;
#1198 = DIRECTION ( 'NONE',  ( 1.000000000000000000, 0.000000000000000000, 0.000000000000000000 ) ) ;
#1199 = CARTESIAN_POINT ( 'NONE',  ( 0.6999999999999997335, 0.1430000000000000160, 0.5749999999999996225 ) ) ;
#1200 = VECTOR ( 'NONE', #213, 1000.000000000000000 ) ;
#1201 = ORIENTED_EDGE ( 'NONE', *, *, #460, .T. ) ;
#1202 = EDGE_CURVE ( 'NONE', #1465, #3561, #3124, .T. ) ;
#1203 = LINE ( 'NONE', #1934, #4093 ) ;
#1204 = SURFACE_SIDE_STYLE ('',( #434 ) ) ;
#1205 = PRESENTATION_STYLE_ASSIGNMENT (( #1252 ) ) ;
#1206 = VECTOR ( 'NONE', #2437, 1000.000000000000000 ) ;
#1207 = EDGE_CURVE ( 'NONE', #1878, #1981, #2770, .T. ) ;
#1208 =( GEOMETRIC_REPRESENTATION_CONTEXT ( 3 ) GLOBAL_UNCERTAINTY_ASSIGNED_CONTEXT ( ( #2720 ) ) GLOBAL_UNIT_ASSIGNED_CONTEXT ( ( #1971, #938, #917 ) ) REPRESENTATION_CONTEXT ( 'NONE', 'WORKASPACE' ) );
#1209 = CARTESIAN_POINT ( 'NONE',  ( 0.000000000000000000, 0.1430000000000000160, 0.000000000000000000 ) ) ;
#1210 = VECTOR ( 'NONE', #1799, 1000.000000000000000 ) ;
#1211 = EDGE_LOOP ( 'NONE', ( #3965, #1312, #4476, #4546 ) ) ;
#1212 = ORIENTED_EDGE ( 'NONE', *, *, #1501, .F. ) ;
#1213 = STYLED_ITEM ( 'NONE', ( #1445 ), #1664 ) ;
#1214 = FACE_OUTER_BOUND ( 'NONE', #1697, .T. ) ;
#1215 = VECTOR ( 'NONE', #1278, 1000.000000000000000 ) ;
#1216 = PLANE ( 'NONE',  #664 ) ;
#1217 = CARTESIAN_POINT ( 'NONE',  ( 0.000000000000000000, 0.2700000000000000178, 0.000000000000000000 ) ) ;
#1218 = LINE ( 'NONE', #1826, #3321 ) ;
#1219 = PLANE ( 'NONE',  #724 ) ;
#1220 = VERTEX_POINT ( 'NONE', #1020 ) ;
#1221 = LINE ( 'NONE', #866, #443 ) ;
#1222 = VERTEX_POINT ( 'NONE', #2105 ) ;
#1223 = PLANE ( 'NONE',  #1915 ) ;
#1224 = CARTESIAN_POINT ( 'NONE',  ( 0.4999999999999998890, 0.1430000000000000160, 0.5749999999999996225 ) ) ;
#1225 = FILL_AREA_STYLE ('',( #3382 ) ) ;
#1226 = ORIENTED_EDGE ( 'NONE', *, *, #1932, .T. ) ;
#1227 = DIRECTION ( 'NONE',  ( 1.000000000000000000, 0.000000000000000000, 0.000000000000000000 ) ) ;
#1228 = DIRECTION ( 'NONE',  ( -0.000000000000000000, -1.000000000000000000, -0.000000000000000000 ) ) ;
#1229 = DIRECTION ( 'NONE',  ( -0.000000000000000000, 1.000000000000000000, -0.000000000000000000 ) ) ;
#1230 = AXIS2_PLACEMENT_3D ( 'NONE', #4348, #1128, #426 ) ;
#1231 = CARTESIAN_POINT ( 'NONE',  ( 0.4500000000000000111, 0.1430000000000000160, 0.3499999999999992006 ) ) ;
#1232 = FILL_AREA_STYLE ('',( #167 ) ) ;
#1233 = VERTEX_POINT ( 'NONE', #4540 ) ;
#1234 = COLOUR_RGB ( '',1.000000000000000000, 1.000000000000000000, 1.000000000000000000 ) ;
#1235 = EDGE_CURVE ( 'NONE', #13, #3832, #611, .T. ) ;
#1236 = PLANE ( 'NONE',  #4430 ) ;
#1237 =( GEOMETRIC_REPRESENTATION_CONTEXT ( 3 ) GLOBAL_UNCERTAINTY_ASSIGNED_CONTEXT ( ( #4514 ) ) GLOBAL_UNIT_ASSIGNED_CONTEXT ( ( #3116, #3803, #4550 ) ) REPRESENTATION_CONTEXT ( 'NONE', 'WORKASPACE' ) );
#1238 = CARTESIAN_POINT ( 'NONE',  ( -0.5000000000000000000, 0.1430000000000000160, -0.7499999999999996669 ) ) ;
#1239 = SURFACE_SIDE_STYLE ('',( #3768 ) ) ;
#1240 = EDGE_CURVE ( 'NONE', #4162, #558, #2027, .T. ) ;
#1241 = ADVANCED_FACE ( 'NONE', ( #206 ), #2439, .F. ) ;
#1242 = DIRECTION ( 'NONE',  ( -3.097720492815731110E-16, 0.000000000000000000, -1.000000000000000000 ) ) ;
#1243 = FILL_AREA_STYLE_COLOUR ( '', #3606 ) ;
#1244 = ORIENTED_EDGE ( 'NONE', *, *, #4184, .F. ) ;
#1245 = CARTESIAN_POINT ( 'NONE',  ( 0.6999999999999992895, 0.2700000000000000178, -0.7499999999999998890 ) ) ;
#1246 = CARTESIAN_POINT ( 'NONE',  ( -0.4999999999999996669, 0.1430000000000000160, -0.2500000000000000555 ) ) ;
#1247 = DIRECTION ( 'NONE',  ( 1.000000000000000000, 0.000000000000000000, 0.000000000000000000 ) ) ;
#1248 = PLANE ( 'NONE',  #1734 ) ;
#1249 = UNCERTAINTY_MEASURE_WITH_UNIT (LENGTH_MEASURE( 1.000000000000000082E-05 ), #859, 'distance_accuracy_value', 'NONE');
#1250 = PLANE ( 'NONE',  #4007 ) ;
#1251 = LINE ( 'NONE', #4071, #3162 ) ;
#1252 = SURFACE_STYLE_USAGE ( .BOTH. , #4495 ) ;
#1253 = AXIS2_PLACEMENT_3D ( 'NONE', #2394, #3835, #2754 ) ;
#1254 = CARTESIAN_POINT ( 'NONE',  ( -0.4999999999999996669, 0.2500000000000000000, 0.3499999999999999778 ) ) ;
#1255 = ORIENTED_EDGE ( 'NONE', *, *, #325, .F. ) ;
#1256 = SURFACE_STYLE_FILL_AREA ( #3105 ) ;
#1257 = EDGE_CURVE ( 'NONE', #3336, #2248, #3829, .T. ) ;
#1258 = EDGE_CURVE ( 'NONE', #840, #3304, #3881, .T. ) ;
#1259 =( NAMED_UNIT ( * ) SI_UNIT ( $, .STERADIAN. ) SOLID_ANGLE_UNIT ( ) );
#1260 = MECHANICAL_DESIGN_GEOMETRIC_PRESENTATION_REPRESENTATION (  '', ( #3159 ), #1861 ) ;
#1261 =( LENGTH_UNIT ( ) NAMED_UNIT ( * ) SI_UNIT ( .MILLI., .METRE. ) );
#1262 =( NAMED_UNIT ( * ) SI_UNIT ( $, .STERADIAN. ) SOLID_ANGLE_UNIT ( ) );
#1263 = CARTESIAN_POINT ( 'NONE',  ( -0.5000000000000000000, 0.1430000000000000160, -0.7499999999999996669 ) ) ;
#1264 = COLOUR_RGB ( '',1.000000000000000000, 1.000000000000000000, 1.000000000000000000 ) ;
#1265 = ADVANCED_FACE ( 'NONE', ( #2049 ), #2817, .F. ) ;
#1266 = FILL_AREA_STYLE ('',( #2686 ) ) ;
#1267 = CARTESIAN_POINT ( 'NONE',  ( 0.5999999999999999778, 0.2500000000000000000, -0.09999999999999981126 ) ) ;
#1268 = MECHANICAL_DESIGN_GEOMETRIC_PRESENTATION_REPRESENTATION (  '', ( #3999 ), #2860 ) ;
#1269 = CARTESIAN_POINT ( 'NONE',  ( -0.6499999999999998002, 0.1430000000000000160, -0.1000000000000000472 ) ) ;
#1270 = FACE_OUTER_BOUND ( 'NONE', #1439, .T. ) ;
#1271 = ORIENTED_EDGE ( 'NONE', *, *, #2044, .T. ) ;
#1272 = PLANE ( 'NONE',  #823 ) ;
#1273 = CARTESIAN_POINT ( 'NONE',  ( -0.5000000000000000000, 0.2700000000000000178, 0.7499999999999996669 ) ) ;
#1274 = ORIENTED_EDGE ( 'NONE', *, *, #2540, .T. ) ;
#1275 = AXIS2_PLACEMENT_3D ( 'NONE', #3281, #3696, #2845 ) ;
#1276 = DIRECTION ( 'NONE',  ( -0.000000000000000000, -1.000000000000000000, -0.000000000000000000 ) ) ;
#1277 = EDGE_LOOP ( 'NONE', ( #2607, #1164, #451, #786 ) ) ;
#1278 = DIRECTION ( 'NONE',  ( -0.000000000000000000, -1.000000000000000000, -0.000000000000000000 ) ) ;
#1279 = ORIENTED_EDGE ( 'NONE', *, *, #3061, .F. ) ;
#1280 = VECTOR ( 'NONE', #1019, 1000.000000000000000 ) ;
#1281 = PLANE ( 'NONE',  #3876 ) ;
#1282 = CARTESIAN_POINT ( 'NONE',  ( -0.5000000000000000000, 0.2500000000000000000, 0.7499999999999996669 ) ) ;
#1283 = VECTOR ( 'NONE', #4091, 1000.000000000000000 ) ;
#1284 = CARTESIAN_POINT ( 'NONE',  ( -0.6999999999999999556, 0.2700000000000000178, 0.5749999999999996225 ) ) ;
#1285 = CIRCLE ( 'NONE', #4232, 0.09999999999999999167 ) ;
#1286 = CARTESIAN_POINT ( 'NONE',  ( 0.5999999999999999778, 0.1430000000000000160, -0.09999999999999981126 ) ) ;
#1287 = DIRECTION ( 'NONE',  ( 0.000000000000000000, 1.000000000000000000, 0.000000000000000000 ) ) ;
#1288 = ORIENTED_EDGE ( 'NONE', *, *, #2069, .F. ) ;
#1289 = SURFACE_STYLE_USAGE ( .BOTH. , #1634 ) ;
#1290 = AXIS2_PLACEMENT_3D ( 'NONE', #821, #4117, #1862 ) ;
#1291 = FILL_AREA_STYLE_COLOUR ( '', #3056 ) ;
#1292 = FILL_AREA_STYLE_COLOUR ( '', #1067 ) ;
#1293 = EDGE_CURVE ( 'NONE', #1621, #1830, #4652, .T. ) ;
#1294 = DIRECTION ( 'NONE',  ( -0.000000000000000000, 1.000000000000000000, -0.000000000000000000 ) ) ;
#1295 = ADVANCED_FACE ( 'NONE', ( #361 ), #2150, .F. ) ;
#1296 = UNCERTAINTY_MEASURE_WITH_UNIT (LENGTH_MEASURE( 1.000000000000000082E-05 ), #2168, 'distance_accuracy_value', 'NONE');
#1297 = VERTEX_POINT ( 'NONE', #2507 ) ;
#1298 = CARTESIAN_POINT ( 'NONE',  ( 0.5999999999999999778, 0.1430000000000000160, 0.1999999999999992062 ) ) ;
#1299 = CARTESIAN_POINT ( 'NONE',  ( -0.6999999999999999556, 0.2700000000000000178, 0.7499999999999996669 ) ) ;
#1300 = DIRECTION ( 'NONE',  ( 0.000000000000000000, 0.000000000000000000, -1.000000000000000000 ) ) ;
#1301 = EDGE_CURVE ( 'NONE', #3467, #1859, #403, .T. ) ;
#1302 = AXIS2_PLACEMENT_3D ( 'NONE', #3206, #31, #1099 ) ;
#1303 = DIRECTION ( 'NONE',  ( -0.000000000000000000, -1.000000000000000000, -0.000000000000000000 ) ) ;
#1304 = VERTEX_POINT ( 'NONE', #3244 ) ;
#1305 = VECTOR ( 'NONE', #453, 1000.000000000000000 ) ;
#1306 = FILL_AREA_STYLE ('',( #3508 ) ) ;
#1307 = VECTOR ( 'NONE', #1958, 1000.000000000000000 ) ;
#1308 = DIRECTION ( 'NONE',  ( 6.195440985631453345E-16, 0.000000000000000000, -1.000000000000000000 ) ) ;
#1309 = DIRECTION ( 'NONE',  ( -1.000000000000000000, 0.000000000000000000, 0.000000000000000000 ) ) ;
#1310 = VECTOR ( 'NONE', #2066, 1000.000000000000000 ) ;
#1311 = FILL_AREA_STYLE ('',( #2041 ) ) ;
#1312 = ORIENTED_EDGE ( 'NONE', *, *, #4188, .F. ) ;
#1313 = VERTEX_POINT ( 'NONE', #2839 ) ;
#1314 = DIRECTION ( 'NONE',  ( -1.000000000000000000, -0.000000000000000000, -0.000000000000000000 ) ) ;
#1315 = ORIENTED_EDGE ( 'NONE', *, *, #2424, .T. ) ;
#1316 = SURFACE_STYLE_FILL_AREA ( #2065 ) ;
#1317 = CARTESIAN_POINT ( 'NONE',  ( 0.6999999999999992895, 0.1430000000000000160, -0.5749999999999998446 ) ) ;
#1318 = DIRECTION ( 'NONE',  ( 0.000000000000000000, -0.000000000000000000, 1.000000000000000000 ) ) ;
#1319 = PLANE ( 'NONE',  #203 ) ;
#1320 = VERTEX_POINT ( 'NONE', #1834 ) ;
#1321 = ADVANCED_FACE ( 'NONE', ( #706 ), #2862, .F. ) ;
#1322 = DIRECTION ( 'NONE',  ( 1.000000000000000000, 0.000000000000000000, 3.097720492815731110E-16 ) ) ;
#1323 = ORIENTED_EDGE ( 'NONE', *, *, #2923, .F. ) ;
#1324 = EDGE_CURVE ( 'NONE', #2116, #1487, #21, .T. ) ;
#1325 = EDGE_CURVE ( 'NONE', #1056, #2063, #1453, .T. ) ;
#1326 = SURFACE_SIDE_STYLE ('',( #4614 ) ) ;
#1327 = EDGE_LOOP ( 'NONE', ( #2028, #3861, #3951, #2547, #900, #4342, #1558, #3127, #1323, #793, #405, #753, #3997, #980, #1553, #425, #3493, #3367, #2782, #4453, #259, #4554, #3868, #1843, #1244, #268, #4291, #4267, #4332, #1913, #3946, #4197, #1568, #3149, #4166, #4611 ) ) ;
#1328 = DIRECTION ( 'NONE',  ( -1.000000000000000000, 0.000000000000000000, 0.000000000000000000 ) ) ;
#1329 = DIRECTION ( 'NONE',  ( -0.000000000000000000, 1.000000000000000000, -0.000000000000000000 ) ) ;
#1330 = STYLED_ITEM ( 'NONE', ( #438 ), #2075 ) ;
#1331 = LINE ( 'NONE', #4168, #3645 ) ;
#1332 = COLOUR_RGB ( '',1.000000000000000000, 1.000000000000000000, 1.000000000000000000 ) ;
#1333 = CARTESIAN_POINT ( 'NONE',  ( 0.000000000000000000, 0.000000000000000000, 0.000000000000000000 ) ) ;
#1334 = CARTESIAN_POINT ( 'NONE',  ( 0.2999999999999992673, 0.2700000000000000178, 0.5749999999999996225 ) ) ;
#1335 = ORIENTED_EDGE ( 'NONE', *, *, #3469, .F. ) ;
#1336 = ORIENTED_EDGE ( 'NONE', *, *, #2183, .F. ) ;
#1337 = DIRECTION ( 'NONE',  ( -0.000000000000000000, -0.000000000000000000, -1.000000000000000000 ) ) ;
#1338 = LINE ( 'NONE', #3070, #1310 ) ;
#1339 = CARTESIAN_POINT ( 'NONE',  ( 0.5999999999999999778, 0.2700000000000000178, 0.1999999999999992062 ) ) ;
#1340 = DIRECTION ( 'NONE',  ( 0.000000000000000000, 1.000000000000000000, 0.000000000000000000 ) ) ;
#1341 = AXIS2_PLACEMENT_3D ( 'NONE', #2613, #1905, #2639 ) ;
#1342 = SURFACE_STYLE_FILL_AREA ( #4581 ) ;
#1343 = FACE_OUTER_BOUND ( 'NONE', #4113, .T. ) ;
#1344 = DIRECTION ( 'NONE',  ( -6.195440985631453345E-16, 0.000000000000000000, 1.000000000000000000 ) ) ;
#1345 = EDGE_CURVE ( 'NONE', #226, #2077, #3286, .T. ) ;
#1346 = UNCERTAINTY_MEASURE_WITH_UNIT (LENGTH_MEASURE( 1.000000000000000082E-05 ), #2834, 'distance_accuracy_value', 'NONE');
#1347 = MECHANICAL_DESIGN_GEOMETRIC_PRESENTATION_REPRESENTATION (  '', ( #1718 ), #1868 ) ;
#1348 = ORIENTED_EDGE ( 'NONE', *, *, #4189, .T. ) ;
#1349 = ORIENTED_EDGE ( 'NONE', *, *, #1550, .T. ) ;
#1350 = ORIENTED_EDGE ( 'NONE', *, *, #4559, .F. ) ;
#1351 = DIRECTION ( 'NONE',  ( 6.195440985631453345E-16, 0.000000000000000000, -1.000000000000000000 ) ) ;
#1352 = PLANE ( 'NONE',  #2694 ) ;
#1353 = ADVANCED_FACE ( 'NONE', ( #1493 ), #2933, .F. ) ;
#1354 = ORIENTED_EDGE ( 'NONE', *, *, #347, .T. ) ;
#1355 = LINE ( 'NONE', #642, #696 ) ;
#1356 = DIRECTION ( 'NONE',  ( -0.000000000000000000, 1.000000000000000000, -0.000000000000000000 ) ) ;
#1357 = APPLICATION_PROTOCOL_DEFINITION ( 'draft international standard', 'automotive_design', 1998, #374 ) ;
#1358 = AXIS2_PLACEMENT_3D ( 'NONE', #1182, #1562, #4097 ) ;
#1359 = DIRECTION ( 'NONE',  ( 0.000000000000000000, 1.000000000000000000, -0.000000000000000000 ) ) ;
#1360 = MECHANICAL_DESIGN_GEOMETRIC_PRESENTATION_REPRESENTATION (  '', ( #3401 ), #3776 ) ;
#1361 = ORIENTED_EDGE ( 'NONE', *, *, #3992, .T. ) ;
#1362 = VERTEX_POINT ( 'NONE', #2222 ) ;
#1363 =( GEOMETRIC_REPRESENTATION_CONTEXT ( 3 ) GLOBAL_UNCERTAINTY_ASSIGNED_CONTEXT ( ( #3148 ) ) GLOBAL_UNIT_ASSIGNED_CONTEXT ( ( #4511, #2718, #265 ) ) REPRESENTATION_CONTEXT ( 'NONE', 'WORKASPACE' ) );
#1364 = CARTESIAN_POINT ( 'NONE',  ( -0.5999999999999997558, 0.1430000000000000160, 0.09999999999999902023 ) ) ;
#1365 =( NAMED_UNIT ( * ) SI_UNIT ( $, .STERADIAN. ) SOLID_ANGLE_UNIT ( ) );
#1366 = VECTOR ( 'NONE', #4289, 1000.000000000000000 ) ;
#1367 = CARTESIAN_POINT ( 'NONE',  ( -0.1000000000000000749, 0.1430000000000000160, 0.7499999999999994449 ) ) ;
#1368 = PRESENTATION_LAYER_ASSIGNMENT (  '', '', ( #3407 ) ) ;
#1369 = DIRECTION ( 'NONE',  ( 1.000000000000000000, 0.000000000000000000, 0.000000000000000000 ) ) ;
#1370 = VERTEX_POINT ( 'NONE', #312 ) ;
#1371 = AXIS2_PLACEMENT_3D ( 'NONE', #365, #3643, #388 ) ;
#1372 = ORIENTED_EDGE ( 'NONE', *, *, #1533, .F. ) ;
#1373 = DIRECTION ( 'NONE',  ( 0.000000000000000000, 0.000000000000000000, -1.000000000000000000 ) ) ;
#1374 = SURFACE_SIDE_STYLE ('',( #2125 ) ) ;
#1375 = CARTESIAN_POINT ( 'NONE',  ( 0.6500000000000000222, 0.1430000000000000160, -0.1000000000000002137 ) ) ;
#1376 = ORIENTED_EDGE ( 'NONE', *, *, #4593, .F. ) ;
#1377 = ORIENTED_EDGE ( 'NONE', *, *, #3009, .T. ) ;
#1378 = VERTEX_POINT ( 'NONE', #1744 ) ;
#1379 = SURFACE_STYLE_USAGE ( .BOTH. , #1326 ) ;
#1380 = EDGE_LOOP ( 'NONE', ( #1045, #3821, #3927, #3764 ) ) ;
#1381 = DIRECTION ( 'NONE',  ( 0.000000000000000000, 0.000000000000000000, -1.000000000000000000 ) ) ;
#1382 = SURFACE_SIDE_STYLE ('',( #1051 ) ) ;
#1383 = SURFACE_STYLE_FILL_AREA ( #3510 ) ;
#1384 = EDGE_CURVE ( 'NONE', #3045, #1184, #3197, .T. ) ;
#1385 = PRESENTATION_LAYER_ASSIGNMENT (  '', '', ( #4543 ) ) ;
#1386 = SURFACE_STYLE_FILL_AREA ( #2140 ) ;
#1387 = ORIENTED_EDGE ( 'NONE', *, *, #2572, .F. ) ;
#1388 = VERTEX_POINT ( 'NONE', #4280 ) ;
#1389 = VECTOR ( 'NONE', #1563, 1000.000000000000000 ) ;
#1390 = DIRECTION ( 'NONE',  ( 0.000000000000000000, -0.000000000000000000, 1.000000000000000000 ) ) ;
#1391 = FACE_OUTER_BOUND ( 'NONE', #3453, .T. ) ;
#1392 = EDGE_CURVE ( 'NONE', #3045, #1705, #1040, .T. ) ;
#1393 = EDGE_CURVE ( 'NONE', #3144, #2286, #1857, .T. ) ;
#1394 = MECHANICAL_DESIGN_GEOMETRIC_PRESENTATION_REPRESENTATION (  '', ( #4556 ), #934 ) ;
#1395 = DIRECTION ( 'NONE',  ( -0.000000000000000000, -1.000000000000000000, -0.000000000000000000 ) ) ;
#1396 = LINE ( 'NONE', #1423, #2807 ) ;
#1397 = AXIS2_PLACEMENT_3D ( 'NONE', #3378, #129, #4089 ) ;
#1398 = ORIENTED_EDGE ( 'NONE', *, *, #2256, .F. ) ;
#1399 = ORIENTED_EDGE ( 'NONE', *, *, #1533, .T. ) ;
#1400 = VECTOR ( 'NONE', #2709, 1000.000000000000000 ) ;
#1401 = DIRECTION ( 'NONE',  ( -0.000000000000000000, -1.000000000000000000, -0.000000000000000000 ) ) ;
#1402 = DIRECTION ( 'NONE',  ( -0.7071067811865474617, 0.000000000000000000, 0.7071067811865475727 ) ) ;
#1403 = DIRECTION ( 'NONE',  ( -1.000000000000000000, 0.000000000000000000, -3.097720492815731110E-16 ) ) ;
#1404 = DIRECTION ( 'NONE',  ( -0.000000000000000000, 1.000000000000000000, -0.000000000000000000 ) ) ;
#1405 = VERTEX_POINT ( 'NONE', #3026 ) ;
#1406 = ORIENTED_EDGE ( 'NONE', *, *, #2895, .F. ) ;
#1407 = VERTEX_POINT ( 'NONE', #3705 ) ;
#1408 = CARTESIAN_POINT ( 'NONE',  ( -0.1000000000000000472, 0.2700000000000000178, 0.5749999999999996225 ) ) ;
#1409 = CARTESIAN_POINT ( 'NONE',  ( -0.6999999999999999556, 0.1430000000000000160, -0.5749999999999996225 ) ) ;
#1410 = DIRECTION ( 'NONE',  ( -0.000000000000000000, -1.000000000000000000, -0.000000000000000000 ) ) ;
#1411 = PRESENTATION_STYLE_ASSIGNMENT (( #4263 ) ) ;
#1412 = CARTESIAN_POINT ( 'NONE',  ( -0.2999999999999999889, 0.1430000000000000160, -0.7499999999999994449 ) ) ;
#1413 = CARTESIAN_POINT ( 'NONE',  ( 0.5999999999999999778, 0.2700000000000000178, -0.09999999999999981126 ) ) ;
#1414 = AXIS2_PLACEMENT_3D ( 'NONE', #2993, #3344, #2560 ) ;
#1415 = PLANE ( 'NONE',  #2237 ) ;
#1416 = ORIENTED_EDGE ( 'NONE', *, *, #3779, .F. ) ;
#1417 = ORIENTED_EDGE ( 'NONE', *, *, #623, .F. ) ;
#1418 = EDGE_CURVE ( 'NONE', #4580, #1551, #4066, .T. ) ;
#1419 =( GEOMETRIC_REPRESENTATION_CONTEXT ( 3 ) GLOBAL_UNCERTAINTY_ASSIGNED_CONTEXT ( ( #2152 ) ) GLOBAL_UNIT_ASSIGNED_CONTEXT ( ( #2756, #4524, #1611 ) ) REPRESENTATION_CONTEXT ( 'NONE', 'WORKASPACE' ) );
#1420 = LINE ( 'NONE', #3278, #2023 ) ;
#1421 =( NAMED_UNIT ( * ) PLANE_ANGLE_UNIT ( ) SI_UNIT ( $, .RADIAN. ) );
#1422 = DIRECTION ( 'NONE',  ( -1.000000000000000000, -0.000000000000000000, -0.000000000000000000 ) ) ;
#1423 = CARTESIAN_POINT ( 'NONE',  ( -0.6999999999999999556, 0.2700000000000000178, 0.5749999999999996225 ) ) ;
#1424 = CARTESIAN_POINT ( 'NONE',  ( -0.2999999999999994338, 0.1430000000000000160, 0.7499999999999994449 ) ) ;
#1425 = EDGE_CURVE ( 'NONE', #3200, #1645, #133, .T. ) ;
#1426 = EDGE_CURVE ( 'NONE', #974, #2887, #2316, .T. ) ;
#1427 = ORIENTED_EDGE ( 'NONE', *, *, #3037, .F. ) ;
#1428 = CARTESIAN_POINT ( 'NONE',  ( 0.4999999999999994449, 0.2700000000000000178, -0.5749999999999997335 ) ) ;
#1429 = LINE ( 'NONE', #4325, #1761 ) ;
#1430 = ORIENTED_EDGE ( 'NONE', *, *, #3469, .T. ) ;
#1431 = EDGE_LOOP ( 'NONE', ( #1147, #897, #249, #2830 ) ) ;
#1432 = VERTEX_POINT ( 'NONE', #1150 ) ;
#1433 =( LENGTH_UNIT ( ) NAMED_UNIT ( * ) SI_UNIT ( .MILLI., .METRE. ) );
#1434 = PRESENTATION_STYLE_ASSIGNMENT (( #1818 ) ) ;
#1435 = PRESENTATION_LAYER_ASSIGNMENT (  '', '', ( #1500 ) ) ;
#1436 = FILL_AREA_STYLE ('',( #344 ) ) ;
#1437 = FILL_AREA_STYLE_COLOUR ( '', #827 ) ;
#1438 = SURFACE_STYLE_FILL_AREA ( #715 ) ;
#1439 = EDGE_LOOP ( 'NONE', ( #4094, #1710, #1732, #579 ) ) ;
#1440 = CARTESIAN_POINT ( 'NONE',  ( -0.7500000000000003331, -0.2500000000000000000, -0.7500000000000003331 ) ) ;
#1441 = AXIS2_PLACEMENT_3D ( 'NONE', #3595, #1517, #3618 ) ;
#1442 =( NAMED_UNIT ( * ) SI_UNIT ( $, .STERADIAN. ) SOLID_ANGLE_UNIT ( ) );
#1443 = DIRECTION ( 'NONE',  ( -0.000000000000000000, -1.000000000000000000, -0.000000000000000000 ) ) ;
#1444 = MECHANICAL_DESIGN_GEOMETRIC_PRESENTATION_REPRESENTATION (  '', ( #2495 ), #1060 ) ;
#1445 = PRESENTATION_STYLE_ASSIGNMENT (( #3973 ) ) ;
#1446 = SURFACE_STYLE_FILL_AREA ( #4321 ) ;
#1447 = ORIENTED_EDGE ( 'NONE', *, *, #287, .T. ) ;
#1448 = VECTOR ( 'NONE', #368, 1000.000000000000000 ) ;
#1449 = SURFACE_STYLE_FILL_AREA ( #2530 ) ;
#1450 = FILL_AREA_STYLE ('',( #4650 ) ) ;
#1451 =( LENGTH_UNIT ( ) NAMED_UNIT ( * ) SI_UNIT ( .MILLI., .METRE. ) );
#1452 = PRESENTATION_LAYER_ASSIGNMENT (  '', '', ( #3698 ) ) ;
#1453 = LINE ( 'NONE', #751, #4231 ) ;
#1454 = AXIS2_PLACEMENT_3D ( 'NONE', #240, #2416, #3479 ) ;
#1455 = ORIENTED_EDGE ( 'NONE', *, *, #2657, .F. ) ;
#1456 = UNCERTAINTY_MEASURE_WITH_UNIT (LENGTH_MEASURE( 1.000000000000000082E-05 ), #2337, 'distance_accuracy_value', 'NONE');
#1457 = MECHANICAL_DESIGN_GEOMETRIC_PRESENTATION_REPRESENTATION (  '', ( #237 ), #1659 ) ;
#1458 = EDGE_LOOP ( 'NONE', ( #3107, #4527, #4037, #422 ) ) ;
#1459 = FACE_OUTER_BOUND ( 'NONE', #967, .T. ) ;
#1460 = FACE_OUTER_BOUND ( 'NONE', #2062, .T. ) ;
#1461 = EDGE_CURVE ( 'NONE', #3885, #3360, #1884, .T. ) ;
#1462 = CARTESIAN_POINT ( 'NONE',  ( -0.1000000000000000749, 0.2700000000000000178, -0.7499999999999994449 ) ) ;
#1463 = DIRECTION ( 'NONE',  ( 0.000000000000000000, 0.000000000000000000, -1.000000000000000000 ) ) ;
#1464 = DIRECTION ( 'NONE',  ( 1.000000000000000000, 0.000000000000000000, 0.000000000000000000 ) ) ;
#1465 = VERTEX_POINT ( 'NONE', #3380 ) ;
#1466 = AXIS2_PLACEMENT_3D ( 'NONE', #2113, #1114, #3916 ) ;
#1467 =( NAMED_UNIT ( * ) PLANE_ANGLE_UNIT ( ) SI_UNIT ( $, .RADIAN. ) );
#1468 = SURFACE_SIDE_STYLE ('',( #1765 ) ) ;
#1469 = VECTOR ( 'NONE', #1373, 1000.000000000000000 ) ;
#1470 = ORIENTED_EDGE ( 'NONE', *, *, #1325, .F. ) ;
#1471 = PRESENTATION_LAYER_ASSIGNMENT (  '', '', ( #3651 ) ) ;
#1472 = DIRECTION ( 'NONE',  ( 1.000000000000000000, 0.000000000000000000, 0.000000000000000000 ) ) ;
#1473 = PRESENTATION_LAYER_ASSIGNMENT (  '', '', ( #415 ) ) ;
#1474 = CARTESIAN_POINT ( 'NONE',  ( -0.4999999999999996669, 0.2700000000000000178, -0.3500000000000000333 ) ) ;
#1475 = CARTESIAN_POINT ( 'NONE',  ( -0.6499999999999998002, 0.1430000000000000160, 0.09999999999999939493 ) ) ;
#1476 = VECTOR ( 'NONE', #1422, 1000.000000000000000 ) ;
#1477 = ORIENTED_EDGE ( 'NONE', *, *, #1587, .T. ) ;
#1478 = ADVANCED_FACE ( 'NONE', ( #3682 ), #4046, .F. ) ;
#1479 = SURFACE_STYLE_USAGE ( .BOTH. , #2537 ) ;
#1480 = FILL_AREA_STYLE ('',( #44 ) ) ;
#1481 =( LENGTH_UNIT ( ) NAMED_UNIT ( * ) SI_UNIT ( .MILLI., .METRE. ) );
#1482 = ADVANCED_FACE ( 'NONE', ( #2245 ), #4397, .F. ) ;
#1483 = EDGE_CURVE ( 'NONE', #2210, #2574, #869, .T. ) ;
#1484 = FILL_AREA_STYLE_COLOUR ( '', #2879 ) ;
#1485 = CARTESIAN_POINT ( 'NONE',  ( -0.6999999999999999556, 0.1430000000000000160, -0.7499999999999996669 ) ) ;
#1486 = CARTESIAN_POINT ( 'NONE',  ( -0.1000000000000000749, 0.2700000000000000178, 0.7499999999999994449 ) ) ;
#1487 = VERTEX_POINT ( 'NONE', #843 ) ;
#1488 = LINE ( 'NONE', #720, #2783 ) ;
#1489 = ORIENTED_EDGE ( 'NONE', *, *, #2564, .F. ) ;
#1490 =( NAMED_UNIT ( * ) PLANE_ANGLE_UNIT ( ) SI_UNIT ( $, .RADIAN. ) );
#1491 = FILL_AREA_STYLE ('',( #1965 ) ) ;
#1492 = CARTESIAN_POINT ( 'NONE',  ( -0.4999999999999996669, 0.1430000000000000160, -0.2500000000000000555 ) ) ;
#1493 = FACE_OUTER_BOUND ( 'NONE', #4613, .T. ) ;
#1494 = ORIENTED_EDGE ( 'NONE', *, *, #3414, .T. ) ;
#1495 = UNCERTAINTY_MEASURE_WITH_UNIT (LENGTH_MEASURE( 1.000000000000000082E-05 ), #3777, 'distance_accuracy_value', 'NONE');
#1496 = CARTESIAN_POINT ( 'NONE',  ( 0.2999999999999992117, 0.1430000000000000160, 0.7499999999999994449 ) ) ;
#1497 = PRODUCT_DEFINITION_SHAPE ( 'NONE', 'NONE',  #1093 ) ;
#1498 = COLOUR_RGB ( '',1.000000000000000000, 1.000000000000000000, 1.000000000000000000 ) ;
#1499 = FILL_AREA_STYLE_COLOUR ( '', #1531 ) ;
#1500 = STYLED_ITEM ( 'NONE', ( #4176 ), #2894 ) ;
#1501 = EDGE_CURVE ( 'NONE', #3200, #4633, #64, .T. ) ;
#1502 = FACE_OUTER_BOUND ( 'NONE', #2097, .T. ) ;
#1503 = VERTEX_POINT ( 'NONE', #3334 ) ;
#1504 = VECTOR ( 'NONE', #1658, 1000.000000000000000 ) ;
#1505 = FILL_AREA_STYLE ('',( #2548 ) ) ;
#1506 = PLANE ( 'NONE',  #1275 ) ;
#1507 = DIRECTION ( 'NONE',  ( -0.000000000000000000, -1.000000000000000000, -0.000000000000000000 ) ) ;
#1508 = SURFACE_SIDE_STYLE ('',( #84 ) ) ;
#1509 = VERTEX_POINT ( 'NONE', #1928 ) ;
#1510 = ORIENTED_EDGE ( 'NONE', *, *, #2517, .F. ) ;
#1511 = CARTESIAN_POINT ( 'NONE',  ( -0.5999999999999997558, 0.1430000000000000160, 0.2500000000000000555 ) ) ;
#1512 =( NAMED_UNIT ( * ) SI_UNIT ( $, .STERADIAN. ) SOLID_ANGLE_UNIT ( ) );
#1513 = SURFACE_STYLE_USAGE ( .BOTH. , #3663 ) ;
#1514 = LINE ( 'NONE', #1698, #1709 ) ;
#1515 = DIRECTION ( 'NONE',  ( 0.000000000000000000, 0.000000000000000000, 1.000000000000000000 ) ) ;
#1516 =( NAMED_UNIT ( * ) PLANE_ANGLE_UNIT ( ) SI_UNIT ( $, .RADIAN. ) );
#1517 = DIRECTION ( 'NONE',  ( -1.000000000000000000, 0.000000000000000000, -0.000000000000000000 ) ) ;
#1518 = COLOUR_RGB ( '',1.000000000000000000, 1.000000000000000000, 1.000000000000000000 ) ;
#1519 = SURFACE_SIDE_STYLE ('',( #4474 ) ) ;
#1520 = FILL_AREA_STYLE_COLOUR ( '', #2579 ) ;
#1521 = ORIENTED_EDGE ( 'NONE', *, *, #190, .T. ) ;
#1522 = CARTESIAN_POINT ( 'NONE',  ( 0.4999999999999998890, 0.2500000000000000000, 0.5749999999999996225 ) ) ;
#1523 = ORIENTED_EDGE ( 'NONE', *, *, #824, .F. ) ;
#1524 = CARTESIAN_POINT ( 'NONE',  ( 0.6999999999999992895, 0.1430000000000000160, -0.7499999999999998890 ) ) ;
#1525 = ADVANCED_FACE ( 'NONE', ( #2295 ), #3751, .F. ) ;
#1526 = CARTESIAN_POINT ( 'NONE',  ( 0.4999999999999996669, 0.2500000000000000000, -0.3500000000000000888 ) ) ;
#1527 = DIRECTION ( 'NONE',  ( 1.000000000000000000, 0.000000000000000000, -1.445602896647339163E-16 ) ) ;
#1528 = CARTESIAN_POINT ( 'NONE',  ( -0.5999999999999997558, 0.2700000000000000178, -0.09999999999999967248 ) ) ;
#1529 = CLOSED_SHELL ( 'NONE', ( #3087, #2653, #916, #1664, #3786, #2715 ) ) ;
#1530 = PRESENTATION_STYLE_ASSIGNMENT (( #3327 ) ) ;
#1531 = COLOUR_RGB ( '',1.000000000000000000, 1.000000000000000000, 1.000000000000000000 ) ;
#1532 = LINE ( 'NONE', #4128, #3084 ) ;
#1533 = EDGE_CURVE ( 'NONE', #885, #314, #4491, .T. ) ;
#1534 = CARTESIAN_POINT ( 'NONE',  ( 0.6999999999999997335, 0.1430000000000000160, 0.7499999999999996669 ) ) ;
#1535 = PRESENTATION_STYLE_ASSIGNMENT (( #3662 ) ) ;
#1536 = CARTESIAN_POINT ( 'NONE',  ( -0.2999999999999994893, 0.1430000000000000160, 0.5749999999999996225 ) ) ;
#1537 = VECTOR ( 'NONE', #652, 1000.000000000000000 ) ;
#1538 = ORIENTED_EDGE ( 'NONE', *, *, #4641, .F. ) ;
#1539 = VECTOR ( 'NONE', #4362, 1000.000000000000000 ) ;
#1540 = CARTESIAN_POINT ( 'NONE',  ( -0.2999999999999994338, 0.2500000000000000000, 0.7499999999999994449 ) ) ;
#1541 = FILL_AREA_STYLE ('',( #3055 ) ) ;
#1542 = LINE ( 'NONE', #3672, #1007 ) ;
#1543 = EDGE_LOOP ( 'NONE', ( #770, #2791, #4228, #4622 ) ) ;
#1544 = LINE ( 'NONE', #3296, #2995 ) ;
#1545 = EDGE_LOOP ( 'NONE', ( #4292, #362, #458, #3248 ) ) ;
#1546 = FILL_AREA_STYLE_COLOUR ( '', #62 ) ;
#1547 = FILL_AREA_STYLE ('',( #1901 ) ) ;
#1548 = DIRECTION ( 'NONE',  ( -0.000000000000000000, 1.000000000000000000, -0.000000000000000000 ) ) ;
#1549 = CARTESIAN_POINT ( 'NONE',  ( 0.09999999999999942268, 0.2700000000000000178, -0.7499999999999994449 ) ) ;
#1550 = EDGE_CURVE ( 'NONE', #74, #2055, #1174, .T. ) ;
#1551 = VERTEX_POINT ( 'NONE', #815 ) ;
#1552 = LINE ( 'NONE', #2331, #136 ) ;
#1553 = ORIENTED_EDGE ( 'NONE', *, *, #1807, .F. ) ;
#1554 = FACE_OUTER_BOUND ( 'NONE', #156, .T. ) ;
#1555 = LINE ( 'NONE', #109, #4336 ) ;
#1556 = EDGE_CURVE ( 'NONE', #1792, #2508, #2667, .T. ) ;
#1557 = ADVANCED_FACE ( 'NONE', ( #4115 ), #1248, .T. ) ;
#1558 = ORIENTED_EDGE ( 'NONE', *, *, #3325, .F. ) ;
#1559 = STYLED_ITEM ( 'NONE', ( #2661 ), #1838 ) ;
#1560 = DIRECTION ( 'NONE',  ( -1.000000000000000000, -0.000000000000000000, -0.000000000000000000 ) ) ;
#1561 = FACE_OUTER_BOUND ( 'NONE', #2571, .T. ) ;
#1562 = DIRECTION ( 'NONE',  ( 5.421010862427526114E-16, 0.000000000000000000, 1.000000000000000000 ) ) ;
#1563 = DIRECTION ( 'NONE',  ( 3.097720492815730617E-16, 0.000000000000000000, -1.000000000000000000 ) ) ;
#1564 =( NAMED_UNIT ( * ) PLANE_ANGLE_UNIT ( ) SI_UNIT ( $, .RADIAN. ) );
#1565 = EDGE_LOOP ( 'NONE', ( #210, #2217, #1336, #41 ) ) ;
#1566 = COLOUR_RGB ( '',0.2980392156862745057, 0.2980392156862745057, 0.2980392156862745057 ) ;
#1567 = DIRECTION ( 'NONE',  ( -1.000000000000000000, -0.000000000000000000, -0.000000000000000000 ) ) ;
#1568 = ORIENTED_EDGE ( 'NONE', *, *, #4393, .F. ) ;
#1569 = FILL_AREA_STYLE_COLOUR ( '', #1797 ) ;
#1570 = DIRECTION ( 'NONE',  ( 0.000000000000000000, 1.000000000000000000, 0.000000000000000000 ) ) ;
#1571 = FILL_AREA_STYLE ('',( #125 ) ) ;
#1572 = DIRECTION ( 'NONE',  ( -0.000000000000000000, -1.000000000000000000, -0.000000000000000000 ) ) ;
#1573 = AXIS2_PLACEMENT_3D ( 'NONE', #1783, #3584, #667 ) ;
#1574 = CYLINDRICAL_SURFACE ( 'NONE', #4629, 0.09999999999999999167 ) ;
#1575 =( LENGTH_UNIT ( ) NAMED_UNIT ( * ) SI_UNIT ( .MILLI., .METRE. ) );
#1576 = CARTESIAN_POINT ( 'NONE',  ( 0.2999999999999992117, 0.1430000000000000160, 0.7499999999999994449 ) ) ;
#1577 = CARTESIAN_POINT ( 'NONE',  ( 0.09999999999999942268, 0.1430000000000000160, -0.7499999999999994449 ) ) ;
#1578 = VECTOR ( 'NONE', #3371, 1000.000000000000000 ) ;
#1579 = VERTEX_POINT ( 'NONE', #3780 ) ;
#1580 = EDGE_CURVE ( 'NONE', #1362, #299, #4225, .T. ) ;
#1581 = VECTOR ( 'NONE', #3339, 1000.000000000000000 ) ;
#1582 = DIRECTION ( 'NONE',  ( -1.000000000000000000, 0.000000000000000000, 0.000000000000000000 ) ) ;
#1583 = LINE ( 'NONE', #3363, #147 ) ;
#1584 =( GEOMETRIC_REPRESENTATION_CONTEXT ( 3 ) GLOBAL_UNCERTAINTY_ASSIGNED_CONTEXT ( ( #1914 ) ) GLOBAL_UNIT_ASSIGNED_CONTEXT ( ( #2327, #3723, #401 ) ) REPRESENTATION_CONTEXT ( 'NONE', 'WORKASPACE' ) );
#1585 = VECTOR ( 'NONE', #39, 1000.000000000000000 ) ;
#1586 =( NAMED_UNIT ( * ) PLANE_ANGLE_UNIT ( ) SI_UNIT ( $, .RADIAN. ) );
#1587 = EDGE_CURVE ( 'NONE', #621, #3368, #4576, .T. ) ;
#1588 = AXIS2_PLACEMENT_3D ( 'NONE', #3985, #3621, #1080 ) ;
#1589 = VERTEX_POINT ( 'NONE', #1269 ) ;
#1590 = LINE ( 'NONE', #2325, #3494 ) ;
#1591 = FACE_OUTER_BOUND ( 'NONE', #651, .T. ) ;
#1592 = DIRECTION ( 'NONE',  ( 0.000000000000000000, 1.000000000000000000, 0.000000000000000000 ) ) ;
#1593 = CARTESIAN_POINT ( 'NONE',  ( 0.4999999999999996669, 0.2700000000000000178, -0.3500000000000001443 ) ) ;
#1594 = ORIENTED_EDGE ( 'NONE', *, *, #1180, .T. ) ;
#1595 = DIRECTION ( 'NONE',  ( 0.000000000000000000, 0.000000000000000000, -1.000000000000000000 ) ) ;
#1596 = DIRECTION ( 'NONE',  ( 1.000000000000000000, 0.000000000000000000, -9.130123557772672032E-16 ) ) ;
#1597 = LINE ( 'NONE', #3359, #200 ) ;
#1598 = CARTESIAN_POINT ( 'NONE',  ( -0.2999999999999999889, 0.1430000000000000160, -0.7499999999999994449 ) ) ;
#1599 =( GEOMETRIC_REPRESENTATION_CONTEXT ( 3 ) GLOBAL_UNCERTAINTY_ASSIGNED_CONTEXT ( ( #202 ) ) GLOBAL_UNIT_ASSIGNED_CONTEXT ( ( #4142, #244, #273 ) ) REPRESENTATION_CONTEXT ( 'NONE', 'WORKASPACE' ) );
#1600 = FACE_OUTER_BOUND ( 'NONE', #2867, .T. ) ;
#1601 = FACE_OUTER_BOUND ( 'NONE', #1635, .T. ) ;
#1602 = EDGE_CURVE ( 'NONE', #3561, #144, #4531, .T. ) ;
#1603 = VECTOR ( 'NONE', #1882, 1000.000000000000000 ) ;
#1604 = DIRECTION ( 'NONE',  ( -5.421010862427527100E-16, 0.000000000000000000, -1.000000000000000000 ) ) ;
#1605 = VERTEX_POINT ( 'NONE', #1367 ) ;
#1606 = COLOUR_RGB ( '',1.000000000000000000, 1.000000000000000000, 1.000000000000000000 ) ;
#1607 = EDGE_LOOP ( 'NONE', ( #2343, #3957, #4237, #4598 ) ) ;
#1608 = SURFACE_SIDE_STYLE ('',( #243 ) ) ;
#1609 = ADVANCED_FACE ( 'NONE', ( #988 ), #3846, .T. ) ;
#1610 = FILL_AREA_STYLE_COLOUR ( '', #3406 ) ;
#1611 =( NAMED_UNIT ( * ) SI_UNIT ( $, .STERADIAN. ) SOLID_ANGLE_UNIT ( ) );
#1612 = LINE ( 'NONE', #4544, #2556 ) ;
#1613 = DIRECTION ( 'NONE',  ( 1.548860246407866048E-16, 0.000000000000000000, 1.000000000000000000 ) ) ;
#1614 = SURFACE_STYLE_USAGE ( .BOTH. , #813 ) ;
#1615 = VERTEX_POINT ( 'NONE', #2737 ) ;
#1616 = UNCERTAINTY_MEASURE_WITH_UNIT (LENGTH_MEASURE( 1.000000000000000082E-05 ), #2702, 'distance_accuracy_value', 'NONE');
#1617 = PRESENTATION_LAYER_ASSIGNMENT (  '', '', ( #3592 ) ) ;
#1618 = SURFACE_STYLE_USAGE ( .BOTH. , #4135 ) ;
#1619 = DIRECTION ( 'NONE',  ( 3.097720492815730617E-16, 0.000000000000000000, 1.000000000000000000 ) ) ;
#1620 = CARTESIAN_POINT ( 'NONE',  ( -0.5999999999999997558, 0.1430000000000000160, 0.2500000000000000555 ) ) ;
#1621 = VERTEX_POINT ( 'NONE', #4179 ) ;
#1622 = VECTOR ( 'NONE', #4171, 1000.000000000000000 ) ;
#1623 = CARTESIAN_POINT ( 'NONE',  ( 0.6999999999999992895, 0.1430000000000000160, -0.5749999999999998446 ) ) ;
#1624 = ORIENTED_EDGE ( 'NONE', *, *, #1154, .F. ) ;
#1625 = PLANE ( 'NONE',  #3411 ) ;
#1626 = EDGE_LOOP ( 'NONE', ( #3356, #2810, #2998, #4615 ) ) ;
#1627 = DIRECTION ( 'NONE',  ( 4.646580739223595925E-16, 0.000000000000000000, 1.000000000000000000 ) ) ;
#1628 =( NAMED_UNIT ( * ) SI_UNIT ( $, .STERADIAN. ) SOLID_ANGLE_UNIT ( ) );
#1629 = EDGE_CURVE ( 'NONE', #1819, #2, #2420, .T. ) ;
#1630 = EDGE_CURVE ( 'NONE', #2934, #2043, #628, .T. ) ;
#1631 = DIRECTION ( 'NONE',  ( -1.000000000000000000, 0.000000000000000000, 7.860465750519903991E-15 ) ) ;
#1632 = ORIENTED_EDGE ( 'NONE', *, *, #3125, .F. ) ;
#1633 =( GEOMETRIC_REPRESENTATION_CONTEXT ( 3 ) GLOBAL_UNCERTAINTY_ASSIGNED_CONTEXT ( ( #2050 ) ) GLOBAL_UNIT_ASSIGNED_CONTEXT ( ( #442, #4061, #4439 ) ) REPRESENTATION_CONTEXT ( 'NONE', 'WORKASPACE' ) );
#1634 = SURFACE_SIDE_STYLE ('',( #3537 ) ) ;
#1635 = EDGE_LOOP ( 'NONE', ( #4609, #3303, #2255, #2091 ) ) ;
#1636 =( NAMED_UNIT ( * ) PLANE_ANGLE_UNIT ( ) SI_UNIT ( $, .RADIAN. ) );
#1637 = ADVANCED_FACE ( 'NONE', ( #3516 ), #3470, .F. ) ;
#1638 = AXIS2_PLACEMENT_3D ( 'NONE', #300, #3088, #252 ) ;
#1639 = DIRECTION ( 'NONE',  ( -0.000000000000000000, 1.000000000000000000, -0.000000000000000000 ) ) ;
#1640 = VERTEX_POINT ( 'NONE', #4151 ) ;
#1641 =( LENGTH_UNIT ( ) NAMED_UNIT ( * ) SI_UNIT ( .MILLI., .METRE. ) );
#1642 = LINE ( 'NONE', #3853, #4083 ) ;
#1643 = CARTESIAN_POINT ( 'NONE',  ( -0.5999999999999997558, 0.2700000000000000178, 0.09999999999999902023 ) ) ;
#1644 = STYLED_ITEM ( 'NONE', ( #467 ), #832 ) ;
#1645 = VERTEX_POINT ( 'NONE', #605 ) ;
#1646 = MECHANICAL_DESIGN_GEOMETRIC_PRESENTATION_REPRESENTATION (  '', ( #1802 ), #3690 ) ;
#1647 = FILL_AREA_STYLE ('',( #1520 ) ) ;
#1648 = VERTEX_POINT ( 'NONE', #2047 ) ;
#1649 =( GEOMETRIC_REPRESENTATION_CONTEXT ( 3 ) GLOBAL_UNCERTAINTY_ASSIGNED_CONTEXT ( ( #2670 ) ) GLOBAL_UNIT_ASSIGNED_CONTEXT ( ( #19, #2909, #360 ) ) REPRESENTATION_CONTEXT ( 'NONE', 'WORKASPACE' ) );
#1650 = DIRECTION ( 'NONE',  ( -0.000000000000000000, -0.000000000000000000, 1.000000000000000000 ) ) ;
#1651 = CARTESIAN_POINT ( 'NONE',  ( -0.5000000000000001110, 0.2700000000000000178, -0.5749999999999996225 ) ) ;
#1652 = VECTOR ( 'NONE', #923, 1000.000000000000000 ) ;
#1653 = AXIS2_PLACEMENT_3D ( 'NONE', #4095, #3312, #1515 ) ;
#1654 = LINE ( 'NONE', #3110, #2241 ) ;
#1655 = ORIENTED_EDGE ( 'NONE', *, *, #2917, .T. ) ;
#1656 = ORIENTED_EDGE ( 'NONE', *, *, #1461, .T. ) ;
#1657 = EDGE_CURVE ( 'NONE', #1362, #3885, #1396, .T. ) ;
#1658 = DIRECTION ( 'NONE',  ( 1.000000000000000000, 0.000000000000000000, 0.000000000000000000 ) ) ;
#1659 =( GEOMETRIC_REPRESENTATION_CONTEXT ( 3 ) GLOBAL_UNCERTAINTY_ASSIGNED_CONTEXT ( ( #2714 ) ) GLOBAL_UNIT_ASSIGNED_CONTEXT ( ( #1641, #2072, #3827 ) ) REPRESENTATION_CONTEXT ( 'NONE', 'WORKASPACE' ) );
#1660 = DIRECTION ( 'NONE',  ( 6.195440985631453345E-16, -0.000000000000000000, -1.000000000000000000 ) ) ;
#1661 = DIRECTION ( 'NONE',  ( -0.000000000000000000, 1.000000000000000000, 0.000000000000000000 ) ) ;
#1662 = CARTESIAN_POINT ( 'NONE',  ( -0.7500000000000001110, 0.2500000000000000000, 0.7499999999999996669 ) ) ;
#1663 = EDGE_CURVE ( 'NONE', #1407, #1362, #4274, .T. ) ;
#1664 = ADVANCED_FACE ( 'NONE', ( #3541 ), #742, .F. ) ;
#1665 = ORIENTED_EDGE ( 'NONE', *, *, #2706, .T. ) ;
#1666 = CARTESIAN_POINT ( 'NONE',  ( -0.5999999999999997558, 0.1430000000000000160, 0.09999999999999902023 ) ) ;
#1667 = CARTESIAN_POINT ( 'NONE',  ( 0.5999999999999999778, 0.1430000000000000160, 0.1999999999999992062 ) ) ;
#1668 = FILL_AREA_STYLE ('',( #238 ) ) ;
#1669 = UNCERTAINTY_MEASURE_WITH_UNIT (LENGTH_MEASURE( 1.000000000000000082E-05 ), #3350, 'distance_accuracy_value', 'NONE');
#1670 = MECHANICAL_DESIGN_GEOMETRIC_PRESENTATION_REPRESENTATION (  '', ( #2705 ), #4254 ) ;
#1671 = ORIENTED_EDGE ( 'NONE', *, *, #4450, .F. ) ;
#1672 = LINE ( 'NONE', #4587, #3185 ) ;
#1673 = ORIENTED_EDGE ( 'NONE', *, *, #1392, .T. ) ;
#1674 = STYLED_ITEM ( 'NONE', ( #3338 ), #164 ) ;
#1675 = PLANE ( 'NONE',  #4600 ) ;
#1676 = COLOUR_RGB ( '',1.000000000000000000, 1.000000000000000000, 1.000000000000000000 ) ;
#1677 = CIRCLE ( 'NONE', #171, 0.1000000000000000194 ) ;
#1678 = DIRECTION ( 'NONE',  ( -1.000000000000000000, 0.000000000000000000, 0.000000000000000000 ) ) ;
#1679 = PLANE ( 'NONE',  #4384 ) ;
#1680 = AXIS2_PLACEMENT_3D ( 'NONE', #2853, #3585, #3299 ) ;
#1681 = CARTESIAN_POINT ( 'NONE',  ( -0.1000000000000000749, 0.1430000000000000160, 0.7499999999999994449 ) ) ;
#1682 = DIRECTION ( 'NONE',  ( 6.195440985631453345E-16, -0.000000000000000000, -1.000000000000000000 ) ) ;
#1683 = EDGE_LOOP ( 'NONE', ( #1673, #2246, #2498, #3247 ) ) ;
#1684 = LINE ( 'NONE', #3138, #1504 ) ;
#1685 = EDGE_LOOP ( 'NONE', ( #2601, #3912, #919, #3590 ) ) ;
#1686 = CARTESIAN_POINT ( 'NONE',  ( 0.6999999999999992895, 0.1430000000000000160, -0.7499999999999998890 ) ) ;
#1687 = SURFACE_SIDE_STYLE ('',( #565 ) ) ;
#1688 = ADVANCED_FACE ( 'NONE', ( #4345 ), #699, .F. ) ;
#1689 = DIRECTION ( 'NONE',  ( 1.000000000000000000, 0.000000000000000000, 0.000000000000000000 ) ) ;
#1690 = ORIENTED_EDGE ( 'NONE', *, *, #287, .F. ) ;
#1691 = VERTEX_POINT ( 'NONE', #16 ) ;
#1692 = FACE_OUTER_BOUND ( 'NONE', #1380, .T. ) ;
#1693 = EDGE_CURVE ( 'NONE', #541, #3650, #2577, .T. ) ;
#1694 = ORIENTED_EDGE ( 'NONE', *, *, #712, .T. ) ;
#1695 = EDGE_LOOP ( 'NONE', ( #3773, #2620, #3080, #1881 ) ) ;
#1696 = CARTESIAN_POINT ( 'NONE',  ( -0.5000000000000000000, 0.1430000000000000160, -0.7499999999999996669 ) ) ;
#1697 = EDGE_LOOP ( 'NONE', ( #1960, #66, #2234, #2551 ) ) ;
#1698 = CARTESIAN_POINT ( 'NONE',  ( 0.5999999999999999778, 0.2700000000000000178, 0.09999999999999915901 ) ) ;
#1699 = ORIENTED_EDGE ( 'NONE', *, *, #1663, .T. ) ;
#1700 = DIRECTION ( 'NONE',  ( 3.097720492815730617E-16, 0.000000000000000000, -1.000000000000000000 ) ) ;
#1701 = DIRECTION ( 'NONE',  ( 0.000000000000000000, 0.000000000000000000, 1.000000000000000000 ) ) ;
#1702 = ORIENTED_EDGE ( 'NONE', *, *, #1235, .F. ) ;
#1703 = SURFACE_STYLE_USAGE ( .BOTH. , #2449 ) ;
#1704 = ORIENTED_EDGE ( 'NONE', *, *, #1550, .F. ) ;
#1705 = VERTEX_POINT ( 'NONE', #2528 ) ;
#1706 = CARTESIAN_POINT ( 'NONE',  ( 0.4999999999999996669, 0.2700000000000000178, -0.3500000000000001443 ) ) ;
#1707 = CARTESIAN_POINT ( 'NONE',  ( -0.6999999999999999556, 0.2700000000000000178, -0.5749999999999996225 ) ) ;
#1708 = DIRECTION ( 'NONE',  ( 0.000000000000000000, 0.000000000000000000, 1.000000000000000000 ) ) ;
#1709 = VECTOR ( 'NONE', #3155, 1000.000000000000000 ) ;
#1710 = ORIENTED_EDGE ( 'NONE', *, *, #1384, .F. ) ;
#1711 = UNCERTAINTY_MEASURE_WITH_UNIT (LENGTH_MEASURE( 1.000000000000000082E-05 ), #2949, 'distance_accuracy_value', 'NONE');
#1712 = CARTESIAN_POINT ( 'NONE',  ( -0.7500000000000003331, 0.2500000000000000000, -0.7500000000000003331 ) ) ;
#1713 = STYLED_ITEM ( 'NONE', ( #193 ), #2653 ) ;
#1714 =( NAMED_UNIT ( * ) PLANE_ANGLE_UNIT ( ) SI_UNIT ( $, .RADIAN. ) );
#1715 = LINE ( 'NONE', #2000, #2699 ) ;
#1716 =( LENGTH_UNIT ( ) NAMED_UNIT ( * ) SI_UNIT ( .MILLI., .METRE. ) );
#1717 = UNCERTAINTY_MEASURE_WITH_UNIT (LENGTH_MEASURE( 1.000000000000000082E-05 ), #1850, 'distance_accuracy_value', 'NONE');
#1718 = STYLED_ITEM ( 'NONE', ( #3068 ), #2715 ) ;
#1719 = EDGE_CURVE ( 'NONE', #1640, #1921, #3192, .T. ) ;
#1720 = EDGE_LOOP ( 'NONE', ( #3642, #2796, #4588, #207 ) ) ;
#1721 = EDGE_LOOP ( 'NONE', ( #4672, #693, #2434, #60 ) ) ;
#1722 = FACE_OUTER_BOUND ( 'NONE', #2225, .T. ) ;
#1723 = EDGE_LOOP ( 'NONE', ( #4512, #1427, #1335, #3287 ) ) ;
#1724 = PLANE ( 'NONE',  #2794 ) ;
#1725 = SURFACE_STYLE_FILL_AREA ( #65 ) ;
#1726 = VECTOR ( 'NONE', #2538, 1000.000000000000000 ) ;
#1727 = EDGE_CURVE ( 'NONE', #4181, #2868, #2549, .T. ) ;
#1728 = EDGE_CURVE ( 'NONE', #621, #1029, #4627, .T. ) ;
#1729 = FILL_AREA_STYLE_COLOUR ( '', #1752 ) ;
#1730 =( LENGTH_UNIT ( ) NAMED_UNIT ( * ) SI_UNIT ( .MILLI., .METRE. ) );
#1731 = PRESENTATION_LAYER_ASSIGNMENT (  '', '', ( #2719 ) ) ;
#1732 = ORIENTED_EDGE ( 'NONE', *, *, #3692, .F. ) ;
#1733 = ORIENTED_EDGE ( 'NONE', *, *, #2230, .F. ) ;
#1734 = AXIS2_PLACEMENT_3D ( 'NONE', #2357, #958, #1708 ) ;
#1735 = CARTESIAN_POINT ( 'NONE',  ( -0.1000000000000000749, 0.1430000000000000160, 0.7499999999999994449 ) ) ;
#1736 = MECHANICAL_DESIGN_GEOMETRIC_PRESENTATION_REPRESENTATION (  '', ( #313 ), #3697 ) ;
#1737 = CARTESIAN_POINT ( 'NONE',  ( 0.09999999999999942268, 0.2700000000000000178, -0.7499999999999994449 ) ) ;
#1738 = VECTOR ( 'NONE', #1192, 1000.000000000000000 ) ;
#1739 = SURFACE_STYLE_FILL_AREA ( #2790 ) ;
#1740 = VECTOR ( 'NONE', #2898, 1000.000000000000000 ) ;
#1741 = DIRECTION ( 'NONE',  ( 0.000000000000000000, 0.000000000000000000, 1.000000000000000000 ) ) ;
#1742 = FACE_OUTER_BOUND ( 'NONE', #3229, .T. ) ;
#1743 = DIRECTION ( 'NONE',  ( 3.097720492815730617E-16, -0.000000000000000000, -1.000000000000000000 ) ) ;
#1744 = CARTESIAN_POINT ( 'NONE',  ( 0.6500000000000000222, 0.2700000000000000178, 0.09999999999999956146 ) ) ;
#1745 = ORIENTED_EDGE ( 'NONE', *, *, #979, .T. ) ;
#1746 = ORIENTED_EDGE ( 'NONE', *, *, #1693, .T. ) ;
#1747 = ORIENTED_EDGE ( 'NONE', *, *, #2396, .F. ) ;
#1748 = CARTESIAN_POINT ( 'NONE',  ( -0.5000000000000001110, 0.1430000000000000160, 0.5749999999999996225 ) ) ;
#1749 = DIRECTION ( 'NONE',  ( 1.000000000000000000, 0.000000000000000000, 0.000000000000000000 ) ) ;
#1750 = EDGE_CURVE ( 'NONE', #1981, #3943, #3397, .T. ) ;
#1751 = EDGE_CURVE ( 'NONE', #1092, #2814, #4060, .T. ) ;
#1752 = COLOUR_RGB ( '',1.000000000000000000, 1.000000000000000000, 1.000000000000000000 ) ;
#1753 = PLANE ( 'NONE',  #1302 ) ;
#1754 = DIRECTION ( 'NONE',  ( -0.000000000000000000, 0.000000000000000000, 1.000000000000000000 ) ) ;
#1755 = STYLED_ITEM ( 'NONE', ( #1969 ), #3639 ) ;
#1756 = EDGE_CURVE ( 'NONE', #1909, #3790, #4386, .T. ) ;
#1757 = FACE_OUTER_BOUND ( 'NONE', #4244, .T. ) ;
#1758 = ORIENTED_EDGE ( 'NONE', *, *, #825, .T. ) ;
#1759 = CARTESIAN_POINT ( 'NONE',  ( 0.2999999999999993228, 0.1430000000000000160, -0.7499999999999995559 ) ) ;
#1760 = SURFACE_STYLE_FILL_AREA ( #2454 ) ;
#1761 = VECTOR ( 'NONE', #447, 1000.000000000000000 ) ;
#1762 = DIRECTION ( 'NONE',  ( -1.000000000000000000, 0.000000000000000000, 0.000000000000000000 ) ) ;
#1763 = FILL_AREA_STYLE_COLOUR ( '', #1518 ) ;
#1764 = AXIS2_PLACEMENT_3D ( 'NONE', #1217, #1991, #4501 ) ;
#1765 = SURFACE_STYLE_FILL_AREA ( #3605 ) ;
#1766 = ORIENTED_EDGE ( 'NONE', *, *, #2864, .F. ) ;
#1767 = DIRECTION ( 'NONE',  ( -1.000000000000000000, 0.000000000000000000, 5.421010862427527100E-16 ) ) ;
#1768 = CARTESIAN_POINT ( 'NONE',  ( 0.09999999999999976963, 0.1430000000000000160, 0.5749999999999996225 ) ) ;
#1769 = PLANE ( 'NONE',  #783 ) ;
#1770 =( NAMED_UNIT ( * ) SI_UNIT ( $, .STERADIAN. ) SOLID_ANGLE_UNIT ( ) );
#1771 = ORIENTED_EDGE ( 'NONE', *, *, #1556, .T. ) ;
#1772 = UNCERTAINTY_MEASURE_WITH_UNIT (LENGTH_MEASURE( 1.000000000000000082E-05 ), #4016, 'distance_accuracy_value', 'NONE');
#1773 = ORIENTED_EDGE ( 'NONE', *, *, #4677, .F. ) ;
#1774 = ORIENTED_EDGE ( 'NONE', *, *, #325, .T. ) ;
#1775 = PRESENTATION_STYLE_ASSIGNMENT (( #2843 ) ) ;
#1776 = CARTESIAN_POINT ( 'NONE',  ( 0.09999999999999945044, 0.2700000000000000178, -0.5749999999999997335 ) ) ;
#1777 =( LENGTH_UNIT ( ) NAMED_UNIT ( * ) SI_UNIT ( .MILLI., .METRE. ) );
#1778 =( GEOMETRIC_REPRESENTATION_CONTEXT ( 3 ) GLOBAL_UNCERTAINTY_ASSIGNED_CONTEXT ( ( #1815 ) ) GLOBAL_UNIT_ASSIGNED_CONTEXT ( ( #1141, #1922, #2235 ) ) REPRESENTATION_CONTEXT ( 'NONE', 'WORKASPACE' ) );
#1779 = DIRECTION ( 'NONE',  ( -1.000000000000000000, 0.000000000000000000, 1.084202172485505174E-16 ) ) ;
#1780 = ORIENTED_EDGE ( 'NONE', *, *, #1065, .F. ) ;
#1781 = AXIS2_PLACEMENT_3D ( 'NONE', #348, #2086, #1081 ) ;
#1782 = ADVANCED_FACE ( 'NONE', ( #1851 ), #863, .F. ) ;
#1783 = CARTESIAN_POINT ( 'NONE',  ( -0.7500000000000001110, 0.2500000000000000000, 0.7499999999999996669 ) ) ;
#1784 = EDGE_CURVE ( 'NONE', #3832, #1640, #4438, .T. ) ;
#1785 = DIRECTION ( 'NONE',  ( 0.000000000000000000, 0.000000000000000000, 1.000000000000000000 ) ) ;
#1786 = FILL_AREA_STYLE ('',( #356 ) ) ;
#1787 = EDGE_CURVE ( 'NONE', #2829, #4196, #1144, .T. ) ;
#1788 = CARTESIAN_POINT ( 'NONE',  ( -0.6999999999999999556, 0.1430000000000000160, 0.7499999999999996669 ) ) ;
#1789 = DIRECTION ( 'NONE',  ( -0.7071067811865475727, 0.000000000000000000, -0.7071067811865474617 ) ) ;
#1790 =( GEOMETRIC_REPRESENTATION_CONTEXT ( 3 ) GLOBAL_UNCERTAINTY_ASSIGNED_CONTEXT ( ( #3430 ) ) GLOBAL_UNIT_ASSIGNED_CONTEXT ( ( #2082, #687, #4286 ) ) REPRESENTATION_CONTEXT ( 'NONE', 'WORKASPACE' ) );
#1791 = DIRECTION ( 'NONE',  ( 0.000000000000000000, 0.000000000000000000, 1.000000000000000000 ) ) ;
#1792 = VERTEX_POINT ( 'NONE', #3372 ) ;
#1793 = AXIS2_PLACEMENT_3D ( 'NONE', #2433, #1340, #630 ) ;
#1794 = ORIENTED_EDGE ( 'NONE', *, *, #1947, .T. ) ;
#1795 = ORIENTED_EDGE ( 'NONE', *, *, #1345, .T. ) ;
#1796 =( NAMED_UNIT ( * ) SI_UNIT ( $, .STERADIAN. ) SOLID_ANGLE_UNIT ( ) );
#1797 = COLOUR_RGB ( '',1.000000000000000000, 1.000000000000000000, 1.000000000000000000 ) ;
#1798 = FACE_OUTER_BOUND ( 'NONE', #1923, .T. ) ;
#1799 = DIRECTION ( 'NONE',  ( -1.445602896647339163E-16, -0.000000000000000000, -1.000000000000000000 ) ) ;
#1800 = STYLED_ITEM ( 'NONE', ( #2584 ), #1008 ) ;
#1801 = LINE ( 'NONE', #350, #737 ) ;
#1802 = STYLED_ITEM ( 'NONE', ( #1205 ), #1123 ) ;
#1803 =( NAMED_UNIT ( * ) SI_UNIT ( $, .STERADIAN. ) SOLID_ANGLE_UNIT ( ) );
#1804 = CARTESIAN_POINT ( 'NONE',  ( 0.7499999999999998890, -0.2500000000000000000, 0.7499999999999996669 ) ) ;
#1805 = VECTOR ( 'NONE', #2336, 1000.000000000000000 ) ;
#1806 = PLANE ( 'NONE',  #440 ) ;
#1807 = EDGE_CURVE ( 'NONE', #1177, #1184, #3301, .T. ) ;
#1808 = VECTOR ( 'NONE', #4675, 1000.000000000000000 ) ;
#1809 = ORIENTED_EDGE ( 'NONE', *, *, #800, .F. ) ;
#1810 = DIRECTION ( 'NONE',  ( -0.000000000000000000, 1.000000000000000000, 0.000000000000000000 ) ) ;
#1811 = EDGE_CURVE ( 'NONE', #2868, #1320, #1125, .T. ) ;
#1812 = EDGE_CURVE ( 'NONE', #1005, #2739, #1904, .T. ) ;
#1813 = MECHANICAL_DESIGN_GEOMETRIC_PRESENTATION_REPRESENTATION (  '', ( #233 ), #3335 ) ;
#1814 = EDGE_LOOP ( 'NONE', ( #3934, #2376, #3006, #2377 ) ) ;
#1815 = UNCERTAINTY_MEASURE_WITH_UNIT (LENGTH_MEASURE( 1.000000000000000082E-05 ), #1141, 'distance_accuracy_value', 'NONE');
#1816 = CARTESIAN_POINT ( 'NONE',  ( -0.5000000000000001110, 0.1430000000000000160, 0.5749999999999996225 ) ) ;
#1817 = SURFACE_SIDE_STYLE ('',( #2557 ) ) ;
#1818 = SURFACE_STYLE_USAGE ( .BOTH. , #3290 ) ;
#1819 = VERTEX_POINT ( 'NONE', #4418 ) ;
#1820 = LINE ( 'NONE', #4661, #1448 ) ;
#1821 = DIRECTION ( 'NONE',  ( 1.548860246407866048E-16, 0.000000000000000000, 1.000000000000000000 ) ) ;
#1822 = ORIENTED_EDGE ( 'NONE', *, *, #4072, .F. ) ;
#1823 = DIRECTION ( 'NONE',  ( 0.000000000000000000, -0.000000000000000000, 1.000000000000000000 ) ) ;
#1824 = PLANE ( 'NONE',  #3351 ) ;
#1825 = COLOUR_RGB ( '',1.000000000000000000, 1.000000000000000000, 1.000000000000000000 ) ;
#1826 = CARTESIAN_POINT ( 'NONE',  ( 0.2999999999999992673, 0.1430000000000000160, -0.5749999999999997335 ) ) ;
#1827 = CARTESIAN_POINT ( 'NONE',  ( 0.6500000000000000222, 0.2500000000000000000, 0.09999999999999956146 ) ) ;
#1828 = CARTESIAN_POINT ( 'NONE',  ( 0.4500000000000000111, 0.2500000000000000000, 0.3499999999999992006 ) ) ;
#1829 = MECHANICAL_DESIGN_GEOMETRIC_PRESENTATION_REPRESENTATION (  '', ( #2743 ), #2668 ) ;
#1830 = VERTEX_POINT ( 'NONE', #1169 ) ;
#1831 = COLOUR_RGB ( '',1.000000000000000000, 1.000000000000000000, 1.000000000000000000 ) ;
#1832 = DIRECTION ( 'NONE',  ( 0.7071067811865474617, 0.000000000000000000, -0.7071067811865475727 ) ) ;
#1833 = VECTOR ( 'NONE', #14, 1000.000000000000000 ) ;
#1834 = CARTESIAN_POINT ( 'NONE',  ( 0.6500000000000000222, 0.2500000000000000000, -0.1000000000000002137 ) ) ;
#1835 = MECHANICAL_DESIGN_GEOMETRIC_PRESENTATION_REPRESENTATION (  '', ( #4039 ), #1237 ) ;
#1836 = EDGE_LOOP ( 'NONE', ( #3166, #3118, #4235, #4571 ) ) ;
#1837 = ORIENTED_EDGE ( 'NONE', *, *, #27, .F. ) ;
#1838 = ADVANCED_FACE ( 'NONE', ( #3658 ), #1219, .F. ) ;
#1839 = DIRECTION ( 'NONE',  ( 1.445602896647339163E-16, 0.000000000000000000, 1.000000000000000000 ) ) ;
#1840 = FILL_AREA_STYLE ('',( #4657 ) ) ;
#1841 = DIRECTION ( 'NONE',  ( -1.000000000000000000, 0.000000000000000000, 3.097720492815731110E-16 ) ) ;
#1842 = CARTESIAN_POINT ( 'NONE',  ( -0.5000000000000001110, 0.1430000000000000160, 0.5749999999999996225 ) ) ;
#1843 = ORIENTED_EDGE ( 'NONE', *, *, #4620, .F. ) ;
#1844 = DIRECTION ( 'NONE',  ( 1.000000000000000000, 0.000000000000000000, 0.000000000000000000 ) ) ;
#1845 = EDGE_LOOP ( 'NONE', ( #1176, #486, #4654, #366 ) ) ;
#1846 = EDGE_LOOP ( 'NONE', ( #2417, #2978, #1399, #4253 ) ) ;
#1847 =( NAMED_UNIT ( * ) PLANE_ANGLE_UNIT ( ) SI_UNIT ( $, .RADIAN. ) );
#1848 = VERTEX_POINT ( 'NONE', #2061 ) ;
#1849 = SURFACE_STYLE_USAGE ( .BOTH. , #2238 ) ;
#1850 =( LENGTH_UNIT ( ) NAMED_UNIT ( * ) SI_UNIT ( .MILLI., .METRE. ) );
#1851 = FACE_OUTER_BOUND ( 'NONE', #722, .T. ) ;
#1852 = MECHANICAL_DESIGN_GEOMETRIC_PRESENTATION_REPRESENTATION (  '', ( #3903 ), #2842 ) ;
#1853 = ORIENTED_EDGE ( 'NONE', *, *, #2389, .T. ) ;
#1854 = VERTEX_POINT ( 'NONE', #2015 ) ;
#1855 = LINE ( 'NONE', #2552, #624 ) ;
#1856 = DIRECTION ( 'NONE',  ( 0.000000000000000000, -0.000000000000000000, 1.000000000000000000 ) ) ;
#1857 = LINE ( 'NONE', #3403, #4009 ) ;
#1858 = DIRECTION ( 'NONE',  ( -0.000000000000000000, -1.000000000000000000, -0.000000000000000000 ) ) ;
#1859 = VERTEX_POINT ( 'NONE', #4219 ) ;
#1860 = UNCERTAINTY_MEASURE_WITH_UNIT (LENGTH_MEASURE( 1.000000000000000082E-05 ), #1261, 'distance_accuracy_value', 'NONE');
#1861 =( GEOMETRIC_REPRESENTATION_CONTEXT ( 3 ) GLOBAL_UNCERTAINTY_ASSIGNED_CONTEXT ( ( #924 ) ) GLOBAL_UNIT_ASSIGNED_CONTEXT ( ( #2317, #2271, #3752 ) ) REPRESENTATION_CONTEXT ( 'NONE', 'WORKASPACE' ) );
#1862 = DIRECTION ( 'NONE',  ( -1.000000000000000000, 0.000000000000000000, -0.000000000000000000 ) ) ;
#1863 = CARTESIAN_POINT ( 'NONE',  ( 0.000000000000000000, 0.1430000000000000160, 0.000000000000000000 ) ) ;
#1864 = ADVANCED_FACE ( 'NONE', ( #2703 ), #2426, .F. ) ;
#1865 = CARTESIAN_POINT ( 'NONE',  ( -0.5999999999999997558, 0.1430000000000000160, 0.2500000000000000555 ) ) ;
#1866 = FACE_OUTER_BOUND ( 'NONE', #4547, .T. ) ;
#1867 = ORIENTED_EDGE ( 'NONE', *, *, #3753, .F. ) ;
#1868 =( GEOMETRIC_REPRESENTATION_CONTEXT ( 3 ) GLOBAL_UNCERTAINTY_ASSIGNED_CONTEXT ( ( #2771 ) ) GLOBAL_UNIT_ASSIGNED_CONTEXT ( ( #3423, #2980, #912 ) ) REPRESENTATION_CONTEXT ( 'NONE', 'WORKASPACE' ) );
#1869 = DIRECTION ( 'NONE',  ( 1.000000000000000000, 0.000000000000000000, 0.000000000000000000 ) ) ;
#1870 = EDGE_CURVE ( 'NONE', #3959, #3343, #2400, .T. ) ;
#1871 = EDGE_CURVE ( 'NONE', #1551, #4623, #881, .T. ) ;
#1872 = ORIENTED_EDGE ( 'NONE', *, *, #1384, .T. ) ;
#1873 = FILL_AREA_STYLE ('',( #1546 ) ) ;
#1874 = VECTOR ( 'NONE', #1083, 1000.000000000000000 ) ;
#1875 = LINE ( 'NONE', #4040, #3687 ) ;
#1876 = SURFACE_STYLE_USAGE ( .BOTH. , #2975 ) ;
#1877 = CARTESIAN_POINT ( 'NONE',  ( -0.1000000000000000472, 0.2700000000000000178, 0.5749999999999996225 ) ) ;
#1878 = VERTEX_POINT ( 'NONE', #908 ) ;
#1879 = AXIS2_PLACEMENT_3D ( 'NONE', #3889, #640, #4616 ) ;
#1880 = SURFACE_STYLE_USAGE ( .BOTH. , #3801 ) ;
#1881 = ORIENTED_EDGE ( 'NONE', *, *, #73, .T. ) ;
#1882 = DIRECTION ( 'NONE',  ( 1.000000000000000000, -0.000000000000000000, -0.000000000000000000 ) ) ;
#1883 =( NAMED_UNIT ( * ) PLANE_ANGLE_UNIT ( ) SI_UNIT ( $, .RADIAN. ) );
#1884 = LINE ( 'NONE', #3733, #1283 ) ;
#1885 = SURFACE_STYLE_FILL_AREA ( #3781 ) ;
#1886 = VERTEX_POINT ( 'NONE', #598 ) ;
#1887 = STYLED_ITEM ( 'NONE', ( #3567 ), #4647 ) ;
#1888 = ORIENTED_EDGE ( 'NONE', *, *, #402, .F. ) ;
#1889 = MECHANICAL_DESIGN_GEOMETRIC_PRESENTATION_REPRESENTATION (  '', ( #3477 ), #2804 ) ;
#1890 = CARTESIAN_POINT ( 'NONE',  ( -0.5999999999999997558, 0.1430000000000000160, -0.2500000000000000555 ) ) ;
#1891 = DIRECTION ( 'NONE',  ( 0.000000000000000000, -0.000000000000000000, 1.000000000000000000 ) ) ;
#1892 = VECTOR ( 'NONE', #3866, 1000.000000000000000 ) ;
#1893 = CARTESIAN_POINT ( 'NONE',  ( -0.5999999999999997558, 0.1430000000000000160, 0.09999999999999902023 ) ) ;
#1894 = AXIS2_PLACEMENT_3D ( 'NONE', #4119, #4475, #876 ) ;
#1895 = DIRECTION ( 'NONE',  ( -1.000000000000000000, -0.000000000000000000, -0.000000000000000000 ) ) ;
#1896 = ORIENTED_EDGE ( 'NONE', *, *, #3008, .T. ) ;
#1897 = EDGE_CURVE ( 'NONE', #3641, #2058, #1992, .T. ) ;
#1898 = SURFACE_STYLE_FILL_AREA ( #4078 ) ;
#1899 = ORIENTED_EDGE ( 'NONE', *, *, #4208, .F. ) ;
#1900 = PLANE ( 'NONE',  #3119 ) ;
#1901 = FILL_AREA_STYLE_COLOUR ( '', #4183 ) ;
#1902 = ADVANCED_FACE ( 'NONE', ( #3867 ), #192, .F. ) ;
#1903 = DIRECTION ( 'NONE',  ( 7.860465750519903991E-15, 0.000000000000000000, -1.000000000000000000 ) ) ;
#1904 = LINE ( 'NONE', #83, #3983 ) ;
#1905 = DIRECTION ( 'NONE',  ( -0.000000000000000000, -1.000000000000000000, -0.000000000000000000 ) ) ;
#1906 = ORIENTED_EDGE ( 'NONE', *, *, #3581, .F. ) ;
#1907 = AXIS2_PLACEMENT_3D ( 'NONE', #1209, #3712, #1162 ) ;
#1908 = CARTESIAN_POINT ( 'NONE',  ( 0.000000000000000000, 0.1430000000000000160, 0.000000000000000000 ) ) ;
#1909 = VERTEX_POINT ( 'NONE', #2040 ) ;
#1910 =( GEOMETRIC_REPRESENTATION_CONTEXT ( 3 ) GLOBAL_UNCERTAINTY_ASSIGNED_CONTEXT ( ( #590 ) ) GLOBAL_UNIT_ASSIGNED_CONTEXT ( ( #138, #1516, #781 ) ) REPRESENTATION_CONTEXT ( 'NONE', 'WORKASPACE' ) );
#1911 = CARTESIAN_POINT ( 'NONE',  ( -0.2999999999999999889, 0.1430000000000000160, -0.7499999999999994449 ) ) ;
#1912 =( NAMED_UNIT ( * ) PLANE_ANGLE_UNIT ( ) SI_UNIT ( $, .RADIAN. ) );
#1913 = ORIENTED_EDGE ( 'NONE', *, *, #1065, .T. ) ;
#1914 = UNCERTAINTY_MEASURE_WITH_UNIT (LENGTH_MEASURE( 1.000000000000000082E-05 ), #2327, 'distance_accuracy_value', 'NONE');
#1915 = AXIS2_PLACEMENT_3D ( 'NONE', #328, #2786, #2430 ) ;
#1916 =( NAMED_UNIT ( * ) SI_UNIT ( $, .STERADIAN. ) SOLID_ANGLE_UNIT ( ) );
#1917 = DIRECTION ( 'NONE',  ( -0.000000000000000000, -1.000000000000000000, -0.000000000000000000 ) ) ;
#1918 = DIRECTION ( 'NONE',  ( -1.000000000000000000, 0.000000000000000000, 5.421010862427523156E-16 ) ) ;
#1919 = SURFACE_SIDE_STYLE ('',( #3558 ) ) ;
#1920 = ORIENTED_EDGE ( 'NONE', *, *, #3549, .F. ) ;
#1921 = VERTEX_POINT ( 'NONE', #1286 ) ;
#1922 =( NAMED_UNIT ( * ) PLANE_ANGLE_UNIT ( ) SI_UNIT ( $, .RADIAN. ) );
#1923 = EDGE_LOOP ( 'NONE', ( #2349, #2712, #1011, #2053, #4164, #865, #419, #1043, #1702, #3431, #2436, #1387, #502, #1690, #1376, #1074 ) ) ;
#1924 = CARTESIAN_POINT ( 'NONE',  ( 0.6500000000000000222, 0.2500000000000000000, 0.09999999999999956146 ) ) ;
#1925 = EDGE_CURVE ( 'NONE', #2795, #3665, #3461, .T. ) ;
#1926 = ORIENTED_EDGE ( 'NONE', *, *, #2970, .F. ) ;
#1927 = PLANE ( 'NONE',  #101 ) ;
#1928 = CARTESIAN_POINT ( 'NONE',  ( -0.5000000000000001110, 0.2500000000000000000, 0.5749999999999996225 ) ) ;
#1929 =( GEOMETRIC_REPRESENTATION_CONTEXT ( 3 ) GLOBAL_UNCERTAINTY_ASSIGNED_CONTEXT ( ( #3246 ) ) GLOBAL_UNIT_ASSIGNED_CONTEXT ( ( #3919, #3560, #2828 ) ) REPRESENTATION_CONTEXT ( 'NONE', 'WORKASPACE' ) );
#1930 = FACE_OUTER_BOUND ( 'NONE', #1721, .T. ) ;
#1931 = ORIENTED_EDGE ( 'NONE', *, *, #223, .F. ) ;
#1932 = EDGE_CURVE ( 'NONE', #2018, #1405, #1654, .T. ) ;
#1933 = AXIS2_PLACEMENT_3D ( 'NONE', #2239, #2951, #2291 ) ;
#1934 = CARTESIAN_POINT ( 'NONE',  ( -0.5000000000000000000, 0.2700000000000000178, -0.7499999999999996669 ) ) ;
#1935 = PLANE ( 'NONE',  #4364 ) ;
#1936 = CARTESIAN_POINT ( 'NONE',  ( -0.5000000000000001110, 0.1430000000000000160, -0.5749999999999996225 ) ) ;
#1937 = LINE ( 'NONE', #4099, #2809 ) ;
#1938 = ORIENTED_EDGE ( 'NONE', *, *, #2950, .T. ) ;
#1939 = FILL_AREA_STYLE_COLOUR ( '', #505 ) ;
#1940 = DIRECTION ( 'NONE',  ( -1.000000000000000000, 0.000000000000000000, -0.000000000000000000 ) ) ;
#1941 = VECTOR ( 'NONE', #3485, 1000.000000000000000 ) ;
#1942 = VECTOR ( 'NONE', #2760, 1000.000000000000000 ) ;
#1943 = EDGE_LOOP ( 'NONE', ( #3112, #1594, #622, #3177, #3417, #332, #4570, #744, #1896, #2841, #708, #4359, #1470, #2850, #3490, #1671, #2006, #2025, #592, #953 ) ) ;
#1944 = EDGE_LOOP ( 'NONE', ( #4579, #1417, #2243, #4659 ) ) ;
#1945 = ORIENTED_EDGE ( 'NONE', *, *, #1657, .T. ) ;
#1946 = DIRECTION ( 'NONE',  ( 1.000000000000000000, 0.000000000000000000, -0.000000000000000000 ) ) ;
#1947 = EDGE_CURVE ( 'NONE', #1222, #4259, #4569, .T. ) ;
#1948 = CARTESIAN_POINT ( 'NONE',  ( -0.4999999999999996669, 0.2700000000000000178, 0.3500000000000000333 ) ) ;
#1949 = DIRECTION ( 'NONE',  ( 1.000000000000000000, -0.000000000000000000, 7.860465750519903991E-15 ) ) ;
#1950 = COLOUR_RGB ( '',1.000000000000000000, 1.000000000000000000, 1.000000000000000000 ) ;
#1951 = UNCERTAINTY_MEASURE_WITH_UNIT (LENGTH_MEASURE( 1.000000000000000082E-05 ), #3627, 'distance_accuracy_value', 'NONE');
#1952 = LINE ( 'NONE', #4401, #991 ) ;
#1953 = DIRECTION ( 'NONE',  ( -0.000000000000000000, -0.000000000000000000, 1.000000000000000000 ) ) ;
#1954 = EDGE_CURVE ( 'NONE', #2051, #516, #297, .T. ) ;
#1955 = DIRECTION ( 'NONE',  ( -0.000000000000000000, -1.000000000000000000, -0.000000000000000000 ) ) ;
#1956 = VECTOR ( 'NONE', #3094, 1000.000000000000000 ) ;
#1957 = STYLED_ITEM ( 'NONE', ( #3500 ), #1265 ) ;
#1958 = DIRECTION ( 'NONE',  ( 6.195440985631453345E-16, 0.000000000000000000, -1.000000000000000000 ) ) ;
#1959 = VECTOR ( 'NONE', #4521, 1000.000000000000000 ) ;
#1960 = ORIENTED_EDGE ( 'NONE', *, *, #1098, .T. ) ;
#1961 = CARTESIAN_POINT ( 'NONE',  ( -0.7500000000000001110, 0.2500000000000000000, 0.7499999999999996669 ) ) ;
#1962 = VECTOR ( 'NONE', #319, 1000.000000000000000 ) ;
#1963 = FACE_OUTER_BOUND ( 'NONE', #2512, .T. ) ;
#1964 = PLANE ( 'NONE',  #1063 ) ;
#1965 = FILL_AREA_STYLE_COLOUR ( '', #2799 ) ;
#1966 = CARTESIAN_POINT ( 'NONE',  ( 0.6500000000000000222, 0.2700000000000000178, 0.09999999999999956146 ) ) ;
#1967 = DIRECTION ( 'NONE',  ( 3.097720492815730617E-16, 0.000000000000000000, 1.000000000000000000 ) ) ;
#1968 = FACE_OUTER_BOUND ( 'NONE', #3198, .T. ) ;
#1969 = PRESENTATION_STYLE_ASSIGNMENT (( #4114 ) ) ;
#1970 = PLANE ( 'NONE',  #707 ) ;
#1971 =( LENGTH_UNIT ( ) NAMED_UNIT ( * ) SI_UNIT ( .MILLI., .METRE. ) );
#1972 = MECHANICAL_DESIGN_GEOMETRIC_PRESENTATION_REPRESENTATION (  '', ( #4478 ), #553 ) ;
#1973 = LINE ( 'NONE', #3427, #2876 ) ;
#1974 = STYLED_ITEM ( 'NONE', ( #3620 ), #3213 ) ;
#1975 = LINE ( 'NONE', #3521, #4375 ) ;
#1976 = CARTESIAN_POINT ( 'NONE',  ( -0.5999999999999997558, 0.1430000000000000160, -0.09999999999999967248 ) ) ;
#1977 = VECTOR ( 'NONE', #37, 1000.000000000000000 ) ;
#1978 = ADVANCED_FACE ( 'NONE', ( #1757 ), #4316, .F. ) ;
#1979 = ADVANCED_FACE ( 'NONE', ( #2160 ), #3186, .F. ) ;
#1980 = FILL_AREA_STYLE_COLOUR ( '', #4331 ) ;
#1981 = VERTEX_POINT ( 'NONE', #3209 ) ;
#1982 = ORIENTED_EDGE ( 'NONE', *, *, #3576, .F. ) ;
#1983 = MECHANICAL_DESIGN_GEOMETRIC_PRESENTATION_REPRESENTATION (  '', ( #2825 ), #2903 ) ;
#1984 = CARTESIAN_POINT ( 'NONE',  ( -0.1000000000000000472, 0.1430000000000000160, -0.5749999999999996225 ) ) ;
#1985 = ORIENTED_EDGE ( 'NONE', *, *, #1173, .T. ) ;
#1986 = AXIS2_PLACEMENT_3D ( 'NONE', #3190, #3873, #2762 ) ;
#1987 = PRESENTATION_STYLE_ASSIGNMENT (( #559 ) ) ;
#1988 = VECTOR ( 'NONE', #1395, 1000.000000000000000 ) ;
#1989 = EDGE_CURVE ( 'NONE', #2745, #1854, #3228, .T. ) ;
#1990 = FILL_AREA_STYLE ('',( #3529 ) ) ;
#1991 = DIRECTION ( 'NONE',  ( -0.000000000000000000, 1.000000000000000000, 0.000000000000000000 ) ) ;
#1992 = LINE ( 'NONE', #2328, #3674 ) ;
#1993 = ORIENTED_EDGE ( 'NONE', *, *, #681, .F. ) ;
#1994 = CARTESIAN_POINT ( 'NONE',  ( -0.5999999999999997558, 0.1430000000000000160, -0.09999999999999967248 ) ) ;
#1995 =( LENGTH_UNIT ( ) NAMED_UNIT ( * ) SI_UNIT ( .MILLI., .METRE. ) );
#1996 = DIRECTION ( 'NONE',  ( 1.000000000000000000, 0.000000000000000000, 0.000000000000000000 ) ) ;
#1997 = CARTESIAN_POINT ( 'NONE',  ( 0.4999999999999998890, 0.1430000000000000160, -0.2500000000000001665 ) ) ;
#1998 = VECTOR ( 'NONE', #1869, 1000.000000000000000 ) ;
#1999 = FACE_OUTER_BOUND ( 'NONE', #267, .T. ) ;
#2000 = CARTESIAN_POINT ( 'NONE',  ( -0.5999999999999997558, 0.1430000000000000160, 0.09999999999999902023 ) ) ;
#2001 =( NAMED_UNIT ( * ) SI_UNIT ( $, .STERADIAN. ) SOLID_ANGLE_UNIT ( ) );
#2002 = ORIENTED_EDGE ( 'NONE', *, *, #3555, .F. ) ;
#2003 = UNCERTAINTY_MEASURE_WITH_UNIT (LENGTH_MEASURE( 1.000000000000000082E-05 ), #2929, 'distance_accuracy_value', 'NONE');
#2004 = AXIS2_PLACEMENT_3D ( 'NONE', #2351, #3797, #1631 ) ;
#2005 = CARTESIAN_POINT ( 'NONE',  ( -0.1000000000000000749, 0.2700000000000000178, 0.7499999999999994449 ) ) ;
#2006 = ORIENTED_EDGE ( 'NONE', *, *, #3600, .F. ) ;
#2007 = PRESENTATION_STYLE_ASSIGNMENT (( #970 ) ) ;
#2008 = EDGE_CURVE ( 'NONE', #1705, #2017, #3599, .T. ) ;
#2009 = ADVANCED_FACE ( 'NONE', ( #4596 ), #2902, .F. ) ;
#2010 = LINE ( 'NONE', #169, #575 ) ;
#2011 =( NAMED_UNIT ( * ) PLANE_ANGLE_UNIT ( ) SI_UNIT ( $, .RADIAN. ) );
#2012 = STYLED_ITEM ( 'NONE', ( #1411 ), #2253 ) ;
#2013 = ADVANCED_FACE ( 'NONE', ( #4621 ), #1415, .F. ) ;
#2014 = EDGE_CURVE ( 'NONE', #1407, #4328, #2945, .T. ) ;
#2015 = CARTESIAN_POINT ( 'NONE',  ( 0.4999999999999997780, 0.2500000000000000000, 0.7499999999999996669 ) ) ;
#2016 = DIRECTION ( 'NONE',  ( 0.000000000000000000, -0.000000000000000000, 1.000000000000000000 ) ) ;
#2017 = VERTEX_POINT ( 'NONE', #808 ) ;
#2018 = VERTEX_POINT ( 'NONE', #3016 ) ;
#2019 = VECTOR ( 'NONE', #1061, 1000.000000000000000 ) ;
#2020 = CARTESIAN_POINT ( 'NONE',  ( 0.4999999999999994449, 0.2700000000000000178, -0.5749999999999997335 ) ) ;
#2021 = VERTEX_POINT ( 'NONE', #1187 ) ;
#2022 = FACE_OUTER_BOUND ( 'NONE', #2955, .T. ) ;
#2023 = VECTOR ( 'NONE', #3211, 1000.000000000000000 ) ;
#2024 = FACE_OUTER_BOUND ( 'NONE', #3535, .T. ) ;
#2025 = ORIENTED_EDGE ( 'NONE', *, *, #4480, .T. ) ;
#2026 = CARTESIAN_POINT ( 'NONE',  ( -0.1000000000000000749, 0.2700000000000000178, -0.7499999999999994449 ) ) ;
#2027 = LINE ( 'NONE', #4257, #219 ) ;
#2028 = ORIENTED_EDGE ( 'NONE', *, *, #570, .F. ) ;
#2029 = VECTOR ( 'NONE', #4471, 1000.000000000000000 ) ;
#2030 = CARTESIAN_POINT ( 'NONE',  ( 0.6999999999999997335, 0.1430000000000000160, 0.5749999999999996225 ) ) ;
#2031 = ORIENTED_EDGE ( 'NONE', *, *, #1207, .F. ) ;
#2032 = MECHANICAL_DESIGN_GEOMETRIC_PRESENTATION_REPRESENTATION (  '', ( #1887 ), #1649 ) ;
#2033 = CARTESIAN_POINT ( 'NONE',  ( 0.6500000000000000222, 0.2700000000000000178, -0.1000000000000002137 ) ) ;
#2034 = AXIS2_PLACEMENT_3D ( 'NONE', #2728, #3184, #2374 ) ;
#2035 = EDGE_CURVE ( 'NONE', #3561, #3467, #1544, .T. ) ;
#2036 = LINE ( 'NONE', #3484, #477 ) ;
#2037 = ADVANCED_FACE ( 'NONE', ( #1502 ), #2921, .F. ) ;
#2038 = MECHANICAL_DESIGN_GEOMETRIC_PRESENTATION_REPRESENTATION (  '', ( #3698 ), #1208 ) ;
#2039 = PRESENTATION_LAYER_ASSIGNMENT (  '', '', ( #4014 ) ) ;
#2040 = CARTESIAN_POINT ( 'NONE',  ( 0.5999999999999998668, 0.2500000000000000000, -0.2500000000000002220 ) ) ;
#2041 = FILL_AREA_STYLE_COLOUR ( '', #1118 ) ;
#2042 = ORIENTED_EDGE ( 'NONE', *, *, #4479, .T. ) ;
#2043 = VERTEX_POINT ( 'NONE', #462 ) ;
#2044 = EDGE_CURVE ( 'NONE', #4400, #1220, #2209, .T. ) ;
#2045 = LINE ( 'NONE', #984, #3610 ) ;
#2046 = DIRECTION ( 'NONE',  ( 3.097720492815730617E-16, -0.000000000000000000, 1.000000000000000000 ) ) ;
#2047 = CARTESIAN_POINT ( 'NONE',  ( 0.09999999999999985290, 0.2700000000000000178, 0.7499999999999994449 ) ) ;
#2048 = ORIENTED_EDGE ( 'NONE', *, *, #2333, .T. ) ;
#2049 = FACE_OUTER_BOUND ( 'NONE', #2466, .T. ) ;
#2050 = UNCERTAINTY_MEASURE_WITH_UNIT (LENGTH_MEASURE( 1.000000000000000082E-05 ), #442, 'distance_accuracy_value', 'NONE');
#2051 = VERTEX_POINT ( 'NONE', #2634 ) ;
#2052 =( GEOMETRIC_REPRESENTATION_CONTEXT ( 3 ) GLOBAL_UNCERTAINTY_ASSIGNED_CONTEXT ( ( #3754 ) ) GLOBAL_UNIT_ASSIGNED_CONTEXT ( ( #617, #295, #1628 ) ) REPRESENTATION_CONTEXT ( 'NONE', 'WORKASPACE' ) );
#2053 = ORIENTED_EDGE ( 'NONE', *, *, #3319, .F. ) ;
#2054 = LINE ( 'NONE', #968, #3858 ) ;
#2055 = VERTEX_POINT ( 'NONE', #1522 ) ;
#2056 = LINE ( 'NONE', #2033, #4519 ) ;
#2057 = PRESENTATION_LAYER_ASSIGNMENT (  '', '', ( #3355 ) ) ;
#2058 = VERTEX_POINT ( 'NONE', #4383 ) ;
#2059 = FILL_AREA_STYLE_COLOUR ( '', #907 ) ;
#2060 = VECTOR ( 'NONE', #398, 1000.000000000000000 ) ;
#2061 = CARTESIAN_POINT ( 'NONE',  ( 0.09999999999999985290, 0.1430000000000000160, 0.7499999999999994449 ) ) ;
#2062 = EDGE_LOOP ( 'NONE', ( #382, #1398, #580, #1477 ) ) ;
#2063 = VERTEX_POINT ( 'NONE', #120 ) ;
#2064 = DIRECTION ( 'NONE',  ( 0.000000000000000000, 1.000000000000000000, 0.000000000000000000 ) ) ;
#2065 = FILL_AREA_STYLE ('',( #4574 ) ) ;
#2066 = DIRECTION ( 'NONE',  ( -0.000000000000000000, 1.000000000000000000, -0.000000000000000000 ) ) ;
#2067 = DIRECTION ( 'NONE',  ( -1.000000000000000000, -0.000000000000000000, -0.000000000000000000 ) ) ;
#2068 = PLANE ( 'NONE',  #1793 ) ;
#2069 = EDGE_CURVE ( 'NONE', #1005, #1184, #2261, .T. ) ;
#2070 = ORIENTED_EDGE ( 'NONE', *, *, #461, .F. ) ;
#2071 = CARTESIAN_POINT ( 'NONE',  ( 0.2999999999999993228, 0.2700000000000000178, -0.7499999999999995559 ) ) ;
#2072 =( NAMED_UNIT ( * ) PLANE_ANGLE_UNIT ( ) SI_UNIT ( $, .RADIAN. ) );
#2073 = CARTESIAN_POINT ( 'NONE',  ( -0.2999999999999999334, 0.1430000000000000160, -0.5749999999999996225 ) ) ;
#2074 = CARTESIAN_POINT ( 'NONE',  ( 0.4999999999999998890, 0.2700000000000000178, 0.5749999999999996225 ) ) ;
#2075 = ADVANCED_FACE ( 'NONE', ( #787 ), #2608, .F. ) ;
#2076 = ADVANCED_FACE ( 'NONE', ( #1214 ), #3649, .F. ) ;
#2077 = VERTEX_POINT ( 'NONE', #3274 ) ;
#2078 = ORIENTED_EDGE ( 'NONE', *, *, #3065, .T. ) ;
#2079 =( LENGTH_UNIT ( ) NAMED_UNIT ( * ) SI_UNIT ( .MILLI., .METRE. ) );
#2080 = VERTEX_POINT ( 'NONE', #1485 ) ;
#2081 = PLANE ( 'NONE',  #142 ) ;
#2082 =( LENGTH_UNIT ( ) NAMED_UNIT ( * ) SI_UNIT ( .MILLI., .METRE. ) );
#2083 = AXIS2_PLACEMENT_3D ( 'NONE', #3062, #509, #3815 ) ;
#2084 = DIRECTION ( 'NONE',  ( -1.000000000000000000, 0.000000000000000000, 0.000000000000000000 ) ) ;
#2085 = SURFACE_STYLE_USAGE ( .BOTH. , #4169 ) ;
#2086 = DIRECTION ( 'NONE',  ( -1.000000000000000000, 0.000000000000000000, 0.000000000000000000 ) ) ;
#2087 = ORIENTED_EDGE ( 'NONE', *, *, #3838, .F. ) ;
#2088 = ORIENTED_EDGE ( 'NONE', *, *, #1393, .F. ) ;
#2089 = FACE_OUTER_BOUND ( 'NONE', #3933, .T. ) ;
#2090 = VECTOR ( 'NONE', #1639, 1000.000000000000000 ) ;
#2091 = ORIENTED_EDGE ( 'NONE', *, *, #3353, .T. ) ;
#2092 =( NAMED_UNIT ( * ) PLANE_ANGLE_UNIT ( ) SI_UNIT ( $, .RADIAN. ) );
#2093 = DIRECTION ( 'NONE',  ( -0.000000000000000000, -1.000000000000000000, -0.000000000000000000 ) ) ;
#2094 = LINE ( 'NONE', #3847, #807 ) ;
#2095 = STYLED_ITEM ( 'NONE', ( #4462 ), #2509 ) ;
#2096 = ORIENTED_EDGE ( 'NONE', *, *, #3555, .T. ) ;
#2097 = EDGE_LOOP ( 'NONE', ( #3699, #1624, #1773, #1349 ) ) ;
#2098 = VECTOR ( 'NONE', #1917, 1000.000000000000000 ) ;
#2099 = CARTESIAN_POINT ( 'NONE',  ( -0.5999999999999997558, 0.2700000000000000178, -0.2500000000000000555 ) ) ;
#2100 = EDGE_CURVE ( 'NONE', #3665, #3394, #4358, .T. ) ;
#2101 = EDGE_CURVE ( 'NONE', #299, #358, #50, .T. ) ;
#2102 = VECTOR ( 'NONE', #1082, 1000.000000000000000 ) ;
#2103 =( LENGTH_UNIT ( ) NAMED_UNIT ( * ) SI_UNIT ( .MILLI., .METRE. ) );
#2104 = LINE ( 'NONE', #3263, #2218 ) ;
#2105 = CARTESIAN_POINT ( 'NONE',  ( 0.2999999999999992673, 0.2700000000000000178, 0.5749999999999996225 ) ) ;
#2106 = PRESENTATION_LAYER_ASSIGNMENT (  '', '', ( #2705 ) ) ;
#2107 = EDGE_CURVE ( 'NONE', #4623, #1848, #3320, .T. ) ;
#2108 =( NAMED_UNIT ( * ) PLANE_ANGLE_UNIT ( ) SI_UNIT ( $, .RADIAN. ) );
#2109 = CARTESIAN_POINT ( 'NONE',  ( 0.5999999999999999778, 0.1430000000000000160, 0.09999999999999915901 ) ) ;
#2110 = LINE ( 'NONE', #3481, #383 ) ;
#2111 = DIRECTION ( 'NONE',  ( 1.000000000000000000, 0.000000000000000000, 6.195440985631453345E-16 ) ) ;
#2112 = PRESENTATION_LAYER_ASSIGNMENT (  '', '', ( #2335 ) ) ;
#2113 = CARTESIAN_POINT ( 'NONE',  ( -0.4999999999999996669, 0.2700000000000000178, 0.2500000000000000555 ) ) ;
#2114 = DIRECTION ( 'NONE',  ( -0.000000000000000000, 1.000000000000000000, -0.000000000000000000 ) ) ;
#2115 = VECTOR ( 'NONE', #3173, 1000.000000000000000 ) ;
#2116 = VERTEX_POINT ( 'NONE', #186 ) ;
#2117 = CARTESIAN_POINT ( 'NONE',  ( -0.2999999999999994338, 0.1430000000000000160, 0.7499999999999994449 ) ) ;
#2118 = DIRECTION ( 'NONE',  ( 0.000000000000000000, 0.000000000000000000, 1.000000000000000000 ) ) ;
#2119 =( NAMED_UNIT ( * ) PLANE_ANGLE_UNIT ( ) SI_UNIT ( $, .RADIAN. ) );
#2120 = STYLED_ITEM ( 'NONE', ( #469 ), #1782 ) ;
#2121 = CARTESIAN_POINT ( 'NONE',  ( -0.5000000000000000000, 0.2700000000000000178, 0.7499999999999996669 ) ) ;
#2122 = VECTOR ( 'NONE', #2175, 1000.000000000000000 ) ;
#2123 = VERTEX_POINT ( 'NONE', #1961 ) ;
#2124 = CARTESIAN_POINT ( 'NONE',  ( -0.5000000000000001110, 0.1430000000000000160, -0.5749999999999996225 ) ) ;
#2125 = SURFACE_STYLE_FILL_AREA ( #3262 ) ;
#2126 =( LENGTH_UNIT ( ) NAMED_UNIT ( * ) SI_UNIT ( .MILLI., .METRE. ) );
#2127 = CARTESIAN_POINT ( 'NONE',  ( 0.6999999999999992895, 0.1430000000000000160, -0.7499999999999998890 ) ) ;
#2128 = ORIENTED_EDGE ( 'NONE', *, *, #2510, .T. ) ;
#2129 = ORIENTED_EDGE ( 'NONE', *, *, #2623, .T. ) ;
#2130 = LINE ( 'NONE', #2154, #3707 ) ;
#2131 = FACE_OUTER_BOUND ( 'NONE', #911, .T. ) ;
#2132 = DIRECTION ( 'NONE',  ( -1.000000000000000000, -0.000000000000000000, -0.000000000000000000 ) ) ;
#2133 = CLOSED_SHELL ( 'NONE', ( #2431, #861, #3812, #1008, #2395, #2894 ) ) ;
#2134 = DIRECTION ( 'NONE',  ( -0.000000000000000000, 1.000000000000000000, -0.000000000000000000 ) ) ;
#2135 = EDGE_CURVE ( 'NONE', #1621, #3144, #214, .T. ) ;
#2136 = PRESENTATION_LAYER_ASSIGNMENT (  '', '', ( #4170 ) ) ;
#2137 = FACE_OUTER_BOUND ( 'NONE', #2202, .T. ) ;
#2138 = PRESENTATION_LAYER_ASSIGNMENT (  '', '', ( #1674 ) ) ;
#2139 = VECTOR ( 'NONE', #3588, 1000.000000000000000 ) ;
#2140 = FILL_AREA_STYLE ('',( #3623 ) ) ;
#2141 = EDGE_CURVE ( 'NONE', #1645, #3731, #2010, .T. ) ;
#2142 = VERTEX_POINT ( 'NONE', #2698 ) ;
#2143 =( GEOMETRIC_REPRESENTATION_CONTEXT ( 3 ) GLOBAL_UNCERTAINTY_ASSIGNED_CONTEXT ( ( #1951 ) ) GLOBAL_UNIT_ASSIGNED_CONTEXT ( ( #3627, #351, #1442 ) ) REPRESENTATION_CONTEXT ( 'NONE', 'WORKASPACE' ) );
#2144 = DIRECTION ( 'NONE',  ( -6.195440985631453345E-16, -0.000000000000000000, 1.000000000000000000 ) ) ;
#2145 = MECHANICAL_DESIGN_GEOMETRIC_PRESENTATION_REPRESENTATION (  '', ( #2371 ), #340 ) ;
#2146 = PLANE ( 'NONE',  #4290 ) ;
#2147 = ORIENTED_EDGE ( 'NONE', *, *, #372, .F. ) ;
#2148 = LINE ( 'NONE', #2956, #1151 ) ;
#2149 = SURFACE_SIDE_STYLE ('',( #2531 ) ) ;
#2150 = PLANE ( 'NONE',  #311 ) ;
#2151 = ORIENTED_EDGE ( 'NONE', *, *, #3414, .F. ) ;
#2152 = UNCERTAINTY_MEASURE_WITH_UNIT (LENGTH_MEASURE( 1.000000000000000082E-05 ), #2756, 'distance_accuracy_value', 'NONE');
#2153 = VERTEX_POINT ( 'NONE', #3418 ) ;
#2154 = CARTESIAN_POINT ( 'NONE',  ( 0.09999999999999945044, 0.1430000000000000160, -0.5749999999999997335 ) ) ;
#2155 = LINE ( 'NONE', #3203, #682 ) ;
#2156 = FILL_AREA_STYLE_COLOUR ( '', #3090 ) ;
#2157 = MANIFOLD_SOLID_BREP ( 'Boss-Extrude2[4]', #4167 ) ;
#2158 = CARTESIAN_POINT ( 'NONE',  ( 0.4999999999999997780, 0.1430000000000000160, 0.7499999999999996669 ) ) ;
#2159 = ADVANCED_FACE ( 'NONE', ( #4477 ), #2372, .F. ) ;
#2160 = FACE_OUTER_BOUND ( 'NONE', #3451, .T. ) ;
#2161 =( GEOMETRIC_REPRESENTATION_CONTEXT ( 3 ) GLOBAL_UNCERTAINTY_ASSIGNED_CONTEXT ( ( #1772 ) ) GLOBAL_UNIT_ASSIGNED_CONTEXT ( ( #4016, #275, #1262 ) ) REPRESENTATION_CONTEXT ( 'NONE', 'WORKASPACE' ) );
#2162 = EDGE_CURVE ( 'NONE', #818, #36, #187, .T. ) ;
#2163 = ADVANCED_FACE ( 'NONE', ( #3456 ), #1236, .F. ) ;
#2164 = SURFACE_STYLE_USAGE ( .BOTH. , #2833 ) ;
#2165 = SURFACE_STYLE_USAGE ( .BOTH. , #4644 ) ;
#2166 = FILL_AREA_STYLE_COLOUR ( '', #1498 ) ;
#2167 = ORIENTED_EDGE ( 'NONE', *, *, #2863, .F. ) ;
#2168 =( LENGTH_UNIT ( ) NAMED_UNIT ( * ) SI_UNIT ( .MILLI., .METRE. ) );
#2169 = CARTESIAN_POINT ( 'NONE',  ( -0.6499999999999998002, 0.1430000000000000160, 0.09999999999999939493 ) ) ;
#2170 = SURFACE_STYLE_FILL_AREA ( #2532 ) ;
#2171 = VECTOR ( 'NONE', #2134, 1000.000000000000000 ) ;
#2172 = ORIENTED_EDGE ( 'NONE', *, *, #2623, .F. ) ;
#2173 = VECTOR ( 'NONE', #2189, 1000.000000000000000 ) ;
#2174 = FACE_OUTER_BOUND ( 'NONE', #386, .T. ) ;
#2175 = DIRECTION ( 'NONE',  ( -1.000000000000000000, 0.000000000000000000, 0.000000000000000000 ) ) ;
#2176 = CARTESIAN_POINT ( 'NONE',  ( -0.6999999999999999556, 0.1430000000000000160, -0.7499999999999996669 ) ) ;
#2177 = VECTOR ( 'NONE', #4667, 1000.000000000000000 ) ;
#2178 = SURFACE_STYLE_USAGE ( .BOTH. , #3597 ) ;
#2179 = FACE_OUTER_BOUND ( 'NONE', #3096, .T. ) ;
#2180 =( NAMED_UNIT ( * ) SI_UNIT ( $, .STERADIAN. ) SOLID_ANGLE_UNIT ( ) );
#2181 =( GEOMETRIC_REPRESENTATION_CONTEXT ( 3 ) GLOBAL_UNCERTAINTY_ASSIGNED_CONTEXT ( ( #4187 ) ) GLOBAL_UNIT_ASSIGNED_CONTEXT ( ( #423, #837, #4437 ) ) REPRESENTATION_CONTEXT ( 'NONE', 'WORKASPACE' ) );
#2182 = ORIENTED_EDGE ( 'NONE', *, *, #1750, .F. ) ;
#2183 = EDGE_CURVE ( 'NONE', #806, #1388, #4121, .T. ) ;
#2184 = LINE ( 'NONE', #4013, #2177 ) ;
#2185 = VECTOR ( 'NONE', #1918, 1000.000000000000000 ) ;
#2186 = SURFACE_STYLE_FILL_AREA ( #1505 ) ;
#2187 = CARTESIAN_POINT ( 'NONE',  ( 0.09999999999999985290, 0.2500000000000000000, 0.7499999999999994449 ) ) ;
#2188 = DIRECTION ( 'NONE',  ( -1.000000000000000000, 0.000000000000000000, -0.000000000000000000 ) ) ;
#2189 = DIRECTION ( 'NONE',  ( 1.000000000000000000, 0.000000000000000000, 0.000000000000000000 ) ) ;
#2190 = ORIENTED_EDGE ( 'NONE', *, *, #4214, .T. ) ;
#2191 = EDGE_CURVE ( 'NONE', #3533, #1028, #3963, .T. ) ;
#2192 = VECTOR ( 'NONE', #2645, 1000.000000000000000 ) ;
#2193 = ADVANCED_FACE ( 'NONE', ( #4241 ), #2465, .F. ) ;
#2194 = VERTEX_POINT ( 'NONE', #3577 ) ;
#2195 = VECTOR ( 'NONE', #1308, 1000.000000000000000 ) ;
#2196 = FACE_OUTER_BOUND ( 'NONE', #2464, .T. ) ;
#2197 = APPLICATION_PROTOCOL_DEFINITION ( 'draft international standard', 'automotive_design', 1998, #3509 ) ;
#2198 = CARTESIAN_POINT ( 'NONE',  ( 0.4999999999999998890, 0.1430000000000000160, 0.5749999999999996225 ) ) ;
#2199 = MANIFOLD_SOLID_BREP ( 'Boss-Extrude2[2]', #2133 ) ;
#2200 = DIRECTION ( 'NONE',  ( -1.000000000000000000, 0.000000000000000000, -1.548860246407865555E-16 ) ) ;
#2201 = PRESENTATION_LAYER_ASSIGNMENT (  '', '', ( #233 ) ) ;
#2202 = EDGE_LOOP ( 'NONE', ( #2330, #3550, #1538, #1758 ) ) ;
#2203 = EDGE_LOOP ( 'NONE', ( #317, #612, #4410, #1853 ) ) ;
#2204 = DIRECTION ( 'NONE',  ( -0.000000000000000000, -0.000000000000000000, 1.000000000000000000 ) ) ;
#2205 = CARTESIAN_POINT ( 'NONE',  ( 0.2999999999999992673, 0.2500000000000000000, 0.5749999999999996225 ) ) ;
#2206 =( NAMED_UNIT ( * ) PLANE_ANGLE_UNIT ( ) SI_UNIT ( $, .RADIAN. ) );
#2207 = CLOSED_SHELL ( 'NONE', ( #490, #3639, #3064, #3237, #3640, #4122 ) ) ;
#2208 = DIRECTION ( 'NONE',  ( 0.000000000000000000, 0.000000000000000000, 1.000000000000000000 ) ) ;
#2209 = LINE ( 'NONE', #100, #721 ) ;
#2210 = VERTEX_POINT ( 'NONE', #4618 ) ;
#2211 = CARTESIAN_POINT ( 'NONE',  ( 0.7499999999999998890, 0.2500000000000000000, 0.7499999999999996669 ) ) ;
#2212 = DIRECTION ( 'NONE',  ( 0.000000000000000000, 1.000000000000000000, 0.000000000000000000 ) ) ;
#2213 = FACE_OUTER_BOUND ( 'NONE', #1845, .T. ) ;
#2214 = DIRECTION ( 'NONE',  ( 0.000000000000000000, 0.000000000000000000, -1.000000000000000000 ) ) ;
#2215 =( NAMED_UNIT ( * ) SI_UNIT ( $, .STERADIAN. ) SOLID_ANGLE_UNIT ( ) );
#2216 = PRESENTATION_LAYER_ASSIGNMENT (  '', '', ( #3347 ) ) ;
#2217 = ORIENTED_EDGE ( 'NONE', *, *, #712, .F. ) ;
#2218 = VECTOR ( 'NONE', #1743, 1000.000000000000000 ) ;
#2219 = LINE ( 'NONE', #87, #1603 ) ;
#2220 = FACE_OUTER_BOUND ( 'NONE', #1723, .T. ) ;
#2221 = ADVANCED_FACE ( 'NONE', ( #2959 ), #1352, .F. ) ;
#2222 = CARTESIAN_POINT ( 'NONE',  ( -0.6999999999999999556, 0.2700000000000000178, 0.5749999999999996225 ) ) ;
#2223 = PRESENTATION_STYLE_ASSIGNMENT (( #2803 ) ) ;
#2224 =( GEOMETRIC_REPRESENTATION_CONTEXT ( 3 ) GLOBAL_UNCERTAINTY_ASSIGNED_CONTEXT ( ( #1495 ) ) GLOBAL_UNIT_ASSIGNED_CONTEXT ( ( #3777, #2092, #697 ) ) REPRESENTATION_CONTEXT ( 'NONE', 'WORKASPACE' ) );
#2225 = EDGE_LOOP ( 'NONE', ( #2314, #4597, #2421, #3156, #3503, #3888, #222, #4516, #76, #4191, #3309, #1872, #1288, #3239, #3840, #1279, #1780, #1185, #112, #25 ) ) ;
#2226 = ORIENTED_EDGE ( 'NONE', *, *, #3083, .F. ) ;
#2227 = FACE_OUTER_BOUND ( 'NONE', #3921, .T. ) ;
#2228 = CARTESIAN_POINT ( 'NONE',  ( 0.6999999999999997335, 0.1430000000000000160, 0.7499999999999996669 ) ) ;
#2229 = EDGE_CURVE ( 'NONE', #1370, #3617, #3528, .T. ) ;
#2230 = EDGE_CURVE ( 'NONE', #2881, #3683, #4637, .T. ) ;
#2231 = FACE_OUTER_BOUND ( 'NONE', #3464, .T. ) ;
#2232 = DIRECTION ( 'NONE',  ( -1.000000000000000000, 0.000000000000000000, 1.084202172485505174E-16 ) ) ;
#2233 = PLANE ( 'NONE',  #1894 ) ;
#2234 = ORIENTED_EDGE ( 'NONE', *, *, #2706, .F. ) ;
#2235 =( NAMED_UNIT ( * ) SI_UNIT ( $, .STERADIAN. ) SOLID_ANGLE_UNIT ( ) );
#2236 = SURFACE_STYLE_USAGE ( .BOTH. , #789 ) ;
#2237 = AXIS2_PLACEMENT_3D ( 'NONE', #735, #2967, #2285 ) ;
#2238 = SURFACE_SIDE_STYLE ('',( #2905 ) ) ;
#2239 = CARTESIAN_POINT ( 'NONE',  ( 0.4999999999999996669, 0.2700000000000000178, -0.3500000000000001443 ) ) ;
#2240 = LINE ( 'NONE', #152, #2856 ) ;
#2241 = VECTOR ( 'NONE', #3135, 1000.000000000000000 ) ;
#2242 = ORIENTED_EDGE ( 'NONE', *, *, #2191, .T. ) ;
#2243 = ORIENTED_EDGE ( 'NONE', *, *, #654, .F. ) ;
#2244 = DIRECTION ( 'NONE',  ( 1.000000000000000000, -0.000000000000000000, -0.000000000000000000 ) ) ;
#2245 = FACE_OUTER_BOUND ( 'NONE', #3708, .T. ) ;
#2246 = ORIENTED_EDGE ( 'NONE', *, *, #2290, .T. ) ;
#2247 = EDGE_CURVE ( 'NONE', #4640, #3901, #3664, .T. ) ;
#2248 = VERTEX_POINT ( 'NONE', #271 ) ;
#2249 = VECTOR ( 'NONE', #4603, 1000.000000000000000 ) ;
#2250 = FACE_OUTER_BOUND ( 'NONE', #4261, .T. ) ;
#2251 = CARTESIAN_POINT ( 'NONE',  ( 0.5999999999999999778, 0.2700000000000000178, 0.1999999999999992062 ) ) ;
#2252 = DIRECTION ( 'NONE',  ( -0.000000000000000000, 1.000000000000000000, -0.000000000000000000 ) ) ;
#2253 = MANIFOLD_SOLID_BREP ( 'Boss-Extrude2[9]', #1529 ) ;
#2254 = VECTOR ( 'NONE', #2662, 1000.000000000000000 ) ;
#2256 = EDGE_CURVE ( 'NONE', #1029, #13, #1514, .T. ) ;
#2255 = ORIENTED_EDGE ( 'NONE', *, *, #3488, .F. ) ;
#2257 = FACE_OUTER_BOUND ( 'NONE', #952, .T. ) ;
#2258 =( NAMED_UNIT ( * ) SI_UNIT ( $, .STERADIAN. ) SOLID_ANGLE_UNIT ( ) );
#2259 = ORIENTED_EDGE ( 'NONE', *, *, #4472, .T. ) ;
#2260 = VECTOR ( 'NONE', #4529, 1000.000000000000000 ) ;
#2261 = LINE ( 'NONE', #4411, #1027 ) ;
#2262 = VERTEX_POINT ( 'NONE', #134 ) ;
#2263 = MANIFOLD_SOLID_BREP ( 'Boss-Extrude2[1]', #766 ) ;
#2264 = VECTOR ( 'NONE', #4015, 1000.000000000000000 ) ;
#2265 = SURFACE_STYLE_FILL_AREA ( #1571 ) ;
#2266 = SURFACE_STYLE_USAGE ( .BOTH. , #1508 ) ;
#2267 = VECTOR ( 'NONE', #1229, 1000.000000000000000 ) ;
#2268 = LINE ( 'NONE', #1245, #4217 ) ;
#2269 = VECTOR ( 'NONE', #4205, 1000.000000000000000 ) ;
#2270 = DIRECTION ( 'NONE',  ( -1.000000000000000000, -0.000000000000000000, 1.084202172485505174E-16 ) ) ;
#2271 =( NAMED_UNIT ( * ) PLANE_ANGLE_UNIT ( ) SI_UNIT ( $, .RADIAN. ) );
#2272 = VERTEX_POINT ( 'NONE', #1199 ) ;
#2273 = STYLED_ITEM ( 'NONE', ( #805 ), #4050 ) ;
#2274 = AXIS2_PLACEMENT_3D ( 'NONE', #158, #110, #888 ) ;
#2275 = CARTESIAN_POINT ( 'NONE',  ( -0.7500000000000003331, 0.2500000000000000000, -0.7500000000000003331 ) ) ;
#2276 = CARTESIAN_POINT ( 'NONE',  ( -0.1000000000000000749, 0.2700000000000000178, -0.7499999999999994449 ) ) ;
#2277 = VECTOR ( 'NONE', #591, 1000.000000000000000 ) ;
#2278 =( NAMED_UNIT ( * ) PLANE_ANGLE_UNIT ( ) SI_UNIT ( $, .RADIAN. ) );
#2279 = VECTOR ( 'NONE', #780, 1000.000000000000000 ) ;
#2280 = LINE ( 'NONE', #4431, #3049 ) ;
#2281 = DIRECTION ( 'NONE',  ( 0.000000000000000000, 1.000000000000000000, -0.000000000000000000 ) ) ;
#2282 = ORIENTED_EDGE ( 'NONE', *, *, #4018, .F. ) ;
#2283 = VERTEX_POINT ( 'NONE', #2297 ) ;
#2284 = EDGE_CURVE ( 'NONE', #666, #2562, #4116, .T. ) ;
#2285 = DIRECTION ( 'NONE',  ( -6.195440985631453345E-16, 0.000000000000000000, 1.000000000000000000 ) ) ;
#2286 = VERTEX_POINT ( 'NONE', #4092 ) ;
#2287 = DIRECTION ( 'NONE',  ( -1.000000000000000000, 0.000000000000000000, 9.130123557772672032E-16 ) ) ;
#2288 = FACE_OUTER_BOUND ( 'NONE', #794, .T. ) ;
#2289 = CARTESIAN_POINT ( 'NONE',  ( -0.7500000000000003331, 0.2500000000000000000, -0.7500000000000003331 ) ) ;
#2290 = EDGE_CURVE ( 'NONE', #1705, #1155, #1597, .T. ) ;
#2291 = DIRECTION ( 'NONE',  ( 1.000000000000000000, 0.000000000000000000, -1.084202172485505174E-16 ) ) ;
#2292 = DIRECTION ( 'NONE',  ( -0.000000000000000000, -1.000000000000000000, -0.000000000000000000 ) ) ;
#2293 = DIRECTION ( 'NONE',  ( 0.000000000000000000, 1.000000000000000000, 0.000000000000000000 ) ) ;
#2294 = MANIFOLD_SOLID_BREP ( 'Boss-Extrude2[8]', #3783 ) ;
#2295 = FACE_OUTER_BOUND ( 'NONE', #3518, .T. ) ;
#2296 = MECHANICAL_DESIGN_GEOMETRIC_PRESENTATION_REPRESENTATION (  '', ( #2362 ), #4106 ) ;
#2297 = CARTESIAN_POINT ( 'NONE',  ( -0.4999999999999996669, 0.2500000000000000000, -0.3500000000000000333 ) ) ;
#2298 = ORIENTED_EDGE ( 'NONE', *, *, #2539, .F. ) ;
#2299 = CIRCLE ( 'NONE', #850, 0.09999999999999999167 ) ;
#2300 = MECHANICAL_DESIGN_GEOMETRIC_PRESENTATION_REPRESENTATION (  '', ( #562 ), #3207 ) ;
#2301 = SURFACE_STYLE_USAGE ( .BOTH. , #1204 ) ;
#2302 = CARTESIAN_POINT ( 'NONE',  ( 0.09999999999999942268, 0.2500000000000000000, -0.7499999999999994449 ) ) ;
#2303 = VECTOR ( 'NONE', #2787, 1000.000000000000000 ) ;
#2304 = CARTESIAN_POINT ( 'NONE',  ( 0.5999999999999999778, 0.1430000000000000160, 0.09999999999999915901 ) ) ;
#2305 = LINE ( 'NONE', #507, #3478 ) ;
#2306 = VERTEX_POINT ( 'NONE', #1152 ) ;
#2307 = DIRECTION ( 'NONE',  ( -0.000000000000000000, -1.000000000000000000, -0.000000000000000000 ) ) ;
#2308 = DIRECTION ( 'NONE',  ( -0.000000000000000000, -1.000000000000000000, -0.000000000000000000 ) ) ;
#2309 = EDGE_CURVE ( 'NONE', #2021, #2116, #4467, .T. ) ;
#2310 =( NAMED_UNIT ( * ) SI_UNIT ( $, .STERADIAN. ) SOLID_ANGLE_UNIT ( ) );
#2311 = ADVANCED_FACE ( 'NONE', ( #1930 ), #870, .T. ) ;
#2312 = FILL_AREA_STYLE ('',( #471 ) ) ;
#2313 = EDGE_CURVE ( 'NONE', #2968, #2142, #2457, .T. ) ;
#2314 = ORIENTED_EDGE ( 'NONE', *, *, #2889, .F. ) ;
#2315 = SURFACE_STYLE_FILL_AREA ( #1266 ) ;
#2316 = LINE ( 'NONE', #427, #3328 ) ;
#2317 =( LENGTH_UNIT ( ) NAMED_UNIT ( * ) SI_UNIT ( .MILLI., .METRE. ) );
#2318 = CARTESIAN_POINT ( 'NONE',  ( -0.6499999999999998002, 0.2700000000000000178, -0.1000000000000000472 ) ) ;
#2319 = LINE ( 'NONE', #2338, #2185 ) ;
#2320 =( NAMED_UNIT ( * ) SI_UNIT ( $, .STERADIAN. ) SOLID_ANGLE_UNIT ( ) );
#2321 = ORIENTED_EDGE ( 'NONE', *, *, #943, .T. ) ;
#2322 = PRESENTATION_LAYER_ASSIGNMENT (  '', '', ( #3385 ) ) ;
#2323 = CARTESIAN_POINT ( 'NONE',  ( -0.6999999999999999556, 0.2700000000000000178, -0.7499999999999996669 ) ) ;
#2324 = VECTOR ( 'NONE', #3313, 1000.000000000000000 ) ;
#2325 = CARTESIAN_POINT ( 'NONE',  ( -0.6999999999999999556, 0.2700000000000000178, -0.7499999999999996669 ) ) ;
#2326 = PRESENTATION_LAYER_ASSIGNMENT (  '', '', ( #1713 ) ) ;
#2327 =( LENGTH_UNIT ( ) NAMED_UNIT ( * ) SI_UNIT ( .MILLI., .METRE. ) );
#2328 = CARTESIAN_POINT ( 'NONE',  ( -0.4999999999999996669, 0.1430000000000000160, 0.3499999999999999778 ) ) ;
#2329 = AXIS2_PLACEMENT_3D ( 'NONE', #2832, #3189, #4222 ) ;
#2330 = ORIENTED_EDGE ( 'NONE', *, *, #570, .T. ) ;
#2331 = CARTESIAN_POINT ( 'NONE',  ( -0.4999999999999996669, 0.1430000000000000160, 0.3499999999999999778 ) ) ;
#2332 = PRESENTATION_STYLE_ASSIGNMENT (( #4131 ) ) ;
#2333 = EDGE_CURVE ( 'NONE', #1220, #1691, #650, .T. ) ;
#2334 = SURFACE_STYLE_USAGE ( .BOTH. , #4492 ) ;
#2335 = STYLED_ITEM ( 'NONE', ( #1434 ), #1035 ) ;
#2336 = DIRECTION ( 'NONE',  ( -1.000000000000000000, 0.000000000000000000, 0.000000000000000000 ) ) ;
#2337 =( LENGTH_UNIT ( ) NAMED_UNIT ( * ) SI_UNIT ( .MILLI., .METRE. ) );
#2338 = CARTESIAN_POINT ( 'NONE',  ( 0.6999999999999992895, 0.1430000000000000160, -0.7499999999999998890 ) ) ;
#2339 = AXIS2_PLACEMENT_3D ( 'NONE', #1333, #577, #2448 ) ;
#2340 = MECHANICAL_DESIGN_GEOMETRIC_PRESENTATION_REPRESENTATION (  '', ( #1957 ), #1363 ) ;
#2341 = DIRECTION ( 'NONE',  ( 1.000000000000000000, 0.000000000000000000, -0.000000000000000000 ) ) ;
#2342 = STYLED_ITEM ( 'NONE', ( #48 ), #3991 ) ;
#2343 = ORIENTED_EDGE ( 'NONE', *, *, #775, .T. ) ;
#2344 = ORIENTED_EDGE ( 'NONE', *, *, #2309, .T. ) ;
#2345 = AXIS2_PLACEMENT_3D ( 'NONE', #3563, #3259, #2928 ) ;
#2346 = VECTOR ( 'NONE', #4028, 1000.000000000000000 ) ;
#2347 = SURFACE_SIDE_STYLE ('',( #1256 ) ) ;
#2348 = PRESENTATION_LAYER_ASSIGNMENT (  '', '', ( #392 ) ) ;
#2349 = ORIENTED_EDGE ( 'NONE', *, *, #1146, .F. ) ;
#2350 =( LENGTH_UNIT ( ) NAMED_UNIT ( * ) SI_UNIT ( .MILLI., .METRE. ) );
#2351 = CARTESIAN_POINT ( 'NONE',  ( 0.6500000000000000222, 0.1430000000000000160, -0.1000000000000002137 ) ) ;
#2352 = FACE_OUTER_BOUND ( 'NONE', #2647, .T. ) ;
#2353 = VERTEX_POINT ( 'NONE', #257 ) ;
#2354 = FACE_OUTER_BOUND ( 'NONE', #1565, .T. ) ;
#2355 = DIRECTION ( 'NONE',  ( 0.000000000000000000, -0.000000000000000000, 1.000000000000000000 ) ) ;
#2356 = LINE ( 'NONE', #255, #3656 ) ;
#2357 = CARTESIAN_POINT ( 'NONE',  ( 0.000000000000000000, 0.2700000000000000178, 0.000000000000000000 ) ) ;
#2358 = LINE ( 'NONE', #584, #2475 ) ;
#2359 = VERTEX_POINT ( 'NONE', #939 ) ;
#2360 = VECTOR ( 'NONE', #1228, 1000.000000000000000 ) ;
#2361 = ADVANCED_FACE ( 'NONE', ( #1270 ), #2765, .F. ) ;
#2362 = STYLED_ITEM ( 'NONE', ( #4277 ), #3374 ) ;
#2363 = PRESENTATION_STYLE_ASSIGNMENT (( #921 ) ) ;
#2364 = DIRECTION ( 'NONE',  ( 1.000000000000000000, 0.000000000000000000, 7.860465750519903991E-15 ) ) ;
#2365 = EDGE_CURVE ( 'NONE', #3830, #239, #4154, .T. ) ;
#2366 = EDGE_CURVE ( 'NONE', #1848, #4580, #2094, .T. ) ;
#2367 = MECHANICAL_DESIGN_GEOMETRIC_PRESENTATION_REPRESENTATION (  '', ( #3578 ), #3126 ) ;
#2368 = DIRECTION ( 'NONE',  ( -0.000000000000000000, 1.000000000000000000, 0.000000000000000000 ) ) ;
#2369 = VERTEX_POINT ( 'NONE', #2382 ) ;
#2370 = LINE ( 'NONE', #1024, #746 ) ;
#2371 = STYLED_ITEM ( 'NONE', ( #535 ), #3786 ) ;
#2372 = CYLINDRICAL_SURFACE ( 'NONE', #1253, 0.09999999999999999167 ) ;
#2373 = SURFACE_STYLE_USAGE ( .BOTH. , #950 ) ;
#2374 = DIRECTION ( 'NONE',  ( 1.548860246407865555E-16, 0.000000000000000000, 1.000000000000000000 ) ) ;
#2375 =( NAMED_UNIT ( * ) PLANE_ANGLE_UNIT ( ) SI_UNIT ( $, .RADIAN. ) );
#2376 = ORIENTED_EDGE ( 'NONE', *, *, #4189, .F. ) ;
#2377 = ORIENTED_EDGE ( 'NONE', *, *, #3318, .F. ) ;
#2378 = CARTESIAN_POINT ( 'NONE',  ( 0.6999999999999997335, 0.2500000000000000000, 0.5749999999999996225 ) ) ;
#2379 = ORIENTED_EDGE ( 'NONE', *, *, #113, .F. ) ;
#2380 = DIRECTION ( 'NONE',  ( 1.000000000000000000, 0.000000000000000000, 0.000000000000000000 ) ) ;
#2381 = DIRECTION ( 'NONE',  ( 1.000000000000000000, 0.000000000000000000, -6.195440985631453345E-16 ) ) ;
#2382 = CARTESIAN_POINT ( 'NONE',  ( -0.5999999999999997558, 0.2700000000000000178, 0.09999999999999902023 ) ) ;
#2383 = UNCERTAINTY_MEASURE_WITH_UNIT (LENGTH_MEASURE( 1.000000000000000082E-05 ), #2103, 'distance_accuracy_value', 'NONE');
#2384 = ORIENTED_EDGE ( 'NONE', *, *, #631, .F. ) ;
#2385 = VECTOR ( 'NONE', #3766, 1000.000000000000000 ) ;
#2386 = CARTESIAN_POINT ( 'NONE',  ( 0.09999999999999945044, 0.2700000000000000178, -0.5749999999999997335 ) ) ;
#2387 = LINE ( 'NONE', #3447, #2523 ) ;
#2388 = PRESENTATION_STYLE_ASSIGNMENT (( #3448 ) ) ;
#2389 = EDGE_CURVE ( 'NONE', #2018, #1313, #2813, .T. ) ;
#2390 = UNCERTAINTY_MEASURE_WITH_UNIT (LENGTH_MEASURE( 1.000000000000000082E-05 ), #4262, 'distance_accuracy_value', 'NONE');
#2391 = VECTOR ( 'NONE', #104, 1000.000000000000000 ) ;
#2392 = PLANE ( 'NONE',  #466 ) ;
#2393 = VERTEX_POINT ( 'NONE', #4533 ) ;
#2394 = CARTESIAN_POINT ( 'NONE',  ( -0.4999999999999996669, 0.1430000000000000160, 0.2500000000000000555 ) ) ;
#2395 = ADVANCED_FACE ( 'NONE', ( #959 ), #2068, .T. ) ;
#2396 = EDGE_CURVE ( 'NONE', #299, #3360, #4506, .T. ) ;
#2397 = DIRECTION ( 'NONE',  ( -0.000000000000000000, 1.000000000000000000, -0.000000000000000000 ) ) ;
#2398 = CARTESIAN_POINT ( 'NONE',  ( -0.5000000000000001110, 0.2700000000000000178, -0.5749999999999996225 ) ) ;
#2399 = STYLED_ITEM ( 'NONE', ( #2669 ), #2311 ) ;
#2400 = LINE ( 'NONE', #4145, #1030 ) ;
#2401 = CARTESIAN_POINT ( 'NONE',  ( 0.000000000000000000, -0.2500000000000000000, 0.000000000000000000 ) ) ;
#2402 = ORIENTED_EDGE ( 'NONE', *, *, #26, .T. ) ;
#2403 = EDGE_LOOP ( 'NONE', ( #1795, #4174, #2536, #4054 ) ) ;
#2404 = STYLED_ITEM ( 'NONE', ( #3260 ), #2481 ) ;
#2405 = FILL_AREA_STYLE_COLOUR ( '', #527 ) ;
#2406 = SURFACE_SIDE_STYLE ('',( #1316 ) ) ;
#2407 = FILL_AREA_STYLE ('',( #957 ) ) ;
#2408 = PRESENTATION_LAYER_ASSIGNMENT (  '', '', ( #4446 ) ) ;
#2409 = CARTESIAN_POINT ( 'NONE',  ( 0.2999999999999992673, 0.1430000000000000160, 0.5749999999999996225 ) ) ;
#2410 = ORIENTED_EDGE ( 'NONE', *, *, #2943, .F. ) ;
#2411 = CARTESIAN_POINT ( 'NONE',  ( 0.09999999999999942268, 0.1430000000000000160, -0.7499999999999994449 ) ) ;
#2412 = DIRECTION ( 'NONE',  ( -0.000000000000000000, -1.000000000000000000, -0.000000000000000000 ) ) ;
#2413 = MECHANICAL_DESIGN_GEOMETRIC_PRESENTATION_REPRESENTATION (  '', ( #2869 ), #595 ) ;
#2414 = ORIENTED_EDGE ( 'NONE', *, *, #4018, .T. ) ;
#2415 =( GEOMETRIC_REPRESENTATION_CONTEXT ( 3 ) GLOBAL_UNCERTAINTY_ASSIGNED_CONTEXT ( ( #727 ) ) GLOBAL_UNIT_ASSIGNED_CONTEXT ( ( #1716, #4186, #2001 ) ) REPRESENTATION_CONTEXT ( 'NONE', 'WORKASPACE' ) );
#2416 = DIRECTION ( 'NONE',  ( 0.000000000000000000, 1.000000000000000000, 0.000000000000000000 ) ) ;
#2417 = ORIENTED_EDGE ( 'NONE', *, *, #2986, .T. ) ;
#2418 = COLOUR_RGB ( '',1.000000000000000000, 1.000000000000000000, 1.000000000000000000 ) ;
#2419 = DIRECTION ( 'NONE',  ( 0.7071067811865475727, 0.000000000000000000, 0.7071067811865474617 ) ) ;
#2420 = CIRCLE ( 'NONE', #758, 0.1000000000000000194 ) ;
#2421 = ORIENTED_EDGE ( 'NONE', *, *, #4499, .F. ) ;
#2422 = CARTESIAN_POINT ( 'NONE',  ( 0.09999999999999945044, 0.2700000000000000178, -0.5749999999999997335 ) ) ;
#2423 = AXIS2_PLACEMENT_3D ( 'NONE', #1014, #35, #2188 ) ;
#2424 = EDGE_CURVE ( 'NONE', #541, #1819, #2358, .T. ) ;
#2425 = COLOUR_RGB ( '',1.000000000000000000, 1.000000000000000000, 1.000000000000000000 ) ;
#2426 = PLANE ( 'NONE',  #3826 ) ;
#2427 = ORIENTED_EDGE ( 'NONE', *, *, #1146, .T. ) ;
#2428 = ORIENTED_EDGE ( 'NONE', *, *, #372, .T. ) ;
#2429 = DIRECTION ( 'NONE',  ( 0.000000000000000000, 0.000000000000000000, 1.000000000000000000 ) ) ;
#2430 = DIRECTION ( 'NONE',  ( 0.000000000000000000, -0.000000000000000000, 1.000000000000000000 ) ) ;
#2431 = ADVANCED_FACE ( 'NONE', ( #2024 ), #1319, .F. ) ;
#2432 = FILL_AREA_STYLE ('',( #1291 ) ) ;
#2433 = CARTESIAN_POINT ( 'NONE',  ( 0.000000000000000000, 0.2700000000000000178, 0.000000000000000000 ) ) ;
#2434 = ORIENTED_EDGE ( 'NONE', *, *, #3212, .F. ) ;
#2435 = UNCERTAINTY_MEASURE_WITH_UNIT (LENGTH_MEASURE( 1.000000000000000082E-05 ), #1157, 'distance_accuracy_value', 'NONE');
#2436 = ORIENTED_EDGE ( 'NONE', *, *, #3986, .F. ) ;
#2437 = DIRECTION ( 'NONE',  ( 1.548860246407866048E-16, 0.000000000000000000, 1.000000000000000000 ) ) ;
#2438 = LINE ( 'NONE', #2026, #3337 ) ;
#2439 = PLANE ( 'NONE',  #3428 ) ;
#2440 = ORIENTED_EDGE ( 'NONE', *, *, #3865, .T. ) ;
#2441 = MECHANICAL_DESIGN_GEOMETRIC_PRESENTATION_REPRESENTATION (  '', ( #246 ), #2052 ) ;
#2442 = ORIENTED_EDGE ( 'NONE', *, *, #3408, .F. ) ;
#2443 = CARTESIAN_POINT ( 'NONE',  ( 0.6999999999999997335, 0.2700000000000000178, 0.5749999999999996225 ) ) ;
#2444 = VERTEX_POINT ( 'NONE', #3949 ) ;
#2445 = PLANE ( 'NONE',  #1879 ) ;
#2446 = DIRECTION ( 'NONE',  ( 6.195440985631453345E-16, 0.000000000000000000, -1.000000000000000000 ) ) ;
#2447 = VECTOR ( 'NONE', #2888, 1000.000000000000000 ) ;
#2448 = DIRECTION ( 'NONE',  ( 1.000000000000000000, 0.000000000000000000, 0.000000000000000000 ) ) ;
#2449 = SURFACE_SIDE_STYLE ('',( #1386 ) ) ;
#2450 = VERTEX_POINT ( 'NONE', #1828 ) ;
#2451 = ORIENTED_EDGE ( 'NONE', *, *, #1897, .F. ) ;
#2452 = EDGE_CURVE ( 'NONE', #4196, #226, #3995, .T. ) ;
#2453 =( NAMED_UNIT ( * ) SI_UNIT ( $, .STERADIAN. ) SOLID_ANGLE_UNIT ( ) );
#2454 = FILL_AREA_STYLE ('',( #1012 ) ) ;
#2455 = CARTESIAN_POINT ( 'NONE',  ( -0.4999999999999996669, 0.2700000000000000178, -0.3500000000000000333 ) ) ;
#2456 = DIRECTION ( 'NONE',  ( 0.000000000000000000, 1.000000000000000000, 0.000000000000000000 ) ) ;
#2457 = LINE ( 'NONE', #199, #2090 ) ;
#2458 = ORIENTED_EDGE ( 'NONE', *, *, #3602, .T. ) ;
#2459 = EDGE_CURVE ( 'NONE', #3471, #1605, #743, .T. ) ;
#2460 = ORIENTED_EDGE ( 'NONE', *, *, #217, .T. ) ;
#2461 = PLANE ( 'NONE',  #4456 ) ;
#2462 = SURFACE_STYLE_USAGE ( .BOTH. , #705 ) ;
#2463 = ORIENTED_EDGE ( 'NONE', *, *, #3415, .T. ) ;
#2464 = EDGE_LOOP ( 'NONE', ( #1521, #4204, #261, #4220 ) ) ;
#2465 = PLANE ( 'NONE',  #948 ) ;
#2466 = EDGE_LOOP ( 'NONE', ( #1086, #1510, #2849, #2724 ) ) ;
#2467 = PLANE ( 'NONE',  #1148 ) ;
#2468 = SURFACE_SIDE_STYLE ('',( #1438 ) ) ;
#2469 = ORIENTED_EDGE ( 'NONE', *, *, #3747, .T. ) ;
#2470 = VERTEX_POINT ( 'NONE', #3282 ) ;
#2471 = VECTOR ( 'NONE', #1949, 1000.000000000000000 ) ;
#2472 = LINE ( 'NONE', #3491, #2597 ) ;
#2473 = FACE_OUTER_BOUND ( 'NONE', #3647, .T. ) ;
#2474 = LINE ( 'NONE', #4296, #2019 ) ;
#2475 = VECTOR ( 'NONE', #281, 1000.000000000000000 ) ;
#2476 = ORIENTED_EDGE ( 'NONE', *, *, #4425, .F. ) ;
#2477 = FACE_OUTER_BOUND ( 'NONE', #2965, .T. ) ;
#2478 = CIRCLE ( 'NONE', #3458, 0.09999999999999999167 ) ;
#2479 = SURFACE_STYLE_USAGE ( .BOTH. , #2149 ) ;
#2480 = EDGE_CURVE ( 'NONE', #2369, #2444, #1488, .T. ) ;
#2481 = ADVANCED_FACE ( 'NONE', ( #3235 ), #1806, .F. ) ;
#2482 = SURFACE_STYLE_USAGE ( .BOTH. , #2533 ) ;
#2483 = ORIENTED_EDGE ( 'NONE', *, *, #2424, .F. ) ;
#2484 = UNCERTAINTY_MEASURE_WITH_UNIT (LENGTH_MEASURE( 1.000000000000000082E-05 ), #2693, 'distance_accuracy_value', 'NONE');
#2485 = VECTOR ( 'NONE', #439, 1000.000000000000000 ) ;
#2486 = ORIENTED_EDGE ( 'NONE', *, *, #1870, .F. ) ;
#2487 = ORIENTED_EDGE ( 'NONE', *, *, #4330, .T. ) ;
#2488 = PRESENTATION_LAYER_ASSIGNMENT (  '', '', ( #973 ) ) ;
#2489 = CARTESIAN_POINT ( 'NONE',  ( 0.09999999999999976963, 0.2700000000000000178, 0.5749999999999996225 ) ) ;
#2490 = CARTESIAN_POINT ( 'NONE',  ( -0.6999999999999999556, 0.1430000000000000160, -0.5749999999999996225 ) ) ;
#2491 = EDGE_CURVE ( 'NONE', #2194, #1021, #2474, .T. ) ;
#2492 = CARTESIAN_POINT ( 'NONE',  ( -0.1000000000000000472, 0.2500000000000000000, -0.5749999999999996225 ) ) ;
#2493 = AXIS2_PLACEMENT_3D ( 'NONE', #2652, #1159, #94 ) ;
#2494 = PRESENTATION_STYLE_ASSIGNMENT (( #2178 ) ) ;
#2495 = STYLED_ITEM ( 'NONE', ( #513 ), #4678 ) ;
#2496 = LINE ( 'NONE', #3294, #1210 ) ;
#2497 = EDGE_LOOP ( 'NONE', ( #3487, #2596, #463, #4367 ) ) ;
#2498 = ORIENTED_EDGE ( 'NONE', *, *, #654, .T. ) ;
#2499 = VECTOR ( 'NONE', #3169, 1000.000000000000000 ) ;
#2500 = VECTOR ( 'NONE', #4031, 1000.000000000000000 ) ;
#2501 = DIRECTION ( 'NONE',  ( 1.000000000000000000, 0.000000000000000000, -5.421010862427526114E-16 ) ) ;
#2502 = SURFACE_STYLE_FILL_AREA ( #3630 ) ;
#2503 = CARTESIAN_POINT ( 'NONE',  ( 0.4500000000000000111, 0.2700000000000000178, 0.3499999999999992006 ) ) ;
#2504 = EDGE_LOOP ( 'NONE', ( #2880, #2442, #2298, #444 ) ) ;
#2505 =( NAMED_UNIT ( * ) PLANE_ANGLE_UNIT ( ) SI_UNIT ( $, .RADIAN. ) );
#2506 = CARTESIAN_POINT ( 'NONE',  ( 0.09999999999999942268, 0.2700000000000000178, -0.7499999999999994449 ) ) ;
#2507 = CARTESIAN_POINT ( 'NONE',  ( -0.5000000000000000000, 0.1430000000000000160, 0.7499999999999996669 ) ) ;
#2508 = VERTEX_POINT ( 'NONE', #2503 ) ;
#2509 = ADVANCED_FACE ( 'NONE', ( #700 ), #2146, .F. ) ;
#2510 = EDGE_CURVE ( 'NONE', #3820, #1503, #3727, .T. ) ;
#2511 = ORIENTED_EDGE ( 'NONE', *, *, #1947, .F. ) ;
#2512 = EDGE_LOOP ( 'NONE', ( #2733, #2865, #4025, #4498 ) ) ;
#2513 = FACE_OUTER_BOUND ( 'NONE', #1545, .T. ) ;
#2514 = DIRECTION ( 'NONE',  ( -0.000000000000000000, -1.000000000000000000, -0.000000000000000000 ) ) ;
#2515 = FILL_AREA_STYLE ('',( #2156 ) ) ;
#2516 = CARTESIAN_POINT ( 'NONE',  ( 0.5999999999999999778, 0.1430000000000000160, 0.09999999999999915901 ) ) ;
#2517 = EDGE_CURVE ( 'NONE', #558, #3175, #4110, .T. ) ;
#2518 = EDGE_CURVE ( 'NONE', #1297, #4328, #2240, .T. ) ;
#2519 = VECTOR ( 'NONE', #389, 1000.000000000000000 ) ;
#2520 = CARTESIAN_POINT ( 'NONE',  ( 0.5999999999999999778, 0.2500000000000000000, 0.1999999999999992062 ) ) ;
#2521 = COLOUR_RGB ( '',1.000000000000000000, 1.000000000000000000, 1.000000000000000000 ) ;
#2522 = DIRECTION ( 'NONE',  ( -1.084202172485505174E-16, 0.000000000000000000, -1.000000000000000000 ) ) ;
#2523 = VECTOR ( 'NONE', #285, 1000.000000000000000 ) ;
#2524 = LINE ( 'NONE', #2117, #1193 ) ;
#2525 =( NAMED_UNIT ( * ) PLANE_ANGLE_UNIT ( ) SI_UNIT ( $, .RADIAN. ) );
#2526 = MECHANICAL_DESIGN_GEOMETRIC_PRESENTATION_REPRESENTATION (  '', ( #3355 ), #3806 ) ;
#2527 = LINE ( 'NONE', #3972, #817 ) ;
#2528 = CARTESIAN_POINT ( 'NONE',  ( 0.4999999999999993339, 0.1430000000000000160, -0.7499999999999997780 ) ) ;
#2529 = ORIENTED_EDGE ( 'NONE', *, *, #4045, .T. ) ;
#2530 = FILL_AREA_STYLE ('',( #1087 ) ) ;
#2531 = SURFACE_STYLE_FILL_AREA ( #1450 ) ;
#2532 = FILL_AREA_STYLE ('',( #336 ) ) ;
#2533 = SURFACE_SIDE_STYLE ('',( #3265 ) ) ;
#2534 = ORIENTED_EDGE ( 'NONE', *, *, #3686, .T. ) ;
#2535 = UNCERTAINTY_MEASURE_WITH_UNIT (LENGTH_MEASURE( 1.000000000000000082E-05 ), #1575, 'distance_accuracy_value', 'NONE');
#2536 = ORIENTED_EDGE ( 'NONE', *, *, #1787, .T. ) ;
#2537 = SURFACE_SIDE_STYLE ('',( #28 ) ) ;
#2538 = DIRECTION ( 'NONE',  ( 0.000000000000000000, 0.000000000000000000, 1.000000000000000000 ) ) ;
#2539 = EDGE_CURVE ( 'NONE', #709, #1222, #4126, .T. ) ;
#2540 = EDGE_CURVE ( 'NONE', #3650, #818, #3679, .T. ) ;
#2541 = FACE_OUTER_BOUND ( 'NONE', #778, .T. ) ;
#2542 = DIRECTION ( 'NONE',  ( -0.000000000000000000, -1.000000000000000000, -0.000000000000000000 ) ) ;
#2543 = EDGE_CURVE ( 'NONE', #3650, #2, #3772, .T. ) ;
#2544 = ADVANCED_FACE ( 'NONE', ( #4485 ), #4419, .T. ) ;
#2545 = DIRECTION ( 'NONE',  ( 0.000000000000000000, 0.000000000000000000, 1.000000000000000000 ) ) ;
#2546 = FACE_OUTER_BOUND ( 'NONE', #1943, .T. ) ;
#2547 = ORIENTED_EDGE ( 'NONE', *, *, #2100, .T. ) ;
#2548 = FILL_AREA_STYLE_COLOUR ( '', #1156 ) ;
#2549 = LINE ( 'NONE', #1827, #540 ) ;
#2550 = EDGE_LOOP ( 'NONE', ( #3869, #2226, #4002, #291 ) ) ;
#2551 = ORIENTED_EDGE ( 'NONE', *, *, #2284, .T. ) ;
#2552 = CARTESIAN_POINT ( 'NONE',  ( 0.5999999999999999778, 0.2700000000000000178, -0.09999999999999981126 ) ) ;
#2553 =( GEOMETRIC_REPRESENTATION_CONTEXT ( 3 ) GLOBAL_UNCERTAINTY_ASSIGNED_CONTEXT ( ( #406 ) ) GLOBAL_UNIT_ASSIGNED_CONTEXT ( ( #111, #449, #2690 ) ) REPRESENTATION_CONTEXT ( 'NONE', 'WORKASPACE' ) );
#2554 = CARTESIAN_POINT ( 'NONE',  ( 0.6999999999999992895, 0.2700000000000000178, -0.5749999999999998446 ) ) ;
#2555 = ORIENTED_EDGE ( 'NONE', *, *, #3908, .F. ) ;
#2556 = VECTOR ( 'NONE', #4505, 1000.000000000000000 ) ;
#2557 = SURFACE_STYLE_FILL_AREA ( #1480 ) ;
#2558 = VECTOR ( 'NONE', #1314, 1000.000000000000000 ) ;
#2559 = FILL_AREA_STYLE_COLOUR ( '', #1825 ) ;
#2560 = DIRECTION ( 'NONE',  ( -6.195440985631453345E-16, 0.000000000000000000, 1.000000000000000000 ) ) ;
#2561 = COLOUR_RGB ( '',1.000000000000000000, 1.000000000000000000, 1.000000000000000000 ) ;
#2562 = VERTEX_POINT ( 'NONE', #4086 ) ;
#2563 = LINE ( 'NONE', #12, #3015 ) ;
#2564 = EDGE_CURVE ( 'NONE', #4679, #3863, #3373, .T. ) ;
#2565 = ORIENTED_EDGE ( 'NONE', *, *, #4215, .F. ) ;
#2566 = PRESENTATION_STYLE_ASSIGNMENT (( #2926 ) ) ;
#2567 = CARTESIAN_POINT ( 'NONE',  ( -0.2999999999999994893, 0.2700000000000000178, 0.5749999999999996225 ) ) ;
#2568 = VECTOR ( 'NONE', #263, 1000.000000000000000 ) ;
#2569 = DIRECTION ( 'NONE',  ( -0.000000000000000000, -0.000000000000000000, -1.000000000000000000 ) ) ;
#2570 = AXIS2_PLACEMENT_3D ( 'NONE', #4423, #3048, #89 ) ;
#2571 = EDGE_LOOP ( 'NONE', ( #2908, #99, #1046, #1694 ) ) ;
#2572 = EDGE_CURVE ( 'NONE', #2776, #3261, #3798, .T. ) ;
#2573 = VECTOR ( 'NONE', #618, 1000.000000000000000 ) ;
#2574 = VERTEX_POINT ( 'NONE', #3067 ) ;
#2575 = LINE ( 'NONE', #4323, #4175 ) ;
#2576 = FACE_OUTER_BOUND ( 'NONE', #4628, .T. ) ;
#2577 = CIRCLE ( 'NONE', #4157, 0.1000000000000000194 ) ;
#2578 = DIRECTION ( 'NONE',  ( -1.000000000000000000, 0.000000000000000000, -7.589415207398527883E-15 ) ) ;
#2579 = COLOUR_RGB ( '',1.000000000000000000, 1.000000000000000000, 1.000000000000000000 ) ;
#2580 = ORIENTED_EDGE ( 'NONE', *, *, #165, .T. ) ;
#2581 = VECTOR ( 'NONE', #1749, 1000.000000000000000 ) ;
#2582 = DIRECTION ( 'NONE',  ( -0.000000000000000000, 1.000000000000000000, -0.000000000000000000 ) ) ;
#2583 = LINE ( 'NONE', #3981, #2346 ) ;
#2584 = PRESENTATION_STYLE_ASSIGNMENT (( #731 ) ) ;
#2585 = CARTESIAN_POINT ( 'NONE',  ( -0.1000000000000000749, 0.1430000000000000160, 0.7499999999999994449 ) ) ;
#2586 = CLOSED_SHELL ( 'NONE', ( #1353, #4152, #833, #2944, #2808, #2600, #3870, #2193, #2778, #3907, #2361, #1072, #1525, #4068, #352, #3429, #2076, #4528, #603, #2037, #1482, #225, #922, #3345, #2802, #3721, #3036, #51, #1637, #4108, #3236, #4269, #3935, #3238, #3230, #4356, #3264, #4127, #2159, #1978, #2746, #3495, #1295, #1042, #3631, #1979, #266, #1478, #1902, #548, #949, #2221, #883, #4551, #3661 ) ) ;
#2587 = LINE ( 'NONE', #4008, #1366 ) ;
#2588 = ORIENTED_EDGE ( 'NONE', *, *, #1041, .F. ) ;
#2589 = DIRECTION ( 'NONE',  ( 1.000000000000000000, 0.000000000000000000, 0.000000000000000000 ) ) ;
#2590 =( NAMED_UNIT ( * ) PLANE_ANGLE_UNIT ( ) SI_UNIT ( $, .RADIAN. ) );
#2591 = LINE ( 'NONE', #790, #3805 ) ;
#2592 = MECHANICAL_DESIGN_GEOMETRIC_PRESENTATION_REPRESENTATION (  '', ( #3347 ), #3201 ) ;
#2593 = FILL_AREA_STYLE ('',( #838 ) ) ;
#2594 = EDGE_CURVE ( 'NONE', #3058, #3471, #172, .T. ) ;
#2595 = VECTOR ( 'NONE', #3636, 1000.000000000000000 ) ;
#2596 = ORIENTED_EDGE ( 'NONE', *, *, #4309, .T. ) ;
#2597 = VECTOR ( 'NONE', #985, 1000.000000000000000 ) ;
#2598 = FACE_OUTER_BOUND ( 'NONE', #2497, .T. ) ;
#2599 = CARTESIAN_POINT ( 'NONE',  ( 0.5999999999999999778, 0.1430000000000000160, -0.09999999999999981126 ) ) ;
#2600 = ADVANCED_FACE ( 'NONE', ( #3111 ), #3421, .F. ) ;
#2601 = ORIENTED_EDGE ( 'NONE', *, *, #3608, .T. ) ;
#2602 = ORIENTED_EDGE ( 'NONE', *, *, #2162, .F. ) ;
#2603 = CARTESIAN_POINT ( 'NONE',  ( 0.6999999999999997335, 0.1430000000000000160, 0.7499999999999996669 ) ) ;
#2604 = CARTESIAN_POINT ( 'NONE',  ( 0.5999999999999998668, 0.1430000000000000160, -0.2500000000000002220 ) ) ;
#2605 = DIRECTION ( 'NONE',  ( -1.000000000000000000, 0.000000000000000000, 4.646580739223595925E-16 ) ) ;
#2606 = DIRECTION ( 'NONE',  ( 0.000000000000000000, 1.000000000000000000, -0.000000000000000000 ) ) ;
#2607 = ORIENTED_EDGE ( 'NONE', *, *, #3325, .T. ) ;
#2608 = PLANE ( 'NONE',  #875 ) ;
#2609 =( LENGTH_UNIT ( ) NAMED_UNIT ( * ) SI_UNIT ( .MILLI., .METRE. ) );
#2610 = COLOUR_RGB ( '',1.000000000000000000, 1.000000000000000000, 1.000000000000000000 ) ;
#2611 = SURFACE_SIDE_STYLE ('',( #1191 ) ) ;
#2612 = CARTESIAN_POINT ( 'NONE',  ( 0.4999999999999997780, 0.2700000000000000178, 0.7499999999999996669 ) ) ;
#2613 = CARTESIAN_POINT ( 'NONE',  ( -0.4999999999999996669, 0.2700000000000000178, -0.2500000000000000555 ) ) ;
#2614 = STYLED_ITEM ( 'NONE', ( #4484 ), #1864 ) ;
#2615 = FACE_OUTER_BOUND ( 'NONE', #1814, .T. ) ;
#2616 = PLANE ( 'NONE',  #1230 ) ;
#2617 = ORIENTED_EDGE ( 'NONE', *, *, #380, .T. ) ;
#2618 = FILL_AREA_STYLE ('',( #2688 ) ) ;
#2619 = DIRECTION ( 'NONE',  ( 6.195440985631453345E-16, 0.000000000000000000, 1.000000000000000000 ) ) ;
#2620 = ORIENTED_EDGE ( 'NONE', *, *, #3930, .F. ) ;
#2621 = UNCERTAINTY_MEASURE_WITH_UNIT (LENGTH_MEASURE( 1.000000000000000082E-05 ), #4193, 'distance_accuracy_value', 'NONE');
#2622 = VERTEX_POINT ( 'NONE', #2704 ) ;
#2623 = EDGE_CURVE ( 'NONE', #1028, #2369, #1612, .T. ) ;
#2624 = EDGE_CURVE ( 'NONE', #2914, #4182, #3437, .T. ) ;
#2625 = VECTOR ( 'NONE', #2646, 1000.000000000000000 ) ;
#2626 = PRESENTATION_STYLE_ASSIGNMENT (( #476 ) ) ;
#2627 = LINE ( 'NONE', #2604, #385 ) ;
#2628 = PRESENTATION_LAYER_ASSIGNMENT (  '', '', ( #4662 ) ) ;
#2629 = EDGE_CURVE ( 'NONE', #2696, #3283, #4147, .T. ) ;
#2630 = SURFACE_STYLE_USAGE ( .BOTH. , #484 ) ;
#2631 = ORIENTED_EDGE ( 'NONE', *, *, #3576, .T. ) ;
#2632 = ORIENTED_EDGE ( 'NONE', *, *, #767, .T. ) ;
#2633 = AXIS2_PLACEMENT_3D ( 'NONE', #1908, #2664, #4149 ) ;
#2634 = CARTESIAN_POINT ( 'NONE',  ( -0.1000000000000000472, 0.1430000000000000160, -0.5749999999999996225 ) ) ;
#2635 = LINE ( 'NONE', #121, #3271 ) ;
#2636 = VECTOR ( 'NONE', #2501, 1000.000000000000000 ) ;
#2637 = CARTESIAN_POINT ( 'NONE',  ( 0.5999999999999999778, 0.2700000000000000178, 0.09999999999999915901 ) ) ;
#2638 = CARTESIAN_POINT ( 'NONE',  ( 0.4999999999999994449, 0.2700000000000000178, -0.5749999999999997335 ) ) ;
#2639 = DIRECTION ( 'NONE',  ( 0.000000000000000000, 0.000000000000000000, -1.000000000000000000 ) ) ;
#2640 = ORIENTED_EDGE ( 'NONE', *, *, #2452, .F. ) ;
#2641 = VECTOR ( 'NONE', #2364, 1000.000000000000000 ) ;
#2642 =( NAMED_UNIT ( * ) SI_UNIT ( $, .STERADIAN. ) SOLID_ANGLE_UNIT ( ) );
#2643 = COLOUR_RGB ( '',1.000000000000000000, 1.000000000000000000, 1.000000000000000000 ) ;
#2644 = CARTESIAN_POINT ( 'NONE',  ( -0.1000000000000000749, 0.1430000000000000160, -0.7499999999999994449 ) ) ;
#2645 = DIRECTION ( 'NONE',  ( -1.000000000000000000, 0.000000000000000000, 5.421010862427523156E-16 ) ) ;
#2646 = DIRECTION ( 'NONE',  ( -0.000000000000000000, 1.000000000000000000, -0.000000000000000000 ) ) ;
#2647 = EDGE_LOOP ( 'NONE', ( #3693, #4047, #3486, #3624 ) ) ;
#2648 = VECTOR ( 'NONE', #3579, 1000.000000000000000 ) ;
#2649 = AXIS2_PLACEMENT_3D ( 'NONE', #4372, #1130, #4024 ) ;
#2650 = CARTESIAN_POINT ( 'NONE',  ( -0.6999999999999999556, 0.2500000000000000000, -0.7499999999999996669 ) ) ;
#2651 = VECTOR ( 'NONE', #3593, 1000.000000000000000 ) ;
#2652 = CARTESIAN_POINT ( 'NONE',  ( -0.4999999999999996669, 0.2500000000000000000, 0.2500000000000000555 ) ) ;
#2653 = ADVANCED_FACE ( 'NONE', ( #2352 ), #4195, .F. ) ;
#2654 = CARTESIAN_POINT ( 'NONE',  ( 0.09999999999999985290, 0.1430000000000000160, 0.7499999999999994449 ) ) ;
#2655 = DIRECTION ( 'NONE',  ( 0.000000000000000000, 0.000000000000000000, 1.000000000000000000 ) ) ;
#2656 = ORIENTED_EDGE ( 'NONE', *, *, #853, .T. ) ;
#2657 = EDGE_CURVE ( 'NONE', #3641, #3377, #1552, .T. ) ;
#2658 = EDGE_CURVE ( 'NONE', #226, #2359, #2268, .T. ) ;
#2659 = SURFACE_STYLE_USAGE ( .BOTH. , #3370 ) ;
#2660 = CARTESIAN_POINT ( 'NONE',  ( 0.4999999999999997780, 0.1430000000000000160, 0.7499999999999996669 ) ) ;
#2661 = PRESENTATION_STYLE_ASSIGNMENT (( #4461 ) ) ;
#2662 = DIRECTION ( 'NONE',  ( -0.000000000000000000, -1.000000000000000000, -0.000000000000000000 ) ) ;
#2663 = AXIS2_PLACEMENT_3D ( 'NONE', #1412, #1841, #2846 ) ;
#2664 = DIRECTION ( 'NONE',  ( 0.000000000000000000, 1.000000000000000000, 0.000000000000000000 ) ) ;
#2665 =( NAMED_UNIT ( * ) PLANE_ANGLE_UNIT ( ) SI_UNIT ( $, .RADIAN. ) );
#2666 =( NAMED_UNIT ( * ) SI_UNIT ( $, .STERADIAN. ) SOLID_ANGLE_UNIT ( ) );
#2667 = LINE ( 'NONE', #1948, #983 ) ;
#2668 =( GEOMETRIC_REPRESENTATION_CONTEXT ( 3 ) GLOBAL_UNCERTAINTY_ASSIGNED_CONTEXT ( ( #1296 ) ) GLOBAL_UNIT_ASSIGNED_CONTEXT ( ( #2168, #1490, #400 ) ) REPRESENTATION_CONTEXT ( 'NONE', 'WORKASPACE' ) );
#2669 = PRESENTATION_STYLE_ASSIGNMENT (( #159 ) ) ;
#2670 = UNCERTAINTY_MEASURE_WITH_UNIT (LENGTH_MEASURE( 1.000000000000000082E-05 ), #19, 'distance_accuracy_value', 'NONE');
#2671 = VECTOR ( 'NONE', #3285, 1000.000000000000000 ) ;
#2672 = PRESENTATION_LAYER_ASSIGNMENT (  '', '', ( #30 ) ) ;
#2673 = PLANE ( 'NONE',  #1653 ) ;
#2674 = DIRECTION ( 'NONE',  ( -1.000000000000000000, 0.000000000000000000, 0.000000000000000000 ) ) ;
#2675 = CARTESIAN_POINT ( 'NONE',  ( 0.6999999999999992895, 0.2500000000000000000, -0.7499999999999998890 ) ) ;
#2676 =( GEOMETRIC_REPRESENTATION_CONTEXT ( 3 ) GLOBAL_UNCERTAINTY_ASSIGNED_CONTEXT ( ( #3909 ) ) GLOBAL_UNIT_ASSIGNED_CONTEXT ( ( #15, #1467, #4344 ) ) REPRESENTATION_CONTEXT ( 'NONE', 'WORKASPACE' ) );
#2677 = FACE_OUTER_BOUND ( 'NONE', #701, .T. ) ;
#2678 = PLANE ( 'NONE',  #986 ) ;
#2679 = ORIENTED_EDGE ( 'NONE', *, *, #689, .T. ) ;
#2680 = DIRECTION ( 'NONE',  ( 1.000000000000000000, 0.000000000000000000, -0.000000000000000000 ) ) ;
#2681 = FACE_OUTER_BOUND ( 'NONE', #2820, .T. ) ;
#2682 = SURFACE_SIDE_STYLE ('',( #491 ) ) ;
#2683 = EDGE_CURVE ( 'NONE', #2123, #144, #1221, .T. ) ;
#2684 = FILL_AREA_STYLE_COLOUR ( '', #2418 ) ;
#2685 = DIRECTION ( 'NONE',  ( 1.000000000000000000, 0.000000000000000000, 0.000000000000000000 ) ) ;
#2686 = FILL_AREA_STYLE_COLOUR ( '', #1234 ) ;
#2687 = LINE ( 'NONE', #1267, #4340 ) ;
#2688 = FILL_AREA_STYLE_COLOUR ( '', #3181 ) ;
#2689 =( GEOMETRIC_REPRESENTATION_CONTEXT ( 3 ) GLOBAL_UNCERTAINTY_ASSIGNED_CONTEXT ( ( #363 ) ) GLOBAL_UNIT_ASSIGNED_CONTEXT ( ( #370, #10, #2180 ) ) REPRESENTATION_CONTEXT ( 'NONE', 'WORKASPACE' ) );
#2690 =( NAMED_UNIT ( * ) SI_UNIT ( $, .STERADIAN. ) SOLID_ANGLE_UNIT ( ) );
#2691 = LINE ( 'NONE', #1598, #220 ) ;
#2692 = CARTESIAN_POINT ( 'NONE',  ( 0.4999999999999994449, 0.1430000000000000160, -0.5749999999999997335 ) ) ;
#2693 =( LENGTH_UNIT ( ) NAMED_UNIT ( * ) SI_UNIT ( .MILLI., .METRE. ) );
#2694 = AXIS2_PLACEMENT_3D ( 'NONE', #2516, #1025, #3225 ) ;
#2695 = FACE_OUTER_BOUND ( 'NONE', #1607, .T. ) ;
#2696 = VERTEX_POINT ( 'NONE', #4063 ) ;
#2697 = PRESENTATION_LAYER_ASSIGNMENT (  '', '', ( #3918 ) ) ;
#2698 = CARTESIAN_POINT ( 'NONE',  ( -0.2999999999999999889, 0.2500000000000000000, -0.7499999999999994449 ) ) ;
#2699 = VECTOR ( 'NONE', #3123, 1000.000000000000000 ) ;
#2700 = AXIS2_PLACEMENT_3D ( 'NONE', #54, #2851, #1823 ) ;
#2701 = FACE_OUTER_BOUND ( 'NONE', #459, .T. ) ;
#2702 =( LENGTH_UNIT ( ) NAMED_UNIT ( * ) SI_UNIT ( .MILLI., .METRE. ) );
#2703 = FACE_OUTER_BOUND ( 'NONE', #1211, .T. ) ;
#2704 = CARTESIAN_POINT ( 'NONE',  ( -0.6999999999999999556, 0.2500000000000000000, 0.5749999999999996225 ) ) ;
#2705 = STYLED_ITEM ( 'NONE', ( #4415 ), #3064 ) ;
#2706 = EDGE_CURVE ( 'NONE', #666, #2262, #1532, .T. ) ;
#2707 = FILL_AREA_STYLE ('',( #3748 ) ) ;
#2708 = FACE_OUTER_BOUND ( 'NONE', #3775, .T. ) ;
#2709 = DIRECTION ( 'NONE',  ( 1.000000000000000000, -0.000000000000000000, -0.000000000000000000 ) ) ;
#2710 = PRESENTATION_STYLE_ASSIGNMENT (( #2789 ) ) ;
#2711 =( NAMED_UNIT ( * ) SI_UNIT ( $, .STERADIAN. ) SOLID_ANGLE_UNIT ( ) );
#2712 = ORIENTED_EDGE ( 'NONE', *, *, #2801, .F. ) ;
#2713 =( GEOMETRIC_REPRESENTATION_CONTEXT ( 3 ) GLOBAL_UNCERTAINTY_ASSIGNED_CONTEXT ( ( #3571 ) ) GLOBAL_UNIT_ASSIGNED_CONTEXT ( ( #1481, #4352, #45 ) ) REPRESENTATION_CONTEXT ( 'NONE', 'WORKASPACE' ) );
#2714 = UNCERTAINTY_MEASURE_WITH_UNIT (LENGTH_MEASURE( 1.000000000000000082E-05 ), #1641, 'distance_accuracy_value', 'NONE');
#2715 = ADVANCED_FACE ( 'NONE', ( #2615 ), #3729, .F. ) ;
#2716 = DIRECTION ( 'NONE',  ( 8.559490835411880276E-16, 0.000000000000000000, 1.000000000000000000 ) ) ;
#2717 = DIRECTION ( 'NONE',  ( -0.000000000000000000, -1.000000000000000000, -0.000000000000000000 ) ) ;
#2718 =( NAMED_UNIT ( * ) PLANE_ANGLE_UNIT ( ) SI_UNIT ( $, .RADIAN. ) );
#2719 = STYLED_ITEM ( 'NONE', ( #3904 ), #4592 ) ;
#2720 = UNCERTAINTY_MEASURE_WITH_UNIT (LENGTH_MEASURE( 1.000000000000000082E-05 ), #1971, 'distance_accuracy_value', 'NONE');
#2721 = VECTOR ( 'NONE', #3954, 1000.000000000000000 ) ;
#2722 = CARTESIAN_POINT ( 'NONE',  ( 0.6999999999999997335, 0.1430000000000000160, 0.7499999999999996669 ) ) ;
#2723 = CARTESIAN_POINT ( 'NONE',  ( -0.7500000000000003331, 0.2500000000000000000, -0.7500000000000003331 ) ) ;
#2724 = ORIENTED_EDGE ( 'NONE', *, *, #2943, .T. ) ;
#2725 = MECHANICAL_DESIGN_GEOMETRIC_PRESENTATION_REPRESENTATION (  '', ( #2120 ), #2773 ) ;
#2726 = VECTOR ( 'NONE', #1560, 1000.000000000000000 ) ;
#2727 = FILL_AREA_STYLE ('',( #1729 ) ) ;
#2728 = CARTESIAN_POINT ( 'NONE',  ( -0.1000000000000000472, 0.2700000000000000178, -0.5749999999999996225 ) ) ;
#2729 = SURFACE_STYLE_USAGE ( .BOTH. , #4125 ) ;
#2730 = EDGE_LOOP ( 'NONE', ( #2440, #2731, #4322, #3791 ) ) ;
#2731 = ORIENTED_EDGE ( 'NONE', *, *, #1425, .T. ) ;
#2732 = CARTESIAN_POINT ( 'NONE',  ( 0.5999999999999999778, 0.2700000000000000178, -0.09999999999999981126 ) ) ;
#2733 = ORIENTED_EDGE ( 'NONE', *, *, #2572, .T. ) ;
#2734 = VECTOR ( 'NONE', #1839, 1000.000000000000000 ) ;
#2735 = PRESENTATION_STYLE_ASSIGNMENT (( #915 ) ) ;
#2736 = EDGE_CURVE ( 'NONE', #2153, #1177, #884, .T. ) ;
#2737 = CARTESIAN_POINT ( 'NONE',  ( -0.2999999999999994338, 0.1430000000000000160, 0.7499999999999994449 ) ) ;
#2738 = PRESENTATION_STYLE_ASSIGNMENT (( #606 ) ) ;
#2739 = VERTEX_POINT ( 'NONE', #4441 ) ;
#2740 = MECHANICAL_DESIGN_GEOMETRIC_PRESENTATION_REPRESENTATION (  '', ( #4170 ), #408 ) ;
#2741 = VERTEX_POINT ( 'NONE', #497 ) ;
#2742 = DIRECTION ( 'NONE',  ( -0.000000000000000000, -1.000000000000000000, -0.000000000000000000 ) ) ;
#2743 = STYLED_ITEM ( 'NONE', ( #3660 ), #3522 ) ;
#2744 = DIRECTION ( 'NONE',  ( -1.000000000000000000, 0.000000000000000000, 7.860465750519903991E-15 ) ) ;
#2745 = VERTEX_POINT ( 'NONE', #3376 ) ;
#2746 = ADVANCED_FACE ( 'NONE', ( #1968 ), #3354, .F. ) ;
#2747 = ADVANCED_FACE ( 'NONE', ( #2354 ), #542, .F. ) ;
#2748 = DIRECTION ( 'NONE',  ( -0.000000000000000000, 1.000000000000000000, -0.000000000000000000 ) ) ;
#2749 =( GEOMETRIC_REPRESENTATION_CONTEXT ( 3 ) GLOBAL_UNCERTAINTY_ASSIGNED_CONTEXT ( ( #871 ) ) GLOBAL_UNIT_ASSIGNED_CONTEXT ( ( #1995, #4177, #626 ) ) REPRESENTATION_CONTEXT ( 'NONE', 'WORKASPACE' ) );
#2750 = VECTOR ( 'NONE', #2046, 1000.000000000000000 ) ;
#2751 = LINE ( 'NONE', #2030, #8 ) ;
#2752 = ORIENTED_EDGE ( 'NONE', *, *, #4617, .F. ) ;
#2753 = LINE ( 'NONE', #3913, #450 ) ;
#2754 = DIRECTION ( 'NONE',  ( 0.000000000000000000, 0.000000000000000000, 1.000000000000000000 ) ) ;
#2755 = DIRECTION ( 'NONE',  ( 0.000000000000000000, 0.000000000000000000, -1.000000000000000000 ) ) ;
#2756 =( LENGTH_UNIT ( ) NAMED_UNIT ( * ) SI_UNIT ( .MILLI., .METRE. ) );
#2757 = CARTESIAN_POINT ( 'NONE',  ( -0.4999999999999996669, 0.1430000000000000160, 0.3500000000000000333 ) ) ;
#2758 = ORIENTED_EDGE ( 'NONE', *, *, #1693, .F. ) ;
#2759 = ORIENTED_EDGE ( 'NONE', *, *, #3970, .F. ) ;
#2760 = DIRECTION ( 'NONE',  ( -1.000000000000000000, -0.000000000000000000, -7.589415207398527883E-15 ) ) ;
#2761 = EDGE_LOOP ( 'NONE', ( #3131, #4246, #2602, #995 ) ) ;
#2762 = DIRECTION ( 'NONE',  ( 0.000000000000000000, -0.000000000000000000, 1.000000000000000000 ) ) ;
#2763 = DIRECTION ( 'NONE',  ( 0.000000000000000000, 0.000000000000000000, -1.000000000000000000 ) ) ;
#2764 = CARTESIAN_POINT ( 'NONE',  ( 0.000000000000000000, 0.2700000000000000178, 0.000000000000000000 ) ) ;
#2765 = PLANE ( 'NONE',  #4658 ) ;
#2766 = ORIENTED_EDGE ( 'NONE', *, *, #3008, .F. ) ;
#2767 = VECTOR ( 'NONE', #2848, 1000.000000000000000 ) ;
#2768 = LINE ( 'NONE', #1666, #2568 ) ;
#2769 = DIRECTION ( 'NONE',  ( -0.000000000000000000, 1.000000000000000000, -0.000000000000000000 ) ) ;
#2770 = LINE ( 'NONE', #2074, #4676 ) ;
#2771 = UNCERTAINTY_MEASURE_WITH_UNIT (LENGTH_MEASURE( 1.000000000000000082E-05 ), #3423, 'distance_accuracy_value', 'NONE');
#2772 = ORIENTED_EDGE ( 'NONE', *, *, #3291, .T. ) ;
#2773 =( GEOMETRIC_REPRESENTATION_CONTEXT ( 3 ) GLOBAL_UNCERTAINTY_ASSIGNED_CONTEXT ( ( #4374 ) ) GLOBAL_UNIT_ASSIGNED_CONTEXT ( ( #151, #3349, #424 ) ) REPRESENTATION_CONTEXT ( 'NONE', 'WORKASPACE' ) );
#2774 = EDGE_CURVE ( 'NONE', #1370, #1589, #4271, .T. ) ;
#2775 = ORIENTED_EDGE ( 'NONE', *, *, #1871, .T. ) ;
#2776 = VERTEX_POINT ( 'NONE', #3871 ) ;
#2777 = SURFACE_STYLE_FILL_AREA ( #1306 ) ;
#2778 = ADVANCED_FACE ( 'NONE', ( #937 ), #3895, .F. ) ;
#2779 = CARTESIAN_POINT ( 'NONE',  ( 0.09999999999999945044, 0.1430000000000000160, -0.5749999999999997335 ) ) ;
#2780 = DIRECTION ( 'NONE',  ( -1.000000000000000000, 0.000000000000000000, 0.000000000000000000 ) ) ;
#2781 = ORIENTED_EDGE ( 'NONE', *, *, #1657, .F. ) ;
#2782 = ORIENTED_EDGE ( 'NONE', *, *, #454, .F. ) ;
#2783 = VECTOR ( 'NONE', #379, 1000.000000000000000 ) ;
#2784 = CARTESIAN_POINT ( 'NONE',  ( 0.6500000000000000222, 0.1430000000000000160, 0.09999999999999956146 ) ) ;
#2785 = VERTEX_POINT ( 'NONE', #2378 ) ;
#2786 = DIRECTION ( 'NONE',  ( 0.000000000000000000, 1.000000000000000000, 0.000000000000000000 ) ) ;
#2787 = DIRECTION ( 'NONE',  ( 1.000000000000000000, -0.000000000000000000, -5.421010862427526114E-16 ) ) ;
#2788 = VECTOR ( 'NONE', #1103, 1000.000000000000000 ) ;
#2789 = SURFACE_STYLE_USAGE ( .BOTH. , #545 ) ;
#2790 = FILL_AREA_STYLE ('',( #305 ) ) ;
#2791 = ORIENTED_EDGE ( 'NONE', *, *, #4425, .T. ) ;
#2792 = LINE ( 'NONE', #635, #3769 ) ;
#2793 = CARTESIAN_POINT ( 'NONE',  ( 0.5999999999999999778, 0.1430000000000000160, 0.09999999999999915901 ) ) ;
#2794 = AXIS2_PLACEMENT_3D ( 'NONE', #4589, #2800, #3178 ) ;
#2795 = VERTEX_POINT ( 'NONE', #1735 ) ;
#2796 = ORIENTED_EDGE ( 'NONE', *, *, #4480, .F. ) ;
#2797 = CARTESIAN_POINT ( 'NONE',  ( -0.4999999999999996669, 0.2500000000000000000, 0.3499999999999999778 ) ) ;
#2798 = ORIENTED_EDGE ( 'NONE', *, *, #1728, .T. ) ;
#2799 = COLOUR_RGB ( '',0.2980392156862745057, 0.2980392156862745057, 0.2980392156862745057 ) ;
#2800 = DIRECTION ( 'NONE',  ( 1.000000000000000000, 0.000000000000000000, 3.097720492815731110E-16 ) ) ;
#2801 = EDGE_CURVE ( 'NONE', #4385, #2814, #2045, .T. ) ;
#2802 = ADVANCED_FACE ( 'NONE', ( #2089 ), #4624, .F. ) ;
#2803 = SURFACE_STYLE_USAGE ( .BOTH. , #1382 ) ;
#2804 =( GEOMETRIC_REPRESENTATION_CONTEXT ( 3 ) GLOBAL_UNCERTAINTY_ASSIGNED_CONTEXT ( ( #2818 ) ) GLOBAL_UNIT_ASSIGNED_CONTEXT ( ( #337, #384, #1770 ) ) REPRESENTATION_CONTEXT ( 'NONE', 'WORKASPACE' ) );
#2805 = ORIENTED_EDGE ( 'NONE', *, *, #2855, .T. ) ;
#2806 = LINE ( 'NONE', #2779, #1959 ) ;
#2807 = VECTOR ( 'NONE', #2093, 1000.000000000000000 ) ;
#2808 = ADVANCED_FACE ( 'NONE', ( #3465, #3822 ), #625, .T. ) ;
#2809 = VECTOR ( 'NONE', #4497, 1000.000000000000000 ) ;
#2810 = ORIENTED_EDGE ( 'NONE', *, *, #140, .F. ) ;
#2811 = ORIENTED_EDGE ( 'NONE', *, *, #1073, .T. ) ;
#2812 = LINE ( 'NONE', #4247, #2558 ) ;
#2813 = LINE ( 'NONE', #4578, #2930 ) ;
#2814 = VERTEX_POINT ( 'NONE', #1994 ) ;
#2815 = CARTESIAN_POINT ( 'NONE',  ( -0.2999999999999999334, 0.1430000000000000160, -0.5749999999999996225 ) ) ;
#2816 = SURFACE_SIDE_STYLE ('',( #38 ) ) ;
#2817 = PLANE ( 'NONE',  #231 ) ;
#2818 = UNCERTAINTY_MEASURE_WITH_UNIT (LENGTH_MEASURE( 1.000000000000000082E-05 ), #337, 'distance_accuracy_value', 'NONE');
#2819 = ORIENTED_EDGE ( 'NONE', *, *, #3269, .F. ) ;
#2820 = EDGE_LOOP ( 'NONE', ( #4226, #1406, #1809, #2580 ) ) ;
#2821 = PLANE ( 'NONE',  #3106 ) ;
#2822 = ORIENTED_EDGE ( 'NONE', *, *, #1580, .T. ) ;
#2823 = DIRECTION ( 'NONE',  ( -1.000000000000000000, 0.000000000000000000, 7.860465750519903991E-15 ) ) ;
#2824 = VECTOR ( 'NONE', #3390, 1000.000000000000000 ) ;
#2825 = STYLED_ITEM ( 'NONE', ( #4279 ), #490 ) ;
#2826 = ORIENTED_EDGE ( 'NONE', *, *, #1324, .T. ) ;
#2827 =( NAMED_UNIT ( * ) PLANE_ANGLE_UNIT ( ) SI_UNIT ( $, .RADIAN. ) );
#2828 =( NAMED_UNIT ( * ) SI_UNIT ( $, .STERADIAN. ) SOLID_ANGLE_UNIT ( ) );
#2829 = VERTEX_POINT ( 'NONE', #2020 ) ;
#2830 = ORIENTED_EDGE ( 'NONE', *, *, #3346, .T. ) ;
#2831 = EDGE_CURVE ( 'NONE', #974, #3790, #1031, .T. ) ;
#2832 = CARTESIAN_POINT ( 'NONE',  ( -0.6999999999999999556, 0.2700000000000000178, -0.7499999999999996669 ) ) ;
#2833 = SURFACE_SIDE_STYLE ('',( #354 ) ) ;
#2834 =( LENGTH_UNIT ( ) NAMED_UNIT ( * ) SI_UNIT ( .MILLI., .METRE. ) );
#2835 = ORIENTED_EDGE ( 'NONE', *, *, #4535, .F. ) ;
#2836 = EDGE_CURVE ( 'NONE', #1432, #3014, #1684, .T. ) ;
#2837 = DIRECTION ( 'NONE',  ( -0.000000000000000000, -1.000000000000000000, -0.000000000000000000 ) ) ;
#2838 = CARTESIAN_POINT ( 'NONE',  ( -0.5999999999999997558, 0.1430000000000000160, -0.2500000000000000555 ) ) ;
#2839 = CARTESIAN_POINT ( 'NONE',  ( 0.5999999999999999778, 0.2500000000000000000, -0.09999999999999981126 ) ) ;
#2840 = ORIENTED_EDGE ( 'NONE', *, *, #3834, .F. ) ;
#2841 = ORIENTED_EDGE ( 'NONE', *, *, #381, .F. ) ;
#2842 =( GEOMETRIC_REPRESENTATION_CONTEXT ( 3 ) GLOBAL_UNCERTAINTY_ASSIGNED_CONTEXT ( ( #2913 ) ) GLOBAL_UNIT_ASSIGNED_CONTEXT ( ( #3433, #4565, #972 ) ) REPRESENTATION_CONTEXT ( 'NONE', 'WORKASPACE' ) );
#2843 = SURFACE_STYLE_USAGE ( .BOTH. , #3222 ) ;
#2844 = CARTESIAN_POINT ( 'NONE',  ( -0.5999999999999997558, 0.2500000000000000000, 0.09999999999999902023 ) ) ;
#2845 = DIRECTION ( 'NONE',  ( -1.000000000000000000, 0.000000000000000000, -0.000000000000000000 ) ) ;
#2846 = DIRECTION ( 'NONE',  ( 3.097720492815731110E-16, 0.000000000000000000, 1.000000000000000000 ) ) ;
#2847 = LINE ( 'NONE', #418, #537 ) ;
#2848 = DIRECTION ( 'NONE',  ( -0.000000000000000000, 1.000000000000000000, -0.000000000000000000 ) ) ;
#2849 = ORIENTED_EDGE ( 'NONE', *, *, #1240, .F. ) ;
#2850 = ORIENTED_EDGE ( 'NONE', *, *, #1154, .T. ) ;
#2851 = DIRECTION ( 'NONE',  ( 0.000000000000000000, 1.000000000000000000, 0.000000000000000000 ) ) ;
#2852 = COLOUR_RGB ( '',0.2980392156862745057, 0.2980392156862745057, 0.2980392156862745057 ) ;
#2853 = CARTESIAN_POINT ( 'NONE',  ( -0.5999999999999997558, 0.2700000000000000178, -0.09999999999999967248 ) ) ;
#2854 = DIRECTION ( 'NONE',  ( -0.000000000000000000, 1.000000000000000000, -0.000000000000000000 ) ) ;
#2855 = EDGE_CURVE ( 'NONE', #2116, #2868, #3114, .T. ) ;
#2856 = VECTOR ( 'NONE', #864, 1000.000000000000000 ) ;
#2857 = VERTEX_POINT ( 'NONE', #2732 ) ;
#2858 = ORIENTED_EDGE ( 'NONE', *, *, #891, .F. ) ;
#2859 = CARTESIAN_POINT ( 'NONE',  ( 0.09999999999999985290, 0.2500000000000000000, 0.7499999999999994449 ) ) ;
#2860 =( GEOMETRIC_REPRESENTATION_CONTEXT ( 3 ) GLOBAL_UNCERTAINTY_ASSIGNED_CONTEXT ( ( #966 ) ) GLOBAL_UNIT_ASSIGNED_CONTEXT ( ( #518, #3399, #2453 ) ) REPRESENTATION_CONTEXT ( 'NONE', 'WORKASPACE' ) );
#2861 = FACE_OUTER_BOUND ( 'NONE', #1458, .T. ) ;
#2862 = PLANE ( 'NONE',  #3854 ) ;
#2863 = EDGE_CURVE ( 'NONE', #2283, #996, #2478, .T. ) ;
#2864 = EDGE_CURVE ( 'NONE', #1830, #3336, #3513, .T. ) ;
#2865 = ORIENTED_EDGE ( 'NONE', *, *, #3755, .F. ) ;
#2866 = UNCERTAINTY_MEASURE_WITH_UNIT (LENGTH_MEASURE( 1.000000000000000082E-05 ), #1451, 'distance_accuracy_value', 'NONE');
#2867 = EDGE_LOOP ( 'NONE', ( #1494, #4308, #3098, #961 ) ) ;
#2868 = VERTEX_POINT ( 'NONE', #3440 ) ;
#2869 = STYLED_ITEM ( 'NONE', ( #4417 ), #861 ) ;
#2870 = LINE ( 'NONE', #3267, #4464 ) ;
#2871 = SURFACE_STYLE_FILL_AREA ( #2515 ) ;
#2872 = CARTESIAN_POINT ( 'NONE',  ( -0.5000000000000000000, 0.1430000000000000160, -0.7499999999999996669 ) ) ;
#2873 = VECTOR ( 'NONE', #942, 1000.000000000000000 ) ;
#2874 = ORIENTED_EDGE ( 'NONE', *, *, #2895, .T. ) ;
#2875 =( NAMED_UNIT ( * ) PLANE_ANGLE_UNIT ( ) SI_UNIT ( $, .RADIAN. ) );
#2876 = VECTOR ( 'NONE', #3852, 1000.000000000000000 ) ;
#2877 = FILL_AREA_STYLE ('',( #1437 ) ) ;
#2878 = PRESENTATION_STYLE_ASSIGNMENT (( #3987 ) ) ;
#2879 = COLOUR_RGB ( '',1.000000000000000000, 1.000000000000000000, 1.000000000000000000 ) ;
#2880 = ORIENTED_EDGE ( 'NONE', *, *, #1418, .T. ) ;
#2881 = VERTEX_POINT ( 'NONE', #278 ) ;
#2882 = VECTOR ( 'NONE', #4001, 1000.000000000000000 ) ;
#2883 = LINE ( 'NONE', #1058, #3765 ) ;
#2884 = AXIS2_PLACEMENT_3D ( 'NONE', #1408, #684, #4 ) ;
#2885 = SURFACE_SIDE_STYLE ('',( #1446 ) ) ;
#2886 = VECTOR ( 'NONE', #2582, 1000.000000000000000 ) ;
#2887 = VERTEX_POINT ( 'NONE', #954 ) ;
#2888 = DIRECTION ( 'NONE',  ( 1.000000000000000000, 0.000000000000000000, 0.000000000000000000 ) ) ;
#2889 = EDGE_CURVE ( 'NONE', #2142, #4283, #2812, .T. ) ;
#2890 = DIRECTION ( 'NONE',  ( 1.000000000000000000, 0.000000000000000000, 0.000000000000000000 ) ) ;
#2891 = CARTESIAN_POINT ( 'NONE',  ( -0.1000000000000000749, 0.2700000000000000178, 0.7499999999999994449 ) ) ;
#2892 = ORIENTED_EDGE ( 'NONE', *, *, #4339, .F. ) ;
#2893 = ORIENTED_EDGE ( 'NONE', *, *, #3986, .T. ) ;
#2894 = ADVANCED_FACE ( 'NONE', ( #4199 ), #647, .F. ) ;
#2895 = EDGE_CURVE ( 'NONE', #1648, #1848, #2883, .T. ) ;
#2896 = ORIENTED_EDGE ( 'NONE', *, *, #4583, .F. ) ;
#2897 = CARTESIAN_POINT ( 'NONE',  ( -0.6999999999999999556, 0.2700000000000000178, -0.5749999999999996225 ) ) ;
#2898 = DIRECTION ( 'NONE',  ( 0.000000000000000000, 0.000000000000000000, 1.000000000000000000 ) ) ;
#2899 = VECTOR ( 'NONE', #2397, 1000.000000000000000 ) ;
#2900 = ORIENTED_EDGE ( 'NONE', *, *, #4250, .F. ) ;
#2901 = PLANE ( 'NONE',  #2663 ) ;
#2902 = PLANE ( 'NONE',  #3439 ) ;
#2903 =( GEOMETRIC_REPRESENTATION_CONTEXT ( 3 ) GLOBAL_UNCERTAINTY_ASSIGNED_CONTEXT ( ( #2866 ) ) GLOBAL_UNIT_ASSIGNED_CONTEXT ( ( #1451, #3217, #3931 ) ) REPRESENTATION_CONTEXT ( 'NONE', 'WORKASPACE' ) );
#2904 = LINE ( 'NONE', #397, #3836 ) ;
#2905 = SURFACE_STYLE_FILL_AREA ( #3677 ) ;
#2906 = PRESENTATION_LAYER_ASSIGNMENT (  '', '', ( #1091 ) ) ;
#2907 = DIRECTION ( 'NONE',  ( 6.195440985631453345E-16, 0.000000000000000000, 1.000000000000000000 ) ) ;
#2908 = ORIENTED_EDGE ( 'NONE', *, *, #106, .T. ) ;
#2909 =( NAMED_UNIT ( * ) PLANE_ANGLE_UNIT ( ) SI_UNIT ( $, .RADIAN. ) );
#2910 = LINE ( 'NONE', #2198, #4258 ) ;
#2911 = CARTESIAN_POINT ( 'NONE',  ( -0.5000000000000000000, 0.1430000000000000160, 0.7499999999999996669 ) ) ;
#2912 = EDGE_LOOP ( 'NONE', ( #2811, #4148, #4445, #4210 ) ) ;
#2913 = UNCERTAINTY_MEASURE_WITH_UNIT (LENGTH_MEASURE( 1.000000000000000082E-05 ), #3433, 'distance_accuracy_value', 'NONE');
#2914 = VERTEX_POINT ( 'NONE', #33 ) ;
#2915 = PRESENTATION_STYLE_ASSIGNMENT (( #1479 ) ) ;
#2916 = CARTESIAN_POINT ( 'NONE',  ( -0.1000000000000000749, 0.2500000000000000000, -0.7499999999999994449 ) ) ;
#2917 = EDGE_CURVE ( 'NONE', #1859, #1465, #1420, .T. ) ;
#2918 =( LENGTH_UNIT ( ) NAMED_UNIT ( * ) SI_UNIT ( .MILLI., .METRE. ) );
#2919 = CARTESIAN_POINT ( 'NONE',  ( -0.5000000000000000000, 0.1430000000000000160, -0.7499999999999996669 ) ) ;
#2920 = STYLED_ITEM ( 'NONE', ( #3160 ), #2013 ) ;
#2921 = PLANE ( 'NONE',  #1414 ) ;
#2922 = EDGE_CURVE ( 'NONE', #2058, #2450, #4387, .T. ) ;
#2923 = EDGE_CURVE ( 'NONE', #2055, #1854, #3256, .T. ) ;
#2924 = VERTEX_POINT ( 'NONE', #3653 ) ;
#2925 = DIRECTION ( 'NONE',  ( 1.000000000000000000, 0.000000000000000000, 0.000000000000000000 ) ) ;
#2926 = SURFACE_STYLE_USAGE ( .BOTH. , #4295 ) ;
#2927 = SURFACE_SIDE_STYLE ('',( #4459 ) ) ;
#2928 = DIRECTION ( 'NONE',  ( -1.000000000000000000, 0.000000000000000000, -0.000000000000000000 ) ) ;
#2929 =( LENGTH_UNIT ( ) NAMED_UNIT ( * ) SI_UNIT ( .MILLI., .METRE. ) );
#2930 = VECTOR ( 'NONE', #1294, 1000.000000000000000 ) ;
#2931 = ORIENTED_EDGE ( 'NONE', *, *, #3580, .T. ) ;
#2932 = CARTESIAN_POINT ( 'NONE',  ( 0.09999999999999945044, 0.2700000000000000178, -0.5749999999999997335 ) ) ;
#2933 = PLANE ( 'NONE',  #2649 ) ;
#2934 = VERTEX_POINT ( 'NONE', #421 ) ;
#2935 = VECTOR ( 'NONE', #2744, 1000.000000000000000 ) ;
#2936 = COLOUR_RGB ( '',1.000000000000000000, 1.000000000000000000, 1.000000000000000000 ) ;
#2937 = ORIENTED_EDGE ( 'NONE', *, *, #190, .F. ) ;
#2938 = LINE ( 'NONE', #4377, #2886 ) ;
#2939 =( NAMED_UNIT ( * ) SI_UNIT ( $, .STERADIAN. ) SOLID_ANGLE_UNIT ( ) );
#2940 = COLOUR_RGB ( '',1.000000000000000000, 1.000000000000000000, 1.000000000000000000 ) ;
#2941 = PLANE ( 'NONE',  #1907 ) ;
#2942 = CARTESIAN_POINT ( 'NONE',  ( -0.6499999999999998002, 0.2500000000000000000, -0.1000000000000000472 ) ) ;
#2943 = EDGE_CURVE ( 'NONE', #4162, #1605, #3923, .T. ) ;
#2944 = ADVANCED_FACE ( 'NONE', ( #2546 ), #3989, .F. ) ;
#2945 = LINE ( 'NONE', #75, #3295 ) ;
#2946 = MECHANICAL_DESIGN_GEOMETRIC_PRESENTATION_REPRESENTATION (  '', ( #973 ), #3547 ) ;
#2947 = ORIENTED_EDGE ( 'NONE', *, *, #2014, .T. ) ;
#2948 = ORIENTED_EDGE ( 'NONE', *, *, #2008, .T. ) ;
#2949 =( LENGTH_UNIT ( ) NAMED_UNIT ( * ) SI_UNIT ( .MILLI., .METRE. ) );
#2950 = EDGE_CURVE ( 'NONE', #4196, #3511, #1801, .T. ) ;
#2951 = DIRECTION ( 'NONE',  ( 1.084202172485505174E-16, -0.000000000000000000, 1.000000000000000000 ) ) ;
#2952 = PRESENTATION_LAYER_ASSIGNMENT (  '', '', ( #1132 ) ) ;
#2953 = ORIENTED_EDGE ( 'NONE', *, *, #4593, .T. ) ;
#2954 = PRESENTATION_LAYER_ASSIGNMENT (  '', '', ( #313 ) ) ;
#2955 = EDGE_LOOP ( 'NONE', ( #3352, #3978, #2151, #4486 ) ) ;
#2956 = CARTESIAN_POINT ( 'NONE',  ( 0.4500000000000000111, 0.2500000000000000000, 0.3499999999999992006 ) ) ;
#2957 = PRESENTATION_STYLE_ASSIGNMENT (( #63 ) ) ;
#2958 = PRESENTATION_STYLE_ASSIGNMENT (( #1513 ) ) ;
#2959 = FACE_OUTER_BOUND ( 'NONE', #645, .T. ) ;
#2960 = UNCERTAINTY_MEASURE_WITH_UNIT (LENGTH_MEASURE( 1.000000000000000082E-05 ), #4053, 'distance_accuracy_value', 'NONE');
#2961 = DIRECTION ( 'NONE',  ( 7.860465750519903991E-15, -0.000000000000000000, 1.000000000000000000 ) ) ;
#2962 = DIRECTION ( 'NONE',  ( -1.000000000000000000, 0.000000000000000000, -0.000000000000000000 ) ) ;
#2963 = DIRECTION ( 'NONE',  ( -1.000000000000000000, 0.000000000000000000, -7.589415207398527883E-15 ) ) ;
#2964 = CARTESIAN_POINT ( 'NONE',  ( 0.09999999999999942268, 0.1430000000000000160, -0.7499999999999994449 ) ) ;
#2965 = EDGE_LOOP ( 'NONE', ( #250, #3845, #1982, #2487 ) ) ;
#2966 = ORIENTED_EDGE ( 'NONE', *, *, #1954, .F. ) ;
#2967 = DIRECTION ( 'NONE',  ( -1.000000000000000000, 0.000000000000000000, -6.195440985631453345E-16 ) ) ;
#2968 = VERTEX_POINT ( 'NONE', #4642 ) ;
#2969 = PRODUCT ( 'KTD2026BEWE-TR', 'KTD2026BEWE-TR', '', ( #3531 ) ) ;
#2970 = EDGE_CURVE ( 'NONE', #2077, #2829, #2184, .T. ) ;
#2971 = CARTESIAN_POINT ( 'NONE',  ( -0.6999999999999999556, 0.1430000000000000160, 0.7499999999999996669 ) ) ;
#2972 = PLANE ( 'NONE',  #2034 ) ;
#2973 = PRESENTATION_LAYER_ASSIGNMENT (  '', '', ( #2362 ) ) ;
#2974 = FACE_OUTER_BOUND ( 'NONE', #4297, .T. ) ;
#2975 = SURFACE_SIDE_STYLE ('',( #3678 ) ) ;
#2976 = MECHANICAL_DESIGN_GEOMETRIC_PRESENTATION_REPRESENTATION (  '', ( #415 ), #2143 ) ;
#2977 = EDGE_CURVE ( 'NONE', #4653, #1579, #3626, .T. ) ;
#2978 = ORIENTED_EDGE ( 'NONE', *, *, #4161, .T. ) ;
#2979 = EDGE_CURVE ( 'NONE', #3959, #666, #3231, .T. ) ;
#2980 =( NAMED_UNIT ( * ) PLANE_ANGLE_UNIT ( ) SI_UNIT ( $, .RADIAN. ) );
#2981 = COLOUR_RGB ( '',1.000000000000000000, 1.000000000000000000, 1.000000000000000000 ) ;
#2982 = PLANE ( 'NONE',  #702 ) ;
#2983 = CIRCLE ( 'NONE', #4414, 0.09999999999999999167 ) ;
#2984 = DIRECTION ( 'NONE',  ( -1.000000000000000000, -0.000000000000000000, -0.000000000000000000 ) ) ;
#2985 = EDGE_LOOP ( 'NONE', ( #2042, #2588, #2752, #298 ) ) ;
#2986 = EDGE_CURVE ( 'NONE', #1615, #2795, #2524, .T. ) ;
#2987 = CARTESIAN_POINT ( 'NONE',  ( -0.6999999999999999556, 0.2500000000000000000, 0.7499999999999996669 ) ) ;
#2988 = CYLINDRICAL_SURFACE ( 'NONE', #887, 0.09999999999999999167 ) ;
#2989 = LINE ( 'NONE', #3388, #2267 ) ;
#2990 = CARTESIAN_POINT ( 'NONE',  ( 0.2999999999999993228, 0.2500000000000000000, -0.7499999999999995559 ) ) ;
#2991 = SURFACE_STYLE_FILL_AREA ( #1232 ) ;
#2992 = ORIENTED_EDGE ( 'NONE', *, *, #3488, .T. ) ;
#2993 = CARTESIAN_POINT ( 'NONE',  ( 0.4999999999999997780, 0.1430000000000000160, 0.7499999999999996669 ) ) ;
#2994 = CARTESIAN_POINT ( 'NONE',  ( 0.09999999999999976963, 0.2700000000000000178, 0.5749999999999996225 ) ) ;
#2995 = VECTOR ( 'NONE', #2589, 1000.000000000000000 ) ;
#2996 = FACE_OUTER_BOUND ( 'NONE', #563, .T. ) ;
#2997 = DIRECTION ( 'NONE',  ( 3.097720492815730617E-16, 0.000000000000000000, -1.000000000000000000 ) ) ;
#2998 = ORIENTED_EDGE ( 'NONE', *, *, #3150, .F. ) ;
#2999 = DIRECTION ( 'NONE',  ( -0.000000000000000000, 1.000000000000000000, -0.000000000000000000 ) ) ;
#3000 = ORIENTED_EDGE ( 'NONE', *, *, #1812, .F. ) ;
#3001 = PRESENTATION_STYLE_ASSIGNMENT (( #1614 ) ) ;
#3002 = DIRECTION ( 'NONE',  ( -0.000000000000000000, 1.000000000000000000, -0.000000000000000000 ) ) ;
#3003 = EDGE_CURVE ( 'NONE', #135, #2914, #2563, .T. ) ;
#3004 = DIRECTION ( 'NONE',  ( -0.000000000000000000, 1.000000000000000000, -0.000000000000000000 ) ) ;
#3005 = FILL_AREA_STYLE_COLOUR ( '', #3990 ) ;
#3006 = ORIENTED_EDGE ( 'NONE', *, *, #468, .F. ) ;
#3007 = UNCERTAINTY_MEASURE_WITH_UNIT (LENGTH_MEASURE( 1.000000000000000082E-05 ), #3947, 'distance_accuracy_value', 'NONE');
#3008 = EDGE_CURVE ( 'NONE', #1579, #745, #2904, .T. ) ;
#3009 = EDGE_CURVE ( 'NONE', #2021, #4181, #4360, .T. ) ;
#3010 = CARTESIAN_POINT ( 'NONE',  ( -0.5999999999999997558, 0.2700000000000000178, -0.09999999999999967248 ) ) ;
#3011 = PRESENTATION_LAYER_ASSIGNMENT (  '', '', ( #2095 ) ) ;
#3012 = DIRECTION ( 'NONE',  ( 4.646580739223595925E-16, 0.000000000000000000, 1.000000000000000000 ) ) ;
#3013 = PRESENTATION_STYLE_ASSIGNMENT (( #3365 ) ) ;
#3014 = VERTEX_POINT ( 'NONE', #2211 ) ;
#3015 = VECTOR ( 'NONE', #1464, 1000.000000000000000 ) ;
#3016 = CARTESIAN_POINT ( 'NONE',  ( 0.5999999999999999778, 0.1430000000000000160, -0.09999999999999981126 ) ) ;
#3017 = PRESENTATION_LAYER_ASSIGNMENT (  '', '', ( #1644 ) ) ;
#3018 = SURFACE_SIDE_STYLE ('',( #2265 ) ) ;
#3019 = CARTESIAN_POINT ( 'NONE',  ( 0.4999999999999996669, 0.2700000000000000178, -0.3500000000000001443 ) ) ;
#3020 = COLOUR_RGB ( '',1.000000000000000000, 1.000000000000000000, 1.000000000000000000 ) ;
#3021 = SURFACE_STYLE_FILL_AREA ( #2312 ) ;
#3022 = ORIENTED_EDGE ( 'NONE', *, *, #4161, .F. ) ;
#3023 = FILL_AREA_STYLE_COLOUR ( '', #96 ) ;
#3024 = AXIS2_PLACEMENT_3D ( 'NONE', #3544, #2890, #334 ) ;
#3025 = DIRECTION ( 'NONE',  ( 0.000000000000000000, 1.000000000000000000, 0.000000000000000000 ) ) ;
#3026 = CARTESIAN_POINT ( 'NONE',  ( 0.5999999999999998668, 0.1430000000000000160, -0.2500000000000002220 ) ) ;
#3027 = COLOUR_RGB ( '',1.000000000000000000, 1.000000000000000000, 1.000000000000000000 ) ;
#3028 = FILL_AREA_STYLE_COLOUR ( '', #3915 ) ;
#3029 = ORIENTED_EDGE ( 'NONE', *, *, #4620, .T. ) ;
#3030 = ADVANCED_FACE ( 'NONE', ( #1963 ), #3676, .F. ) ;
#3031 =( GEOMETRIC_REPRESENTATION_CONTEXT ( 3 ) GLOBAL_UNCERTAINTY_ASSIGNED_CONTEXT ( ( #3199 ) ) GLOBAL_UNIT_ASSIGNED_CONTEXT ( ( #1033, #3604, #3948 ) ) REPRESENTATION_CONTEXT ( 'NONE', 'WORKASPACE' ) );
#3032 = CARTESIAN_POINT ( 'NONE',  ( -0.2999999999999999334, 0.1430000000000000160, -0.5749999999999996225 ) ) ;
#3033 = LINE ( 'NONE', #4448, #1305 ) ;
#3034 = VECTOR ( 'NONE', #1303, 1000.000000000000000 ) ;
#3035 = CARTESIAN_POINT ( 'NONE',  ( 0.5999999999999999778, 0.2500000000000000000, 0.09999999999999915901 ) ) ;
#3036 = ADVANCED_FACE ( 'NONE', ( #3042 ), #1216, .F. ) ;
#3037 = EDGE_CURVE ( 'NONE', #3901, #1233, #4036, .T. ) ;
#3038 = FILL_AREA_STYLE ('',( #1499 ) ) ;
#3039 = DIRECTION ( 'NONE',  ( -0.000000000000000000, 1.000000000000000000, 0.000000000000000000 ) ) ;
#3040 = EDGE_LOOP ( 'NONE', ( #3139, #154, #4203, #2632 ) ) ;
#3041 = DIRECTION ( 'NONE',  ( 0.000000000000000000, -0.000000000000000000, 1.000000000000000000 ) ) ;
#3042 = FACE_OUTER_BOUND ( 'NONE', #182, .T. ) ;
#3043 =( NAMED_UNIT ( * ) SI_UNIT ( $, .STERADIAN. ) SOLID_ANGLE_UNIT ( ) );
#3044 = PRESENTATION_LAYER_ASSIGNMENT (  '', '', ( #1974 ) ) ;
#3045 = VERTEX_POINT ( 'NONE', #1524 ) ;
#3046 = SURFACE_STYLE_FILL_AREA ( #197 ) ;
#3047 = LINE ( 'NONE', #3492, #2750 ) ;
#3048 = DIRECTION ( 'NONE',  ( -1.000000000000000000, 0.000000000000000000, 6.195440985631453345E-16 ) ) ;
#3049 = VECTOR ( 'NONE', #3364, 1000.000000000000000 ) ;
#3050 = UNCERTAINTY_MEASURE_WITH_UNIT (LENGTH_MEASURE( 1.000000000000000082E-05 ), #2350, 'distance_accuracy_value', 'NONE');
#3051 = VECTOR ( 'NONE', #2412, 1000.000000000000000 ) ;
#3052 =( GEOMETRIC_REPRESENTATION_CONTEXT ( 3 ) GLOBAL_UNCERTAINTY_ASSIGNED_CONTEXT ( ( #3092 ) ) GLOBAL_UNIT_ASSIGNED_CONTEXT ( ( #3802, #1636, #176 ) ) REPRESENTATION_CONTEXT ( 'NONE', 'WORKASPACE' ) );
#3053 = FILL_AREA_STYLE_COLOUR ( '', #3483 ) ;
#3054 = DIRECTION ( 'NONE',  ( 0.000000000000000000, 1.000000000000000000, 0.000000000000000000 ) ) ;
#3055 = FILL_AREA_STYLE_COLOUR ( '', #3020 ) ;
#3056 = COLOUR_RGB ( '',0.2980392156862745057, 0.2980392156862745057, 0.2980392156862745057 ) ;
#3057 = SURFACE_STYLE_FILL_AREA ( #993 ) ;
#3058 = VERTEX_POINT ( 'NONE', #3419 ) ;
#3059 = CARTESIAN_POINT ( 'NONE',  ( 0.000000000000000000, 0.1430000000000000160, 0.000000000000000000 ) ) ;
#3060 = ORIENTED_EDGE ( 'NONE', *, *, #4249, .F. ) ;
#3061 = EDGE_CURVE ( 'NONE', #3799, #4653, #511, .T. ) ;
#3062 = CARTESIAN_POINT ( 'NONE',  ( -0.4999999999999996669, 0.2700000000000000178, -0.2500000000000000555 ) ) ;
#3063 = FACE_OUTER_BOUND ( 'NONE', #175, .T. ) ;
#3064 = ADVANCED_FACE ( 'NONE', ( #2681 ), #1900, .F. ) ;
#3065 = EDGE_CURVE ( 'NONE', #2077, #2881, #2635, .T. ) ;
#3066 = CARTESIAN_POINT ( 'NONE',  ( 0.2999999999999992673, 0.1430000000000000160, 0.5749999999999996225 ) ) ;
#3067 = CARTESIAN_POINT ( 'NONE',  ( -0.6499999999999998002, 0.1430000000000000160, 0.09999999999999939493 ) ) ;
#3068 = PRESENTATION_STYLE_ASSIGNMENT (( #86 ) ) ;
#3069 = PLANE ( 'NONE',  #1397 ) ;
#3070 = CARTESIAN_POINT ( 'NONE',  ( 0.6999999999999992895, 0.1430000000000000160, -0.5749999999999998446 ) ) ;
#3071 = CARTESIAN_POINT ( 'NONE',  ( -0.2999999999999994893, 0.2500000000000000000, 0.5749999999999996225 ) ) ;
#3072 = COLOUR_RGB ( '',1.000000000000000000, 1.000000000000000000, 1.000000000000000000 ) ;
#3073 = LINE ( 'NONE', #567, #1805 ) ;
#3074 = DIRECTION ( 'NONE',  ( 1.000000000000000000, 0.000000000000000000, 0.000000000000000000 ) ) ;
#3075 = SURFACE_STYLE_USAGE ( .BOTH. , #656 ) ;
#3076 = ORIENTED_EDGE ( 'NONE', *, *, #3003, .T. ) ;
#3077 = ORIENTED_EDGE ( 'NONE', *, *, #3722, .T. ) ;
#3078 = PRESENTATION_LAYER_ASSIGNMENT (  '', '', ( #4209 ) ) ;
#3079 = CARTESIAN_POINT ( 'NONE',  ( -0.2999999999999994338, 0.2700000000000000178, 0.7499999999999994449 ) ) ;
#3080 = ORIENTED_EDGE ( 'NONE', *, *, #1301, .F. ) ;
#3081 = MECHANICAL_DESIGN_GEOMETRIC_PRESENTATION_REPRESENTATION (  '', ( #2095 ), #1633 ) ;
#3082 = LINE ( 'NONE', #4216, #4327 ) ;
#3083 = EDGE_CURVE ( 'NONE', #806, #1233, #1590, .T. ) ;
#3084 = VECTOR ( 'NONE', #1613, 1000.000000000000000 ) ;
#3085 = CARTESIAN_POINT ( 'NONE',  ( -0.2999999999999999889, 0.2700000000000000178, -0.7499999999999994449 ) ) ;
#3086 = SURFACE_STYLE_FILL_AREA ( #4194 ) ;
#3087 = ADVANCED_FACE ( 'NONE', ( #3435 ), #903, .F. ) ;
#3088 = DIRECTION ( 'NONE',  ( -0.000000000000000000, 0.000000000000000000, -1.000000000000000000 ) ) ;
#3089 = EDGE_CURVE ( 'NONE', #516, #1119, #596, .T. ) ;
#3090 = COLOUR_RGB ( '',1.000000000000000000, 1.000000000000000000, 1.000000000000000000 ) ;
#3091 = DIRECTION ( 'NONE',  ( 1.000000000000000000, 0.000000000000000000, -0.000000000000000000 ) ) ;
#3092 = UNCERTAINTY_MEASURE_WITH_UNIT (LENGTH_MEASURE( 1.000000000000000082E-05 ), #3802, 'distance_accuracy_value', 'NONE');
#3093 = PRESENTATION_LAYER_ASSIGNMENT (  '', '', ( #1887 ) ) ;
#3094 = DIRECTION ( 'NONE',  ( -0.000000000000000000, -1.000000000000000000, -0.000000000000000000 ) ) ;
#3095 = DIRECTION ( 'NONE',  ( 0.000000000000000000, 0.000000000000000000, 1.000000000000000000 ) ) ;
#3096 = EDGE_LOOP ( 'NONE', ( #3077, #3076, #4586, #639 ) ) ;
#3097 = DIRECTION ( 'NONE',  ( 1.000000000000000000, 0.000000000000000000, 0.000000000000000000 ) ) ;
#3098 = ORIENTED_EDGE ( 'NONE', *, *, #4677, .T. ) ;
#3099 = UNCERTAINTY_MEASURE_WITH_UNIT (LENGTH_MEASURE( 1.000000000000000082E-05 ), #3170, 'distance_accuracy_value', 'NONE');
#3100 = VECTOR ( 'NONE', #4252, 1000.000000000000000 ) ;
#3101 = VECTOR ( 'NONE', #1356, 1000.000000000000000 ) ;
#3102 = DIRECTION ( 'NONE',  ( 0.000000000000000000, -0.000000000000000000, 1.000000000000000000 ) ) ;
#3103 = ORIENTED_EDGE ( 'NONE', *, *, #322, .T. ) ;
#3104 = FACE_OUTER_BOUND ( 'NONE', #962, .T. ) ;
#3105 = FILL_AREA_STYLE ('',( #901 ) ) ;
#3106 = AXIS2_PLACEMENT_3D ( 'NONE', #801, #2961, #433 ) ;
#3107 = ORIENTED_EDGE ( 'NONE', *, *, #3608, .F. ) ;
#3108 = SURFACE_STYLE_FILL_AREA ( #1990 ) ;
#3109 = FACE_OUTER_BOUND ( 'NONE', #3040, .T. ) ;
#3110 = CARTESIAN_POINT ( 'NONE',  ( 0.5999999999999999778, 0.1430000000000000160, -0.09999999999999981126 ) ) ;
#3111 = FACE_OUTER_BOUND ( 'NONE', #600, .T. ) ;
#3112 = ORIENTED_EDGE ( 'NONE', *, *, #2986, .F. ) ;
#3113 = EDGE_LOOP ( 'NONE', ( #1057, #1794, #798, #2679 ) ) ;
#3114 = LINE ( 'NONE', #2784, #3536 ) ;
#3115 =( NAMED_UNIT ( * ) PLANE_ANGLE_UNIT ( ) SI_UNIT ( $, .RADIAN. ) );
#3116 =( LENGTH_UNIT ( ) NAMED_UNIT ( * ) SI_UNIT ( .MILLI., .METRE. ) );
#3117 = CARTESIAN_POINT ( 'NONE',  ( -0.6999999999999999556, 0.1430000000000000160, 0.7499999999999996669 ) ) ;
#3118 = ORIENTED_EDGE ( 'NONE', *, *, #1751, .F. ) ;
#3119 = AXIS2_PLACEMENT_3D ( 'NONE', #2994, #4435, #858 ) ;
#3120 = COLOUR_RGB ( '',1.000000000000000000, 1.000000000000000000, 1.000000000000000000 ) ;
#3121 = CARTESIAN_POINT ( 'NONE',  ( 0.6500000000000000222, 0.2700000000000000178, 0.09999999999999956146 ) ) ;
#3122 = MECHANICAL_DESIGN_GEOMETRIC_PRESENTATION_REPRESENTATION (  '', ( #1755 ), #3052 ) ;
#3123 = DIRECTION ( 'NONE',  ( 0.000000000000000000, 0.000000000000000000, 1.000000000000000000 ) ) ;
#3124 = LINE ( 'NONE', #589, #2873 ) ;
#3125 = EDGE_CURVE ( 'NONE', #558, #852, #1355, .T. ) ;
#3126 =( GEOMETRIC_REPRESENTATION_CONTEXT ( 3 ) GLOBAL_UNCERTAINTY_ASSIGNED_CONTEXT ( ( #680 ) ) GLOBAL_UNIT_ASSIGNED_CONTEXT ( ( #4443, #1883, #1512 ) ) REPRESENTATION_CONTEXT ( 'NONE', 'WORKASPACE' ) );
#3127 = ORIENTED_EDGE ( 'NONE', *, *, #1989, .T. ) ;
#3128 = PRESENTATION_LAYER_ASSIGNMENT (  '', '', ( #4111 ) ) ;
#3129 = PRESENTATION_LAYER_ASSIGNMENT (  '', '', ( #3280 ) ) ;
#3130 = LINE ( 'NONE', #614, #1215 ) ;
#3131 = ORIENTED_EDGE ( 'NONE', *, *, #515, .T. ) ;
#3132 = PLANE ( 'NONE',  #531 ) ;
#3133 = DIRECTION ( 'NONE',  ( -1.000000000000000000, -0.000000000000000000, -0.000000000000000000 ) ) ;
#3134 = LINE ( 'NONE', #1002, #3101 ) ;
#3135 = DIRECTION ( 'NONE',  ( 0.000000000000000000, 0.000000000000000000, -1.000000000000000000 ) ) ;
#3136 = ORIENTED_EDGE ( 'NONE', *, *, #978, .T. ) ;
#3137 = ORIENTED_EDGE ( 'NONE', *, *, #631, .T. ) ;
#3138 = CARTESIAN_POINT ( 'NONE',  ( -0.7500000000000001110, 0.2500000000000000000, 0.7499999999999996669 ) ) ;
#3139 = ORIENTED_EDGE ( 'NONE', *, *, #3667, .T. ) ;
#3140 = CARTESIAN_POINT ( 'NONE',  ( -0.5999999999999997558, 0.2700000000000000178, -0.2500000000000000555 ) ) ;
#3141 = SURFACE_STYLE_FILL_AREA ( #2407 ) ;
#3142 =( NAMED_UNIT ( * ) SI_UNIT ( $, .STERADIAN. ) SOLID_ANGLE_UNIT ( ) );
#3143 = DIRECTION ( 'NONE',  ( -0.000000000000000000, 0.000000000000000000, -1.000000000000000000 ) ) ;
#3144 = VERTEX_POINT ( 'NONE', #3457 ) ;
#3145 = EDGE_CURVE ( 'NONE', #2739, #4653, #3082, .T. ) ;
#3146 = PLANE ( 'NONE',  #3024 ) ;
#3147 = CARTESIAN_POINT ( 'NONE',  ( 0.4999999999999997780, 0.2700000000000000178, 0.7499999999999996669 ) ) ;
#3148 = UNCERTAINTY_MEASURE_WITH_UNIT (LENGTH_MEASURE( 1.000000000000000082E-05 ), #4511, 'distance_accuracy_value', 'NONE');
#3149 = ORIENTED_EDGE ( 'NONE', *, *, #747, .F. ) ;
#3150 = EDGE_CURVE ( 'NONE', #2968, #586, #2036, .T. ) ;
#3151 = EDGE_CURVE ( 'NONE', #4679, #2470, #1331, .T. ) ;
#3152 = FACE_OUTER_BOUND ( 'NONE', #1846, .T. ) ;
#3153 = EDGE_LOOP ( 'NONE', ( #3210, #2835, #1920, #4604 ) ) ;
#3154 = FACE_OUTER_BOUND ( 'NONE', #1277, .T. ) ;
#3155 = DIRECTION ( 'NONE',  ( -0.000000000000000000, -1.000000000000000000, -0.000000000000000000 ) ) ;
#3156 = ORIENTED_EDGE ( 'NONE', *, *, #3089, .T. ) ;
#3157 = DIRECTION ( 'NONE',  ( 0.000000000000000000, 0.000000000000000000, -1.000000000000000000 ) ) ;
#3158 = LINE ( 'NONE', #4242, #4156 ) ;
#3159 = STYLED_ITEM ( 'NONE', ( #844 ), #2294 ) ;
#3160 = PRESENTATION_STYLE_ASSIGNMENT (( #1703 ) ) ;
#3161 = ORIENTED_EDGE ( 'NONE', *, *, #2162, .T. ) ;
#3162 = VECTOR ( 'NONE', #1953, 1000.000000000000000 ) ;
#3163 = ORIENTED_EDGE ( 'NONE', *, *, #27, .T. ) ;
#3164 = VECTOR ( 'NONE', #3462, 1000.000000000000000 ) ;
#3165 = DIRECTION ( 'NONE',  ( -0.000000000000000000, 0.000000000000000000, 1.000000000000000000 ) ) ;
#3166 = ORIENTED_EDGE ( 'NONE', *, *, #2801, .T. ) ;
#3167 =( LENGTH_UNIT ( ) NAMED_UNIT ( * ) SI_UNIT ( .MILLI., .METRE. ) );
#3168 = FILL_AREA_STYLE_COLOUR ( '', #3505 ) ;
#3169 = DIRECTION ( 'NONE',  ( 0.000000000000000000, 0.000000000000000000, 1.000000000000000000 ) ) ;
#3170 =( LENGTH_UNIT ( ) NAMED_UNIT ( * ) SI_UNIT ( .MILLI., .METRE. ) );
#3171 = EDGE_LOOP ( 'NONE', ( #726, #4057, #644, #2555 ) ) ;
#3172 = DIRECTION ( 'NONE',  ( 0.000000000000000000, 0.000000000000000000, -1.000000000000000000 ) ) ;
#3173 = DIRECTION ( 'NONE',  ( 1.548860246407866048E-16, 0.000000000000000000, 1.000000000000000000 ) ) ;
#3174 = FILL_AREA_STYLE_COLOUR ( '', #597 ) ;
#3175 = VERTEX_POINT ( 'NONE', #4520 ) ;
#3176 = CARTESIAN_POINT ( 'NONE',  ( 0.5999999999999999778, 0.2500000000000000000, 0.09999999999999915901 ) ) ;
#3177 = ORIENTED_EDGE ( 'NONE', *, *, #73, .F. ) ;
#3178 = DIRECTION ( 'NONE',  ( 3.097720492815731110E-16, 0.000000000000000000, -1.000000000000000000 ) ) ;
#3179 = CARTESIAN_POINT ( 'NONE',  ( -0.6499999999999998002, 0.2700000000000000178, -0.1000000000000000472 ) ) ;
#3180 = ADVANCED_FACE ( 'NONE', ( #975 ), #1281, .F. ) ;
#3181 = COLOUR_RGB ( '',1.000000000000000000, 1.000000000000000000, 1.000000000000000000 ) ;
#3182 = PRESENTATION_LAYER_ASSIGNMENT (  '', '', ( #4011 ) ) ;
#3183 = PRESENTATION_STYLE_ASSIGNMENT (( #3795 ) ) ;
#3184 = DIRECTION ( 'NONE',  ( -1.000000000000000000, 0.000000000000000000, 1.548860246407865555E-16 ) ) ;
#3185 = VECTOR ( 'NONE', #944, 1000.000000000000000 ) ;
#3186 = PLANE ( 'NONE',  #4433 ) ;
#3187 = ORIENTED_EDGE ( 'NONE', *, *, #3460, .T. ) ;
#3188 = ORIENTED_EDGE ( 'NONE', *, *, #380, .F. ) ;
#3189 = DIRECTION ( 'NONE',  ( 1.000000000000000000, 0.000000000000000000, 0.000000000000000000 ) ) ;
#3190 = CARTESIAN_POINT ( 'NONE',  ( -0.4999999999999996669, 0.1430000000000000160, 0.2500000000000000555 ) ) ;
#3191 = CYLINDRICAL_SURFACE ( 'NONE', #1055, 0.09999999999999999167 ) ;
#3192 = LINE ( 'NONE', #3234, #910 ) ;
#3193 =( NAMED_UNIT ( * ) SI_UNIT ( $, .STERADIAN. ) SOLID_ANGLE_UNIT ( ) );
#3194 = LINE ( 'NONE', #4630, #3958 ) ;
#3195 = CARTESIAN_POINT ( 'NONE',  ( -0.7500000000000003331, -0.2500000000000000000, -0.7500000000000003331 ) ) ;
#3196 = PLANE ( 'NONE',  #338 ) ;
#3197 = LINE ( 'NONE', #4632, #387 ) ;
#3198 = EDGE_LOOP ( 'NONE', ( #3449, #2896, #3526, #4034 ) ) ;
#3199 = UNCERTAINTY_MEASURE_WITH_UNIT (LENGTH_MEASURE( 1.000000000000000082E-05 ), #1033, 'distance_accuracy_value', 'NONE');
#3200 = VERTEX_POINT ( 'NONE', #4354 ) ;
#3201 =( GEOMETRIC_REPRESENTATION_CONTEXT ( 3 ) GLOBAL_UNCERTAINTY_ASSIGNED_CONTEXT ( ( #3666 ) ) GLOBAL_UNIT_ASSIGNED_CONTEXT ( ( #520, #2665, #2642 ) ) REPRESENTATION_CONTEXT ( 'NONE', 'WORKASPACE' ) );
#3202 = SURFACE_STYLE_FILL_AREA ( #3960 ) ;
#3203 = CARTESIAN_POINT ( 'NONE',  ( -0.2999999999999994893, 0.2700000000000000178, 0.5749999999999996225 ) ) ;
#3204 =( GEOMETRIC_REPRESENTATION_CONTEXT ( 3 ) GLOBAL_UNCERTAINTY_ASSIGNED_CONTEXT ( ( #3007 ) ) GLOBAL_UNIT_ASSIGNED_CONTEXT ( ( #3947, #2525, #1803 ) ) REPRESENTATION_CONTEXT ( 'NONE', 'WORKASPACE' ) );
#3205 = VECTOR ( 'NONE', #3545, 1000.000000000000000 ) ;
#3206 = CARTESIAN_POINT ( 'NONE',  ( -0.2999999999999994338, 0.1430000000000000160, 0.7499999999999994449 ) ) ;
#3207 =( GEOMETRIC_REPRESENTATION_CONTEXT ( 3 ) GLOBAL_UNCERTAINTY_ASSIGNED_CONTEXT ( ( #4508 ) ) GLOBAL_UNIT_ASSIGNED_CONTEXT ( ( #3167, #3115, #1365 ) ) REPRESENTATION_CONTEXT ( 'NONE', 'WORKASPACE' ) );
#3208 = EDGE_CURVE ( 'NONE', #3830, #1509, #4288, .T. ) ;
#3209 = CARTESIAN_POINT ( 'NONE',  ( 0.4999999999999997780, 0.2700000000000000178, 0.7499999999999996669 ) ) ;
#3210 = ORIENTED_EDGE ( 'NONE', *, *, #3581, .T. ) ;
#3211 = DIRECTION ( 'NONE',  ( -1.000000000000000000, -0.000000000000000000, -0.000000000000000000 ) ) ;
#3212 = EDGE_CURVE ( 'NONE', #2444, #1792, #22, .T. ) ;
#3213 = ADVANCED_FACE ( 'NONE', ( #1798 ), #4313, .F. ) ;
#3214 = CARTESIAN_POINT ( 'NONE',  ( 0.7499999999999996669, 0.2500000000000000000, -0.7500000000000003331 ) ) ;
#3215 =( NAMED_UNIT ( * ) PLANE_ANGLE_UNIT ( ) SI_UNIT ( $, .RADIAN. ) );
#3216 = DIRECTION ( 'NONE',  ( 0.000000000000000000, 0.000000000000000000, 1.000000000000000000 ) ) ;
#3217 =( NAMED_UNIT ( * ) PLANE_ANGLE_UNIT ( ) SI_UNIT ( $, .RADIAN. ) );
#3218 = DIRECTION ( 'NONE',  ( -1.000000000000000000, 0.000000000000000000, 0.000000000000000000 ) ) ;
#3219 = ORIENTED_EDGE ( 'NONE', *, *, #4357, .F. ) ;
#3220 = MECHANICAL_DESIGN_GEOMETRIC_PRESENTATION_REPRESENTATION (  '', ( #428 ), #4123 ) ;
#3221 = ORIENTED_EDGE ( 'NONE', *, *, #4102, .F. ) ;
#3222 = SURFACE_SIDE_STYLE ('',( #3202 ) ) ;
#3223 = LINE ( 'NONE', #2916, #4405 ) ;
#3224 = SURFACE_STYLE_FILL_AREA ( #1840 ) ;
#3225 = DIRECTION ( 'NONE',  ( -0.000000000000000000, 0.000000000000000000, -1.000000000000000000 ) ) ;
#3226 = VECTOR ( 'NONE', #3532, 1000.000000000000000 ) ;
#3227 = PLANE ( 'NONE',  #1135 ) ;
#3228 = LINE ( 'NONE', #3582, #432 ) ;
#3229 = EDGE_LOOP ( 'NONE', ( #2893, #1127, #1523, #1106 ) ) ;
#3230 = ADVANCED_FACE ( 'NONE', ( #2137 ), #1753, .F. ) ;
#3231 = LINE ( 'NONE', #1759, #2102 ) ;
#3232 = CARTESIAN_POINT ( 'NONE',  ( 0.000000000000000000, 0.1430000000000000160, 0.000000000000000000 ) ) ;
#3233 = LINE ( 'NONE', #4601, #1874 ) ;
#3234 = CARTESIAN_POINT ( 'NONE',  ( 0.6500000000000000222, 0.1430000000000000160, -0.1000000000000002137 ) ) ;
#3235 = FACE_OUTER_BOUND ( 'NONE', #349, .T. ) ;
#3236 = ADVANCED_FACE ( 'NONE', ( #4660 ), #2901, .F. ) ;
#3237 = ADVANCED_FACE ( 'NONE', ( #2541 ), #2467, .F. ) ;
#3238 = ADVANCED_FACE ( 'NONE', ( #732 ), #2941, .T. ) ;
#3239 = ORIENTED_EDGE ( 'NONE', *, *, #1812, .T. ) ;
#3240 = LINE ( 'NONE', #3998, #331 ) ;
#3241 = VECTOR ( 'NONE', #2144, 1000.000000000000000 ) ;
#3242 = DIRECTION ( 'NONE',  ( 0.000000000000000000, 0.000000000000000000, -1.000000000000000000 ) ) ;
#3243 = CARTESIAN_POINT ( 'NONE',  ( -0.4999999999999996669, 0.2500000000000000000, -0.3499999999999999778 ) ) ;
#3244 = CARTESIAN_POINT ( 'NONE',  ( -0.1000000000000000749, 0.1430000000000000160, -0.7499999999999994449 ) ) ;
#3245 = ORIENTED_EDGE ( 'NONE', *, *, #4502, .T. ) ;
#3246 = UNCERTAINTY_MEASURE_WITH_UNIT (LENGTH_MEASURE( 1.000000000000000082E-05 ), #3919, 'distance_accuracy_value', 'NONE');
#3247 = ORIENTED_EDGE ( 'NONE', *, *, #3692, .T. ) ;
#3248 = ORIENTED_EDGE ( 'NONE', *, *, #4188, .T. ) ;
#3249 =( LENGTH_UNIT ( ) NAMED_UNIT ( * ) SI_UNIT ( .MILLI., .METRE. ) );
#3250 = DIRECTION ( 'NONE',  ( -1.548860246407865308E-16, -0.000000000000000000, -1.000000000000000000 ) ) ;
#3251 = STYLED_ITEM ( 'NONE', ( #2388 ), #1241 ) ;
#3252 = FACE_OUTER_BOUND ( 'NONE', #4043, .T. ) ;
#3253 = CARTESIAN_POINT ( 'NONE',  ( -0.4999999999999996669, 0.1430000000000000160, -0.3499999999999999778 ) ) ;
#3254 = AXIS2_PLACEMENT_3D ( 'NONE', #4355, #1754, #32 ) ;
#3255 = ORIENTED_EDGE ( 'NONE', *, *, #4249, .T. ) ;
#3256 = LINE ( 'NONE', #694, #3241 ) ;
#3257 = VECTOR ( 'NONE', #437, 1000.000000000000000 ) ;
#3258 = CARTESIAN_POINT ( 'NONE',  ( -0.6999999999999999556, 0.2500000000000000000, 0.5749999999999996225 ) ) ;
#3259 = DIRECTION ( 'NONE',  ( 0.000000000000000000, 0.000000000000000000, -1.000000000000000000 ) ) ;
#3260 = PRESENTATION_STYLE_ASSIGNMENT (( #4017 ) ) ;
#3261 = VERTEX_POINT ( 'NONE', #1231 ) ;
#3262 = FILL_AREA_STYLE ('',( #4631 ) ) ;
#3263 = CARTESIAN_POINT ( 'NONE',  ( 0.2999999999999993228, 0.2500000000000000000, -0.7499999999999995559 ) ) ;
#3264 = ADVANCED_FACE ( 'NONE', ( #2677 ), #3340, .F. ) ;
#3265 = SURFACE_STYLE_FILL_AREA ( #3932 ) ;
#3266 = ORIENTED_EDGE ( 'NONE', *, *, #2977, .T. ) ;
#3267 = CARTESIAN_POINT ( 'NONE',  ( -0.1000000000000000472, 0.1430000000000000160, -0.5749999999999996225 ) ) ;
#3268 =( NAMED_UNIT ( * ) PLANE_ANGLE_UNIT ( ) SI_UNIT ( $, .RADIAN. ) );
#3269 = EDGE_CURVE ( 'NONE', #201, #2021, #4118, .T. ) ;
#3270 = SURFACE_SIDE_STYLE ('',( #2871 ) ) ;
#3271 = VECTOR ( 'NONE', #2308, 1000.000000000000000 ) ;
#3272 = SURFACE_STYLE_FILL_AREA ( #663 ) ;
#3273 = VECTOR ( 'NONE', #2244, 1000.000000000000000 ) ;
#3274 = CARTESIAN_POINT ( 'NONE',  ( 0.4999999999999993339, 0.2700000000000000178, -0.7499999999999997780 ) ) ;
#3275 = MECHANICAL_DESIGN_GEOMETRIC_PRESENTATION_REPRESENTATION (  '', ( #3651 ), #414 ) ;
#3276 = ORIENTED_EDGE ( 'NONE', *, *, #2657, .T. ) ;
#3277 = STYLED_ITEM ( 'NONE', ( #512 ), #3778 ) ;
#3278 = CARTESIAN_POINT ( 'NONE',  ( -0.6999999999999999556, 0.1430000000000000160, 0.5749999999999996225 ) ) ;
#3279 = DIRECTION ( 'NONE',  ( 0.000000000000000000, -0.000000000000000000, 1.000000000000000000 ) ) ;
#3280 = STYLED_ITEM ( 'NONE', ( #304 ), #768 ) ;
#3281 = CARTESIAN_POINT ( 'NONE',  ( -0.2999999999999999334, 0.2700000000000000178, -0.5749999999999996225 ) ) ;
#3282 = CARTESIAN_POINT ( 'NONE',  ( 0.2999999999999993228, 0.2700000000000000178, -0.7499999999999995559 ) ) ;
#3283 = VERTEX_POINT ( 'NONE', #3316 ) ;
#3284 = DIRECTION ( 'NONE',  ( 0.000000000000000000, 0.000000000000000000, -1.000000000000000000 ) ) ;
#3285 = DIRECTION ( 'NONE',  ( -0.000000000000000000, -1.000000000000000000, -0.000000000000000000 ) ) ;
#3286 = LINE ( 'NONE', #677, #1585 ) ;
#3287 = ORIENTED_EDGE ( 'NONE', *, *, #106, .F. ) ;
#3288 = ADVANCED_FACE ( 'NONE', ( #2257 ), #826, .F. ) ;
#3289 = CARTESIAN_POINT ( 'NONE',  ( -0.6999999999999999556, 0.1430000000000000160, 0.5749999999999996225 ) ) ;
#3290 = SURFACE_SIDE_STYLE ('',( #3224 ) ) ;
#3291 = EDGE_CURVE ( 'NONE', #4392, #2785, #2280, .T. ) ;
#3292 = EDGE_CURVE ( 'NONE', #4182, #2080, #1138, .T. ) ;
#3293 = DIRECTION ( 'NONE',  ( -7.589415207398527883E-15, 0.000000000000000000, -1.000000000000000000 ) ) ;
#3294 = CARTESIAN_POINT ( 'NONE',  ( 0.7499999999999996669, -0.2500000000000000000, -0.7500000000000003331 ) ) ;
#3295 = VECTOR ( 'NONE', #2307, 1000.000000000000000 ) ;
#3296 = CARTESIAN_POINT ( 'NONE',  ( -0.6999999999999999556, 0.1430000000000000160, 0.7499999999999996669 ) ) ;
#3297 = ORIENTED_EDGE ( 'NONE', *, *, #1925, .T. ) ;
#3298 = ORIENTED_EDGE ( 'NONE', *, *, #2389, .F. ) ;
#3299 = DIRECTION ( 'NONE',  ( 1.000000000000000000, 0.000000000000000000, 7.589415207398527883E-15 ) ) ;
#3300 = FILL_AREA_STYLE ('',( #3348 ) ) ;
#3301 = LINE ( 'NONE', #58, #4278 ) ;
#3302 =( NAMED_UNIT ( * ) PLANE_ANGLE_UNIT ( ) SI_UNIT ( $, .RADIAN. ) );
#3303 = ORIENTED_EDGE ( 'NONE', *, *, #1122, .F. ) ;
#3304 = VERTEX_POINT ( 'NONE', #2964 ) ;
#3305 = DIRECTION ( 'NONE',  ( 0.000000000000000000, 0.000000000000000000, -1.000000000000000000 ) ) ;
#3306 = DIRECTION ( 'NONE',  ( 0.000000000000000000, 0.000000000000000000, 1.000000000000000000 ) ) ;
#3307 = DIRECTION ( 'NONE',  ( 0.000000000000000000, 0.000000000000000000, 1.000000000000000000 ) ) ;
#3308 = FILL_AREA_STYLE_COLOUR ( '', #2852 ) ;
#3309 = ORIENTED_EDGE ( 'NONE', *, *, #1392, .F. ) ;
#3310 = VERTEX_POINT ( 'NONE', #97 ) ;
#3311 =( GEOMETRIC_REPRESENTATION_CONTEXT ( 3 ) GLOBAL_UNCERTAINTY_ASSIGNED_CONTEXT ( ( #4561 ) ) GLOBAL_UNIT_ASSIGNED_CONTEXT ( ( #578, #2375, #3819 ) ) REPRESENTATION_CONTEXT ( 'NONE', 'WORKASPACE' ) );
#3312 = DIRECTION ( 'NONE',  ( 0.000000000000000000, 1.000000000000000000, -0.000000000000000000 ) ) ;
#3313 = DIRECTION ( 'NONE',  ( 3.097720492815730617E-16, 0.000000000000000000, -1.000000000000000000 ) ) ;
#3314 = DIRECTION ( 'NONE',  ( 1.000000000000000000, 0.000000000000000000, -5.421010862427524142E-16 ) ) ;
#3315 = MECHANICAL_DESIGN_GEOMETRIC_PRESENTATION_REPRESENTATION (  '', ( #4446 ), #446 ) ;
#3316 = CARTESIAN_POINT ( 'NONE',  ( -0.5000000000000001110, 0.2500000000000000000, -0.5749999999999996225 ) ) ;
#3317 = EDGE_LOOP ( 'NONE', ( #3936, #4077, #341, #2259 ) ) ;
#3318 = EDGE_CURVE ( 'NONE', #2272, #2741, #1542, .T. ) ;
#3319 = EDGE_CURVE ( 'NONE', #2, #2924, #784, .T. ) ;
#3320 = LINE ( 'NONE', #947, #3671 ) ;
#3321 = VECTOR ( 'NONE', #57, 1000.000000000000000 ) ;
#3322 =( NAMED_UNIT ( * ) PLANE_ANGLE_UNIT ( ) SI_UNIT ( $, .RADIAN. ) );
#3323 = FACE_OUTER_BOUND ( 'NONE', #4585, .T. ) ;
#3324 = LINE ( 'NONE', #2187, #1578 ) ;
#3325 = EDGE_CURVE ( 'NONE', #2745, #1691, #117, .T. ) ;
#3326 = VECTOR ( 'NONE', #725, 1000.000000000000000 ) ;
#3327 = SURFACE_STYLE_USAGE ( .BOTH. , #1145 ) ;
#3328 = VECTOR ( 'NONE', #2270, 1000.000000000000000 ) ;
#3329 = ORIENTED_EDGE ( 'NONE', *, *, #2366, .T. ) ;
#3330 = PRESENTATION_STYLE_ASSIGNMENT (( #1880 ) ) ;
#3331 = VECTOR ( 'NONE', #2755, 1000.000000000000000 ) ;
#3332 = ORIENTED_EDGE ( 'NONE', *, *, #4243, .F. ) ;
#3333 = CARTESIAN_POINT ( 'NONE',  ( -0.6499999999999998002, 0.2700000000000000178, -0.1000000000000000472 ) ) ;
#3334 = CARTESIAN_POINT ( 'NONE',  ( -0.5000000000000001110, 0.1430000000000000160, -0.5749999999999996225 ) ) ;
#3335 =( GEOMETRIC_REPRESENTATION_CONTEXT ( 3 ) GLOBAL_UNCERTAINTY_ASSIGNED_CONTEXT ( ( #3709 ) ) GLOBAL_UNIT_ASSIGNED_CONTEXT ( ( #3249, #1047, #1022 ) ) REPRESENTATION_CONTEXT ( 'NONE', 'WORKASPACE' ) );
#3336 = VERTEX_POINT ( 'NONE', #1865 ) ;
#3337 = VECTOR ( 'NONE', #2717, 1000.000000000000000 ) ;
#3338 = PRESENTATION_STYLE_ASSIGNMENT (( #2301 ) ) ;
#3339 = DIRECTION ( 'NONE',  ( 1.548860246407866048E-16, 0.000000000000000000, 1.000000000000000000 ) ) ;
#3340 = PLANE ( 'NONE',  #925 ) ;
#3341 = FACE_OUTER_BOUND ( 'NONE', #3171, .T. ) ;
#3342 = EDGE_LOOP ( 'NONE', ( #2190, #2282, #877, #2428 ) ) ;
#3343 = VERTEX_POINT ( 'NONE', #2990 ) ;
#3344 = DIRECTION ( 'NONE',  ( -1.000000000000000000, 0.000000000000000000, -6.195440985631453345E-16 ) ) ;
#3345 = ADVANCED_FACE ( 'NONE', ( #4408 ), #506, .F. ) ;
#3346 = EDGE_CURVE ( 'NONE', #2914, #3283, #4098, .T. ) ;
#3347 = STYLED_ITEM ( 'NONE', ( #3001 ), #3633 ) ;
#3348 = FILL_AREA_STYLE_COLOUR ( '', #4074 ) ;
#3349 =( NAMED_UNIT ( * ) PLANE_ANGLE_UNIT ( ) SI_UNIT ( $, .RADIAN. ) );
#3350 =( LENGTH_UNIT ( ) NAMED_UNIT ( * ) SI_UNIT ( .MILLI., .METRE. ) );
#3351 = AXIS2_PLACEMENT_3D ( 'NONE', #3232, #2212, #3279 ) ;
#3352 = ORIENTED_EDGE ( 'NONE', *, *, #46, .T. ) ;
#3353 = EDGE_CURVE ( 'NONE', #2470, #840, #4255, .T. ) ;
#3354 = PLANE ( 'NONE',  #3922 ) ;
#3355 = STYLED_ITEM ( 'NONE', ( #3612 ), #431 ) ;
#3356 = ORIENTED_EDGE ( 'NONE', *, *, #4184, .T. ) ;
#3357 = FACE_OUTER_BOUND ( 'NONE', #327, .T. ) ;
#3358 = CARTESIAN_POINT ( 'NONE',  ( -0.2999999999999999334, 0.2700000000000000178, -0.5749999999999996225 ) ) ;
#3359 = CARTESIAN_POINT ( 'NONE',  ( 0.4999999999999993339, 0.1430000000000000160, -0.7499999999999997780 ) ) ;
#3360 = VERTEX_POINT ( 'NONE', #3788 ) ;
#3361 = EDGE_LOOP ( 'NONE', ( #1447, #834, #3977, #3136 ) ) ;
#3362 = FACE_OUTER_BOUND ( 'NONE', #4306, .T. ) ;
#3363 = CARTESIAN_POINT ( 'NONE',  ( 0.09999999999999942268, 0.2700000000000000178, -0.7499999999999994449 ) ) ;
#3364 = DIRECTION ( 'NONE',  ( -0.000000000000000000, 1.000000000000000000, -0.000000000000000000 ) ) ;
#3365 = SURFACE_STYLE_USAGE ( .BOTH. , #1919 ) ;
#3366 = ORIENTED_EDGE ( 'NONE', *, *, #4671, .T. ) ;
#3367 = ORIENTED_EDGE ( 'NONE', *, *, #4394, .T. ) ;
#3368 = VERTEX_POINT ( 'NONE', #3902 ) ;
#3369 = PRESENTATION_LAYER_ASSIGNMENT (  '', '', ( #1330 ) ) ;
#3370 = SURFACE_SIDE_STYLE ('',( #3719 ) ) ;
#3371 = DIRECTION ( 'NONE',  ( 4.646580739223595925E-16, -0.000000000000000000, 1.000000000000000000 ) ) ;
#3372 = CARTESIAN_POINT ( 'NONE',  ( -0.4999999999999996669, 0.2700000000000000178, 0.3500000000000000333 ) ) ;
#3373 = LINE ( 'NONE', #126, #132 ) ;
#3374 = ADVANCED_FACE ( 'NONE', ( #2695 ), #333, .F. ) ;
#3375 = MECHANICAL_DESIGN_GEOMETRIC_PRESENTATION_REPRESENTATION (  '', ( #1559 ), #2161 ) ;
#3376 = CARTESIAN_POINT ( 'NONE',  ( 0.2999999999999992117, 0.2500000000000000000, 0.7499999999999994449 ) ) ;
#3377 = VERTEX_POINT ( 'NONE', #1254 ) ;
#3378 = CARTESIAN_POINT ( 'NONE',  ( 0.2999999999999992673, 0.2700000000000000178, 0.5749999999999996225 ) ) ;
#3379 = FILL_AREA_STYLE_COLOUR ( '', #2981 ) ;
#3380 = CARTESIAN_POINT ( 'NONE',  ( -0.6999999999999999556, 0.1430000000000000160, 0.5749999999999996225 ) ) ;
#3381 = EDGE_CURVE ( 'NONE', #2562, #1119, #3877, .T. ) ;
#3382 = FILL_AREA_STYLE_COLOUR ( '', #1039 ) ;
#3383 = EDGE_CURVE ( 'NONE', #36, #1092, #1036, .T. ) ;
#3384 = ORIENTED_EDGE ( 'NONE', *, *, #3434, .F. ) ;
#3385 = STYLED_ITEM ( 'NONE', ( #546 ), #2263 ) ;
#3386 = PLANE ( 'NONE',  #1290 ) ;
#3387 = FILL_AREA_STYLE ('',( #1179 ) ) ;
#3388 = CARTESIAN_POINT ( 'NONE',  ( -0.2999999999999994338, 0.1430000000000000160, 0.7499999999999994449 ) ) ;
#3389 = VECTOR ( 'NONE', #2292, 1000.000000000000000 ) ;
#3390 = DIRECTION ( 'NONE',  ( -0.000000000000000000, 1.000000000000000000, -0.000000000000000000 ) ) ;
#3391 = DIRECTION ( 'NONE',  ( -0.000000000000000000, -1.000000000000000000, -0.000000000000000000 ) ) ;
#3392 = ORIENTED_EDGE ( 'NONE', *, *, #2290, .F. ) ;
#3393 = DIRECTION ( 'NONE',  ( -1.548860246407865308E-16, 0.000000000000000000, -1.000000000000000000 ) ) ;
#3394 = VERTEX_POINT ( 'NONE', #2859 ) ;
#3395 = DIRECTION ( 'NONE',  ( -6.195440985631453345E-16, -0.000000000000000000, 1.000000000000000000 ) ) ;
#3396 = MECHANICAL_DESIGN_GEOMETRIC_PRESENTATION_REPRESENTATION (  '', ( #1800 ), #4003 ) ;
#3397 = LINE ( 'NONE', #2612, #1738 ) ;
#3398 = AXIS2_PLACEMENT_3D ( 'NONE', #479, #116, #180 ) ;
#3399 =( NAMED_UNIT ( * ) PLANE_ANGLE_UNIT ( ) SI_UNIT ( $, .RADIAN. ) );
#3400 = FILL_AREA_STYLE_COLOUR ( '', #2521 ) ;
#3401 = STYLED_ITEM ( 'NONE', ( #4370 ), #3928 ) ;
#3402 = FILL_AREA_STYLE ('',( #4090 ) ) ;
#3403 = CARTESIAN_POINT ( 'NONE',  ( -0.6499999999999998002, 0.2500000000000000000, 0.09999999999999939493 ) ) ;
#3404 = PRESENTATION_LAYER_ASSIGNMENT (  '', '', ( #3477 ) ) ;
#3405 = SURFACE_STYLE_FILL_AREA ( #1225 ) ;
#3406 = COLOUR_RGB ( '',1.000000000000000000, 1.000000000000000000, 1.000000000000000000 ) ;
#3407 = STYLED_ITEM ( 'NONE', ( #3925 ), #1688 ) ;
#3408 = EDGE_CURVE ( 'NONE', #1222, #1551, #4648, .T. ) ;
#3409 = LINE ( 'NONE', #1496, #2279 ) ;
#3410 = CARTESIAN_POINT ( 'NONE',  ( 0.2999999999999992673, 0.1430000000000000160, -0.5749999999999997335 ) ) ;
#3411 = AXIS2_PLACEMENT_3D ( 'NONE', #927, #2368, #3102 ) ;
#3412 = PLANE ( 'NONE',  #1358 ) ;
#3413 = SURFACE_STYLE_USAGE ( .BOTH. , #3519 ) ;
#3414 = EDGE_CURVE ( 'NONE', #2063, #4392, #3543, .T. ) ;
#3415 = EDGE_CURVE ( 'NONE', #3511, #2359, #4606, .T. ) ;
#3416 = CARTESIAN_POINT ( 'NONE',  ( 0.000000000000000000, 0.1430000000000000160, 0.000000000000000000 ) ) ;
#3417 = ORIENTED_EDGE ( 'NONE', *, *, #2035, .F. ) ;
#3418 = CARTESIAN_POINT ( 'NONE',  ( 0.4999999999999994449, 0.2500000000000000000, -0.5749999999999997335 ) ) ;
#3419 = CARTESIAN_POINT ( 'NONE',  ( -0.2999999999999994893, 0.1430000000000000160, 0.5749999999999996225 ) ) ;
#3420 = SURFACE_STYLE_FILL_AREA ( #1491 ) ;
#3421 = PLANE ( 'NONE',  #3762 ) ;
#3422 =( GEOMETRIC_REPRESENTATION_CONTEXT ( 3 ) GLOBAL_UNCERTAINTY_ASSIGNED_CONTEXT ( ( #819 ) ) GLOBAL_UNIT_ASSIGNED_CONTEXT ( ( #1026, #2827, #323 ) ) REPRESENTATION_CONTEXT ( 'NONE', 'WORKASPACE' ) );
#3423 =( LENGTH_UNIT ( ) NAMED_UNIT ( * ) SI_UNIT ( .MILLI., .METRE. ) );
#3424 = DIRECTION ( 'NONE',  ( -1.548860246407865308E-16, 0.000000000000000000, -1.000000000000000000 ) ) ;
#3425 = FILL_AREA_STYLE ('',( #1292 ) ) ;
#3426 = UNCERTAINTY_MEASURE_WITH_UNIT (LENGTH_MEASURE( 1.000000000000000082E-05 ), #4076, 'distance_accuracy_value', 'NONE');
#3427 = CARTESIAN_POINT ( 'NONE',  ( 0.09999999999999985290, 0.1430000000000000160, 0.7499999999999994449 ) ) ;
#3428 = AXIS2_PLACEMENT_3D ( 'NONE', #1643, #3097, #1300 ) ;
#3429 = ADVANCED_FACE ( 'NONE', ( #2477 ), #3929, .F. ) ;
#3430 = UNCERTAINTY_MEASURE_WITH_UNIT (LENGTH_MEASURE( 1.000000000000000082E-05 ), #2082, 'distance_accuracy_value', 'NONE');
#3431 = ORIENTED_EDGE ( 'NONE', *, *, #288, .F. ) ;
#3432 = ORIENTED_EDGE ( 'NONE', *, *, #971, .T. ) ;
#3433 =( LENGTH_UNIT ( ) NAMED_UNIT ( * ) SI_UNIT ( .MILLI., .METRE. ) );
#3434 = EDGE_CURVE ( 'NONE', #4665, #996, #3194, .T. ) ;
#3435 = FACE_OUTER_BOUND ( 'NONE', #3548, .T. ) ;
#3436 = CARTESIAN_POINT ( 'NONE',  ( 0.2999999999999992673, 0.1430000000000000160, -0.5749999999999997335 ) ) ;
#3437 = LINE ( 'NONE', #1263, #522 ) ;
#3438 = ORIENTED_EDGE ( 'NONE', *, *, #747, .T. ) ;
#3439 = AXIS2_PLACEMENT_3D ( 'NONE', #1101, #1359, #2545 ) ;
#3440 = CARTESIAN_POINT ( 'NONE',  ( 0.6500000000000000222, 0.2500000000000000000, 0.09999999999999956146 ) ) ;
#3441 = PLANE ( 'NONE',  #3800 ) ;
#3442 = LINE ( 'NONE', #1707, #1988 ) ;
#3443 = CARTESIAN_POINT ( 'NONE',  ( -0.6999999999999999556, 0.2700000000000000178, 0.5749999999999996225 ) ) ;
#3444 = VECTOR ( 'NONE', #4363, 1000.000000000000000 ) ;
#3445 =( NAMED_UNIT ( * ) PLANE_ANGLE_UNIT ( ) SI_UNIT ( $, .RADIAN. ) );
#3446 = CARTESIAN_POINT ( 'NONE',  ( 0.6999999999999997335, 0.2700000000000000178, 0.7499999999999996669 ) ) ;
#3447 = CARTESIAN_POINT ( 'NONE',  ( 0.5999999999999999778, 0.2700000000000000178, 0.09999999999999915901 ) ) ;
#3448 = SURFACE_STYLE_USAGE ( .BOTH. , #3523 ) ;
#3449 = ORIENTED_EDGE ( 'NONE', *, *, #1393, .T. ) ;
#3450 = MECHANICAL_DESIGN_GEOMETRIC_PRESENTATION_REPRESENTATION (  '', ( #960 ), #1186 ) ;
#3451 = EDGE_LOOP ( 'NONE', ( #1201, #812, #4282, #3743 ) ) ;
#3452 = DIRECTION ( 'NONE',  ( 3.097720492815730617E-16, 0.000000000000000000, 1.000000000000000000 ) ) ;
#3453 = EDGE_LOOP ( 'NONE', ( #2427, #867, #1822, #4639 ) ) ;
#3454 = CARTESIAN_POINT ( 'NONE',  ( -0.5999999999999997558, 0.2700000000000000178, 0.09999999999999902023 ) ) ;
#3455 =( GEOMETRIC_REPRESENTATION_CONTEXT ( 3 ) GLOBAL_UNCERTAINTY_ASSIGNED_CONTEXT ( ( #2003 ) ) GLOBAL_UNIT_ASSIGNED_CONTEXT ( ( #2929, #3215, #3193 ) ) REPRESENTATION_CONTEXT ( 'NONE', 'WORKASPACE' ) );
#3456 = FACE_OUTER_BOUND ( 'NONE', #2550, .T. ) ;
#3457 = CARTESIAN_POINT ( 'NONE',  ( -0.6499999999999998002, 0.2500000000000000000, 0.09999999999999939493 ) ) ;
#3458 = AXIS2_PLACEMENT_3D ( 'NONE', #4548, #1009, #4599 ) ;
#3459 = CARTESIAN_POINT ( 'NONE',  ( 0.6999999999999997335, 0.2500000000000000000, 0.5749999999999996225 ) ) ;
#3460 = EDGE_CURVE ( 'NONE', #1886, #3471, #554, .T. ) ;
#3461 = LINE ( 'NONE', #1681, #1622 ) ;
#3462 = DIRECTION ( 'NONE',  ( 1.000000000000000000, 0.000000000000000000, 0.000000000000000000 ) ) ;
#3463 = ORIENTED_EDGE ( 'NONE', *, *, #3151, .F. ) ;
#3464 = EDGE_LOOP ( 'NONE', ( #3255, #11, #776, #495 ) ) ;
#3465 = FACE_BOUND ( 'NONE', #4541, .T. ) ;
#3466 = PRESENTATION_LAYER_ASSIGNMENT (  '', '', ( #2869 ) ) ;
#3467 = VERTEX_POINT ( 'NONE', #1064 ) ;
#3468 = CARTESIAN_POINT ( 'NONE',  ( -0.1000000000000000472, 0.2500000000000000000, 0.7499999999999996669 ) ) ;
#3469 = EDGE_CURVE ( 'NONE', #1503, #3901, #673, .T. ) ;
#3470 = PLANE ( 'NONE',  #153 ) ;
#3471 = VERTEX_POINT ( 'NONE', #4163 ) ;
#3472 = VERTEX_POINT ( 'NONE', #3566 ) ;
#3473 = LINE ( 'NONE', #1298, #455 ) ;
#3474 = CARTESIAN_POINT ( 'NONE',  ( 0.2999999999999993228, 0.1430000000000000160, -0.7499999999999995559 ) ) ;
#3475 = MECHANICAL_DESIGN_GEOMETRIC_PRESENTATION_REPRESENTATION (  '', ( #2273 ), #4084 ) ;
#3476 = UNCERTAINTY_MEASURE_WITH_UNIT (LENGTH_MEASURE( 1.000000000000000082E-05 ), #583, 'distance_accuracy_value', 'NONE');
#3477 = STYLED_ITEM ( 'NONE', ( #1109 ), #1321 ) ;
#3478 = VECTOR ( 'NONE', #3391, 1000.000000000000000 ) ;
#3479 = DIRECTION ( 'NONE',  ( 0.000000000000000000, -0.000000000000000000, 1.000000000000000000 ) ) ;
#3480 = ORIENTED_EDGE ( 'NONE', *, *, #2247, .F. ) ;
#3481 = CARTESIAN_POINT ( 'NONE',  ( 0.2999999999999992673, 0.1430000000000000160, 0.5749999999999996225 ) ) ;
#3482 = FILL_AREA_STYLE ('',( #1939 ) ) ;
#3483 = COLOUR_RGB ( '',1.000000000000000000, 1.000000000000000000, 1.000000000000000000 ) ;
#3484 = CARTESIAN_POINT ( 'NONE',  ( -0.2999999999999999889, 0.1430000000000000160, -0.7499999999999994449 ) ) ;
#3485 = DIRECTION ( 'NONE',  ( 1.000000000000000000, 0.000000000000000000, -9.130123557772672032E-16 ) ) ;
#3486 = ORIENTED_EDGE ( 'NONE', *, *, #4534, .F. ) ;
#3487 = ORIENTED_EDGE ( 'NONE', *, *, #2183, .T. ) ;
#3488 = EDGE_CURVE ( 'NONE', #2470, #761, #634, .T. ) ;
#3489 = DIRECTION ( 'NONE',  ( 1.000000000000000000, 0.000000000000000000, 0.000000000000000000 ) ) ;
#3490 = ORIENTED_EDGE ( 'NONE', *, *, #1989, .F. ) ;
#3491 = CARTESIAN_POINT ( 'NONE',  ( 0.6500000000000000222, 0.2500000000000000000, -0.1000000000000002137 ) ) ;
#3492 = CARTESIAN_POINT ( 'NONE',  ( -0.2999999999999994338, 0.2500000000000000000, 0.7499999999999994449 ) ) ;
#3493 = ORIENTED_EDGE ( 'NONE', *, *, #4073, .F. ) ;
#3494 = VECTOR ( 'NONE', #3891, 1000.000000000000000 ) ;
#3495 = ADVANCED_FACE ( 'NONE', ( #2196 ), #2982, .F. ) ;
#3496 = VERTEX_POINT ( 'NONE', #1511 ) ;
#3497 = DIRECTION ( 'NONE',  ( 1.000000000000000000, 0.000000000000000000, 0.000000000000000000 ) ) ;
#3498 = AXIS2_PLACEMENT_3D ( 'NONE', #2654, #2605, #3012 ) ;
#3499 = DIRECTION ( 'NONE',  ( 0.000000000000000000, 0.000000000000000000, -1.000000000000000000 ) ) ;
#3500 = PRESENTATION_STYLE_ASSIGNMENT (( #3075 ) ) ;
#3501 = COLOUR_RGB ( '',1.000000000000000000, 1.000000000000000000, 1.000000000000000000 ) ;
#3502 = COLOUR_RGB ( '',1.000000000000000000, 1.000000000000000000, 1.000000000000000000 ) ;
#3503 = ORIENTED_EDGE ( 'NONE', *, *, #3381, .F. ) ;
#3504 = ORIENTED_EDGE ( 'NONE', *, *, #3865, .F. ) ;
#3505 = COLOUR_RGB ( '',1.000000000000000000, 1.000000000000000000, 1.000000000000000000 ) ;
#3506 = CARTESIAN_POINT ( 'NONE',  ( 0.4999999999999997780, 0.1430000000000000160, 0.7499999999999996669 ) ) ;
#3507 = VERTEX_POINT ( 'NONE', #4421 ) ;
#3508 = FILL_AREA_STYLE_COLOUR ( '', #2561 ) ;
#3509 = APPLICATION_CONTEXT ( 'automotive_design' ) ;
#3510 = FILL_AREA_STYLE ('',( #2059 ) ) ;
#3511 = VERTEX_POINT ( 'NONE', #1171 ) ;
#3512 = VERTEX_POINT ( 'NONE', #3975 ) ;
#3513 = LINE ( 'NONE', #1364, #2260 ) ;
#3514 = SURFACE_STYLE_USAGE ( .BOTH. , #2406 ) ;
#3515 = CARTESIAN_POINT ( 'NONE',  ( -0.5000000000000000000, 0.2700000000000000178, 0.7499999999999996669 ) ) ;
#3516 = FACE_OUTER_BOUND ( 'NONE', #1695, .T. ) ;
#3517 = CARTESIAN_POINT ( 'NONE',  ( -0.6999999999999999556, 0.2700000000000000178, 0.7499999999999996669 ) ) ;
#3518 = EDGE_LOOP ( 'NONE', ( #3680, #1931, #3392, #2948 ) ) ;
#3519 = SURFACE_SIDE_STYLE ('',( #3057 ) ) ;
#3520 = PRESENTATION_LAYER_ASSIGNMENT (  '', '', ( #428 ) ) ;
#3521 = CARTESIAN_POINT ( 'NONE',  ( -0.2999999999999994338, 0.2700000000000000178, 0.7499999999999994449 ) ) ;
#3522 = ADVANCED_FACE ( 'NONE', ( #4021 ), #2616, .T. ) ;
#3523 = SURFACE_SIDE_STYLE ('',( #569 ) ) ;
#3524 = VERTEX_POINT ( 'NONE', #2932 ) ;
#3525 = CARTESIAN_POINT ( 'NONE',  ( 0.6999999999999992895, 0.2700000000000000178, -0.5749999999999998446 ) ) ;
#3526 = ORIENTED_EDGE ( 'NONE', *, *, #1293, .F. ) ;
#3527 = DIRECTION ( 'NONE',  ( 0.7071067811865474617, 0.000000000000000000, -0.7071067811865475727 ) ) ;
#3528 = LINE ( 'NONE', #1078, #2171 ) ;
#3529 = FILL_AREA_STYLE_COLOUR ( '', #404 ) ;
#3530 =( NAMED_UNIT ( * ) PLANE_ANGLE_UNIT ( ) SI_UNIT ( $, .RADIAN. ) );
#3531 = PRODUCT_CONTEXT ( 'NONE', #3509, 'mechanical' ) ;
#3532 = DIRECTION ( 'NONE',  ( -1.548860246407865308E-16, -0.000000000000000000, -1.000000000000000000 ) ) ;
#3533 = VERTEX_POINT ( 'NONE', #3333 ) ;
#3534 = VECTOR ( 'NONE', #3499, 1000.000000000000000 ) ;
#3535 = EDGE_LOOP ( 'NONE', ( #1774, #1212, #3504, #2414 ) ) ;
#3536 = VECTOR ( 'NONE', #4573, 1000.000000000000000 ) ;
#3537 = SURFACE_STYLE_FILL_AREA ( #195 ) ;
#3538 = FACE_OUTER_BOUND ( 'NONE', #1836, .T. ) ;
#3539 = LINE ( 'NONE', #3258, #1476 ) ;
#3540 = PRESENTATION_LAYER_ASSIGNMENT (  '', '', ( #3999 ) ) ;
#3541 = FACE_OUTER_BOUND ( 'NONE', #17, .T. ) ;
#3542 = ORIENTED_EDGE ( 'NONE', *, *, #131, .T. ) ;
#3543 = LINE ( 'NONE', #2722, #3572 ) ;
#3544 = CARTESIAN_POINT ( 'NONE',  ( -0.6499999999999998002, 0.2700000000000000178, -0.1000000000000000472 ) ) ;
#3545 = DIRECTION ( 'NONE',  ( -1.000000000000000000, -0.000000000000000000, 1.084202172485505174E-16 ) ) ;
#3546 = VECTOR ( 'NONE', #1619, 1000.000000000000000 ) ;
#3547 =( GEOMETRIC_REPRESENTATION_CONTEXT ( 3 ) GLOBAL_UNCERTAINTY_ASSIGNED_CONTEXT ( ( #2390 ) ) GLOBAL_UNIT_ASSIGNED_CONTEXT ( ( #4262, #660, #3553 ) ) REPRESENTATION_CONTEXT ( 'NONE', 'WORKASPACE' ) );
#3548 = EDGE_LOOP ( 'NONE', ( #2458, #3332, #2840, #272 ) ) ;
#3549 = EDGE_CURVE ( 'NONE', #2058, #201, #2575, .T. ) ;
#3550 = ORIENTED_EDGE ( 'NONE', *, *, #1180, .F. ) ;
#3551 = LINE ( 'NONE', #2897, #4389 ) ;
#3552 = PRODUCT_DEFINITION_FORMATION_WITH_SPECIFIED_SOURCE ( 'ANY', '', #2969, .NOT_KNOWN. ) ;
#3553 =( NAMED_UNIT ( * ) SI_UNIT ( $, .STERADIAN. ) SOLID_ANGLE_UNIT ( ) );
#3554 =( GEOMETRIC_REPRESENTATION_CONTEXT ( 3 ) GLOBAL_UNCERTAINTY_ASSIGNED_CONTEXT ( ( #3476 ) ) GLOBAL_UNIT_ASSIGNED_CONTEXT ( ( #583, #3804, #3142 ) ) REPRESENTATION_CONTEXT ( 'NONE', 'WORKASPACE' ) );
#3555 = EDGE_CURVE ( 'NONE', #2857, #541, #1855, .T. ) ;
#3556 = EDGE_CURVE ( 'NONE', #4182, #4283, #3240, .T. ) ;
#3557 = PRESENTATION_LAYER_ASSIGNMENT (  '', '', ( #3939 ) ) ;
#3558 = SURFACE_STYLE_FILL_AREA ( #2877 ) ;
#3559 = VECTOR ( 'NONE', #3898, 1000.000000000000000 ) ;
#3560 =( NAMED_UNIT ( * ) PLANE_ANGLE_UNIT ( ) SI_UNIT ( $, .RADIAN. ) );
#3561 = VERTEX_POINT ( 'NONE', #771 ) ;
#3562 = ORIENTED_EDGE ( 'NONE', *, *, #52, .T. ) ;
#3563 = CARTESIAN_POINT ( 'NONE',  ( 0.4999999999999997780, 0.2700000000000000178, 0.7499999999999996669 ) ) ;
#3564 = PRESENTATION_STYLE_ASSIGNMENT (( #1126 ) ) ;
#3565 = CLOSED_SHELL ( 'NONE', ( #4473, #1265, #4301, #1838, #1609, #4050 ) ) ;
#3566 = CARTESIAN_POINT ( 'NONE',  ( 0.6500000000000000222, 0.2700000000000000178, -0.1000000000000002137 ) ) ;
#3567 = PRESENTATION_STYLE_ASSIGNMENT (( #749 ) ) ;
#3568 = CARTESIAN_POINT ( 'NONE',  ( -0.6499999999999998002, 0.1430000000000000160, -0.1000000000000000472 ) ) ;
#3569 = VECTOR ( 'NONE', #143, 1000.000000000000000 ) ;
#3570 = ORIENTED_EDGE ( 'NONE', *, *, #2229, .T. ) ;
#3571 = UNCERTAINTY_MEASURE_WITH_UNIT (LENGTH_MEASURE( 1.000000000000000082E-05 ), #1481, 'distance_accuracy_value', 'NONE');
#3572 = VECTOR ( 'NONE', #3172, 1000.000000000000000 ) ;
#3573 = DIRECTION ( 'NONE',  ( -0.000000000000000000, 1.000000000000000000, -0.000000000000000000 ) ) ;
#3574 = PRESENTATION_STYLE_ASSIGNMENT (( #4334 ) ) ;
#3575 = FACE_OUTER_BOUND ( 'NONE', #1944, .T. ) ;
#3576 = EDGE_CURVE ( 'NONE', #2262, #3507, #2219, .T. ) ;
#3577 = CARTESIAN_POINT ( 'NONE',  ( 0.09999999999999976963, 0.1430000000000000160, 0.5749999999999996225 ) ) ;
#3578 = STYLED_ITEM ( 'NONE', ( #2957 ), #498 ) ;
#3579 = DIRECTION ( 'NONE',  ( -0.000000000000000000, 1.000000000000000000, -0.000000000000000000 ) ) ;
#3580 = EDGE_CURVE ( 'NONE', #358, #1297, #748, .T. ) ;
#3581 = EDGE_CURVE ( 'NONE', #2450, #3920, #2148, .T. ) ;
#3582 = CARTESIAN_POINT ( 'NONE',  ( -0.7500000000000001110, 0.2500000000000000000, 0.7499999999999996669 ) ) ;
#3583 = ORIENTED_EDGE ( 'NONE', *, *, #1235, .T. ) ;
#3584 = DIRECTION ( 'NONE',  ( 0.000000000000000000, 0.000000000000000000, -1.000000000000000000 ) ) ;
#3585 = DIRECTION ( 'NONE',  ( -7.589415207398527883E-15, 0.000000000000000000, 1.000000000000000000 ) ) ;
#3586 = FILL_AREA_STYLE ('',( #3168 ) ) ;
#3587 = SURFACE_STYLE_FILL_AREA ( #378 ) ;
#3588 = DIRECTION ( 'NONE',  ( 0.000000000000000000, 0.000000000000000000, -1.000000000000000000 ) ) ;
#3589 = CARTESIAN_POINT ( 'NONE',  ( -0.2999999999999994338, 0.1430000000000000160, 0.7499999999999994449 ) ) ;
#3590 = ORIENTED_EDGE ( 'NONE', *, *, #2396, .T. ) ;
#3591 = ORIENTED_EDGE ( 'NONE', *, *, #2564, .T. ) ;
#3592 = STYLED_ITEM ( 'NONE', ( #2878 ), #2009 ) ;
#3593 = DIRECTION ( 'NONE',  ( -0.000000000000000000, -1.000000000000000000, -0.000000000000000000 ) ) ;
#3594 = LINE ( 'NONE', #2205, #2122 ) ;
#3595 = CARTESIAN_POINT ( 'NONE',  ( -0.5999999999999997558, 0.1430000000000000160, -0.09999999999999967248 ) ) ;
#3596 = VECTOR ( 'NONE', #4085, 1000.000000000000000 ) ;
#3597 = SURFACE_SIDE_STYLE ('',( #3967 ) ) ;
#3598 =( NAMED_UNIT ( * ) SI_UNIT ( $, .STERADIAN. ) SOLID_ANGLE_UNIT ( ) );
#3599 = LINE ( 'NONE', #1004, #2767 ) ;
#3600 = EDGE_CURVE ( 'NONE', #1021, #4400, #4044, .T. ) ;
#3601 = CARTESIAN_POINT ( 'NONE',  ( 0.4500000000000000111, 0.1430000000000000160, 0.3499999999999992006 ) ) ;
#3602 = EDGE_CURVE ( 'NONE', #241, #2272, #445, .T. ) ;
#3603 = AXIS2_PLACEMENT_3D ( 'NONE', #4553, #4202, #232 ) ;
#3604 =( NAMED_UNIT ( * ) PLANE_ANGLE_UNIT ( ) SI_UNIT ( $, .RADIAN. ) );
#3605 = FILL_AREA_STYLE ('',( #670 ) ) ;
#3606 = COLOUR_RGB ( '',1.000000000000000000, 1.000000000000000000, 1.000000000000000000 ) ;
#3607 = ORIENTED_EDGE ( 'NONE', *, *, #4215, .T. ) ;
#3608 = EDGE_CURVE ( 'NONE', #3360, #1297, #359, .T. ) ;
#3609 = CARTESIAN_POINT ( 'NONE',  ( -0.6499999999999998002, 0.1430000000000000160, 0.09999999999999939493 ) ) ;
#3610 = VECTOR ( 'NONE', #2429, 1000.000000000000000 ) ;
#3611 = LINE ( 'NONE', #674, #4526 ) ;
#3612 = PRESENTATION_STYLE_ASSIGNMENT (( #2462 ) ) ;
#3613 = EDGE_LOOP ( 'NONE', ( #1079, #1489, #146, #118 ) ) ;
#3614 = UNCERTAINTY_MEASURE_WITH_UNIT (LENGTH_MEASURE( 1.000000000000000082E-05 ), #2126, 'distance_accuracy_value', 'NONE');
#3615 = VECTOR ( 'NONE', #280, 1000.000000000000000 ) ;
#3616 = DIRECTION ( 'NONE',  ( -0.000000000000000000, 1.000000000000000000, -0.000000000000000000 ) ) ;
#3617 = VERTEX_POINT ( 'NONE', #4673 ) ;
#3618 = DIRECTION ( 'NONE',  ( -0.000000000000000000, 0.000000000000000000, 1.000000000000000000 ) ) ;
#3619 = VECTOR ( 'NONE', #4378, 1000.000000000000000 ) ;
#3620 = PRESENTATION_STYLE_ASSIGNMENT (( #759 ) ) ;
#3621 = DIRECTION ( 'NONE',  ( 0.000000000000000000, 1.000000000000000000, 0.000000000000000000 ) ) ;
#3622 = VECTOR ( 'NONE', #2984, 1000.000000000000000 ) ;
#3623 = FILL_AREA_STYLE_COLOUR ( '', #3072 ) ;
#3624 = ORIENTED_EDGE ( 'NONE', *, *, #4243, .T. ) ;
#3625 = MECHANICAL_DESIGN_GEOMETRIC_PRESENTATION_REPRESENTATION (  '', ( #1213 ), #3031 ) ;
#3626 = LINE ( 'NONE', #1440, #4369 ) ;
#3627 =( LENGTH_UNIT ( ) NAMED_UNIT ( * ) SI_UNIT ( .MILLI., .METRE. ) );
#3628 = MECHANICAL_DESIGN_GEOMETRIC_PRESENTATION_REPRESENTATION (  '', ( #155 ), #3701 ) ;
#3629 =( NAMED_UNIT ( * ) SI_UNIT ( $, .STERADIAN. ) SOLID_ANGLE_UNIT ( ) );
#3630 = FILL_AREA_STYLE ('',( #1763 ) ) ;
#3631 = ADVANCED_FACE ( 'NONE', ( #1554 ), #1574, .F. ) ;
#3632 = DIRECTION ( 'NONE',  ( 1.000000000000000000, 0.000000000000000000, -3.097720492815731110E-16 ) ) ;
#3633 = ADVANCED_FACE ( 'NONE', ( #2708 ), #3441, .F. ) ;
#3634 = ORIENTED_EDGE ( 'NONE', *, *, #3061, .T. ) ;
#3635 = ORIENTED_EDGE ( 'NONE', *, *, #3930, .T. ) ;
#3636 = DIRECTION ( 'NONE',  ( -0.000000000000000000, -1.000000000000000000, -0.000000000000000000 ) ) ;
#3637 = SURFACE_SIDE_STYLE ('',( #3420 ) ) ;
#3638 = FACE_OUTER_BOUND ( 'NONE', #2504, .T. ) ;
#3639 = ADVANCED_FACE ( 'NONE', ( #3357 ), #3069, .F. ) ;
#3640 = ADVANCED_FACE ( 'NONE', ( #4489 ), #1223, .T. ) ;
#3641 = VERTEX_POINT ( 'NONE', #1032 ) ;
#3642 = ORIENTED_EDGE ( 'NONE', *, *, #860, .T. ) ;
#3643 = DIRECTION ( 'NONE',  ( 1.000000000000000000, 0.000000000000000000, -1.548860246407865555E-16 ) ) ;
#3644 = LINE ( 'NONE', #1375, #2935 ) ;
#3645 = VECTOR ( 'NONE', #1700, 1000.000000000000000 ) ;
#3646 = LINE ( 'NONE', #2942, #2500 ) ;
#3647 = EDGE_LOOP ( 'NONE', ( #4032, #3859, #2758, #1315 ) ) ;
#3648 = VECTOR ( 'NONE', #2837, 1000.000000000000000 ) ;
#3649 = PLANE ( 'NONE',  #646 ) ;
#3650 = VERTEX_POINT ( 'NONE', #1706 ) ;
#3651 = STYLED_ITEM ( 'NONE', ( #1535 ), #555 ) ;
#3652 = AXIS2_PLACEMENT_3D ( 'NONE', #3140, #2380, #3823 ) ;
#3653 = CARTESIAN_POINT ( 'NONE',  ( -0.4999999999999996669, 0.1430000000000000160, -0.3500000000000000333 ) ) ;
#3654 = ORIENTED_EDGE ( 'NONE', *, *, #526, .F. ) ;
#3655 = PLANE ( 'NONE',  #1764 ) ;
#3656 = VECTOR ( 'NONE', #1996, 1000.000000000000000 ) ;
#3657 = FILL_AREA_STYLE_COLOUR ( '', #1950 ) ;
#3658 = FACE_OUTER_BOUND ( 'NONE', #508, .T. ) ;
#3659 = ORIENTED_EDGE ( 'NONE', *, *, #775, .F. ) ;
#3660 = PRESENTATION_STYLE_ASSIGNMENT (( #4395 ) ) ;
#3661 = ADVANCED_FACE ( 'NONE', ( #4549 ), #4223, .T. ) ;
#3662 = SURFACE_STYLE_USAGE ( .BOTH. , #3750 ) ;
#3663 = SURFACE_SIDE_STYLE ('',( #4132 ) ) ;
#3664 = LINE ( 'NONE', #429, #49 ) ;
#3665 = VERTEX_POINT ( 'NONE', #3468 ) ;
#3666 = UNCERTAINTY_MEASURE_WITH_UNIT (LENGTH_MEASURE( 1.000000000000000082E-05 ), #520, 'distance_accuracy_value', 'NONE');
#3667 = EDGE_CURVE ( 'NONE', #4382, #2696, #668, .T. ) ;
#3668 = EDGE_CURVE ( 'NONE', #3283, #4283, #4643, .T. ) ;
#3669 = PLANE ( 'NONE',  #70 ) ;
#3670 = PLANE ( 'NONE',  #4329 ) ;
#3671 = VECTOR ( 'NONE', #1627, 1000.000000000000000 ) ;
#3672 = CARTESIAN_POINT ( 'NONE',  ( 0.6999999999999997335, 0.1430000000000000160, 0.5749999999999996225 ) ) ;
#3673 = PLANE ( 'NONE',  #3942 ) ;
#3674 = VECTOR ( 'NONE', #3771, 1000.000000000000000 ) ;
#3675 = CARTESIAN_POINT ( 'NONE',  ( -0.6999999999999999556, 0.2700000000000000178, 0.7499999999999996669 ) ) ;
#3676 = PLANE ( 'NONE',  #4517 ) ;
#3677 = FILL_AREA_STYLE ('',( #740 ) ) ;
#3678 = SURFACE_STYLE_FILL_AREA ( #2593 ) ;
#3679 = LINE ( 'NONE', #1593, #4065 ) ;
#3680 = ORIENTED_EDGE ( 'NONE', *, *, #4073, .T. ) ;
#3681 = DIRECTION ( 'NONE',  ( -0.000000000000000000, 0.000000000000000000, 1.000000000000000000 ) ) ;
#3682 = FACE_OUTER_BOUND ( 'NONE', #2203, .T. ) ;
#3683 = VERTEX_POINT ( 'NONE', #4272 ) ;
#3684 = COLOUR_RGB ( '',1.000000000000000000, 1.000000000000000000, 1.000000000000000000 ) ;
#3685 = DIRECTION ( 'NONE',  ( -1.000000000000000000, 0.000000000000000000, 0.000000000000000000 ) ) ;
#3686 = EDGE_CURVE ( 'NONE', #1320, #1313, #2472, .T. ) ;
#3687 = VECTOR ( 'NONE', #1548, 1000.000000000000000 ) ;
#3688 = ORIENTED_EDGE ( 'NONE', *, *, #3383, .T. ) ;
#3689 = FILL_AREA_STYLE_COLOUR ( '', #3745 ) ;
#3690 =( GEOMETRIC_REPRESENTATION_CONTEXT ( 3 ) GLOBAL_UNCERTAINTY_ASSIGNED_CONTEXT ( ( #2484 ) ) GLOBAL_UNIT_ASSIGNED_CONTEXT ( ( #2693, #2278, #3711 ) ) REPRESENTATION_CONTEXT ( 'NONE', 'WORKASPACE' ) );
#3691 = ADVANCED_FACE ( 'NONE', ( #3538 ), #4248, .F. ) ;
#3692 = EDGE_CURVE ( 'NONE', #4120, #3045, #253, .T. ) ;
#3693 = ORIENTED_EDGE ( 'NONE', *, *, #3318, .T. ) ;
#3694 = AXIS2_PLACEMENT_3D ( 'NONE', #1284, #4107, #3284 ) ;
#3695 = CARTESIAN_POINT ( 'NONE',  ( 0.4999999999999998890, 0.1430000000000000160, -0.2500000000000001665 ) ) ;
#3696 = DIRECTION ( 'NONE',  ( 0.000000000000000000, 0.000000000000000000, -1.000000000000000000 ) ) ;
#3697 =( GEOMETRIC_REPRESENTATION_CONTEXT ( 3 ) GLOBAL_UNCERTAINTY_ASSIGNED_CONTEXT ( ( #547 ) ) GLOBAL_UNIT_ASSIGNED_CONTEXT ( ( #1730, #2011, #3917 ) ) REPRESENTATION_CONTEXT ( 'NONE', 'WORKASPACE' ) );
#3698 = STYLED_ITEM ( 'NONE', ( #2710 ), #1609 ) ;
#3699 = ORIENTED_EDGE ( 'NONE', *, *, #2923, .T. ) ;
#3700 = DIRECTION ( 'NONE',  ( 1.000000000000000000, -0.000000000000000000, -5.421010862427526114E-16 ) ) ;
#3701 =( GEOMETRIC_REPRESENTATION_CONTEXT ( 3 ) GLOBAL_UNCERTAINTY_ASSIGNED_CONTEXT ( ( #2435 ) ) GLOBAL_UNIT_ASSIGNED_CONTEXT ( ( #1157, #137, #68 ) ) REPRESENTATION_CONTEXT ( 'NONE', 'WORKASPACE' ) );
#3702 = ORIENTED_EDGE ( 'NONE', *, *, #1207, .T. ) ;
#3703 = CARTESIAN_POINT ( 'NONE',  ( -0.5000000000000001110, 0.2700000000000000178, 0.5749999999999996225 ) ) ;
#3704 = PLANE ( 'NONE',  #3882 ) ;
#3705 = CARTESIAN_POINT ( 'NONE',  ( -0.5000000000000001110, 0.2700000000000000178, 0.5749999999999996225 ) ) ;
#3706 = SURFACE_STYLE_USAGE ( .BOTH. , #525 ) ;
#3707 = VECTOR ( 'NONE', #3573, 1000.000000000000000 ) ;
#3708 = EDGE_LOOP ( 'NONE', ( #59, #1704, #1899, #2772 ) ) ;
#3709 = UNCERTAINTY_MEASURE_WITH_UNIT (LENGTH_MEASURE( 1.000000000000000082E-05 ), #3249, 'distance_accuracy_value', 'NONE');
#3710 = CARTESIAN_POINT ( 'NONE',  ( 0.6999999999999997335, 0.1430000000000000160, 0.5749999999999996225 ) ) ;
#3711 =( NAMED_UNIT ( * ) SI_UNIT ( $, .STERADIAN. ) SOLID_ANGLE_UNIT ( ) );
#3712 = DIRECTION ( 'NONE',  ( 0.000000000000000000, 1.000000000000000000, 0.000000000000000000 ) ) ;
#3713 = CARTESIAN_POINT ( 'NONE',  ( 0.000000000000000000, 0.1430000000000000160, 0.000000000000000000 ) ) ;
#3714 = ORIENTED_EDGE ( 'NONE', *, *, #1602, .F. ) ;
#3715 = ADVANCED_FACE ( 'NONE', ( #1391 ), #303, .F. ) ;
#3716 = EDGE_LOOP ( 'NONE', ( #3956, #4303, #3659, #1733 ) ) ;
#3717 = MECHANICAL_DESIGN_GEOMETRIC_PRESENTATION_REPRESENTATION (  '', ( #1084 ), #480 ) ;
#3718 = FILL_AREA_STYLE ('',( #1569 ) ) ;
#3719 = SURFACE_STYLE_FILL_AREA ( #904 ) ;
#3720 = AXIS2_PLACEMENT_3D ( 'NONE', #308, #1741, #2341 ) ;
#3721 = ADVANCED_FACE ( 'NONE', ( #3323 ), #1824, .T. ) ;
#3722 = EDGE_CURVE ( 'NONE', #2080, #135, #2591, .T. ) ;
#3723 =( NAMED_UNIT ( * ) PLANE_ANGLE_UNIT ( ) SI_UNIT ( $, .RADIAN. ) );
#3724 = DIRECTION ( 'NONE',  ( -1.445602896647339163E-16, 0.000000000000000000, -1.000000000000000000 ) ) ;
#3725 = DIRECTION ( 'NONE',  ( -0.000000000000000000, -1.000000000000000000, -0.000000000000000000 ) ) ;
#3726 = AXIS2_PLACEMENT_3D ( 'NONE', #4422, #3732, #1856 ) ;
#3727 = LINE ( 'NONE', #4042, #2254 ) ;
#3728 = PRESENTATION_LAYER_ASSIGNMENT (  '', '', ( #562 ) ) ;
#3729 = PLANE ( 'NONE',  #2633 ) ;
#3730 = VECTOR ( 'NONE', #2854, 1000.000000000000000 ) ;
#3731 = VERTEX_POINT ( 'NONE', #4668 ) ;
#3732 = DIRECTION ( 'NONE',  ( 0.000000000000000000, 1.000000000000000000, 0.000000000000000000 ) ) ;
#3733 = CARTESIAN_POINT ( 'NONE',  ( -0.6999999999999999556, 0.1430000000000000160, 0.5749999999999996225 ) ) ;
#3734 = EDGE_LOOP ( 'NONE', ( #4468, #23, #1416, #3950 ) ) ;
#3735 = DIRECTION ( 'NONE',  ( -0.000000000000000000, -0.000000000000000000, 1.000000000000000000 ) ) ;
#3736 = CARTESIAN_POINT ( 'NONE',  ( -0.6999999999999999556, 0.2500000000000000000, 0.7499999999999996669 ) ) ;
#3737 = CARTESIAN_POINT ( 'NONE',  ( -0.1000000000000000749, 0.2500000000000000000, -0.7499999999999994449 ) ) ;
#3738 = CARTESIAN_POINT ( 'NONE',  ( -0.6999999999999999556, 0.1430000000000000160, -0.7499999999999996669 ) ) ;
#3739 = LINE ( 'NONE', #851, #3257 ) ;
#3740 = ORIENTED_EDGE ( 'NONE', *, *, #3753, .T. ) ;
#3741 = ORIENTED_EDGE ( 'NONE', *, *, #2540, .F. ) ;
#3742 = MANIFOLD_SOLID_BREP ( 'Boss-Extrude2[7]', #3941 ) ;
#3743 = ORIENTED_EDGE ( 'NONE', *, *, #2831, .T. ) ;
#3744 =( NAMED_UNIT ( * ) SI_UNIT ( $, .STERADIAN. ) SOLID_ANGLE_UNIT ( ) );
#3745 = COLOUR_RGB ( '',1.000000000000000000, 1.000000000000000000, 1.000000000000000000 ) ;
#3746 = DIRECTION ( 'NONE',  ( -1.548860246407866048E-16, 0.000000000000000000, -1.000000000000000000 ) ) ;
#3747 = EDGE_CURVE ( 'NONE', #3665, #2934, #717, .T. ) ;
#3748 = FILL_AREA_STYLE_COLOUR ( '', #3684 ) ;
#3749 = ORIENTED_EDGE ( 'NONE', *, *, #1240, .T. ) ;
#3750 = SURFACE_SIDE_STYLE ('',( #1172 ) ) ;
#3751 = PLANE ( 'NONE',  #2570 ) ;
#3752 =( NAMED_UNIT ( * ) SI_UNIT ( $, .STERADIAN. ) SOLID_ANGLE_UNIT ( ) );
#3753 = EDGE_CURVE ( 'NONE', #852, #1886, #695, .T. ) ;
#3754 = UNCERTAINTY_MEASURE_WITH_UNIT (LENGTH_MEASURE( 1.000000000000000082E-05 ), #617, 'distance_accuracy_value', 'NONE');
#3755 = EDGE_CURVE ( 'NONE', #2508, #3261, #4343, .T. ) ;
#3756 = MANIFOLD_SOLID_BREP ( 'Boss-Extrude2[6]', #4245 ) ;
#3757 = PRESENTATION_LAYER_ASSIGNMENT (  '', '', ( #2399 ) ) ;
#3758 = FILL_AREA_STYLE_COLOUR ( '', #1069 ) ;
#3759 = LINE ( 'NONE', #2276, #4513 ) ;
#3760 = LINE ( 'NONE', #530, #820 ) ;
#3761 = VECTOR ( 'NONE', #4096, 1000.000000000000000 ) ;
#3762 = AXIS2_PLACEMENT_3D ( 'NONE', #2401, #1287, #4525 ) ;
#3763 = CARTESIAN_POINT ( 'NONE',  ( 0.6999999999999992895, 0.1430000000000000160, -0.5749999999999998446 ) ) ;
#3764 = ORIENTED_EDGE ( 'NONE', *, *, #185, .T. ) ;
#3765 = VECTOR ( 'NONE', #1142, 1000.000000000000000 ) ;
#3766 = DIRECTION ( 'NONE',  ( 0.000000000000000000, 0.000000000000000000, 1.000000000000000000 ) ) ;
#3767 = PRESENTATION_STYLE_ASSIGNMENT (( #2236 ) ) ;
#3768 = SURFACE_STYLE_FILL_AREA ( #1547 ) ;
#3769 = VECTOR ( 'NONE', #4582, 1000.000000000000000 ) ;
#3770 = FILL_AREA_STYLE ('',( #2684 ) ) ;
#3771 = DIRECTION ( 'NONE',  ( 1.000000000000000000, 0.000000000000000000, -8.559490835411880276E-16 ) ) ;
#3772 = LINE ( 'NONE', #3019, #3389 ) ;
#3773 = ORIENTED_EDGE ( 'NONE', *, *, #3208, .T. ) ;
#3774 = CARTESIAN_POINT ( 'NONE',  ( 0.6999999999999992895, 0.2500000000000000000, -0.5749999999999998446 ) ) ;
#3775 = EDGE_LOOP ( 'NONE', ( #184, #2781, #475, #2947 ) ) ;
#3776 =( GEOMETRIC_REPRESENTATION_CONTEXT ( 3 ) GLOBAL_UNCERTAINTY_ASSIGNED_CONTEXT ( ( #1860 ) ) GLOBAL_UNIT_ASSIGNED_CONTEXT ( ( #1261, #906, #772 ) ) REPRESENTATION_CONTEXT ( 'NONE', 'WORKASPACE' ) );
#3777 =( LENGTH_UNIT ( ) NAMED_UNIT ( * ) SI_UNIT ( .MILLI., .METRE. ) );
#3778 = ADVANCED_FACE ( 'NONE', ( #3063 ), #3655, .T. ) ;
#3779 = EDGE_CURVE ( 'NONE', #1405, #974, #2983, .T. ) ;
#3780 = CARTESIAN_POINT ( 'NONE',  ( -0.7500000000000001110, -0.2500000000000000000, 0.7499999999999996669 ) ) ;
#3781 = FILL_AREA_STYLE ('',( #3028 ) ) ;
#3782 = COLOUR_RGB ( '',1.000000000000000000, 1.000000000000000000, 1.000000000000000000 ) ;
#3783 = CLOSED_SHELL ( 'NONE', ( #1123, #2509, #3180, #412, #4388, #2009 ) ) ;
#3784 = LINE ( 'NONE', #3121, #2269 ) ;
#3785 =( NAMED_UNIT ( * ) PLANE_ANGLE_UNIT ( ) SI_UNIT ( $, .RADIAN. ) );
#3786 = ADVANCED_FACE ( 'NONE', ( #2701 ), #1964, .T. ) ;
#3787 = LINE ( 'NONE', #1976, #4079 ) ;
#3788 = CARTESIAN_POINT ( 'NONE',  ( -0.6999999999999999556, 0.1430000000000000160, 0.7499999999999996669 ) ) ;
#3789 = ORIENTED_EDGE ( 'NONE', *, *, #2141, .F. ) ;
#3790 = VERTEX_POINT ( 'NONE', #1526 ) ;
#3791 = ORIENTED_EDGE ( 'NONE', *, *, #191, .T. ) ;
#3792 = LINE ( 'NONE', #3506, #2277 ) ;
#3793 = ORIENTED_EDGE ( 'NONE', *, *, #3834, .T. ) ;
#3794 = CARTESIAN_POINT ( 'NONE',  ( -0.6499999999999998002, 0.1430000000000000160, 0.09999999999999939493 ) ) ;
#3795 = SURFACE_STYLE_USAGE ( .BOTH. , #216 ) ;
#3796 =( NAMED_UNIT ( * ) PLANE_ANGLE_UNIT ( ) SI_UNIT ( $, .RADIAN. ) );
#3797 = DIRECTION ( 'NONE',  ( -7.860465750519903991E-15, 0.000000000000000000, -1.000000000000000000 ) ) ;
#3798 = LINE ( 'NONE', #2757, #1941 ) ;
#3799 = VERTEX_POINT ( 'NONE', #4059 ) ;
#3800 = AXIS2_PLACEMENT_3D ( 'NONE', #3703, #2355, #1946 ) ;
#3801 = SURFACE_SIDE_STYLE ('',( #841 ) ) ;
#3802 =( LENGTH_UNIT ( ) NAMED_UNIT ( * ) SI_UNIT ( .MILLI., .METRE. ) );
#3803 =( NAMED_UNIT ( * ) PLANE_ANGLE_UNIT ( ) SI_UNIT ( $, .RADIAN. ) );
#3804 =( NAMED_UNIT ( * ) PLANE_ANGLE_UNIT ( ) SI_UNIT ( $, .RADIAN. ) );
#3805 = VECTOR ( 'NONE', #4038, 1000.000000000000000 ) ;
#3806 =( GEOMETRIC_REPRESENTATION_CONTEXT ( 3 ) GLOBAL_UNCERTAINTY_ASSIGNED_CONTEXT ( ( #3614 ) ) GLOBAL_UNIT_ASSIGNED_CONTEXT ( ( #2126, #750, #3976 ) ) REPRESENTATION_CONTEXT ( 'NONE', 'WORKASPACE' ) );
#3807 =( GEOMETRIC_REPRESENTATION_CONTEXT ( 3 ) GLOBAL_UNCERTAINTY_ASSIGNED_CONTEXT ( ( #1249 ) ) GLOBAL_UNIT_ASSIGNED_CONTEXT ( ( #859, #149, #2310 ) ) REPRESENTATION_CONTEXT ( 'NONE', 'WORKASPACE' ) );
#3808 = CARTESIAN_POINT ( 'NONE',  ( -0.2999999999999994338, 0.2700000000000000178, 0.7499999999999994449 ) ) ;
#3809 = DIRECTION ( 'NONE',  ( 1.548860246407865308E-16, 0.000000000000000000, -1.000000000000000000 ) ) ;
#3810 = UNCERTAINTY_MEASURE_WITH_UNIT (LENGTH_MEASURE( 1.000000000000000082E-05 ), #474, 'distance_accuracy_value', 'NONE');
#3811 = EDGE_CURVE ( 'NONE', #3496, #2776, #1285, .T. ) ;
#3812 = ADVANCED_FACE ( 'NONE', ( #2288 ), #2972, .F. ) ;
#3813 = DIRECTION ( 'NONE',  ( 1.000000000000000000, 0.000000000000000000, -0.000000000000000000 ) ) ;
#3814 = ORIENTED_EDGE ( 'NONE', *, *, #2366, .F. ) ;
#3815 = DIRECTION ( 'NONE',  ( 0.000000000000000000, 0.000000000000000000, 1.000000000000000000 ) ) ;
#3816 = EDGE_CURVE ( 'NONE', #885, #2934, #3134, .T. ) ;
#3817 = DIRECTION ( 'NONE',  ( 0.000000000000000000, 0.000000000000000000, 1.000000000000000000 ) ) ;
#3818 = DIRECTION ( 'NONE',  ( 0.000000000000000000, 0.000000000000000000, 1.000000000000000000 ) ) ;
#3819 =( NAMED_UNIT ( * ) SI_UNIT ( $, .STERADIAN. ) SOLID_ANGLE_UNIT ( ) );
#3820 = VERTEX_POINT ( 'NONE', #2398 ) ;
#3821 = ORIENTED_EDGE ( 'NONE', *, *, #943, .F. ) ;
#3822 = FACE_OUTER_BOUND ( 'NONE', #1327, .T. ) ;
#3823 = DIRECTION ( 'NONE',  ( 0.000000000000000000, 0.000000000000000000, -1.000000000000000000 ) ) ;
#3824 = CARTESIAN_POINT ( 'NONE',  ( 0.09999999999999942268, 0.1430000000000000160, -0.7499999999999994449 ) ) ;
#3825 = SURFACE_STYLE_FILL_AREA ( #3425 ) ;
#3826 = AXIS2_PLACEMENT_3D ( 'NONE', #1966, #933, #3818 ) ;
#3827 =( NAMED_UNIT ( * ) SI_UNIT ( $, .STERADIAN. ) SOLID_ANGLE_UNIT ( ) );
#3828 = SURFACE_STYLE_FILL_AREA ( #941 ) ;
#3829 = LINE ( 'NONE', #1620, #754 ) ;
#3830 = VERTEX_POINT ( 'NONE', #1282 ) ;
#3831 = DIRECTION ( 'NONE',  ( 0.000000000000000000, 0.000000000000000000, 1.000000000000000000 ) ) ;
#3832 = VERTEX_POINT ( 'NONE', #643 ) ;
#3833 = CARTESIAN_POINT ( 'NONE',  ( -0.6499999999999998002, 0.1430000000000000160, 0.09999999999999939493 ) ) ;
#3834 = EDGE_CURVE ( 'NONE', #2353, #407, #976, .T. ) ;
#3835 = DIRECTION ( 'NONE',  ( -0.000000000000000000, 1.000000000000000000, -0.000000000000000000 ) ) ;
#3836 = VECTOR ( 'NONE', #2925, 1000.000000000000000 ) ;
#3837 = EDGE_CURVE ( 'NONE', #2785, #2055, #3892, .T. ) ;
#3838 = EDGE_CURVE ( 'NONE', #3820, #4640, #218, .T. ) ;
#3839 = DIRECTION ( 'NONE',  ( -0.000000000000000000, 1.000000000000000000, -0.000000000000000000 ) ) ;
#3840 = ORIENTED_EDGE ( 'NONE', *, *, #3145, .T. ) ;
#3841 = MANIFOLD_SOLID_BREP ( 'Cut-Extrude1', #2586 ) ;
#3842 = ORIENTED_EDGE ( 'NONE', *, *, #4072, .T. ) ;
#3843 = CARTESIAN_POINT ( 'NONE',  ( -0.6999999999999999556, 0.1430000000000000160, -0.5749999999999996225 ) ) ;
#3844 = VECTOR ( 'NONE', #1650, 1000.000000000000000 ) ;
#3845 = ORIENTED_EDGE ( 'NONE', *, *, #853, .F. ) ;
#3846 = PLANE ( 'NONE',  #4458 ) ;
#3847 = CARTESIAN_POINT ( 'NONE',  ( 0.09999999999999985290, 0.1430000000000000160, 0.7499999999999994449 ) ) ;
#3848 = ORIENTED_EDGE ( 'NONE', *, *, #3212, .T. ) ;
#3849 = VECTOR ( 'NONE', #2132, 1000.000000000000000 ) ;
#3850 = UNCERTAINTY_MEASURE_WITH_UNIT (LENGTH_MEASURE( 1.000000000000000082E-05 ), #896, 'distance_accuracy_value', 'NONE');
#3851 = VECTOR ( 'NONE', #3395, 1000.000000000000000 ) ;
#3852 = DIRECTION ( 'NONE',  ( -0.000000000000000000, 1.000000000000000000, -0.000000000000000000 ) ) ;
#3853 = CARTESIAN_POINT ( 'NONE',  ( 0.09999999999999976963, 0.1430000000000000160, 0.5749999999999996225 ) ) ;
#3854 = AXIS2_PLACEMENT_3D ( 'NONE', #2554, #3218, #1791 ) ;
#3855 = PRESENTATION_LAYER_ASSIGNMENT (  '', '', ( #2342 ) ) ;
#3856 = UNCERTAINTY_MEASURE_WITH_UNIT (LENGTH_MEASURE( 1.000000000000000082E-05 ), #3945, 'distance_accuracy_value', 'NONE');
#3857 = COLOUR_RGB ( '',1.000000000000000000, 1.000000000000000000, 1.000000000000000000 ) ;
#3858 = VECTOR ( 'NONE', #571, 1000.000000000000000 ) ;
#3859 = ORIENTED_EDGE ( 'NONE', *, *, #2543, .F. ) ;
#3860 = LINE ( 'NONE', #269, #4088 ) ;
#3861 = ORIENTED_EDGE ( 'NONE', *, *, #1630, .F. ) ;
#3862 = FACE_OUTER_BOUND ( 'NONE', #3153, .T. ) ;
#3863 = VERTEX_POINT ( 'NONE', #3436 ) ;
#3864 = CARTESIAN_POINT ( 'NONE',  ( 0.6999999999999997335, 0.2700000000000000178, 0.7499999999999996669 ) ) ;
#3865 = EDGE_CURVE ( 'NONE', #1117, #3200, #189, .T. ) ;
#3866 = DIRECTION ( 'NONE',  ( 3.097720492815730617E-16, 0.000000000000000000, 1.000000000000000000 ) ) ;
#3867 = FACE_OUTER_BOUND ( 'NONE', #736, .T. ) ;
#3868 = ORIENTED_EDGE ( 'NONE', *, *, #131, .F. ) ;
#3869 = ORIENTED_EDGE ( 'NONE', *, *, #3037, .T. ) ;
#3870 = ADVANCED_FACE ( 'NONE', ( #3109 ), #1679, .F. ) ;
#3871 = CARTESIAN_POINT ( 'NONE',  ( -0.4999999999999996669, 0.1430000000000000160, 0.3500000000000000333 ) ) ;
#3872 = EDGE_CURVE ( 'NONE', #3310, #3863, #2806, .T. ) ;
#3873 = DIRECTION ( 'NONE',  ( 0.000000000000000000, 1.000000000000000000, 0.000000000000000000 ) ) ;
#3874 = LINE ( 'NONE', #4490, #1400 ) ;
#3875 = DIRECTION ( 'NONE',  ( 0.000000000000000000, 1.000000000000000000, 0.000000000000000000 ) ) ;
#3876 = AXIS2_PLACEMENT_3D ( 'NONE', #2422, #3157, #4594 ) ;
#3877 = LINE ( 'NONE', #1712, #1537 ) ;
#3878 = DIRECTION ( 'NONE',  ( -1.000000000000000000, 0.000000000000000000, -0.000000000000000000 ) ) ;
#3879 = VECTOR ( 'NONE', #2232, 1000.000000000000000 ) ;
#3880 = LINE ( 'NONE', #4510, #3546 ) ;
#3881 = LINE ( 'NONE', #3474, #1652 ) ;
#3882 = AXIS2_PLACEMENT_3D ( 'NONE', #1197, #814, #500 ) ;
#3883 = ORIENTED_EDGE ( 'NONE', *, *, #1811, .F. ) ;
#3884 = COLOUR_RGB ( '',1.000000000000000000, 1.000000000000000000, 1.000000000000000000 ) ;
#3885 = VERTEX_POINT ( 'NONE', #4218 ) ;
#3886 = VECTOR ( 'NONE', #3424, 1000.000000000000000 ) ;
#3887 = DIRECTION ( 'NONE',  ( -0.000000000000000000, -1.000000000000000000, -0.000000000000000000 ) ) ;
#3888 = ORIENTED_EDGE ( 'NONE', *, *, #2284, .F. ) ;
#3889 = CARTESIAN_POINT ( 'NONE',  ( 0.6500000000000000222, 0.1430000000000000160, 0.09999999999999956146 ) ) ;
#3890 = ORIENTED_EDGE ( 'NONE', *, *, #140, .T. ) ;
#3891 = DIRECTION ( 'NONE',  ( -0.000000000000000000, -1.000000000000000000, -0.000000000000000000 ) ) ;
#3892 = LINE ( 'NONE', #3459, #2573 ) ;
#3893 = EDGE_LOOP ( 'NONE', ( #1255, #91, #2384, #1888 ) ) ;
#3894 = EDGE_LOOP ( 'NONE', ( #1985, #1455, #3654, #282 ) ) ;
#3895 = PLANE ( 'NONE',  #373 ) ;
#3896 = SURFACE_SIDE_STYLE ('',( #1760 ) ) ;
#3897 = CARTESIAN_POINT ( 'NONE',  ( 0.2999999999999992117, 0.2700000000000000178, 0.7499999999999994449 ) ) ;
#3898 = DIRECTION ( 'NONE',  ( -1.000000000000000000, 0.000000000000000000, 0.000000000000000000 ) ) ;
#3899 = EDGE_CURVE ( 'NONE', #2857, #1921, #3158, .T. ) ;
#3900 = ORIENTED_EDGE ( 'NONE', *, *, #4503, .T. ) ;
#3901 = VERTEX_POINT ( 'NONE', #2919 ) ;
#3902 = CARTESIAN_POINT ( 'NONE',  ( 0.5999999999999999778, 0.1430000000000000160, 0.1999999999999992062 ) ) ;
#3903 = STYLED_ITEM ( 'NONE', ( #1987 ), #2163 ) ;
#3904 = PRESENTATION_STYLE_ASSIGNMENT (( #2479 ) ) ;
#3905 = DIRECTION ( 'NONE',  ( 0.000000000000000000, -0.000000000000000000, 1.000000000000000000 ) ) ;
#3906 = SURFACE_STYLE_FILL_AREA ( #1668 ) ;
#3907 = ADVANCED_FACE ( 'NONE', ( #2179 ), #4314, .T. ) ;
#3908 = EDGE_CURVE ( 'NONE', #1605, #3175, #2587, .T. ) ;
#3909 = UNCERTAINTY_MEASURE_WITH_UNIT (LENGTH_MEASURE( 1.000000000000000082E-05 ), #15, 'distance_accuracy_value', 'NONE');
#3910 = ORIENTED_EDGE ( 'NONE', *, *, #468, .T. ) ;
#3911 = DIRECTION ( 'NONE',  ( -0.000000000000000000, -1.000000000000000000, -0.000000000000000000 ) ) ;
#3912 = ORIENTED_EDGE ( 'NONE', *, *, #3580, .F. ) ;
#3913 = CARTESIAN_POINT ( 'NONE',  ( 0.5999999999999999778, 0.1430000000000000160, -0.09999999999999981126 ) ) ;
#3914 =( NAMED_UNIT ( * ) PLANE_ANGLE_UNIT ( ) SI_UNIT ( $, .RADIAN. ) );
#3915 = COLOUR_RGB ( '',0.2980392156862745057, 0.2980392156862745057, 0.2980392156862745057 ) ;
#3916 = DIRECTION ( 'NONE',  ( 0.000000000000000000, 0.000000000000000000, 1.000000000000000000 ) ) ;
#3917 =( NAMED_UNIT ( * ) SI_UNIT ( $, .STERADIAN. ) SOLID_ANGLE_UNIT ( ) );
#3918 = STYLED_ITEM ( 'NONE', ( #3564 ), #2431 ) ;
#3919 =( LENGTH_UNIT ( ) NAMED_UNIT ( * ) SI_UNIT ( .MILLI., .METRE. ) );
#3920 = VERTEX_POINT ( 'NONE', #2520 ) ;
#3921 = EDGE_LOOP ( 'NONE', ( #1052, #2410, #856, #3187 ) ) ;
#3922 = AXIS2_PLACEMENT_3D ( 'NONE', #1194, #127, #4087 ) ;
#3923 = LINE ( 'NONE', #1486, #2788 ) ;
#3924 = LINE ( 'NONE', #4319, #2636 ) ;
#3925 = PRESENTATION_STYLE_ASSIGNMENT (( #2165 ) ) ;
#3926 =( NAMED_UNIT ( * ) PLANE_ANGLE_UNIT ( ) SI_UNIT ( $, .RADIAN. ) );
#3927 = ORIENTED_EDGE ( 'NONE', *, *, #2191, .F. ) ;
#3928 = ADVANCED_BREP_SHAPE_REPRESENTATION ( 'KTD2026BEWE-TR', ( #3841, #2263, #2199, #637, #2157, #692, #3756, #3742, #2294, #2253, #2339 ), #1584 ) ;
#3929 = PLANE ( 'NONE',  #3720 ) ;
#3930 = EDGE_CURVE ( 'NONE', #1859, #1509, #324, .T. ) ;
#3931 =( NAMED_UNIT ( * ) SI_UNIT ( $, .STERADIAN. ) SOLID_ANGLE_UNIT ( ) );
#3932 = FILL_AREA_STYLE ('',( #4350 ) ) ;
#3933 = EDGE_LOOP ( 'NONE', ( #2402, #935, #2858, #2048 ) ) ;
#3934 = ORIENTED_EDGE ( 'NONE', *, *, #3602, .F. ) ;
#3935 = ADVANCED_FACE ( 'NONE', ( #3252 ), #394, .F. ) ;
#3936 = ORIENTED_EDGE ( 'NONE', *, *, #2629, .T. ) ;
#3937 = LINE ( 'NONE', #410, #2519 ) ;
#3938 = LINE ( 'NONE', #686, #3849 ) ;
#3939 = STYLED_ITEM ( 'NONE', ( #4266 ), #3841 ) ;
#3940 = FACE_OUTER_BOUND ( 'NONE', #339, .T. ) ;
#3941 = CLOSED_SHELL ( 'NONE', ( #1035, #2075, #3374, #1321, #1557, #4049 ) ) ;
#3942 = AXIS2_PLACEMENT_3D ( 'NONE', #3059, #2281, #2655 ) ;
#3943 = VERTEX_POINT ( 'NONE', #2158 ) ;
#3944 = ORIENTED_EDGE ( 'NONE', *, *, #3009, .F. ) ;
#3945 =( LENGTH_UNIT ( ) NAMED_UNIT ( * ) SI_UNIT ( .MILLI., .METRE. ) );
#3946 = ORIENTED_EDGE ( 'NONE', *, *, #18, .T. ) ;
#3947 =( LENGTH_UNIT ( ) NAMED_UNIT ( * ) SI_UNIT ( .MILLI., .METRE. ) );
#3948 =( NAMED_UNIT ( * ) SI_UNIT ( $, .STERADIAN. ) SOLID_ANGLE_UNIT ( ) );
#3949 = CARTESIAN_POINT ( 'NONE',  ( -0.5999999999999997558, 0.2700000000000000178, 0.2500000000000000555 ) ) ;
#3950 = ORIENTED_EDGE ( 'NONE', *, *, #1116, .T. ) ;
#3951 = ORIENTED_EDGE ( 'NONE', *, *, #3747, .F. ) ;
#3952 = DIRECTION ( 'NONE',  ( -0.000000000000000000, 1.000000000000000000, -0.000000000000000000 ) ) ;
#3953 = DIRECTION ( 'NONE',  ( -3.097720492815731110E-16, 0.000000000000000000, 1.000000000000000000 ) ) ;
#3954 = DIRECTION ( 'NONE',  ( -6.195440985631453345E-16, 0.000000000000000000, -1.000000000000000000 ) ) ;
#3955 = AXIS2_PLACEMENT_3D ( 'NONE', #3864, #1678, #3817 ) ;
#3956 = ORIENTED_EDGE ( 'NONE', *, *, #1073, .F. ) ;
#3957 = ORIENTED_EDGE ( 'NONE', *, *, #2950, .F. ) ;
#3958 = VECTOR ( 'NONE', #3952, 1000.000000000000000 ) ;
#3959 = VERTEX_POINT ( 'NONE', #9 ) ;
#3960 = FILL_AREA_STYLE ('',( #755 ) ) ;
#3961 = CARTESIAN_POINT ( 'NONE',  ( -0.5000000000000000000, 0.1430000000000000160, 0.7499999999999996669 ) ) ;
#3962 =( LENGTH_UNIT ( ) NAMED_UNIT ( * ) SI_UNIT ( .MILLI., .METRE. ) );
#3963 = LINE ( 'NONE', #3179, #357 ) ;
#3964 =( GEOMETRIC_REPRESENTATION_CONTEXT ( 3 ) GLOBAL_UNCERTAINTY_ASSIGNED_CONTEXT ( ( #1711 ) ) GLOBAL_UNIT_ASSIGNED_CONTEXT ( ( #2949, #1421, #1259 ) ) REPRESENTATION_CONTEXT ( 'NONE', 'WORKASPACE' ) );
#3965 = ORIENTED_EDGE ( 'NONE', *, *, #1784, .T. ) ;
#3966 = AXIS2_PLACEMENT_3D ( 'NONE', #675, #1403, #3953 ) ;
#3967 = SURFACE_STYLE_FILL_AREA ( #4619 ) ;
#3968 = SURFACE_SIDE_STYLE ('',( #733 ) ) ;
#3969 = FILL_AREA_STYLE_COLOUR ( '', #2610 ) ;
#3970 = EDGE_CURVE ( 'NONE', #745, #2739, #2496, .T. ) ;
#3971 = DIRECTION ( 'NONE',  ( -0.000000000000000000, 1.000000000000000000, -0.000000000000000000 ) ) ;
#3972 = CARTESIAN_POINT ( 'NONE',  ( 0.09999999999999976963, 0.2700000000000000178, 0.5749999999999996225 ) ) ;
#3973 = SURFACE_STYLE_USAGE ( .BOTH. , #4320 ) ;
#3974 = ORIENTED_EDGE ( 'NONE', *, *, #4045, .F. ) ;
#3975 = CARTESIAN_POINT ( 'NONE',  ( 0.09999999999999945044, 0.2500000000000000000, -0.5749999999999997335 ) ) ;
#3976 =( NAMED_UNIT ( * ) SI_UNIT ( $, .STERADIAN. ) SOLID_ANGLE_UNIT ( ) );
#3977 = ORIENTED_EDGE ( 'NONE', *, *, #2480, .F. ) ;
#3978 = ORIENTED_EDGE ( 'NONE', *, *, #3291, .F. ) ;
#3979 = VECTOR ( 'NONE', #1329, 1000.000000000000000 ) ;
#3980 = PLANE ( 'NONE',  #1371 ) ;
#3981 = CARTESIAN_POINT ( 'NONE',  ( 0.6999999999999997335, 0.2500000000000000000, 0.7499999999999996669 ) ) ;
#3982 = PLANE ( 'NONE',  #752 ) ;
#3983 = VECTOR ( 'NONE', #1507, 1000.000000000000000 ) ;
#3984 = DIRECTION ( 'NONE',  ( -1.000000000000000000, 0.000000000000000000, -0.000000000000000000 ) ) ;
#3985 = CARTESIAN_POINT ( 'NONE',  ( 0.000000000000000000, 0.1430000000000000160, 0.000000000000000000 ) ) ;
#3986 = EDGE_CURVE ( 'NONE', #3261, #3368, #1820, .T. ) ;
#3987 = SURFACE_STYLE_USAGE ( .BOTH. , #2468 ) ;
#3988 = ORIENTED_EDGE ( 'NONE', *, *, #1630, .T. ) ;
#3989 = PLANE ( 'NONE',  #1573 ) ;
#3990 = COLOUR_RGB ( '',0.2980392156862745057, 0.2980392156862745057, 0.2980392156862745057 ) ;
#3991 = ADVANCED_FACE ( 'NONE', ( #3940 ), #1100, .F. ) ;
#3992 = EDGE_CURVE ( 'NONE', #3617, #703, #3646, .T. ) ;
#3993 = DIRECTION ( 'NONE',  ( 4.646580739223595925E-16, 0.000000000000000000, 1.000000000000000000 ) ) ;
#3994 = DIRECTION ( 'NONE',  ( 1.000000000000000000, -0.000000000000000000, 7.860465750519903991E-15 ) ) ;
#3995 = LINE ( 'NONE', #4365, #55 ) ;
#3996 = VECTOR ( 'NONE', #1016, 1000.000000000000000 ) ;
#3997 = ORIENTED_EDGE ( 'NONE', *, *, #739, .T. ) ;
#3998 = CARTESIAN_POINT ( 'NONE',  ( -0.5000000000000000000, 0.1430000000000000160, -0.7499999999999996669 ) ) ;
#3999 = STYLED_ITEM ( 'NONE', ( #3330 ), #2747 ) ;
#4000 = CARTESIAN_POINT ( 'NONE',  ( -0.5000000000000000000, 0.2700000000000000178, -0.7499999999999996669 ) ) ;
#4001 = DIRECTION ( 'NONE',  ( 0.000000000000000000, 0.000000000000000000, -1.000000000000000000 ) ) ;
#4002 = ORIENTED_EDGE ( 'NONE', *, *, #4420, .F. ) ;
#4003 =( GEOMETRIC_REPRESENTATION_CONTEXT ( 3 ) GLOBAL_UNCERTAINTY_ASSIGNED_CONTEXT ( ( #315 ) ) GLOBAL_UNIT_ASSIGNED_CONTEXT ( ( #3962, #2206, #1796 ) ) REPRESENTATION_CONTEXT ( 'NONE', 'WORKASPACE' ) );
#4004 =( LENGTH_UNIT ( ) NAMED_UNIT ( * ) SI_UNIT ( .MILLI., .METRE. ) );
#4005 = ORIENTED_EDGE ( 'NONE', *, *, #3686, .F. ) ;
#4006 = SURFACE_SIDE_STYLE ('',( #3272 ) ) ;
#4007 = AXIS2_PLACEMENT_3D ( 'NONE', #892, #940, #4557 ) ;
#4008 = CARTESIAN_POINT ( 'NONE',  ( -0.1000000000000000749, 0.1430000000000000160, 0.7499999999999994449 ) ) ;
#4009 = VECTOR ( 'NONE', #448, 1000.000000000000000 ) ;
#4010 = CARTESIAN_POINT ( 'NONE',  ( -0.7500000000000001110, 0.2500000000000000000, 0.7499999999999996669 ) ) ;
#4011 = STYLED_ITEM ( 'NONE', ( #3013 ), #4049 ) ;
#4012 = MECHANICAL_DESIGN_GEOMETRIC_PRESENTATION_REPRESENTATION (  '', ( #3407 ), #4463 ) ;
#4013 = CARTESIAN_POINT ( 'NONE',  ( 0.4999999999999993339, 0.2700000000000000178, -0.7499999999999997780 ) ) ;
#4014 = STYLED_ITEM ( 'NONE', ( #183 ), #4122 ) ;
#4015 = DIRECTION ( 'NONE',  ( 0.7071067811865474617, 0.000000000000000000, -0.7071067811865475727 ) ) ;
#4016 =( LENGTH_UNIT ( ) NAMED_UNIT ( * ) SI_UNIT ( .MILLI., .METRE. ) );
#4017 = SURFACE_STYLE_USAGE ( .BOTH. , #1468 ) ;
#4018 = EDGE_CURVE ( 'NONE', #1117, #510, #4638, .T. ) ;
#4019 = EDGE_LOOP ( 'NONE', ( #430, #221, #40, #4555 ) ) ;
#4020 = ORIENTED_EDGE ( 'NONE', *, *, #1102, .F. ) ;
#4021 = FACE_OUTER_BOUND ( 'NONE', #4080, .T. ) ;
#4022 = SURFACE_STYLE_USAGE ( .BOTH. , #4143 ) ;
#4023 = DIRECTION ( 'NONE',  ( 0.000000000000000000, -0.000000000000000000, 1.000000000000000000 ) ) ;
#4024 = DIRECTION ( 'NONE',  ( 1.445602896647339163E-16, 0.000000000000000000, 1.000000000000000000 ) ) ;
#4025 = ORIENTED_EDGE ( 'NONE', *, *, #1556, .F. ) ;
#4026 = DIRECTION ( 'NONE',  ( 3.097720492815730617E-16, -0.000000000000000000, -1.000000000000000000 ) ) ;
#4027 = AXIS2_PLACEMENT_3D ( 'NONE', #345, #690, #417 ) ;
#4028 = DIRECTION ( 'NONE',  ( 0.000000000000000000, 0.000000000000000000, -1.000000000000000000 ) ) ;
#4029 = LINE ( 'NONE', #2176, #1726 ) ;
#4030 = CARTESIAN_POINT ( 'NONE',  ( 0.4999999999999996669, 0.1430000000000000160, -0.3500000000000001443 ) ) ;
#4031 = DIRECTION ( 'NONE',  ( -1.000000000000000000, -0.000000000000000000, -7.589415207398527883E-15 ) ) ;
#4032 = ORIENTED_EDGE ( 'NONE', *, *, #1629, .T. ) ;
#4033 = AXIS2_PLACEMENT_3D ( 'NONE', #1428, #1604, #1767 ) ;
#4034 = ORIENTED_EDGE ( 'NONE', *, *, #2135, .T. ) ;
#4035 = STYLED_ITEM ( 'NONE', ( #886 ), #3640 ) ;
#4036 = LINE ( 'NONE', #1238, #2485 ) ;
#4037 = ORIENTED_EDGE ( 'NONE', *, *, #4270, .F. ) ;
#4038 = DIRECTION ( 'NONE',  ( 0.000000000000000000, 0.000000000000000000, 1.000000000000000000 ) ) ;
#4039 = STYLED_ITEM ( 'NONE', ( #2735 ), #637 ) ;
#4040 = CARTESIAN_POINT ( 'NONE',  ( -0.2999999999999994893, 0.1430000000000000160, 0.5749999999999996225 ) ) ;
#4041 = CARTESIAN_POINT ( 'NONE',  ( 0.4999999999999998890, 0.2500000000000000000, -0.2500000000000001665 ) ) ;
#4042 = CARTESIAN_POINT ( 'NONE',  ( -0.5000000000000001110, 0.2700000000000000178, -0.5749999999999996225 ) ) ;
#4043 = EDGE_LOOP ( 'NONE', ( #3029, #2892, #2476, #3890 ) ) ;
#4044 = LINE ( 'NONE', #795, #3273 ) ;
#4045 = EDGE_CURVE ( 'NONE', #1487, #1320, #2847, .T. ) ;
#4046 = PLANE ( 'NONE',  #4532 ) ;
#4047 = ORIENTED_EDGE ( 'NONE', *, *, #4129, .F. ) ;
#4048 = DIRECTION ( 'NONE',  ( -0.000000000000000000, 1.000000000000000000, -0.000000000000000000 ) ) ;
#4049 = ADVANCED_FACE ( 'NONE', ( #1054 ), #3227, .F. ) ;
#4050 = ADVANCED_FACE ( 'NONE', ( #3341 ), #2678, .F. ) ;
#4051 = DIRECTION ( 'NONE',  ( -0.000000000000000000, 1.000000000000000000, -0.000000000000000000 ) ) ;
#4052 = MECHANICAL_DESIGN_GEOMETRIC_PRESENTATION_REPRESENTATION (  '', ( #1330 ), #1778 ) ;
#4053 =( LENGTH_UNIT ( ) NAMED_UNIT ( * ) SI_UNIT ( .MILLI., .METRE. ) );
#4054 = ORIENTED_EDGE ( 'NONE', *, *, #2452, .T. ) ;
#4055 = VECTOR ( 'NONE', #1309, 1000.000000000000000 ) ;
#4056 = DIRECTION ( 'NONE',  ( 3.097720492815730617E-16, 0.000000000000000000, -1.000000000000000000 ) ) ;
#4057 = ORIENTED_EDGE ( 'NONE', *, *, #2594, .F. ) ;
#4058 =( LENGTH_UNIT ( ) NAMED_UNIT ( * ) SI_UNIT ( .MILLI., .METRE. ) );
#4059 = CARTESIAN_POINT ( 'NONE',  ( -0.7500000000000003331, 0.2500000000000000000, -0.7500000000000003331 ) ) ;
#4060 = LINE ( 'NONE', #1528, #989 ) ;
#4061 =( NAMED_UNIT ( * ) PLANE_ANGLE_UNIT ( ) SI_UNIT ( $, .RADIAN. ) );
#4062 = ORIENTED_EDGE ( 'NONE', *, *, #3151, .T. ) ;
#4063 = CARTESIAN_POINT ( 'NONE',  ( -0.6999999999999999556, 0.2500000000000000000, -0.5749999999999996225 ) ) ;
#4064 = CARTESIAN_POINT ( 'NONE',  ( -0.4999999999999996669, 0.1430000000000000160, 0.2500000000000000555 ) ) ;
#4065 = VECTOR ( 'NONE', #4391, 1000.000000000000000 ) ;
#4066 = LINE ( 'NONE', #1576, #676 ) ;
#4067 = ORIENTED_EDGE ( 'NONE', *, *, #460, .F. ) ;
#4068 = ADVANCED_FACE ( 'NONE', ( #828 ), #3673, .T. ) ;
#4069 =( GEOMETRIC_REPRESENTATION_CONTEXT ( 3 ) GLOBAL_UNCERTAINTY_ASSIGNED_CONTEXT ( ( #3856 ) ) GLOBAL_UNIT_ASSIGNED_CONTEXT ( ( #3945, #1847, #4294 ) ) REPRESENTATION_CONTEXT ( 'NONE', 'WORKASPACE' ) );
#4070 = LINE ( 'NONE', #2275, #2726 ) ;
#4071 = CARTESIAN_POINT ( 'NONE',  ( -0.6499999999999998002, 0.2500000000000000000, 0.09999999999999939493 ) ) ;
#4072 = EDGE_CURVE ( 'NONE', #1092, #3533, #1937, .T. ) ;
#4073 = EDGE_CURVE ( 'NONE', #2017, #2153, #3739, .T. ) ;
#4074 = COLOUR_RGB ( '',1.000000000000000000, 1.000000000000000000, 1.000000000000000000 ) ;
#4075 = PRESENTATION_STYLE_ASSIGNMENT (( #69 ) ) ;
#4076 =( LENGTH_UNIT ( ) NAMED_UNIT ( * ) SI_UNIT ( .MILLI., .METRE. ) );
#4077 = ORIENTED_EDGE ( 'NONE', *, *, #3346, .F. ) ;
#4078 = FILL_AREA_STYLE ('',( #3689 ) ) ;
#4079 = VECTOR ( 'NONE', #2963, 1000.000000000000000 ) ;
#4080 = EDGE_LOOP ( 'NONE', ( #3842, #2242, #2129, #4101, #3848, #1771, #306, #2798, #4496, #3900, #615, #2096, #1746, #1274, #3161, #3688 ) ) ;
#4081 = SURFACE_STYLE_FILL_AREA ( #1873 ) ;
#4082 =( NAMED_UNIT ( * ) SI_UNIT ( $, .STERADIAN. ) SOLID_ANGLE_UNIT ( ) );
#4083 = VECTOR ( 'NONE', #2769, 1000.000000000000000 ) ;
#4084 =( GEOMETRIC_REPRESENTATION_CONTEXT ( 3 ) GLOBAL_UNCERTAINTY_ASSIGNED_CONTEXT ( ( #260 ) ) GLOBAL_UNIT_ASSIGNED_CONTEXT ( ( #4409, #1564, #145 ) ) REPRESENTATION_CONTEXT ( 'NONE', 'WORKASPACE' ) );
#4085 = DIRECTION ( 'NONE',  ( 0.000000000000000000, 0.000000000000000000, -1.000000000000000000 ) ) ;
#4086 = CARTESIAN_POINT ( 'NONE',  ( 0.09999999999999939493, 0.2500000000000000000, -0.7500000000000003331 ) ) ;
#4087 = DIRECTION ( 'NONE',  ( 1.000000000000000000, 0.000000000000000000, -7.589415207398527883E-15 ) ) ;
#4088 = VECTOR ( 'NONE', #3452, 1000.000000000000000 ) ;
#4089 = DIRECTION ( 'NONE',  ( 1.000000000000000000, 0.000000000000000000, -0.000000000000000000 ) ) ;
#4090 = FILL_AREA_STYLE_COLOUR ( '', #1606 ) ;
#4091 = DIRECTION ( 'NONE',  ( 0.000000000000000000, 0.000000000000000000, 1.000000000000000000 ) ) ;
#4092 = CARTESIAN_POINT ( 'NONE',  ( -0.5999999999999997558, 0.2500000000000000000, 0.09999999999999902023 ) ) ;
#4093 = VECTOR ( 'NONE', #1582, 1000.000000000000000 ) ;
#4094 = ORIENTED_EDGE ( 'NONE', *, *, #1807, .T. ) ;
#4095 = CARTESIAN_POINT ( 'NONE',  ( 0.000000000000000000, 0.2700000000000000178, 0.000000000000000000 ) ) ;
#4096 = DIRECTION ( 'NONE',  ( -0.000000000000000000, 1.000000000000000000, -0.000000000000000000 ) ) ;
#4097 = DIRECTION ( 'NONE',  ( 1.000000000000000000, 0.000000000000000000, -5.421010862427526114E-16 ) ) ;
#4098 = LINE ( 'NONE', #1936, #2824 ) ;
#4099 = CARTESIAN_POINT ( 'NONE',  ( -0.5999999999999997558, 0.2700000000000000178, -0.09999999999999967248 ) ) ;
#4100 = ORIENTED_EDGE ( 'NONE', *, *, #2863, .T. ) ;
#4101 = ORIENTED_EDGE ( 'NONE', *, *, #2480, .T. ) ;
#4102 = EDGE_CURVE ( 'NONE', #2829, #3683, #2305, .T. ) ;
#4103 = CARTESIAN_POINT ( 'NONE',  ( 0.09999999999999942268, 0.1430000000000000160, -0.7499999999999994449 ) ) ;
#4104 = EDGE_LOOP ( 'NONE', ( #1361, #105, #998, #3570 ) ) ;
#4105 = CARTESIAN_POINT ( 'NONE',  ( -0.4999999999999996669, 0.2700000000000000178, 0.3500000000000000333 ) ) ;
#4106 =( GEOMETRIC_REPRESENTATION_CONTEXT ( 3 ) GLOBAL_UNCERTAINTY_ASSIGNED_CONTEXT ( ( #3850 ) ) GLOBAL_UNIT_ASSIGNED_CONTEXT ( ( #896, #2505, #181 ) ) REPRESENTATION_CONTEXT ( 'NONE', 'WORKASPACE' ) );
#4107 = DIRECTION ( 'NONE',  ( 1.000000000000000000, 0.000000000000000000, 0.000000000000000000 ) ) ;
#4108 = ADVANCED_FACE ( 'NONE', ( #785 ), #2233, .T. ) ;
#4109 = PRESENTATION_LAYER_ASSIGNMENT (  '', '', ( #4556 ) ) ;
#4110 = LINE ( 'NONE', #1877, #963 ) ;
#4111 = STYLED_ITEM ( 'NONE', ( #376 ), #3742 ) ;
#4112 = DIRECTION ( 'NONE',  ( -0.000000000000000000, -1.000000000000000000, -0.000000000000000000 ) ) ;
#4113 = EDGE_LOOP ( 'NONE', ( #4432, #2486, #3219, #2656 ) ) ;
#4114 = SURFACE_STYLE_USAGE ( .BOTH. , #842 ) ;
#4115 = FACE_OUTER_BOUND ( 'NONE', #2403, .T. ) ;
#4116 = LINE ( 'NONE', #1577, #2625 ) ;
#4117 = DIRECTION ( 'NONE',  ( 0.000000000000000000, 0.000000000000000000, -1.000000000000000000 ) ) ;
#4118 = LINE ( 'NONE', #2304, #3569 ) ;
#4119 = CARTESIAN_POINT ( 'NONE',  ( 0.000000000000000000, 0.1430000000000000160, 0.000000000000000000 ) ) ;
#4120 = VERTEX_POINT ( 'NONE', #3763 ) ;
#4121 = LINE ( 'NONE', #2323, #2385 ) ;
#4122 = ADVANCED_FACE ( 'NONE', ( #1866 ), #71, .F. ) ;
#4123 =( GEOMETRIC_REPRESENTATION_CONTEXT ( 3 ) GLOBAL_UNCERTAINTY_ASSIGNED_CONTEXT ( ( #24 ) ) GLOBAL_UNIT_ASSIGNED_CONTEXT ( ( #4500, #594, #574 ) ) REPRESENTATION_CONTEXT ( 'NONE', 'WORKASPACE' ) );
#4124 = CARTESIAN_POINT ( 'NONE',  ( 0.2999999999999992673, 0.2700000000000000178, -0.5749999999999997335 ) ) ;
#4125 = SURFACE_SIDE_STYLE ('',( #3086 ) ) ;
#4126 = LINE ( 'NONE', #470, #810 ) ;
#4127 = ADVANCED_FACE ( 'NONE', ( #3152 ), #1625, .T. ) ;
#4128 = CARTESIAN_POINT ( 'NONE',  ( 0.09999999999999942268, 0.1430000000000000160, -0.7499999999999994449 ) ) ;
#4129 = EDGE_CURVE ( 'NONE', #1878, #2741, #3130, .T. ) ;
#4130 = SURFACE_STYLE_USAGE ( .BOTH. , #914 ) ;
#4131 = SURFACE_STYLE_USAGE ( .BOTH. , #4224 ) ;
#4132 = SURFACE_STYLE_FILL_AREA ( #2618 ) ;
#4133 = PRESENTATION_LAYER_ASSIGNMENT (  '', '', ( #960 ) ) ;
#4134 = UNCERTAINTY_MEASURE_WITH_UNIT (LENGTH_MEASURE( 1.000000000000000082E-05 ), #4004, 'distance_accuracy_value', 'NONE');
#4135 = SURFACE_SIDE_STYLE ('',( #1342 ) ) ;
#4136 = PLANE ( 'NONE',  #301 ) ;
#4137 = VECTOR ( 'NONE', #4048, 1000.000000000000000 ) ;
#4138 = MECHANICAL_DESIGN_GEOMETRIC_PRESENTATION_REPRESENTATION (  '', ( #1500 ), #4069 ) ;
#4139 = CARTESIAN_POINT ( 'NONE',  ( 0.2999999999999993228, 0.2700000000000000178, -0.7499999999999995559 ) ) ;
#4140 = VERTEX_POINT ( 'NONE', #1984 ) ;
#4141 = VECTOR ( 'NONE', #4457, 1000.000000000000000 ) ;
#4142 =( LENGTH_UNIT ( ) NAMED_UNIT ( * ) SI_UNIT ( .MILLI., .METRE. ) );
#4143 = SURFACE_SIDE_STYLE ('',( #123 ) ) ;
#4144 = PRESENTATION_LAYER_ASSIGNMENT (  '', '', ( #1800 ) ) ;
#4145 = CARTESIAN_POINT ( 'NONE',  ( 0.2999999999999993228, 0.1430000000000000160, -0.7499999999999995559 ) ) ;
#4146 = PRODUCT_RELATED_PRODUCT_CATEGORY ( 'part', '', ( #2969 ) ) ;
#4147 = LINE ( 'NONE', #909, #3164 ) ;
#4148 = ORIENTED_EDGE ( 'NONE', *, *, #3065, .F. ) ;
#4149 = DIRECTION ( 'NONE',  ( 0.000000000000000000, -0.000000000000000000, 1.000000000000000000 ) ) ;
#4150 = VECTOR ( 'NONE', #2742, 1000.000000000000000 ) ;
#4151 = CARTESIAN_POINT ( 'NONE',  ( 0.6500000000000000222, 0.1430000000000000160, -0.1000000000000002137 ) ) ;
#4152 = ADVANCED_FACE ( 'NONE', ( #1722 ), #2392, .F. ) ;
#4153 = COLOUR_RGB ( '',1.000000000000000000, 1.000000000000000000, 1.000000000000000000 ) ;
#4154 = LINE ( 'NONE', #1662, #880 ) ;
#4155 = ORIENTED_EDGE ( 'NONE', *, *, #3816, .T. ) ;
#4156 = VECTOR ( 'NONE', #2542, 1000.000000000000000 ) ;
#4157 = AXIS2_PLACEMENT_3D ( 'NONE', #355, #2456, #1785 ) ;
#4158 = DIRECTION ( 'NONE',  ( 1.000000000000000000, 0.000000000000000000, -8.559490835411880276E-16 ) ) ;
#4159 = FACE_OUTER_BOUND ( 'NONE', #4268, .T. ) ;
#4160 =( GEOMETRIC_REPRESENTATION_CONTEXT ( 3 ) GLOBAL_UNCERTAINTY_ASSIGNED_CONTEXT ( ( #4134 ) ) GLOBAL_UNIT_ASSIGNED_CONTEXT ( ( #4004, #2108, #1916 ) ) REPRESENTATION_CONTEXT ( 'NONE', 'WORKASPACE' ) );
#4161 = EDGE_CURVE ( 'NONE', #2795, #885, #2054, .T. ) ;
#4162 = VERTEX_POINT ( 'NONE', #2005 ) ;
#4163 = CARTESIAN_POINT ( 'NONE',  ( -0.2999999999999994338, 0.1430000000000000160, 0.7499999999999994449 ) ) ;
#4164 = ORIENTED_EDGE ( 'NONE', *, *, #1629, .F. ) ;
#4165 =( NAMED_UNIT ( * ) SI_UNIT ( $, .STERADIAN. ) SOLID_ANGLE_UNIT ( ) );
#4166 = ORIENTED_EDGE ( 'NONE', *, *, #3208, .F. ) ;
#4167 = CLOSED_SHELL ( 'NONE', ( #1688, #2481, #3633, #4678, #3778, #431 ) ) ;
#4168 = CARTESIAN_POINT ( 'NONE',  ( 0.2999999999999992673, 0.2700000000000000178, -0.5749999999999997335 ) ) ;
#4169 = SURFACE_SIDE_STYLE ('',( #1383 ) ) ;
#4170 = STYLED_ITEM ( 'NONE', ( #4075 ), #3288 ) ;
#4171 = DIRECTION ( 'NONE',  ( -0.000000000000000000, 1.000000000000000000, -0.000000000000000000 ) ) ;
#4172 = AXIS2_PLACEMENT_3D ( 'NONE', #2251, #3685, #162 ) ;
#4173 = ORIENTED_EDGE ( 'NONE', *, *, #3460, .F. ) ;
#4174 = ORIENTED_EDGE ( 'NONE', *, *, #2970, .T. ) ;
#4175 = VECTOR ( 'NONE', #1107, 1000.000000000000000 ) ;
#4176 = PRESENTATION_STYLE_ASSIGNMENT (( #1289 ) ) ;
#4177 =( NAMED_UNIT ( * ) PLANE_ANGLE_UNIT ( ) SI_UNIT ( $, .RADIAN. ) );
#4178 = LINE ( 'NONE', #198, #3886 ) ;
#4179 = CARTESIAN_POINT ( 'NONE',  ( -0.6499999999999998002, 0.1430000000000000160, 0.09999999999999939493 ) ) ;
#4180 = COLOUR_RGB ( '',0.2980392156862745057, 0.2980392156862745057, 0.2980392156862745057 ) ;
#4181 = VERTEX_POINT ( 'NONE', #3176 ) ;
#4182 = VERTEX_POINT ( 'NONE', #1696 ) ;
#4183 = COLOUR_RGB ( '',1.000000000000000000, 1.000000000000000000, 1.000000000000000000 ) ;
#4184 = EDGE_CURVE ( 'NONE', #2142, #2393, #3860, .T. ) ;
#4185 = CARTESIAN_POINT ( 'NONE',  ( -0.2999999999999994893, 0.1430000000000000160, 0.5749999999999996225 ) ) ;
#4186 =( NAMED_UNIT ( * ) PLANE_ANGLE_UNIT ( ) SI_UNIT ( $, .RADIAN. ) );
#4187 = UNCERTAINTY_MEASURE_WITH_UNIT (LENGTH_MEASURE( 1.000000000000000082E-05 ), #423, 'distance_accuracy_value', 'NONE');
#4188 = EDGE_CURVE ( 'NONE', #3472, #1640, #899, .T. ) ;
#4189 = EDGE_CURVE ( 'NONE', #3943, #241, #3792, .T. ) ;
#4190 = DIRECTION ( 'NONE',  ( -1.000000000000000000, 0.000000000000000000, 0.000000000000000000 ) ) ;
#4191 = ORIENTED_EDGE ( 'NONE', *, *, #2008, .F. ) ;
#4192 = LINE ( 'NONE', #3833, #3844 ) ;
#4193 =( LENGTH_UNIT ( ) NAMED_UNIT ( * ) SI_UNIT ( .MILLI., .METRE. ) );
#4194 = FILL_AREA_STYLE ('',( #620 ) ) ;
#4195 = PLANE ( 'NONE',  #209 ) ;
#4196 = VERTEX_POINT ( 'NONE', #3525 ) ;
#4197 = ORIENTED_EDGE ( 'NONE', *, *, #2683, .T. ) ;
#4198 = MECHANICAL_DESIGN_GEOMETRIC_PRESENTATION_REPRESENTATION (  '', ( #2920 ), #1929 ) ;
#4199 = FACE_OUTER_BOUND ( 'NONE', #3893, .T. ) ;
#4200 = DIRECTION ( 'NONE',  ( -0.000000000000000000, 1.000000000000000000, -0.000000000000000000 ) ) ;
#4201 = DIRECTION ( 'NONE',  ( -6.195440985631453345E-16, 0.000000000000000000, -1.000000000000000000 ) ) ;
#4202 = DIRECTION ( 'NONE',  ( -0.000000000000000000, -1.000000000000000000, -0.000000000000000000 ) ) ;
#4203 = ORIENTED_EDGE ( 'NONE', *, *, #3722, .F. ) ;
#4204 = ORIENTED_EDGE ( 'NONE', *, *, #2135, .F. ) ;
#4205 = DIRECTION ( 'NONE',  ( 0.000000000000000000, 0.000000000000000000, -1.000000000000000000 ) ) ;
#4206 = LINE ( 'NONE', #893, #3051 ) ;
#4207 = FILL_AREA_STYLE ('',( #3174 ) ) ;
#4208 = EDGE_CURVE ( 'NONE', #4392, #74, #2751, .T. ) ;
#4209 = STYLED_ITEM ( 'NONE', ( #2223 ), #2199 ) ;
#4210 = ORIENTED_EDGE ( 'NONE', *, *, #2658, .T. ) ;
#4211 = EDGE_LOOP ( 'NONE', ( #2463, #212, #2640, #1938 ) ) ;
#4212 = CARTESIAN_POINT ( 'NONE',  ( 0.2999999999999992673, 0.2500000000000000000, -0.5749999999999997335 ) ) ;
#4213 = CARTESIAN_POINT ( 'NONE',  ( -0.5000000000000000000, 0.2700000000000000178, -0.7499999999999996669 ) ) ;
#4214 = EDGE_CURVE ( 'NONE', #1304, #510, #1672, .T. ) ;
#4215 = EDGE_CURVE ( 'NONE', #3377, #2450, #557, .T. ) ;
#4216 = CARTESIAN_POINT ( 'NONE',  ( -0.7500000000000003331, -0.2500000000000000000, -0.7500000000000003331 ) ) ;
#4217 = VECTOR ( 'NONE', #4112, 1000.000000000000000 ) ;
#4218 = CARTESIAN_POINT ( 'NONE',  ( -0.6999999999999999556, 0.1430000000000000160, 0.5749999999999996225 ) ) ;
#4219 = CARTESIAN_POINT ( 'NONE',  ( -0.5000000000000001110, 0.1430000000000000160, 0.5749999999999996225 ) ) ;
#4220 = ORIENTED_EDGE ( 'NONE', *, *, #688, .T. ) ;
#4221 = ORIENTED_EDGE ( 'NONE', *, *, #3779, .T. ) ;
#4222 = DIRECTION ( 'NONE',  ( 0.000000000000000000, 0.000000000000000000, -1.000000000000000000 ) ) ;
#4223 = PLANE ( 'NONE',  #1986 ) ;
#4224 = SURFACE_SIDE_STYLE ('',( #3141 ) ) ;
#4225 = LINE ( 'NONE', #3443, #2499 ) ;
#4226 = ORIENTED_EDGE ( 'NONE', *, *, #2107, .T. ) ;
#4227 = VECTOR ( 'NONE', #2252, 1000.000000000000000 ) ;
#4228 = ORIENTED_EDGE ( 'NONE', *, *, #1954, .T. ) ;
#4229 = COLOUR_RGB ( '',1.000000000000000000, 1.000000000000000000, 1.000000000000000000 ) ;
#4230 = DIRECTION ( 'NONE',  ( 1.000000000000000000, 0.000000000000000000, 0.000000000000000000 ) ) ;
#4231 = VECTOR ( 'NONE', #4326, 1000.000000000000000 ) ;
#4232 = AXIS2_PLACEMENT_3D ( 'NONE', #835, #122, #465 ) ;
#4233 = UNCERTAINTY_MEASURE_WITH_UNIT (LENGTH_MEASURE( 1.000000000000000082E-05 ), #4058, 'distance_accuracy_value', 'NONE');
#4234 = VECTOR ( 'NONE', #2067, 1000.000000000000000 ) ;
#4235 = ORIENTED_EDGE ( 'NONE', *, *, #3383, .F. ) ;
#4236 = VECTOR ( 'NONE', #3911, 1000.000000000000000 ) ;
#4237 = ORIENTED_EDGE ( 'NONE', *, *, #1787, .F. ) ;
#4238 = LINE ( 'NONE', #2443, #543 ) ;
#4239 = ORIENTED_EDGE ( 'NONE', *, *, #524, .T. ) ;
#4240 = FACE_OUTER_BOUND ( 'NONE', #4452, .T. ) ;
#4241 = FACE_OUTER_BOUND ( 'NONE', #1431, .T. ) ;
#4242 = CARTESIAN_POINT ( 'NONE',  ( 0.5999999999999999778, 0.2700000000000000178, -0.09999999999999981126 ) ) ;
#4243 = EDGE_CURVE ( 'NONE', #407, #2272, #4238, .T. ) ;
#4244 = EDGE_LOOP ( 'NONE', ( #3163, #1070, #1766, #4407 ) ) ;
#4245 = CLOSED_SHELL ( 'NONE', ( #3715, #4592, #3288, #1241, #2311, #3030, #4647, #139, #832, #1864, #4353, #3991, #768, #1782, #2544, #3691, #3522, #3213 ) ) ;
#4246 = ORIENTED_EDGE ( 'NONE', *, *, #4338, .F. ) ;
#4247 = CARTESIAN_POINT ( 'NONE',  ( -0.7500000000000003331, 0.2500000000000000000, -0.7500000000000003331 ) ) ;
#4248 = PLANE ( 'NONE',  #3652 ) ;
#4249 = EDGE_CURVE ( 'NONE', #996, #3617, #638, .T. ) ;
#4250 = EDGE_CURVE ( 'NONE', #709, #4580, #4655, .T. ) ;
#4251 = CARTESIAN_POINT ( 'NONE',  ( -0.6999999999999999556, 0.2700000000000000178, -0.7499999999999996669 ) ) ;
#4252 = DIRECTION ( 'NONE',  ( -0.000000000000000000, 1.000000000000000000, -0.000000000000000000 ) ) ;
#4253 = ORIENTED_EDGE ( 'NONE', *, *, #4641, .T. ) ;
#4254 =( GEOMETRIC_REPRESENTATION_CONTEXT ( 3 ) GLOBAL_UNCERTAINTY_ASSIGNED_CONTEXT ( ( #636 ) ) GLOBAL_UNIT_ASSIGNED_CONTEXT ( ( #2609, #2590, #809 ) ) REPRESENTATION_CONTEXT ( 'NONE', 'WORKASPACE' ) );
#4255 = LINE ( 'NONE', #4139, #779 ) ;
#4256 = LINE ( 'NONE', #2169, #3326 ) ;
#4257 = CARTESIAN_POINT ( 'NONE',  ( -0.1000000000000000749, 0.2700000000000000178, 0.7499999999999994449 ) ) ;
#4258 = VECTOR ( 'NONE', #4349, 1000.000000000000000 ) ;
#4259 = VERTEX_POINT ( 'NONE', #2489 ) ;
#4260 = MECHANICAL_DESIGN_GEOMETRIC_PRESENTATION_REPRESENTATION (  '', ( #3280 ), #2676 ) ;
#4261 = EDGE_LOOP ( 'NONE', ( #2992, #1131, #72, #4062 ) ) ;
#4262 =( LENGTH_UNIT ( ) NAMED_UNIT ( * ) SI_UNIT ( .MILLI., .METRE. ) );
#4263 = SURFACE_STYLE_USAGE ( .BOTH. , #641 ) ;
#4264 = ORIENTED_EDGE ( 'NONE', *, *, #2518, .T. ) ;
#4265 =( NAMED_UNIT ( * ) SI_UNIT ( $, .STERADIAN. ) SOLID_ANGLE_UNIT ( ) );
#4266 = PRESENTATION_STYLE_ASSIGNMENT (( #2085 ) ) ;
#4267 = ORIENTED_EDGE ( 'NONE', *, *, #2629, .F. ) ;
#4268 = EDGE_LOOP ( 'NONE', ( #2460, #107, #3463, #3591 ) ) ;
#4269 = ADVANCED_FACE ( 'NONE', ( #1459 ), #3980, .F. ) ;
#4270 = EDGE_CURVE ( 'NONE', #4328, #3885, #729, .T. ) ;
#4271 = LINE ( 'NONE', #602, #1942 ) ;
#4272 = CARTESIAN_POINT ( 'NONE',  ( 0.4999999999999994449, 0.1430000000000000160, -0.5749999999999997335 ) ) ;
#4273 = CARTESIAN_POINT ( 'NONE',  ( -0.1000000000000000472, 0.1430000000000000160, 0.5749999999999996225 ) ) ;
#4274 = LINE ( 'NONE', #4670, #3559 ) ;
#4275 = VECTOR ( 'NONE', #1844, 1000.000000000000000 ) ;
#4276 = ORIENTED_EDGE ( 'NONE', *, *, #1871, .F. ) ;
#4277 = PRESENTATION_STYLE_ASSIGNMENT (( #3413 ) ) ;
#4278 = VECTOR ( 'NONE', #2569, 1000.000000000000000 ) ;
#4279 = PRESENTATION_STYLE_ASSIGNMENT (( #1038 ) ) ;
#4280 = CARTESIAN_POINT ( 'NONE',  ( -0.6999999999999999556, 0.2700000000000000178, -0.5749999999999996225 ) ) ;
#4281 = ORIENTED_EDGE ( 'NONE', *, *, #2256, .T. ) ;
#4282 = ORIENTED_EDGE ( 'NONE', *, *, #1426, .F. ) ;
#4283 = VERTEX_POINT ( 'NONE', #1096 ) ;
#4284 = LINE ( 'NONE', #3961, #608 ) ;
#4285 = CARTESIAN_POINT ( 'NONE',  ( 0.5999999999999999778, 0.2700000000000000178, 0.09999999999999915901 ) ) ;
#4286 =( NAMED_UNIT ( * ) SI_UNIT ( $, .STERADIAN. ) SOLID_ANGLE_UNIT ( ) );
#4287 =( GEOMETRIC_REPRESENTATION_CONTEXT ( 3 ) GLOBAL_UNCERTAINTY_ASSIGNED_CONTEXT ( ( #3810 ) ) GLOBAL_UNIT_ASSIGNED_CONTEXT ( ( #474, #1912, #2711 ) ) REPRESENTATION_CONTEXT ( 'NONE', 'WORKASPACE' ) );
#4288 = LINE ( 'NONE', #393, #619 ) ;
#4289 = DIRECTION ( 'NONE',  ( 1.548860246407865308E-16, 0.000000000000000000, -1.000000000000000000 ) ) ;
#4290 = AXIS2_PLACEMENT_3D ( 'NONE', #1549, #514, #3746 ) ;
#4291 = ORIENTED_EDGE ( 'NONE', *, *, #3668, .F. ) ;
#4292 = ORIENTED_EDGE ( 'NONE', *, *, #1719, .T. ) ;
#4293 = VECTOR ( 'NONE', #224, 1000.000000000000000 ) ;
#4294 =( NAMED_UNIT ( * ) SI_UNIT ( $, .STERADIAN. ) SOLID_ANGLE_UNIT ( ) );
#4295 = SURFACE_SIDE_STYLE ('',( #2186 ) ) ;
#4296 = CARTESIAN_POINT ( 'NONE',  ( 0.09999999999999985290, 0.1430000000000000160, 0.7499999999999994449 ) ) ;
#4297 = EDGE_LOOP ( 'NONE', ( #3266, #4020, #898, #3634 ) ) ;
#4298 = AXIS2_PLACEMENT_3D ( 'NONE', #2289, #1527, #3724 ) ;
#4299 = CARTESIAN_POINT ( 'NONE',  ( -0.4999999999999996669, 0.1430000000000000160, -0.2500000000000000555 ) ) ;
#4300 = DIRECTION ( 'NONE',  ( -1.000000000000000000, 0.000000000000000000, -3.097720492815731110E-16 ) ) ;
#4301 = ADVANCED_FACE ( 'NONE', ( #2174 ), #4636, .F. ) ;
#4302 = CARTESIAN_POINT ( 'NONE',  ( 0.6500000000000000222, 0.1430000000000000160, 0.09999999999999956146 ) ) ;
#4303 = ORIENTED_EDGE ( 'NONE', *, *, #3415, .F. ) ;
#4304 = PRESENTATION_LAYER_ASSIGNMENT (  '', '', ( #2495 ) ) ;
#4305 = ORIENTED_EDGE ( 'NONE', *, *, #1181, .F. ) ;
#4306 = EDGE_LOOP ( 'NONE', ( #3988, #657, #1372, #4155 ) ) ;
#4307 = FILL_AREA_STYLE_COLOUR ( '', #2425 ) ;
#4308 = ORIENTED_EDGE ( 'NONE', *, *, #4208, .T. ) ;
#4309 = EDGE_CURVE ( 'NONE', #1388, #3820, #3551, .T. ) ;
#4310 =( GEOMETRIC_REPRESENTATION_CONTEXT ( 3 ) GLOBAL_UNCERTAINTY_ASSIGNED_CONTEXT ( ( #3426 ) ) GLOBAL_UNIT_ASSIGNED_CONTEXT ( ( #4076, #4451, #2258 ) ) REPRESENTATION_CONTEXT ( 'NONE', 'WORKASPACE' ) );
#4311 = DIRECTION ( 'NONE',  ( 0.000000000000000000, -0.000000000000000000, 1.000000000000000000 ) ) ;
#4312 = VECTOR ( 'NONE', #473, 1000.000000000000000 ) ;
#4313 = PLANE ( 'NONE',  #4027 ) ;
#4314 = PLANE ( 'NONE',  #1588 ) ;
#4315 = VECTOR ( 'NONE', #1227, 1000.000000000000000 ) ;
#4316 = PLANE ( 'NONE',  #1781 ) ;
#4317 = ORIENTED_EDGE ( 'NONE', *, *, #2014, .F. ) ;
#4318 = CARTESIAN_POINT ( 'NONE',  ( -0.2999999999999994893, 0.2700000000000000178, 0.5749999999999996225 ) ) ;
#4319 = CARTESIAN_POINT ( 'NONE',  ( 0.4999999999999994449, 0.1430000000000000160, -0.5749999999999997335 ) ) ;
#4320 = SURFACE_SIDE_STYLE ('',( #3587 ) ) ;
#4321 = FILL_AREA_STYLE ('',( #2166 ) ) ;
#4322 = ORIENTED_EDGE ( 'NONE', *, *, #2141, .T. ) ;
#4323 = CARTESIAN_POINT ( 'NONE',  ( 0.4500000000000000111, 0.1430000000000000160, 0.3499999999999992006 ) ) ;
#4324 = LINE ( 'NONE', #3589, #1280 ) ;
#4325 = CARTESIAN_POINT ( 'NONE',  ( -0.5999999999999997558, 0.2700000000000000178, 0.2500000000000000555 ) ) ;
#4326 = DIRECTION ( 'NONE',  ( 1.000000000000000000, -0.000000000000000000, -0.000000000000000000 ) ) ;
#4327 = VECTOR ( 'NONE', #3133, 1000.000000000000000 ) ;
#4328 = VERTEX_POINT ( 'NONE', #1816 ) ;
#4329 = AXIS2_PLACEMENT_3D ( 'NONE', #873, #4470, #2962 ) ;
#4330 = EDGE_CURVE ( 'NONE', #2262, #3512, #2130, .T. ) ;
#4331 = COLOUR_RGB ( '',1.000000000000000000, 1.000000000000000000, 1.000000000000000000 ) ;
#4332 = ORIENTED_EDGE ( 'NONE', *, *, #3667, .F. ) ;
#4333 = FILL_AREA_STYLE ('',( #4307 ) ) ;
#4334 = SURFACE_STYLE_USAGE ( .BOTH. , #1817 ) ;
#4335 = CARTESIAN_POINT ( 'NONE',  ( 0.6999999999999992895, 0.2700000000000000178, -0.7499999999999998890 ) ) ;
#4336 = VECTOR ( 'NONE', #3002, 1000.000000000000000 ) ;
#4337 = COLOUR_RGB ( '',1.000000000000000000, 1.000000000000000000, 1.000000000000000000 ) ;
#4338 = EDGE_CURVE ( 'NONE', #36, #4385, #342, .T. ) ;
#4339 = EDGE_CURVE ( 'NONE', #2051, #1062, #2870, .T. ) ;
#4340 = VECTOR ( 'NONE', #2763, 1000.000000000000000 ) ;
#4341 = FILL_AREA_STYLE_COLOUR ( '', #4402 ) ;
#4342 = ORIENTED_EDGE ( 'NONE', *, *, #26, .F. ) ;
#4343 = LINE ( 'NONE', #1121, #2060 ) ;
#4344 =( NAMED_UNIT ( * ) SI_UNIT ( $, .STERADIAN. ) SOLID_ANGLE_UNIT ( ) );
#4345 = FACE_OUTER_BOUND ( 'NONE', #1685, .T. ) ;
#4346 = DIRECTION ( 'NONE',  ( -3.097720492815731110E-16, 0.000000000000000000, -1.000000000000000000 ) ) ;
#4347 = ORIENTED_EDGE ( 'NONE', *, *, #411, .F. ) ;
#4348 = CARTESIAN_POINT ( 'NONE',  ( -0.4999999999999996669, 0.2700000000000000178, 0.2500000000000000555 ) ) ;
#4349 = DIRECTION ( 'NONE',  ( -6.195440985631453345E-16, 0.000000000000000000, 1.000000000000000000 ) ) ;
#4350 = FILL_AREA_STYLE_COLOUR ( '', #3027 ) ;
#4351 = EDGE_LOOP ( 'NONE', ( #420, #4465, #671, #128, #2344, #2826, #519, #1226, #4221, #234, #3366, #98, #659, #1745, #196, #168 ) ) ;
#4352 =( NAMED_UNIT ( * ) PLANE_ANGLE_UNIT ( ) SI_UNIT ( $, .RADIAN. ) );
#4353 = ADVANCED_FACE ( 'NONE', ( #2513 ), #2821, .F. ) ;
#4354 = CARTESIAN_POINT ( 'NONE',  ( -0.2999999999999999334, 0.2700000000000000178, -0.5749999999999996225 ) ) ;
#4355 = CARTESIAN_POINT ( 'NONE',  ( -0.2999999999999999334, 0.1430000000000000160, -0.5749999999999996225 ) ) ;
#4356 = ADVANCED_FACE ( 'NONE', ( #3362 ), #3386, .F. ) ;
#4357 = EDGE_CURVE ( 'NONE', #3507, #3959, #1952, .T. ) ;
#4358 = LINE ( 'NONE', #4010, #4275 ) ;
#4359 = ORIENTED_EDGE ( 'NONE', *, *, #258, .F. ) ;
#4360 = LINE ( 'NONE', #764, #661 ) ;
#4361 = MECHANICAL_DESIGN_GEOMETRIC_PRESENTATION_REPRESENTATION (  '', ( #2399 ), #4287 ) ;
#4362 = DIRECTION ( 'NONE',  ( 3.097720492815730617E-16, 0.000000000000000000, 1.000000000000000000 ) ) ;
#4363 = DIRECTION ( 'NONE',  ( 0.000000000000000000, 0.000000000000000000, -1.000000000000000000 ) ) ;
#4364 = AXIS2_PLACEMENT_3D ( 'NONE', #1863, #3054, #1891 ) ;
#4365 = CARTESIAN_POINT ( 'NONE',  ( 0.6999999999999992895, 0.2700000000000000178, -0.5749999999999998446 ) ) ;
#4366 = MECHANICAL_DESIGN_GEOMETRIC_PRESENTATION_REPRESENTATION (  '', ( #1713 ), #3311 ) ;
#4367 = ORIENTED_EDGE ( 'NONE', *, *, #4420, .T. ) ;
#4368 = DIRECTION ( 'NONE',  ( -1.000000000000000000, 0.000000000000000000, -0.000000000000000000 ) ) ;
#4369 = VECTOR ( 'NONE', #716, 1000.000000000000000 ) ;
#4370 = PRESENTATION_STYLE_ASSIGNMENT (( #4504 ) ) ;
#4371 = SURFACE_STYLE_FILL_AREA ( #3402 ) ;
#4372 = CARTESIAN_POINT ( 'NONE',  ( 0.7499999999999996669, 0.2500000000000000000, -0.7500000000000003331 ) ) ;
#4373 = ORIENTED_EDGE ( 'NONE', *, *, #2917, .F. ) ;
#4374 = UNCERTAINTY_MEASURE_WITH_UNIT (LENGTH_MEASURE( 1.000000000000000082E-05 ), #151, 'distance_accuracy_value', 'NONE');
#4375 = VECTOR ( 'NONE', #994, 1000.000000000000000 ) ;
#4376 = COLOUR_RGB ( '',1.000000000000000000, 1.000000000000000000, 1.000000000000000000 ) ;
#4377 = CARTESIAN_POINT ( 'NONE',  ( -0.6999999999999999556, 0.1430000000000000160, -0.5749999999999996225 ) ) ;
#4378 = DIRECTION ( 'NONE',  ( -0.000000000000000000, -1.000000000000000000, -0.000000000000000000 ) ) ;
#4379 = ORIENTED_EDGE ( 'NONE', *, *, #2977, .F. ) ;
#4380 =( GEOMETRIC_REPRESENTATION_CONTEXT ( 3 ) GLOBAL_UNCERTAINTY_ASSIGNED_CONTEXT ( ( #2383 ) ) GLOBAL_UNIT_ASSIGNED_CONTEXT ( ( #2103, #1714, #1066 ) ) REPRESENTATION_CONTEXT ( 'NONE', 'WORKASPACE' ) );
#4381 =( NAMED_UNIT ( * ) PLANE_ANGLE_UNIT ( ) SI_UNIT ( $, .RADIAN. ) );
#4382 = VERTEX_POINT ( 'NONE', #2650 ) ;
#4383 = CARTESIAN_POINT ( 'NONE',  ( 0.4500000000000000111, 0.1430000000000000160, 0.3499999999999992006 ) ) ;
#4384 = AXIS2_PLACEMENT_3D ( 'NONE', #274, #4567, #1701 ) ;
#4385 = VERTEX_POINT ( 'NONE', #1890 ) ;
#4386 = CIRCLE ( 'NONE', #316, 0.09999999999999999167 ) ;
#4387 = LINE ( 'NONE', #3601, #4666 ) ;
#4388 = ADVANCED_FACE ( 'NONE', ( #2250 ), #2673, .T. ) ;
#4389 = VECTOR ( 'NONE', #409, 1000.000000000000000 ) ;
#4390 =( NAMED_UNIT ( * ) PLANE_ANGLE_UNIT ( ) SI_UNIT ( $, .RADIAN. ) );
#4391 = DIRECTION ( 'NONE',  ( -1.000000000000000000, 0.000000000000000000, 1.084202172485505174E-16 ) ) ;
#4392 = VERTEX_POINT ( 'NONE', #3710 ) ;
#4393 = EDGE_CURVE ( 'NONE', #2622, #144, #114, .T. ) ;
#4394 = EDGE_CURVE ( 'NONE', #2017, #3343, #4070, .T. ) ;
#4395 = SURFACE_STYLE_USAGE ( .BOTH. , #723 ) ;
#4396 = CARTESIAN_POINT ( 'NONE',  ( 0.5999999999999999778, 0.2700000000000000178, -0.2500000000000002220 ) ) ;
#4397 = PLANE ( 'NONE',  #2274 ) ;
#4398 =( LENGTH_UNIT ( ) NAMED_UNIT ( * ) SI_UNIT ( .MILLI., .METRE. ) );
#4399 = ORIENTED_EDGE ( 'NONE', *, *, #381, .T. ) ;
#4400 = VERTEX_POINT ( 'NONE', #4447 ) ;
#4401 = CARTESIAN_POINT ( 'NONE',  ( 0.2999999999999993228, 0.1430000000000000160, -0.7499999999999995559 ) ) ;
#4402 = COLOUR_RGB ( '',1.000000000000000000, 1.000000000000000000, 1.000000000000000000 ) ;
#4403 = LINE ( 'NONE', #504, #2360 ) ;
#4404 = CARTESIAN_POINT ( 'NONE',  ( 0.4999999999999994449, 0.1430000000000000160, -0.5749999999999997335 ) ) ;
#4405 = VECTOR ( 'NONE', #3250, 1000.000000000000000 ) ;
#4406 = VECTOR ( 'NONE', #1895, 1000.000000000000000 ) ;
#4407 = ORIENTED_EDGE ( 'NONE', *, *, #4583, .T. ) ;
#4408 = FACE_OUTER_BOUND ( 'NONE', #1720, .T. ) ;
#4409 =( LENGTH_UNIT ( ) NAMED_UNIT ( * ) SI_UNIT ( .MILLI., .METRE. ) );
#4410 = ORIENTED_EDGE ( 'NONE', *, *, #1932, .F. ) ;
#4411 = CARTESIAN_POINT ( 'NONE',  ( -0.7500000000000003331, 0.2500000000000000000, -0.7500000000000003331 ) ) ;
#4412 = ORIENTED_EDGE ( 'NONE', *, *, #804, .T. ) ;
#4413 = PRESENTATION_LAYER_ASSIGNMENT (  '', '', ( #3578 ) ) ;
#4414 = AXIS2_PLACEMENT_3D ( 'NONE', #3695, #879, #4482 ) ;
#4415 = PRESENTATION_STYLE_ASSIGNMENT (( #148 ) ) ;
#4416 = FILL_AREA_STYLE ('',( #4436 ) ) ;
#4417 = PRESENTATION_STYLE_ASSIGNMENT (( #791 ) ) ;
#4418 = CARTESIAN_POINT ( 'NONE',  ( 0.5999999999999999778, 0.1430000000000000160, -0.2500000000000002220 ) ) ;
#4419 = CYLINDRICAL_SURFACE ( 'NONE', #1341, 0.09999999999999999167 ) ;
#4420 = EDGE_CURVE ( 'NONE', #4640, #806, #1203, .T. ) ;
#4421 = CARTESIAN_POINT ( 'NONE',  ( 0.2999999999999992673, 0.1430000000000000160, -0.5749999999999997335 ) ) ;
#4422 = CARTESIAN_POINT ( 'NONE',  ( 0.000000000000000000, 0.2700000000000000178, 0.000000000000000000 ) ) ;
#4423 = CARTESIAN_POINT ( 'NONE',  ( 0.4999999999999993339, 0.1430000000000000160, -0.7499999999999997780 ) ) ;
#4424 = FILL_AREA_STYLE ('',( #3005 ) ) ;
#4425 = EDGE_CURVE ( 'NONE', #586, #2051, #528, .T. ) ;
#4426 = ORIENTED_EDGE ( 'NONE', *, *, #1324, .F. ) ;
#4427 = ORIENTED_EDGE ( 'NONE', *, *, #3125, .T. ) ;
#4428 = LINE ( 'NONE', #2603, #4137 ) ;
#4429 = SURFACE_STYLE_FILL_AREA ( #1541 ) ;
#4430 = AXIS2_PLACEMENT_3D ( 'NONE', #4213, #3041, #2680 ) ;
#4431 = CARTESIAN_POINT ( 'NONE',  ( 0.6999999999999997335, 0.1430000000000000160, 0.5749999999999996225 ) ) ;
#4432 = ORIENTED_EDGE ( 'NONE', *, *, #454, .T. ) ;
#4433 = AXIS2_PLACEMENT_3D ( 'NONE', #3253, #2522, #1779 ) ;
#4434 = DIRECTION ( 'NONE',  ( 1.000000000000000000, 0.000000000000000000, -6.195440985631453345E-16 ) ) ;
#4435 = DIRECTION ( 'NONE',  ( 1.000000000000000000, 0.000000000000000000, -4.646580739223595925E-16 ) ) ;
#4436 = FILL_AREA_STYLE_COLOUR ( '', #3884 ) ;
#4437 =( NAMED_UNIT ( * ) SI_UNIT ( $, .STERADIAN. ) SOLID_ANGLE_UNIT ( ) );
#4438 = LINE ( 'NONE', #441, #3444 ) ;
#4439 =( NAMED_UNIT ( * ) SI_UNIT ( $, .STERADIAN. ) SOLID_ANGLE_UNIT ( ) );
#4440 = ORIENTED_EDGE ( 'NONE', *, *, #3408, .T. ) ;
#4441 = CARTESIAN_POINT ( 'NONE',  ( 0.7499999999999996669, -0.2500000000000000000, -0.7500000000000003331 ) ) ;
#4442 = ORIENTED_EDGE ( 'NONE', *, *, #1811, .T. ) ;
#4443 =( LENGTH_UNIT ( ) NAMED_UNIT ( * ) SI_UNIT ( .MILLI., .METRE. ) );
#4444 = CARTESIAN_POINT ( 'NONE',  ( -0.2999999999999999334, 0.2700000000000000178, -0.5749999999999996225 ) ) ;
#4445 = ORIENTED_EDGE ( 'NONE', *, *, #1345, .F. ) ;
#4446 = STYLED_ITEM ( 'NONE', ( #3767 ), #3030 ) ;
#4447 = CARTESIAN_POINT ( 'NONE',  ( 0.2999999999999992117, 0.1430000000000000160, 0.7499999999999994449 ) ) ;
#4448 = CARTESIAN_POINT ( 'NONE',  ( -0.2999999999999999334, 0.1430000000000000160, -0.5749999999999996225 ) ) ;
#4449 = LINE ( 'NONE', #802, #4227 ) ;
#4450 = EDGE_CURVE ( 'NONE', #4400, #2745, #3409, .T. ) ;
#4451 =( NAMED_UNIT ( * ) PLANE_ANGLE_UNIT ( ) SI_UNIT ( $, .RADIAN. ) );
#4452 = EDGE_LOOP ( 'NONE', ( #3910, #2182, #2031, #85 ) ) ;
#4453 = ORIENTED_EDGE ( 'NONE', *, *, #632, .F. ) ;
#4454 = CARTESIAN_POINT ( 'NONE',  ( 0.4999999999999993339, 0.2700000000000000178, -0.7499999999999997780 ) ) ;
#4455 = MECHANICAL_DESIGN_GEOMETRIC_PRESENTATION_REPRESENTATION (  '', ( #3251 ), #2415 ) ;
#4456 = AXIS2_PLACEMENT_3D ( 'NONE', #284, #1789, #1402 ) ;
#4457 = DIRECTION ( 'NONE',  ( -0.000000000000000000, -1.000000000000000000, -0.000000000000000000 ) ) ;
#4458 = AXIS2_PLACEMENT_3D ( 'NONE', #2764, #1661, #1318 ) ;
#4459 = SURFACE_STYLE_FILL_AREA ( #82 ) ;
#4460 = VECTOR ( 'NONE', #346, 1000.000000000000000 ) ;
#4461 = SURFACE_STYLE_USAGE ( .BOTH. , #3018 ) ;
#4462 = PRESENTATION_STYLE_ASSIGNMENT (( #2266 ) ) ;
#4463 =( GEOMETRIC_REPRESENTATION_CONTEXT ( 3 ) GLOBAL_UNCERTAINTY_ASSIGNED_CONTEXT ( ( #1111 ) ) GLOBAL_UNIT_ASSIGNED_CONTEXT ( ( #1085, #2119, #329 ) ) REPRESENTATION_CONTEXT ( 'NONE', 'WORKASPACE' ) );
#4464 = VECTOR ( 'NONE', #3616, 1000.000000000000000 ) ;
#4465 = ORIENTED_EDGE ( 'NONE', *, *, #1897, .T. ) ;
#4466 = DIRECTION ( 'NONE',  ( 0.000000000000000000, 0.000000000000000000, -1.000000000000000000 ) ) ;
#4467 = LINE ( 'NONE', #90, #2471 ) ;
#4468 = ORIENTED_EDGE ( 'NONE', *, *, #1756, .T. ) ;
#4469 = SURFACE_SIDE_STYLE ('',( #872 ) ) ;
#4470 = DIRECTION ( 'NONE',  ( 0.000000000000000000, 0.000000000000000000, -1.000000000000000000 ) ) ;
#4471 = DIRECTION ( 'NONE',  ( -0.000000000000000000, -0.000000000000000000, -1.000000000000000000 ) ) ;
#4472 = EDGE_CURVE ( 'NONE', #135, #2696, #2938, .T. ) ;
#4473 = ADVANCED_FACE ( 'NONE', ( #2227 ), #3669, .F. ) ;
#4474 = SURFACE_STYLE_FILL_AREA ( #3038 ) ;
#4475 = DIRECTION ( 'NONE',  ( -0.000000000000000000, 1.000000000000000000, 0.000000000000000000 ) ) ;
#4476 = ORIENTED_EDGE ( 'NONE', *, *, #4503, .F. ) ;
#4477 = FACE_OUTER_BOUND ( 'NONE', #3894, .T. ) ;
#4478 = STYLED_ITEM ( 'NONE', ( #2494 ), #3237 ) ;
#4479 = EDGE_CURVE ( 'NONE', #3304, #3310, #964, .T. ) ;
#4480 = EDGE_CURVE ( 'NONE', #1021, #3394, #1973, .T. ) ;
#4481 = DIRECTION ( 'NONE',  ( -9.130123557772672032E-16, 0.000000000000000000, -1.000000000000000000 ) ) ;
#4482 = DIRECTION ( 'NONE',  ( 0.000000000000000000, 0.000000000000000000, 1.000000000000000000 ) ) ;
#4483 = PRESENTATION_LAYER_ASSIGNMENT (  '', '', ( #2743 ) ) ;
#4484 = PRESENTATION_STYLE_ASSIGNMENT (( #2729 ) ) ;
#4485 = FACE_OUTER_BOUND ( 'NONE', #2761, .T. ) ;
#4486 = ORIENTED_EDGE ( 'NONE', *, *, #258, .T. ) ;
#4487 = DIRECTION ( 'NONE',  ( 1.000000000000000000, 0.000000000000000000, -0.000000000000000000 ) ) ;
#4488 = ORIENTED_EDGE ( 'NONE', *, *, #714, .T. ) ;
#4489 = FACE_OUTER_BOUND ( 'NONE', #3113, .T. ) ;
#4490 = CARTESIAN_POINT ( 'NONE',  ( 0.2999999999999992673, 0.2500000000000000000, -0.5749999999999997335 ) ) ;
#4491 = LINE ( 'NONE', #1536, #3622 ) ;
#4492 = SURFACE_SIDE_STYLE ('',( #1885 ) ) ;
#4493 = CARTESIAN_POINT ( 'NONE',  ( -0.1000000000000000472, 0.2700000000000000178, -0.5749999999999996225 ) ) ;
#4494 = CARTESIAN_POINT ( 'NONE',  ( 0.6999999999999992895, 0.2700000000000000178, -0.7499999999999998890 ) ) ;
#4495 = SURFACE_SIDE_STYLE ('',( #4429 ) ) ;
#4496 = ORIENTED_EDGE ( 'NONE', *, *, #411, .T. ) ;
#4497 = DIRECTION ( 'NONE',  ( -1.000000000000000000, 0.000000000000000000, -7.589415207398527883E-15 ) ) ;
#4498 = ORIENTED_EDGE ( 'NONE', *, *, #799, .T. ) ;
#4499 = EDGE_CURVE ( 'NONE', #516, #2968, #2691, .T. ) ;
#4500 =( LENGTH_UNIT ( ) NAMED_UNIT ( * ) SI_UNIT ( .MILLI., .METRE. ) );
#4501 = DIRECTION ( 'NONE',  ( 0.000000000000000000, -0.000000000000000000, 1.000000000000000000 ) ) ;
#4502 = EDGE_CURVE ( 'NONE', #1645, #4140, #588, .T. ) ;
#4503 = EDGE_CURVE ( 'NONE', #1378, #3472, #3784, .T. ) ;
#4504 = SURFACE_STYLE_USAGE ( .BOTH. , #3637 ) ;
#4505 = DIRECTION ( 'NONE',  ( 1.000000000000000000, 0.000000000000000000, -7.589415207398527883E-15 ) ) ;
#4506 = LINE ( 'NONE', #3517, #3996 ) ;
#4507 = MECHANICAL_DESIGN_GEOMETRIC_PRESENTATION_REPRESENTATION (  '', ( #2012 ), #585 ) ;
#4508 = UNCERTAINTY_MEASURE_WITH_UNIT (LENGTH_MEASURE( 1.000000000000000082E-05 ), #3167, 'distance_accuracy_value', 'NONE');
#4509 = DIRECTION ( 'NONE',  ( -0.000000000000000000, 1.000000000000000000, -0.000000000000000000 ) ) ;
#4510 = CARTESIAN_POINT ( 'NONE',  ( -0.2999999999999999889, 0.1430000000000000160, -0.7499999999999994449 ) ) ;
#4511 =( LENGTH_UNIT ( ) NAMED_UNIT ( * ) SI_UNIT ( .MILLI., .METRE. ) );
#4512 = ORIENTED_EDGE ( 'NONE', *, *, #1010, .F. ) ;
#4513 = VECTOR ( 'NONE', #2674, 1000.000000000000000 ) ;
#4514 = UNCERTAINTY_MEASURE_WITH_UNIT (LENGTH_MEASURE( 1.000000000000000082E-05 ), #3116, 'distance_accuracy_value', 'NONE');
#4515 = ORIENTED_EDGE ( 'NONE', *, *, #978, .F. ) ;
#4516 = ORIENTED_EDGE ( 'NONE', *, *, #1870, .T. ) ;
#4517 = AXIS2_PLACEMENT_3D ( 'NONE', #4105, #4481, #2287 ) ;
#4518 = PRESENTATION_STYLE_ASSIGNMENT (( #534 ) ) ;
#4519 = VECTOR ( 'NONE', #2823, 1000.000000000000000 ) ;
#4520 = CARTESIAN_POINT ( 'NONE',  ( -0.1000000000000000472, 0.1430000000000000160, 0.5749999999999996225 ) ) ;
#4521 = DIRECTION ( 'NONE',  ( 1.000000000000000000, 0.000000000000000000, 0.000000000000000000 ) ) ;
#4522 = LINE ( 'NONE', #2660, #3851 ) ;
#4523 = CIRCLE ( 'NONE', #2493, 0.09999999999999999167 ) ;
#4524 =( NAMED_UNIT ( * ) PLANE_ANGLE_UNIT ( ) SI_UNIT ( $, .RADIAN. ) );
#4525 = DIRECTION ( 'NONE',  ( 0.000000000000000000, -0.000000000000000000, 1.000000000000000000 ) ) ;
#4526 = VECTOR ( 'NONE', #1472, 1000.000000000000000 ) ;
#4527 = ORIENTED_EDGE ( 'NONE', *, *, #1461, .F. ) ;
#4528 = ADVANCED_FACE ( 'NONE', ( #178 ), #1250, .T. ) ;
#4529 = DIRECTION ( 'NONE',  ( 0.000000000000000000, 0.000000000000000000, 1.000000000000000000 ) ) ;
#4530 = DIRECTION ( 'NONE',  ( -0.000000000000000000, -0.000000000000000000, 1.000000000000000000 ) ) ;
#4531 = LINE ( 'NONE', #3117, #3100 ) ;
#4532 = AXIS2_PLACEMENT_3D ( 'NONE', #2599, #1198, #4466 ) ;
#4533 = CARTESIAN_POINT ( 'NONE',  ( -0.2999999999999999334, 0.2500000000000000000, -0.5749999999999996225 ) ) ;
#4534 = EDGE_CURVE ( 'NONE', #407, #1878, #3073, .T. ) ;
#4535 = EDGE_CURVE ( 'NONE', #201, #3920, #3473, .T. ) ;
#4536 = EDGE_LOOP ( 'NONE', ( #4563, #1665, #2631, #270 ) ) ;
#4537 = LINE ( 'NONE', #2386, #1 ) ;
#4538 = CARTESIAN_POINT ( 'NONE',  ( 0.6999999999999997335, 0.2700000000000000178, 0.5749999999999996225 ) ) ;
#4539 = VECTOR ( 'NONE', #2204, 1000.000000000000000 ) ;
#4540 = CARTESIAN_POINT ( 'NONE',  ( -0.6999999999999999556, 0.1430000000000000160, -0.7499999999999996669 ) ) ;
#4541 = EDGE_LOOP ( 'NONE', ( #845, #1837, #2088, #2937, #533, #3060, #2167, #4067, #276, #1993, #4005, #3883, #1094, #4305, #1906, #2565 ) ) ;
#4542 = CARTESIAN_POINT ( 'NONE',  ( -0.5999999999999997558, 0.2500000000000000000, -0.2500000000000000555 ) ) ;
#4543 = STYLED_ITEM ( 'NONE', ( #3183 ), #3087 ) ;
#4544 = CARTESIAN_POINT ( 'NONE',  ( -0.6499999999999998002, 0.2700000000000000178, 0.09999999999999939493 ) ) ;
#4545 = PRESENTATION_LAYER_ASSIGNMENT (  '', '', ( #1084 ) ) ;
#4546 = ORIENTED_EDGE ( 'NONE', *, *, #113, .T. ) ;
#4547 = EDGE_LOOP ( 'NONE', ( #1110, #3814, #1188, #4276 ) ) ;
#4548 = CARTESIAN_POINT ( 'NONE',  ( -0.4999999999999996669, 0.2500000000000000000, -0.2500000000000000555 ) ) ;
#4549 = FACE_OUTER_BOUND ( 'NONE', #4351, .T. ) ;
#4550 =( NAMED_UNIT ( * ) SI_UNIT ( $, .STERADIAN. ) SOLID_ANGLE_UNIT ( ) );
#4551 = ADVANCED_FACE ( 'NONE', ( #1999 ), #1272, .F. ) ;
#4552 = PRESENTATION_LAYER_ASSIGNMENT (  '', '', ( #3277 ) ) ;
#4553 = CARTESIAN_POINT ( 'NONE',  ( -0.4999999999999996669, 0.2700000000000000178, 0.2500000000000000555 ) ) ;
#4554 = ORIENTED_EDGE ( 'NONE', *, *, #3381, .T. ) ;
#4555 = ORIENTED_EDGE ( 'NONE', *, *, #4479, .F. ) ;
#4556 = STYLED_ITEM ( 'NONE', ( #2363 ), #412 ) ;
#4557 = DIRECTION ( 'NONE',  ( 0.000000000000000000, 0.000000000000000000, 1.000000000000000000 ) ) ;
#4558 = CARTESIAN_POINT ( 'NONE',  ( 0.2999999999999993228, 0.1430000000000000160, -0.7499999999999995559 ) ) ;
#4559 = EDGE_CURVE ( 'NONE', #2353, #241, #920, .T. ) ;
#4560 = EDGE_CURVE ( 'NONE', #3524, #4679, #4537, .T. ) ;
#4561 = UNCERTAINTY_MEASURE_WITH_UNIT (LENGTH_MEASURE( 1.000000000000000082E-05 ), #578, 'distance_accuracy_value', 'NONE');
#4562 = DIRECTION ( 'NONE',  ( 1.000000000000000000, 0.000000000000000000, -8.559490835411880276E-16 ) ) ;
#4563 = ORIENTED_EDGE ( 'NONE', *, *, #2979, .T. ) ;
#4564 = CARTESIAN_POINT ( 'NONE',  ( -0.1000000000000000472, 0.1430000000000000160, 0.5749999999999996225 ) ) ;
#4565 =( NAMED_UNIT ( * ) PLANE_ANGLE_UNIT ( ) SI_UNIT ( $, .RADIAN. ) );
#4566 = DIRECTION ( 'NONE',  ( 3.097720492815730617E-16, 0.000000000000000000, 1.000000000000000000 ) ) ;
#4567 = DIRECTION ( 'NONE',  ( -1.000000000000000000, 0.000000000000000000, 0.000000000000000000 ) ) ;
#4568 = SHAPE_DEFINITION_REPRESENTATION ( #1497, #3928 ) ;
#4569 = LINE ( 'NONE', #1334, #4649 ) ;
#4570 = ORIENTED_EDGE ( 'NONE', *, *, #2683, .F. ) ;
#4571 = ORIENTED_EDGE ( 'NONE', *, *, #4338, .T. ) ;
#4572 = PRESENTATION_LAYER_ASSIGNMENT (  '', '', ( #2920 ) ) ;
#4573 = DIRECTION ( 'NONE',  ( -0.000000000000000000, 1.000000000000000000, -0.000000000000000000 ) ) ;
#4574 = FILL_AREA_STYLE_COLOUR ( '', #4337 ) ;
#4575 = CARTESIAN_POINT ( 'NONE',  ( -0.5999999999999997558, 0.1430000000000000160, -0.09999999999999967248 ) ) ;
#4576 = LINE ( 'NONE', #1339, #905 ) ;
#4577 = PRESENTATION_LAYER_ASSIGNMENT (  '', '', ( #2614 ) ) ;
#4578 = CARTESIAN_POINT ( 'NONE',  ( 0.5999999999999999778, 0.1430000000000000160, -0.09999999999999981126 ) ) ;
#4579 = ORIENTED_EDGE ( 'NONE', *, *, #2736, .T. ) ;
#4580 = VERTEX_POINT ( 'NONE', #235 ) ;
#4581 = FILL_AREA_STYLE ('',( #3053 ) ) ;
#4582 = DIRECTION ( 'NONE',  ( -0.000000000000000000, 1.000000000000000000, -0.000000000000000000 ) ) ;
#4583 = EDGE_CURVE ( 'NONE', #1830, #2286, #2768, .T. ) ;
#4584 = PRESENTATION_LAYER_ASSIGNMENT (  '', '', ( #2012 ) ) ;
#4585 = EDGE_LOOP ( 'NONE', ( #1271, #1153, #277, #1071 ) ) ;
#4586 = ORIENTED_EDGE ( 'NONE', *, *, #2624, .T. ) ;
#4587 = CARTESIAN_POINT ( 'NONE',  ( -0.1000000000000000749, 0.1430000000000000160, -0.7499999999999994449 ) ) ;
#4588 = ORIENTED_EDGE ( 'NONE', *, *, #2491, .F. ) ;
#4589 = CARTESIAN_POINT ( 'NONE',  ( 0.2999999999999992117, 0.1430000000000000160, 0.7499999999999994449 ) ) ;
#4590 =( GEOMETRIC_REPRESENTATION_CONTEXT ( 3 ) GLOBAL_UNCERTAINTY_ASSIGNED_CONTEXT ( ( #1346 ) ) GLOBAL_UNIT_ASSIGNED_CONTEXT ( ( #2834, #3926, #2215 ) ) REPRESENTATION_CONTEXT ( 'NONE', 'WORKASPACE' ) );
#4591 = CARTESIAN_POINT ( 'NONE',  ( 0.4999999999999993339, 0.1430000000000000160, -0.7499999999999997780 ) ) ;
#4592 = ADVANCED_FACE ( 'NONE', ( #1692 ), #3146, .F. ) ;
#4593 = EDGE_CURVE ( 'NONE', #2574, #1165, #4256, .T. ) ;
#4594 = DIRECTION ( 'NONE',  ( -1.000000000000000000, 0.000000000000000000, -0.000000000000000000 ) ) ;
#4595 = AXIS2_PLACEMENT_3D ( 'NONE', #581, #2064, #1390 ) ;
#4596 = FACE_OUTER_BOUND ( 'NONE', #4019, .T. ) ;
#4597 = ORIENTED_EDGE ( 'NONE', *, *, #2313, .F. ) ;
#4598 = ORIENTED_EDGE ( 'NONE', *, *, #4102, .T. ) ;
#4599 = DIRECTION ( 'NONE',  ( 0.000000000000000000, 0.000000000000000000, -1.000000000000000000 ) ) ;
#4600 = AXIS2_PLACEMENT_3D ( 'NONE', #1462, #4311, #390 ) ;
#4601 = CARTESIAN_POINT ( 'NONE',  ( -0.4999999999999996669, 0.2700000000000000178, 0.3500000000000000333 ) ) ;
#4602 = DIRECTION ( 'NONE',  ( -0.000000000000000000, -1.000000000000000000, -0.000000000000000000 ) ) ;
#4603 = DIRECTION ( 'NONE',  ( -0.000000000000000000, 1.000000000000000000, -0.000000000000000000 ) ) ;
#4604 = ORIENTED_EDGE ( 'NONE', *, *, #2922, .T. ) ;
#4605 = AXIS2_PLACEMENT_3D ( 'NONE', #4299, #1037, #3242 ) ;
#4606 = LINE ( 'NONE', #1623, #1469 ) ;
#4607 = VECTOR ( 'NONE', #3307, 1000.000000000000000 ) ;
#4608 =( GEOMETRIC_REPRESENTATION_CONTEXT ( 3 ) GLOBAL_UNCERTAINTY_ASSIGNED_CONTEXT ( ( #503 ) ) GLOBAL_UNIT_ASSIGNED_CONTEXT ( ( #1777, #4381, #3598 ) ) REPRESENTATION_CONTEXT ( 'NONE', 'WORKASPACE' ) );
#4609 = ORIENTED_EDGE ( 'NONE', *, *, #1258, .T. ) ;
#4610 = PRESENTATION_LAYER_ASSIGNMENT (  '', '', ( #1213 ) ) ;
#4611 = ORIENTED_EDGE ( 'NONE', *, *, #2365, .T. ) ;
#4612 = MECHANICAL_DESIGN_GEOMETRIC_PRESENTATION_REPRESENTATION (  '', ( #4014 ), #607 ) ;
#4613 = EDGE_LOOP ( 'NONE', ( #396, #3000, #326, #4399 ) ) ;
#4614 = SURFACE_STYLE_FILL_AREA ( #1647 ) ;
#4615 = ORIENTED_EDGE ( 'NONE', *, *, #2313, .T. ) ;
#4616 = DIRECTION ( 'NONE',  ( 1.000000000000000000, 0.000000000000000000, 7.860465750519903991E-15 ) ) ;
#4617 = EDGE_CURVE ( 'NONE', #761, #3524, #309, .T. ) ;
#4618 = CARTESIAN_POINT ( 'NONE',  ( -0.6499999999999998002, 0.1430000000000000160, -0.1000000000000000472 ) ) ;
#4619 = FILL_AREA_STYLE ('',( #4341 ) ) ;
#4620 = EDGE_CURVE ( 'NONE', #2393, #1062, #3611, .T. ) ;
#4621 = FACE_OUTER_BOUND ( 'NONE', #728, .T. ) ;
#4622 = ORIENTED_EDGE ( 'NONE', *, *, #4499, .T. ) ;
#4623 = VERTEX_POINT ( 'NONE', #1768 ) ;
#4624 = PLANE ( 'NONE',  #1638 ) ;
#4625 = PRESENTATION_STYLE_ASSIGNMENT (( #648 ) ) ;
#4626 = CARTESIAN_POINT ( 'NONE',  ( 0.4999999999999998890, 0.2700000000000000178, -0.2500000000000001665 ) ) ;
#4627 = LINE ( 'NONE', #493, #391 ) ;
#4628 = EDGE_LOOP ( 'NONE', ( #4442, #3974, #4426, #2805 ) ) ;
#4629 = AXIS2_PLACEMENT_3D ( 'NONE', #1246, #108, #1196 ) ;
#4630 = CARTESIAN_POINT ( 'NONE',  ( -0.5999999999999997558, 0.1430000000000000160, -0.2500000000000000555 ) ) ;
#4631 = FILL_AREA_STYLE_COLOUR ( '', #4229 ) ;
#4632 = CARTESIAN_POINT ( 'NONE',  ( 0.6999999999999992895, 0.1430000000000000160, -0.7499999999999998890 ) ) ;
#4633 = VERTEX_POINT ( 'NONE', #2815 ) ;
#4634 = VECTOR ( 'NONE', #2118, 1000.000000000000000 ) ;
#4635 = ORIENTED_EDGE ( 'NONE', *, *, #3089, .F. ) ;
#4636 = PLANE ( 'NONE',  #2884 ) ;
#4637 = LINE ( 'NONE', #4591, #517 ) ;
#4638 = LINE ( 'NONE', #1139, #4460 ) ;
#4639 = ORIENTED_EDGE ( 'NONE', *, *, #1751, .T. ) ;
#4640 = VERTEX_POINT ( 'NONE', #4000 ) ;
#4641 = EDGE_CURVE ( 'NONE', #314, #1615, #4324, .T. ) ;
#4642 = CARTESIAN_POINT ( 'NONE',  ( -0.2999999999999999889, 0.1430000000000000160, -0.7499999999999994449 ) ) ;
#4643 = LINE ( 'NONE', #956, #487 ) ;
#4644 = SURFACE_SIDE_STYLE ('',( #2502 ) ) ;
#4645 = DIRECTION ( 'NONE',  ( 0.000000000000000000, 0.000000000000000000, -1.000000000000000000 ) ) ;
#4646 = PRESENTATION_LAYER_ASSIGNMENT (  '', '', ( #3903 ) ) ;
#4647 = ADVANCED_FACE ( 'NONE', ( #1742 ), #2461, .F. ) ;
#4648 = LINE ( 'NONE', #166, #3648 ) ;
#4649 = VECTOR ( 'NONE', #2780, 1000.000000000000000 ) ;
#4650 = FILL_AREA_STYLE_COLOUR ( '', #2643 ) ;
#4651 = DIRECTION ( 'NONE',  ( -3.097720492815731110E-16, 0.000000000000000000, 1.000000000000000000 ) ) ;
#4652 = LINE ( 'NONE', #1475, #1808 ) ;
#4653 = VERTEX_POINT ( 'NONE', #3195 ) ;
#4654 = ORIENTED_EDGE ( 'NONE', *, *, #1425, .F. ) ;
#4655 = LINE ( 'NONE', #1075, #2651 ) ;
#4656 = DIRECTION ( 'NONE',  ( 0.000000000000000000, 0.000000000000000000, -1.000000000000000000 ) ) ;
#4657 = FILL_AREA_STYLE_COLOUR ( '', #4376 ) ;
#4658 = AXIS2_PLACEMENT_3D ( 'NONE', #990, #3091, #3143 ) ;
#4659 = ORIENTED_EDGE ( 'NONE', *, *, #223, .T. ) ;
#4660 = FACE_OUTER_BOUND ( 'NONE', #1626, .T. ) ;
#4661 = CARTESIAN_POINT ( 'NONE',  ( 0.4500000000000000111, 0.1430000000000000160, 0.3499999999999992006 ) ) ;
#4662 = STYLED_ITEM ( 'NONE', ( #1530 ), #2544 ) ;
#4663 = DIRECTION ( 'NONE',  ( 1.000000000000000000, 0.000000000000000000, 0.000000000000000000 ) ) ;
#4664 = ORIENTED_EDGE ( 'NONE', *, *, #2922, .F. ) ;
#4665 = VERTEX_POINT ( 'NONE', #2838 ) ;
#4666 = VECTOR ( 'NONE', #3971, 1000.000000000000000 ) ;
#4667 = DIRECTION ( 'NONE',  ( 6.195440985631453345E-16, 0.000000000000000000, 1.000000000000000000 ) ) ;
#4668 = CARTESIAN_POINT ( 'NONE',  ( -0.1000000000000000749, 0.2700000000000000178, -0.7499999999999994449 ) ) ;
#4669 = CARTESIAN_POINT ( 'NONE',  ( -0.6999999999999999556, 0.1430000000000000160, -0.7499999999999996669 ) ) ;
#4670 = CARTESIAN_POINT ( 'NONE',  ( -0.5000000000000001110, 0.2700000000000000178, 0.5749999999999996225 ) ) ;
#4671 = EDGE_CURVE ( 'NONE', #2887, #4665, #307, .T. ) ;
#4672 = ORIENTED_EDGE ( 'NONE', *, *, #3811, .T. ) ;
#4673 = CARTESIAN_POINT ( 'NONE',  ( -0.5999999999999997558, 0.2500000000000000000, -0.09999999999999967248 ) ) ;
#4674 = CARTESIAN_POINT ( 'NONE',  ( 0.2999999999999992117, 0.2700000000000000178, 0.7499999999999994449 ) ) ;
#4675 = DIRECTION ( 'NONE',  ( 1.000000000000000000, 0.000000000000000000, -7.589415207398527883E-15 ) ) ;
#4676 = VECTOR ( 'NONE', #1344, 1000.000000000000000 ) ;
#4677 = EDGE_CURVE ( 'NONE', #74, #1056, #4522, .T. ) ;
#4678 = ADVANCED_FACE ( 'NONE', ( #1591 ), #862, .F. ) ;
#4679 = VERTEX_POINT ( 'NONE', #4124 ) ;
ENDSEC;
END-ISO-10303-21;
