ISO-10303-21;
HEADER;
FILE_DESCRIPTION (( 'STEP AP214' ),
    '1' );
FILE_NAME ('S4B-XH-A(LF)(SN).STEP',
    '2025-01-16T14:45:58',
    ( '' ),
    ( '' ),
    'SwSTEP 2.0',
    'SolidWorks 2024',
    '' );
FILE_SCHEMA (( 'AUTOMOTIVE_DESIGN' ));
ENDSEC;

DATA;
#1 = DIRECTION ( 'NONE',  ( -5.605193857299268284E-45, 1.000000000000000000, 3.914088217710582702E-59 ) ) ;
#2 = CYLINDRICAL_SURFACE ( 'NONE', #3121, 1.240000000000000213 ) ;
#3 = LINE ( 'NONE', #1891, #3267 ) ;
#4 = LINE ( 'NONE', #1692, #216 ) ;
#5 = LINE ( 'NONE', #3339, #243 ) ;
#6 = FILL_AREA_STYLE_COLOUR ( '', #3143 ) ;
#7 = ORIENTED_EDGE ( 'NONE', *, *, #173, .T. ) ;
#8 = ADVANCED_FACE ( 'NONE', ( #1288 ), #3128, .F. ) ;
#9 = STYLED_ITEM ( 'NONE', ( #2654 ), #795 ) ;
#10 = FILL_AREA_STYLE ('',( #67 ) ) ;
#11 = LINE ( 'NONE', #1161, #1874 ) ;
#12 = CARTESIAN_POINT ( 'NONE',  ( 4.999999999999975131, 2.855000000000013749, -3.770000000000029772 ) ) ;
#13 = ORIENTED_EDGE ( 'NONE', *, *, #2106, .T. ) ;
#14 = VECTOR ( 'NONE', #1495, 1000.000000000000000 ) ;
#15 = ORIENTED_EDGE ( 'NONE', *, *, #2781, .T. ) ;
#16 = PRESENTATION_LAYER_ASSIGNMENT (  '', '', ( #1570 ) ) ;
#17 = ORIENTED_EDGE ( 'NONE', *, *, #904, .T. ) ;
#18 = FACE_OUTER_BOUND ( 'NONE', #1619, .T. ) ;
#19 =( NAMED_UNIT ( * ) SI_UNIT ( $, .STERADIAN. ) SOLID_ANGLE_UNIT ( ) );
#20 = CARTESIAN_POINT ( 'NONE',  ( 1.570000000000023599, 3.454999999999996962, 1.049999999999996048 ) ) ;
#21 = LINE ( 'NONE', #3352, #1071 ) ;
#22 = VECTOR ( 'NONE', #1, 1000.000000000000000 ) ;
#23 = CARTESIAN_POINT ( 'NONE',  ( 6.200000000000034817, 4.324999999999983302, 5.749999999999967137 ) ) ;
#24 = CYLINDRICAL_SURFACE ( 'NONE', #171, 1.240000000000000213 ) ;
#25 = DIRECTION ( 'NONE',  ( -5.605193857299268284E-45, 1.000000000000000000, 3.914088217710582702E-59 ) ) ;
#26 = ORIENTED_EDGE ( 'NONE', *, *, #1898, .T. ) ;
#27 = ADVANCED_FACE ( 'NONE', ( #965 ), #473, .F. ) ;
#28 = FILL_AREA_STYLE ('',( #1982 ) ) ;
#29 = ORIENTED_EDGE ( 'NONE', *, *, #3513, .F. ) ;
#30 = VERTEX_POINT ( 'NONE', #178 ) ;
#31 = VECTOR ( 'NONE', #148, 1000.000000000000000 ) ;
#32 = CARTESIAN_POINT ( 'NONE',  ( 0.9299999999999826183, 4.095000000000005080, -2.529999999999996696 ) ) ;
#33 = DIRECTION ( 'NONE',  ( 7.067670016944194956E-15, -3.491483361109382461E-15, 1.000000000000000000 ) ) ;
#34 = VECTOR ( 'NONE', #973, 1000.000000000000000 ) ;
#35 = ADVANCED_FACE ( 'NONE', ( #2397 ), #3447, .T. ) ;
#36 =( GEOMETRIC_REPRESENTATION_CONTEXT ( 3 ) GLOBAL_UNCERTAINTY_ASSIGNED_CONTEXT ( ( #1215 ) ) GLOBAL_UNIT_ASSIGNED_CONTEXT ( ( #288, #3295, #3016 ) ) REPRESENTATION_CONTEXT ( 'NONE', 'WORKASPACE' ) );
#37 =( NAMED_UNIT ( * ) PLANE_ANGLE_UNIT ( ) SI_UNIT ( $, .RADIAN. ) );
#38 = CARTESIAN_POINT ( 'NONE',  ( -5.349999999999958789, 1.224999999999988765, 5.750000000000018652 ) ) ;
#39 = CARTESIAN_POINT ( 'NONE',  ( 5.350000000000006750, 5.324999999999998401, 1.049999999999975842 ) ) ;
#40 = STYLED_ITEM ( 'NONE', ( #632 ), #3291 ) ;
#41 =( GEOMETRIC_REPRESENTATION_CONTEXT ( 3 ) GLOBAL_UNCERTAINTY_ASSIGNED_CONTEXT ( ( #421 ) ) GLOBAL_UNIT_ASSIGNED_CONTEXT ( ( #975, #3560, #3440 ) ) REPRESENTATION_CONTEXT ( 'NONE', 'WORKASPACE' ) );
#42 = VECTOR ( 'NONE', #2430, 1000.000000000000000 ) ;
#43 = LINE ( 'NONE', #2489, #1157 ) ;
#44 =( LENGTH_UNIT ( ) NAMED_UNIT ( * ) SI_UNIT ( .MILLI., .METRE. ) );
#45 = CARTESIAN_POINT ( 'NONE',  ( -0.9300000000000080425, 4.095000000000008633, -1.249999999999983791 ) ) ;
#46 = VECTOR ( 'NONE', #1950, 1000.000000000000000 ) ;
#47 = EDGE_CURVE ( 'NONE', #476, #3505, #2097, .T. ) ;
#48 = CARTESIAN_POINT ( 'NONE',  ( -6.199999999999981526, 4.324999999999992184, 2.649999999999973266 ) ) ;
#49 = VECTOR ( 'NONE', #1752, 1000.000000000000000 ) ;
#50 = SURFACE_SIDE_STYLE ('',( #2767 ) ) ;
#51 = DIRECTION ( 'NONE',  ( -6.982966722218764922E-15, 0.000000000000000000, -1.000000000000000000 ) ) ;
#52 = EDGE_LOOP ( 'NONE', ( #2680, #939, #1146, #1775 ) ) ;
#53 = ORIENTED_EDGE ( 'NONE', *, *, #1424, .F. ) ;
#54 = EDGE_CURVE ( 'NONE', #2642, #2008, #2105, .T. ) ;
#55 = CARTESIAN_POINT ( 'NONE',  ( -2.799999999999989164, 1.351022143997270497, 2.050000000000020695 ) ) ;
#56 = DIRECTION ( 'NONE',  ( 6.982966722218764922E-15, -0.000000000000000000, 1.000000000000000000 ) ) ;
#57 = VERTEX_POINT ( 'NONE', #732 ) ;
#58 = ADVANCED_FACE ( 'NONE', ( #2849 ), #2920, .F. ) ;
#59 = CARTESIAN_POINT ( 'NONE',  ( -4.070000000000017160, 3.455000000000010285, -2.529999999999961613 ) ) ;
#60 =( NAMED_UNIT ( * ) PLANE_ANGLE_UNIT ( ) SI_UNIT ( $, .RADIAN. ) );
#61 = EDGE_LOOP ( 'NONE', ( #220, #355, #2077, #722 ) ) ;
#62 = LINE ( 'NONE', #1371, #3545 ) ;
#63 = CARTESIAN_POINT ( 'NONE',  ( -6.199999999999961098, 4.324999999999980638, 5.750000000000053291 ) ) ;
#64 = PRESENTATION_STYLE_ASSIGNMENT (( #343 ) ) ;
#65 = LINE ( 'NONE', #1178, #2493 ) ;
#66 = DIRECTION ( 'NONE',  ( 6.982966722218764922E-15, 0.000000000000000000, 1.000000000000000000 ) ) ;
#67 = FILL_AREA_STYLE_COLOUR ( '', #2691 ) ;
#68 = DIRECTION ( 'NONE',  ( 6.994852725712930636E-15, 0.000000000000000000, 1.000000000000000000 ) ) ;
#69 = CARTESIAN_POINT ( 'NONE',  ( -1.570000000000017604, 4.095000000000008633, -2.529999999999983817 ) ) ;
#70 = ORIENTED_EDGE ( 'NONE', *, *, #1452, .T. ) ;
#71 =( GEOMETRIC_REPRESENTATION_CONTEXT ( 3 ) GLOBAL_UNCERTAINTY_ASSIGNED_CONTEXT ( ( #3443 ) ) GLOBAL_UNIT_ASSIGNED_CONTEXT ( ( #2385, #2074, #2858 ) ) REPRESENTATION_CONTEXT ( 'NONE', 'WORKASPACE' ) );
#72 = ORIENTED_EDGE ( 'NONE', *, *, #772, .T. ) ;
#73 = PRESENTATION_LAYER_ASSIGNMENT (  '', '', ( #363 ) ) ;
#74 = DIRECTION ( 'NONE',  ( -6.982966722218764922E-15, -0.000000000000000000, -1.000000000000000000 ) ) ;
#75 = DIRECTION ( 'NONE',  ( 0.000000000000000000, -3.491483361109382461E-15, 1.000000000000000000 ) ) ;
#76 = ORIENTED_EDGE ( 'NONE', *, *, #1989, .F. ) ;
#77 = AXIS2_PLACEMENT_3D ( 'NONE', #2118, #153, #1251 ) ;
#78 = LINE ( 'NONE', #2559, #2438 ) ;
#79 = PRESENTATION_STYLE_ASSIGNMENT (( #238 ) ) ;
#80 = ORIENTED_EDGE ( 'NONE', *, *, #2413, .F. ) ;
#81 = AXIS2_PLACEMENT_3D ( 'NONE', #3483, #3183, #3468 ) ;
#82 = PRESENTATION_STYLE_ASSIGNMENT (( #1480 ) ) ;
#83 = DIRECTION ( 'NONE',  ( -1.000000000000000000, 0.000000000000000000, 6.982966722218764133E-15 ) ) ;
#84 = STYLED_ITEM ( 'NONE', ( #2228 ), #262 ) ;
#85 =( GEOMETRIC_REPRESENTATION_CONTEXT ( 3 ) GLOBAL_UNCERTAINTY_ASSIGNED_CONTEXT ( ( #2038 ) ) GLOBAL_UNIT_ASSIGNED_CONTEXT ( ( #1973, #37, #1713 ) ) REPRESENTATION_CONTEXT ( 'NONE', 'WORKASPACE' ) );
#86 = CARTESIAN_POINT ( 'NONE',  ( -3.430000000000017035, 3.455000000000010285, -2.529999999999968718 ) ) ;
#87 = CARTESIAN_POINT ( 'NONE',  ( -3.430000000000017035, 2.855000000000010196, -2.529999999999970495 ) ) ;
#88 = CARTESIAN_POINT ( 'NONE',  ( 5.299999999999959854, 2.551923788646675018, -5.750000000000032863 ) ) ;
#89 = DIRECTION ( 'NONE',  ( 1.000000000000000000, 8.470329472540635575E-17, 2.865565945491038342E-31 ) ) ;
#90 = VERTEX_POINT ( 'NONE', #1879 ) ;
#91 = ORIENTED_EDGE ( 'NONE', *, *, #2311, .T. ) ;
#92 = DIRECTION ( 'NONE',  ( 7.067670016944194956E-15, -3.491483361109382461E-15, 1.000000000000000000 ) ) ;
#93 = ORIENTED_EDGE ( 'NONE', *, *, #3139, .T. ) ;
#94 = CARTESIAN_POINT ( 'NONE',  ( 4.250000000000044409, 6.150000000000006573, -1.249999999999939826 ) ) ;
#95 = PRESENTATION_LAYER_ASSIGNMENT (  '', '', ( #1641 ) ) ;
#96 = VERTEX_POINT ( 'NONE', #1575 ) ;
#97 = CARTESIAN_POINT ( 'NONE',  ( -4.249999999999990230, 5.324999999999994849, 2.050000000000044231 ) ) ;
#98 = ORIENTED_EDGE ( 'NONE', *, *, #1230, .T. ) ;
#99 = CARTESIAN_POINT ( 'NONE',  ( 4.250000000000019540, 5.324999999999987743, 2.049999999999986056 ) ) ;
#100 = UNCERTAINTY_MEASURE_WITH_UNIT (LENGTH_MEASURE( 1.000000000000000082E-05 ), #2954, 'distance_accuracy_value', 'NONE');
#101 = COLOUR_RGB ( '',0.7529411764705882248, 0.7529411764705882248, 0.7529411764705882248 ) ;
#102 = PLANE ( 'NONE',  #448 ) ;
#103 = VECTOR ( 'NONE', #1083, 1000.000000000000000 ) ;
#104 = MECHANICAL_DESIGN_GEOMETRIC_PRESENTATION_REPRESENTATION (  '', ( #1364 ), #3272 ) ;
#105 = PRESENTATION_STYLE_ASSIGNMENT (( #3125 ) ) ;
#106 = PRODUCT_DEFINITION_FORMATION_WITH_SPECIFIED_SOURCE ( 'ANY', '', #2554, .NOT_KNOWN. ) ;
#107 = CARTESIAN_POINT ( 'NONE',  ( 0.000000000000000000, 0.000000000000000000, 0.000000000000000000 ) ) ;
#108 = ORIENTED_EDGE ( 'NONE', *, *, #816, .F. ) ;
#109 = AXIS2_PLACEMENT_3D ( 'NONE', #437, #1546, #1507 ) ;
#110 = VERTEX_POINT ( 'NONE', #1307 ) ;
#111 = CARTESIAN_POINT ( 'NONE',  ( -0.9300000000000171463, 4.095000000000010409, -2.529999999999986038 ) ) ;
#112 = DIRECTION ( 'NONE',  ( -6.982966722218764922E-15, 0.000000000000000000, -1.000000000000000000 ) ) ;
#113 = EDGE_LOOP ( 'NONE', ( #2766, #2998, #1568, #689, #2330, #1503, #1931, #1493 ) ) ;
#114 = LINE ( 'NONE', #59, #1170 ) ;
#115 = ORIENTED_EDGE ( 'NONE', *, *, #2922, .T. ) ;
#116 = VERTEX_POINT ( 'NONE', #1047 ) ;
#117 = CARTESIAN_POINT ( 'NONE',  ( 4.069999999999974527, -3.399999999999987477, -3.770000000000045315 ) ) ;
#118 =( NAMED_UNIT ( * ) SI_UNIT ( $, .STERADIAN. ) SOLID_ANGLE_UNIT ( ) );
#119 = DIRECTION ( 'NONE',  ( -0.000000000000000000, -3.627765757092197324E-15, 1.000000000000000000 ) ) ;
#120 = DIRECTION ( 'NONE',  ( 6.994852725712930636E-15, 0.000000000000000000, 1.000000000000000000 ) ) ;
#121 = CARTESIAN_POINT ( 'NONE',  ( -5.299999999999980282, -1.924458856161770370E-14, 5.750000000000033751 ) ) ;
#122 = EDGE_CURVE ( 'NONE', #552, #1970, #3555, .T. ) ;
#123 = VERTEX_POINT ( 'NONE', #3290 ) ;
#124 = DIRECTION ( 'NONE',  ( -1.000000000000000000, 0.000000000000000000, 6.982966722218764922E-15 ) ) ;
#125 = VERTEX_POINT ( 'NONE', #487 ) ;
#126 = DIRECTION ( 'NONE',  ( 6.982966722218764922E-15, 0.000000000000000000, 1.000000000000000000 ) ) ;
#127 = DIRECTION ( 'NONE',  ( 0.000000000000000000, 3.491483361109382461E-15, -1.000000000000000000 ) ) ;
#128 = CARTESIAN_POINT ( 'NONE',  ( -6.199999999999961098, 5.324999999999992184, 2.649999999999969713 ) ) ;
#129 = ORIENTED_EDGE ( 'NONE', *, *, #3548, .F. ) ;
#130 = FILL_AREA_STYLE ('',( #1229 ) ) ;
#131 = STYLED_ITEM ( 'NONE', ( #2205 ), #1242 ) ;
#132 = ORIENTED_EDGE ( 'NONE', *, *, #1828, .T. ) ;
#133 = APPLICATION_CONTEXT ( 'automotive_design' ) ;
#134 = DIRECTION ( 'NONE',  ( -1.000000000000000000, 2.438091212180734091E-29, 8.512554900196038087E-44 ) ) ;
#135 = UNCERTAINTY_MEASURE_WITH_UNIT (LENGTH_MEASURE( 1.000000000000000082E-05 ), #1349, 'distance_accuracy_value', 'NONE');
#136 = EDGE_CURVE ( 'NONE', #2751, #947, #2978, .T. ) ;
#137 = DIRECTION ( 'NONE',  ( -1.000000000000000000, -8.470329472540635575E-17, -2.865565945491038342E-31 ) ) ;
#138 =( NAMED_UNIT ( * ) PLANE_ANGLE_UNIT ( ) SI_UNIT ( $, .RADIAN. ) );
#139 =( NAMED_UNIT ( * ) PLANE_ANGLE_UNIT ( ) SI_UNIT ( $, .RADIAN. ) );
#140 = ORIENTED_EDGE ( 'NONE', *, *, #792, .F. ) ;
#141 = STYLED_ITEM ( 'NONE', ( #2540 ), #387 ) ;
#142 = EDGE_CURVE ( 'NONE', #841, #2827, #2422, .T. ) ;
#143 = CARTESIAN_POINT ( 'NONE',  ( -5.299999999999959854, 4.324999999999980638, 5.750000000000047962 ) ) ;
#144 = PLANE ( 'NONE',  #727 ) ;
#145 = VERTEX_POINT ( 'NONE', #1338 ) ;
#146 = FILL_AREA_STYLE_COLOUR ( '', #756 ) ;
#147 = CARTESIAN_POINT ( 'NONE',  ( 6.199999999999976197, 5.150000000000005684, -1.250000000000029310 ) ) ;
#148 = DIRECTION ( 'NONE',  ( -1.000000000000000000, 2.389246388370259354E-29, 8.174889744464530116E-44 ) ) ;
#149 = VERTEX_POINT ( 'NONE', #2175 ) ;
#150 = PLANE ( 'NONE',  #2058 ) ;
#151 = EDGE_LOOP ( 'NONE', ( #3173, #967, #3544, #690 ) ) ;
#152 = VECTOR ( 'NONE', #855, 1000.000000000000000 ) ;
#153 = DIRECTION ( 'NONE',  ( 1.000000000000000000, 5.605193857299268284E-45, -6.982966722218764922E-15 ) ) ;
#154 = STYLED_ITEM ( 'NONE', ( #676 ), #2993 ) ;
#155 = DIRECTION ( 'NONE',  ( 1.000000000000000000, 8.470329472540635575E-17, 2.865565945491038342E-31 ) ) ;
#156 = PRESENTATION_STYLE_ASSIGNMENT (( #3182 ) ) ;
#157 = ORIENTED_EDGE ( 'NONE', *, *, #3453, .F. ) ;
#158 = AXIS2_PLACEMENT_3D ( 'NONE', #2101, #2975, #2934 ) ;
#159 = STYLED_ITEM ( 'NONE', ( #543 ), #2392 ) ;
#160 = ORIENTED_EDGE ( 'NONE', *, *, #436, .F. ) ;
#161 = EDGE_CURVE ( 'NONE', #2297, #1231, #2705, .T. ) ;
#162 =( GEOMETRIC_REPRESENTATION_CONTEXT ( 3 ) GLOBAL_UNCERTAINTY_ASSIGNED_CONTEXT ( ( #878 ) ) GLOBAL_UNIT_ASSIGNED_CONTEXT ( ( #3054, #3377, #1702 ) ) REPRESENTATION_CONTEXT ( 'NONE', 'WORKASPACE' ) );
#163 = VECTOR ( 'NONE', #1808, 1000.000000000000000 ) ;
#164 = CARTESIAN_POINT ( 'NONE',  ( -5.349999999999982769, 5.324999999999992184, 2.650000000000050537 ) ) ;
#165 = PRESENTATION_STYLE_ASSIGNMENT (( #3187 ) ) ;
#166 = ORIENTED_EDGE ( 'NONE', *, *, #2331, .F. ) ;
#167 = ADVANCED_FACE ( 'NONE', ( #798 ), #264, .F. ) ;
#168 = COLOUR_RGB ( '',0.7529411764705882248, 0.7529411764705882248, 0.7529411764705882248 ) ;
#169 = DIRECTION ( 'NONE',  ( -1.000000000000000000, -3.023713287611409032E-15, 1.745741680554701486E-15 ) ) ;
#170 = ORIENTED_EDGE ( 'NONE', *, *, #3162, .T. ) ;
#171 = AXIS2_PLACEMENT_3D ( 'NONE', #603, #2227, #2511 ) ;
#172 = LINE ( 'NONE', #706, #615 ) ;
#173 = EDGE_CURVE ( 'NONE', #434, #647, #245, .T. ) ;
#174 = ORIENTED_EDGE ( 'NONE', *, *, #558, .F. ) ;
#175 = CARTESIAN_POINT ( 'NONE',  ( -6.199999999999961098, 5.324999999999981526, 5.750000000000056843 ) ) ;
#176 = UNCERTAINTY_MEASURE_WITH_UNIT (LENGTH_MEASURE( 1.000000000000000082E-05 ), #2242, 'distance_accuracy_value', 'NONE');
#177 = FILL_AREA_STYLE ('',( #3531 ) ) ;
#178 = CARTESIAN_POINT ( 'NONE',  ( -1.570000000000024487, -3.399999999999986144, -3.770000000000005347 ) ) ;
#179 = ORIENTED_EDGE ( 'NONE', *, *, #558, .T. ) ;
#180 = SURFACE_STYLE_FILL_AREA ( #2640 ) ;
#181 = FILL_AREA_STYLE ('',( #738 ) ) ;
#182 = EDGE_LOOP ( 'NONE', ( #2254, #2729, #1375, #1553 ) ) ;
#183 = SURFACE_STYLE_USAGE ( .BOTH. , #664 ) ;
#184 = EDGE_CURVE ( 'NONE', #2482, #476, #1915, .T. ) ;
#185 = FILL_AREA_STYLE_COLOUR ( '', #3430 ) ;
#186 = DIRECTION ( 'NONE',  ( -1.000000000000000000, -8.470329472540635575E-17, -2.865565945491038342E-31 ) ) ;
#187 = ORIENTED_EDGE ( 'NONE', *, *, #1582, .T. ) ;
#188 = FILL_AREA_STYLE ('',( #2078 ) ) ;
#189 = VERTEX_POINT ( 'NONE', #535 ) ;
#190 = VECTOR ( 'NONE', #66, 1000.000000000000000 ) ;
#191 = DIRECTION ( 'NONE',  ( 1.000000000000000000, 0.000000000000000000, -6.982966722218764922E-15 ) ) ;
#192 = VECTOR ( 'NONE', #2086, 1000.000000000000000 ) ;
#193 = FILL_AREA_STYLE_COLOUR ( '', #1589 ) ;
#194 = DIRECTION ( 'NONE',  ( -1.000000000000000000, -8.470329472540635575E-17, -2.865565945491038342E-31 ) ) ;
#195 = EDGE_LOOP ( 'NONE', ( #2726, #2441, #1831, #2239 ) ) ;
#196 = ORIENTED_EDGE ( 'NONE', *, *, #2331, .T. ) ;
#197 = ORIENTED_EDGE ( 'NONE', *, *, #3541, .T. ) ;
#198 = CARTESIAN_POINT ( 'NONE',  ( 3.429999999999981508, 4.095000000000008633, -2.530000000000018456 ) ) ;
#199 = DIRECTION ( 'NONE',  ( 2.135253304555791169E-29, 1.000000000000000000, 3.057802492115180293E-15 ) ) ;
#200 = CARTESIAN_POINT ( 'NONE',  ( 4.250000000000044409, 5.324999999999981526, 5.749999999999970690 ) ) ;
#201 = ORIENTED_EDGE ( 'NONE', *, *, #2145, .T. ) ;
#202 = ORIENTED_EDGE ( 'NONE', *, *, #1660, .T. ) ;
#203 = EDGE_CURVE ( 'NONE', #1111, #3171, #1626, .T. ) ;
#204 = DIRECTION ( 'NONE',  ( -2.438091212180734091E-29, -1.000000000000000000, -3.491483361109382461E-15 ) ) ;
#205 = SURFACE_SIDE_STYLE ('',( #1520 ) ) ;
#206 = DIRECTION ( 'NONE',  ( -1.000000000000000000, 2.389246388370259354E-29, 8.174889744464530116E-44 ) ) ;
#207 = FILL_AREA_STYLE_COLOUR ( '', #2427 ) ;
#208 = MECHANICAL_DESIGN_GEOMETRIC_PRESENTATION_REPRESENTATION (  '', ( #1641 ), #3481 ) ;
#209 = FACE_OUTER_BOUND ( 'NONE', #3484, .T. ) ;
#210 =( NAMED_UNIT ( * ) PLANE_ANGLE_UNIT ( ) SI_UNIT ( $, .RADIAN. ) );
#211 = STYLED_ITEM ( 'NONE', ( #64 ), #2969 ) ;
#212 = SURFACE_STYLE_USAGE ( .BOTH. , #1845 ) ;
#213 =( GEOMETRIC_REPRESENTATION_CONTEXT ( 3 ) GLOBAL_UNCERTAINTY_ASSIGNED_CONTEXT ( ( #1714 ) ) GLOBAL_UNIT_ASSIGNED_CONTEXT ( ( #2355, #2828, #1780 ) ) REPRESENTATION_CONTEXT ( 'NONE', 'WORKASPACE' ) );
#214 = ORIENTED_EDGE ( 'NONE', *, *, #1395, .F. ) ;
#215 = STYLED_ITEM ( 'NONE', ( #1203 ), #1954 ) ;
#216 = VECTOR ( 'NONE', #1423, 1000.000000000000000 ) ;
#217 = CIRCLE ( 'NONE', #3211, 1.240000000000000213 ) ;
#218 = DIRECTION ( 'NONE',  ( 1.000000000000000000, -2.438091212180734091E-29, -8.512554900196038087E-44 ) ) ;
#219 = CARTESIAN_POINT ( 'NONE',  ( 4.070000000000039364, 4.094999999999981100, 5.549999999999979394 ) ) ;
#220 = ORIENTED_EDGE ( 'NONE', *, *, #992, .F. ) ;
#221 = MECHANICAL_DESIGN_GEOMETRIC_PRESENTATION_REPRESENTATION (  '', ( #1417 ), #162 ) ;
#222 = VECTOR ( 'NONE', #3205, 1000.000000000000000 ) ;
#223 = MECHANICAL_DESIGN_GEOMETRIC_PRESENTATION_REPRESENTATION (  '', ( #2298 ), #514 ) ;
#224 = LINE ( 'NONE', #1801, #648 ) ;
#225 = SURFACE_STYLE_USAGE ( .BOTH. , #205 ) ;
#226 = SURFACE_STYLE_FILL_AREA ( #177 ) ;
#227 = EDGE_CURVE ( 'NONE', #444, #1826, #1645, .T. ) ;
#228 = DIRECTION ( 'NONE',  ( 1.000000000000000000, 0.000000000000000000, -7.067670016944194956E-15 ) ) ;
#229 = SURFACE_STYLE_FILL_AREA ( #3534 ) ;
#230 = EDGE_CURVE ( 'NONE', #2202, #2615, #1374, .T. ) ;
#231 = DIRECTION ( 'NONE',  ( 1.000000000000000000, 8.470329472540635575E-17, 2.865565945491038342E-31 ) ) ;
#232 = ORIENTED_EDGE ( 'NONE', *, *, #3179, .T. ) ;
#233 = CARTESIAN_POINT ( 'NONE',  ( -6.200000000000041034, 2.551923788646675018, -5.749999999999952927 ) ) ;
#234 = LINE ( 'NONE', #1330, #961 ) ;
#235 = PRESENTATION_STYLE_ASSIGNMENT (( #2698 ) ) ;
#236 = ORIENTED_EDGE ( 'NONE', *, *, #1052, .F. ) ;
#237 = FILL_AREA_STYLE_COLOUR ( '', #2156 ) ;
#238 = SURFACE_STYLE_USAGE ( .BOTH. , #1678 ) ;
#239 = UNCERTAINTY_MEASURE_WITH_UNIT (LENGTH_MEASURE( 1.000000000000000082E-05 ), #2586, 'distance_accuracy_value', 'NONE');
#240 = FACE_OUTER_BOUND ( 'NONE', #631, .T. ) ;
#241 = CARTESIAN_POINT ( 'NONE',  ( 4.069999999999983409, -3.399999999999987921, -2.530000000000018900 ) ) ;
#242 =( GEOMETRIC_REPRESENTATION_CONTEXT ( 3 ) GLOBAL_UNCERTAINTY_ASSIGNED_CONTEXT ( ( #922 ) ) GLOBAL_UNIT_ASSIGNED_CONTEXT ( ( #2416, #1344, #2443 ) ) REPRESENTATION_CONTEXT ( 'NONE', 'WORKASPACE' ) );
#243 = VECTOR ( 'NONE', #1665, 1000.000000000000000 ) ;
#244 = DIRECTION ( 'NONE',  ( 6.866613759074863256E-15, 0.000000000000000000, 1.000000000000000000 ) ) ;
#245 = LINE ( 'NONE', #1033, #1049 ) ;
#246 = VECTOR ( 'NONE', #446, 1000.000000000000000 ) ;
#247 = ADVANCED_FACE ( 'NONE', ( #2124 ), #1841, .T. ) ;
#248 =( NAMED_UNIT ( * ) PLANE_ANGLE_UNIT ( ) SI_UNIT ( $, .RADIAN. ) );
#249 = DIRECTION ( 'NONE',  ( 8.470329472540465477E-17, -1.000000000000000000, -3.627765757092197324E-15 ) ) ;
#250 = EDGE_LOOP ( 'NONE', ( #1281, #2079, #1440, #3363 ) ) ;
#251 = EDGE_CURVE ( 'NONE', #145, #2202, #65, .T. ) ;
#252 = CARTESIAN_POINT ( 'NONE',  ( -4.070000000000017160, 4.095000000000005080, -2.529999999999961613 ) ) ;
#253 = DIRECTION ( 'NONE',  ( -2.467665226597232396E-29, -1.000000000000000000, -3.491483361109382461E-15 ) ) ;
#254 =( GEOMETRIC_REPRESENTATION_CONTEXT ( 3 ) GLOBAL_UNCERTAINTY_ASSIGNED_CONTEXT ( ( #2899 ) ) GLOBAL_UNIT_ASSIGNED_CONTEXT ( ( #2249, #3068, #2209 ) ) REPRESENTATION_CONTEXT ( 'NONE', 'WORKASPACE' ) );
#255 = EDGE_LOOP ( 'NONE', ( #2553, #3168, #2290, #1953, #2897, #1331, #115, #3161 ) ) ;
#256 = PRESENTATION_LAYER_ASSIGNMENT (  '', '', ( #141 ) ) ;
#257 = SURFACE_SIDE_STYLE ('',( #1059 ) ) ;
#258 = ADVANCED_FACE ( 'NONE', ( #1965 ), #2780, .F. ) ;
#259 = LINE ( 'NONE', #548, #333 ) ;
#260 = CARTESIAN_POINT ( 'NONE',  ( -5.349999999999982769, 4.324999999999992184, 2.650000000000053646 ) ) ;
#261 = CARTESIAN_POINT ( 'NONE',  ( 1.569999999999974527, 2.855000000000011973, -3.770000000000016893 ) ) ;
#262 = ADVANCED_FACE ( 'NONE', ( #1696 ), #1156, .F. ) ;
#263 = DIRECTION ( 'NONE',  ( 2.438091212180734091E-29, 1.000000000000000000, 3.491483361109382461E-15 ) ) ;
#264 = PLANE ( 'NONE',  #1687 ) ;
#265 = EDGE_LOOP ( 'NONE', ( #512, #2459, #179, #3428 ) ) ;
#266 = CARTESIAN_POINT ( 'NONE',  ( 5.350000000000006750, 5.324999999999998401, 1.049999999999975842 ) ) ;
#267 = CARTESIAN_POINT ( 'NONE',  ( 3.429999999999978844, -3.399999999999987921, -3.130000000000044302 ) ) ;
#268 = ORIENTED_EDGE ( 'NONE', *, *, #649, .F. ) ;
#269 = EDGE_CURVE ( 'NONE', #434, #1222, #2765, .T. ) ;
#270 =( GEOMETRIC_REPRESENTATION_CONTEXT ( 3 ) GLOBAL_UNCERTAINTY_ASSIGNED_CONTEXT ( ( #3235 ) ) GLOBAL_UNIT_ASSIGNED_CONTEXT ( ( #1239, #1000, #1225 ) ) REPRESENTATION_CONTEXT ( 'NONE', 'WORKASPACE' ) );
#271 = PRESENTATION_LAYER_ASSIGNMENT (  '', '', ( #2739 ) ) ;
#272 =( NAMED_UNIT ( * ) SI_UNIT ( $, .STERADIAN. ) SOLID_ANGLE_UNIT ( ) );
#273 = VERTEX_POINT ( 'NONE', #1949 ) ;
#274 = COLOUR_RGB ( '',0.7529411764705882248, 0.7529411764705882248, 0.7529411764705882248 ) ;
#275 = VECTOR ( 'NONE', #3268, 1000.000000000000000 ) ;
#276 = CARTESIAN_POINT ( 'NONE',  ( 4.069999999999983409, 4.095000000000010409, -2.530000000000018900 ) ) ;
#277 = VECTOR ( 'NONE', #3310, 1000.000000000000000 ) ;
#278 = DIRECTION ( 'NONE',  ( -1.000000000000000000, 0.000000000000000000, 6.982966722218764133E-15 ) ) ;
#279 =( GEOMETRIC_REPRESENTATION_CONTEXT ( 3 ) GLOBAL_UNCERTAINTY_ASSIGNED_CONTEXT ( ( #710 ) ) GLOBAL_UNIT_ASSIGNED_CONTEXT ( ( #1380, #1674, #1132 ) ) REPRESENTATION_CONTEXT ( 'NONE', 'WORKASPACE' ) );
#280 = LINE ( 'NONE', #585, #3210 ) ;
#281 = ADVANCED_FACE ( 'NONE', ( #1925 ), #2700, .T. ) ;
#282 = COLOUR_RGB ( '',0.7529411764705882248, 0.7529411764705882248, 0.7529411764705882248 ) ;
#283 = FILL_AREA_STYLE_COLOUR ( '', #1788 ) ;
#284 = SURFACE_SIDE_STYLE ('',( #2473 ) ) ;
#285 = DIRECTION ( 'NONE',  ( -5.605193857299268284E-45, 1.000000000000000000, 3.914088217710582702E-59 ) ) ;
#286 = EDGE_LOOP ( 'NONE', ( #3401, #829, #3378, #1543 ) ) ;
#287 = FACE_OUTER_BOUND ( 'NONE', #2210, .T. ) ;
#288 =( LENGTH_UNIT ( ) NAMED_UNIT ( * ) SI_UNIT ( .MILLI., .METRE. ) );
#289 = EDGE_LOOP ( 'NONE', ( #2408, #1034, #3458, #3417 ) ) ;
#290 = EDGE_LOOP ( 'NONE', ( #1165, #1916, #2185, #166 ) ) ;
#291 = DIRECTION ( 'NONE',  ( 0.000000000000000000, 3.330671096141718332E-15, -1.000000000000000000 ) ) ;
#292 = VERTEX_POINT ( 'NONE', #3528 ) ;
#293 = EDGE_CURVE ( 'NONE', #2589, #1938, #294, .T. ) ;
#294 = LINE ( 'NONE', #2988, #598 ) ;
#295 = LINE ( 'NONE', #1387, #1706 ) ;
#296 = LINE ( 'NONE', #3286, #2119 ) ;
#297 = SURFACE_SIDE_STYLE ('',( #2704 ) ) ;
#298 = CARTESIAN_POINT ( 'NONE',  ( 6.200000000000039257, 6.149999999999980815, 5.749999999999975131 ) ) ;
#299 = VECTOR ( 'NONE', #802, 1000.000000000000000 ) ;
#300 = CARTESIAN_POINT ( 'NONE',  ( -1.570000000000021600, -3.399999999999987921, -3.130000000000009219 ) ) ;
#301 =( NAMED_UNIT ( * ) SI_UNIT ( $, .STERADIAN. ) SOLID_ANGLE_UNIT ( ) );
#302 = ORIENTED_EDGE ( 'NONE', *, *, #1456, .T. ) ;
#303 = VECTOR ( 'NONE', #1767, 1000.000000000000000 ) ;
#304 =( LENGTH_UNIT ( ) NAMED_UNIT ( * ) SI_UNIT ( .MILLI., .METRE. ) );
#305 =( NAMED_UNIT ( * ) PLANE_ANGLE_UNIT ( ) SI_UNIT ( $, .RADIAN. ) );
#306 = ORIENTED_EDGE ( 'NONE', *, *, #885, .T. ) ;
#307 = STYLED_ITEM ( 'NONE', ( #1890 ), #1267 ) ;
#308 = AXIS2_PLACEMENT_3D ( 'NONE', #175, #2374, #3461 ) ;
#309 = SURFACE_STYLE_FILL_AREA ( #2787 ) ;
#310 = LINE ( 'NONE', #3381, #152 ) ;
#311 = VERTEX_POINT ( 'NONE', #1058 ) ;
#312 = DIRECTION ( 'NONE',  ( 0.000000000000000000, 3.491483361109382461E-15, -1.000000000000000000 ) ) ;
#313 = SURFACE_STYLE_FILL_AREA ( #547 ) ;
#314 = UNCERTAINTY_MEASURE_WITH_UNIT (LENGTH_MEASURE( 1.000000000000000082E-05 ), #744, 'distance_accuracy_value', 'NONE');
#315 = LINE ( 'NONE', #1403, #1068 ) ;
#316 = LINE ( 'NONE', #1892, #733 ) ;
#317 = ADVANCED_FACE ( 'NONE', ( #18 ), #2167, .F. ) ;
#318 = MECHANICAL_DESIGN_GEOMETRIC_PRESENTATION_REPRESENTATION (  '', ( #84 ), #942 ) ;
#319 = SURFACE_STYLE_USAGE ( .BOTH. , #3035 ) ;
#320 = EDGE_CURVE ( 'NONE', #3492, #2925, #3254, .T. ) ;
#321 = FACE_OUTER_BOUND ( 'NONE', #182, .T. ) ;
#322 = DIRECTION ( 'NONE',  ( 0.000000000000000000, 3.383063143860832017E-15, -1.000000000000000000 ) ) ;
#323 = CARTESIAN_POINT ( 'NONE',  ( 0.9299999999999786215, 2.855000000000011973, -3.130000000000000782 ) ) ;
#324 = DIRECTION ( 'NONE',  ( 2.438091212180734091E-29, 1.000000000000000000, 3.491483361109382461E-15 ) ) ;
#325 = ORIENTED_EDGE ( 'NONE', *, *, #2922, .F. ) ;
#326 = ADVANCED_FACE ( 'NONE', ( #3302 ), #1889, .T. ) ;
#327 = ORIENTED_EDGE ( 'NONE', *, *, #142, .T. ) ;
#328 = VECTOR ( 'NONE', #2878, 1000.000000000000000 ) ;
#329 = SURFACE_STYLE_FILL_AREA ( #381 ) ;
#330 = ORIENTED_EDGE ( 'NONE', *, *, #637, .T. ) ;
#331 = COLOUR_RGB ( '',0.7529411764705882248, 0.7529411764705882248, 0.7529411764705882248 ) ;
#332 = EDGE_CURVE ( 'NONE', #2272, #2879, #2152, .T. ) ;
#333 = VECTOR ( 'NONE', #1639, 1000.000000000000000 ) ;
#334 = PRESENTATION_STYLE_ASSIGNMENT (( #1689 ) ) ;
#335 = FILL_AREA_STYLE ('',( #917 ) ) ;
#336 = ORIENTED_EDGE ( 'NONE', *, *, #2822, .F. ) ;
#337 = DIRECTION ( 'NONE',  ( 6.982966722218764133E-15, -0.000000000000000000, 1.000000000000000000 ) ) ;
#338 = VECTOR ( 'NONE', #1997, 1000.000000000000000 ) ;
#339 = VECTOR ( 'NONE', #2444, 1000.000000000000000 ) ;
#340 = CIRCLE ( 'NONE', #2634, 0.5999999999999998668 ) ;
#341 = VECTOR ( 'NONE', #3431, 1000.000000000000000 ) ;
#342 = DIRECTION ( 'NONE',  ( 6.176182239252747266E-15, 0.5000000000000013323, 0.8660254037844378194 ) ) ;
#343 = SURFACE_STYLE_USAGE ( .BOTH. , #2528 ) ;
#344 = AXIS2_PLACEMENT_3D ( 'NONE', #2904, #2624, #124 ) ;
#345 = EDGE_CURVE ( 'NONE', #57, #386, #1316, .T. ) ;
#346 =( GEOMETRIC_REPRESENTATION_CONTEXT ( 3 ) GLOBAL_UNCERTAINTY_ASSIGNED_CONTEXT ( ( #239 ) ) GLOBAL_UNIT_ASSIGNED_CONTEXT ( ( #2586, #1859, #2956 ) ) REPRESENTATION_CONTEXT ( 'NONE', 'WORKASPACE' ) );
#347 = DIRECTION ( 'NONE',  ( 7.228014483236698330E-15, 0.000000000000000000, 1.000000000000000000 ) ) ;
#348 = CARTESIAN_POINT ( 'NONE',  ( -5.300000000000008704, 0.4000000000000051847, -1.249999999999959588 ) ) ;
#349 = PLANE ( 'NONE',  #3036 ) ;
#350 = VERTEX_POINT ( 'NONE', #1744 ) ;
#351 = EDGE_LOOP ( 'NONE', ( #3159, #3041, #491, #783 ) ) ;
#352 = PRESENTATION_STYLE_ASSIGNMENT (( #1451 ) ) ;
#353 = CARTESIAN_POINT ( 'NONE',  ( 5.299999999999958966, 1.936215334656482104E-14, -5.750000000000039968 ) ) ;
#354 = LINE ( 'NONE', #1420, #764 ) ;
#355 = ORIENTED_EDGE ( 'NONE', *, *, #524, .F. ) ;
#356 = UNCERTAINTY_MEASURE_WITH_UNIT (LENGTH_MEASURE( 1.000000000000000082E-05 ), #1373, 'distance_accuracy_value', 'NONE');
#357 = DIRECTION ( 'NONE',  ( -5.605193857299268284E-45, 1.000000000000000000, 3.914088217710582702E-59 ) ) ;
#358 = CARTESIAN_POINT ( 'NONE',  ( 5.299999999999959854, 1.929879867024197893E-14, -5.750000000000041744 ) ) ;
#359 = EDGE_LOOP ( 'NONE', ( #160, #2431, #2692, #2649 ) ) ;
#360 = VECTOR ( 'NONE', #3144, 1000.000000000000000 ) ;
#361 = ORIENTED_EDGE ( 'NONE', *, *, #3403, .F. ) ;
#362 = EDGE_CURVE ( 'NONE', #2320, #3244, #2274, .T. ) ;
#363 = STYLED_ITEM ( 'NONE', ( #2246 ), #924 ) ;
#364 = DIRECTION ( 'NONE',  ( -1.000000000000000000, 0.000000000000000000, 6.982966722218764922E-15 ) ) ;
#365 = FILL_AREA_STYLE_COLOUR ( '', #2165 ) ;
#366 = EDGE_CURVE ( 'NONE', #1773, #2642, #114, .T. ) ;
#367 = DIRECTION ( 'NONE',  ( 7.047314121155780399E-15, 0.000000000000000000, 1.000000000000000000 ) ) ;
#368 = DIRECTION ( 'NONE',  ( 6.982966722218764922E-15, 0.000000000000000000, 1.000000000000000000 ) ) ;
#369 = ORIENTED_EDGE ( 'NONE', *, *, #2926, .F. ) ;
#370 = SURFACE_STYLE_USAGE ( .BOTH. , #3102 ) ;
#371 = VERTEX_POINT ( 'NONE', #353 ) ;
#372 = LINE ( 'NONE', #672, #3402 ) ;
#373 = SURFACE_SIDE_STYLE ('',( #390 ) ) ;
#374 = CARTESIAN_POINT ( 'NONE',  ( 1.570000000000039364, 3.454999999999996962, 5.549999999999998046 ) ) ;
#375 = PRESENTATION_STYLE_ASSIGNMENT (( #2602 ) ) ;
#376 = LINE ( 'NONE', #1736, #1250 ) ;
#377 = CARTESIAN_POINT ( 'NONE',  ( -3.429999999999976623, 3.454999999999996962, 1.050000000000030687 ) ) ;
#378 = VERTEX_POINT ( 'NONE', #2241 ) ;
#379 = EDGE_LOOP ( 'NONE', ( #3150, #2024, #1604, #713 ) ) ;
#380 = PRESENTATION_STYLE_ASSIGNMENT (( #2382 ) ) ;
#381 = FILL_AREA_STYLE ('',( #365 ) ) ;
#382 = DIRECTION ( 'NONE',  ( -1.000000000000000000, 0.000000000000000000, 6.982966722218764133E-15 ) ) ;
#383 = VECTOR ( 'NONE', #3438, 1000.000000000000000 ) ;
#384 = SURFACE_STYLE_USAGE ( .BOTH. , #859 ) ;
#385 = ORIENTED_EDGE ( 'NONE', *, *, #579, .T. ) ;
#386 = VERTEX_POINT ( 'NONE', #582 ) ;
#387 = ADVANCED_FACE ( 'NONE', ( #1151 ), #916, .F. ) ;
#388 = CARTESIAN_POINT ( 'NONE',  ( -4.069999999999985185, 4.094999999999997087, 1.050000000000035794 ) ) ;
#389 = UNCERTAINTY_MEASURE_WITH_UNIT (LENGTH_MEASURE( 1.000000000000000082E-05 ), #944, 'distance_accuracy_value', 'NONE');
#390 = SURFACE_STYLE_FILL_AREA ( #2584 ) ;
#391 = COLOUR_RGB ( '',0.7529411764705882248, 0.7529411764705882248, 0.7529411764705882248 ) ;
#392 = SURFACE_SIDE_STYLE ('',( #963 ) ) ;
#393 = SURFACE_STYLE_FILL_AREA ( #777 ) ;
#394 = ORIENTED_EDGE ( 'NONE', *, *, #2300, .T. ) ;
#395 = AXIS2_PLACEMENT_3D ( 'NONE', #2834, #1219, #2042 ) ;
#396 = CARTESIAN_POINT ( 'NONE',  ( -5.349999999999959677, 4.324999999999980638, 5.750000000000047962 ) ) ;
#397 = CARTESIAN_POINT ( 'NONE',  ( -6.199999999999961098, 6.149999999999980815, 5.750000000000060396 ) ) ;
#398 = FACE_OUTER_BOUND ( 'NONE', #1494, .T. ) ;
#399 = CARTESIAN_POINT ( 'NONE',  ( -6.200000000000008171, 6.150000000000006573, -1.249999999999939826 ) ) ;
#400 = DIRECTION ( 'NONE',  ( -1.000000000000000000, 0.000000000000000000, 6.982966722218764133E-15 ) ) ;
#401 = ORIENTED_EDGE ( 'NONE', *, *, #3465, .T. ) ;
#402 = DIRECTION ( 'NONE',  ( -1.000000000000000000, 0.000000000000000000, 6.982966722218764922E-15 ) ) ;
#403 = ORIENTED_EDGE ( 'NONE', *, *, #1677, .F. ) ;
#404 = EDGE_CURVE ( 'NONE', #2941, #2805, #78, .T. ) ;
#405 = CARTESIAN_POINT ( 'NONE',  ( 4.070000000000032259, 4.094999999999981100, 5.549999999999979394 ) ) ;
#406 = FACE_BOUND ( 'NONE', #52, .T. ) ;
#407 = CARTESIAN_POINT ( 'NONE',  ( -6.199999999999961098, 1.224999999999980771, 5.750000000000043521 ) ) ;
#408 =( NAMED_UNIT ( * ) SI_UNIT ( $, .STERADIAN. ) SOLID_ANGLE_UNIT ( ) );
#409 =( NAMED_UNIT ( * ) SI_UNIT ( $, .STERADIAN. ) SOLID_ANGLE_UNIT ( ) );
#410 = CARTESIAN_POINT ( 'NONE',  ( -4.070000000000008278, 4.095000000000010409, -1.249999999999964029 ) ) ;
#411 = EDGE_LOOP ( 'NONE', ( #1485, #2921, #385, #607, #488, #974, #2198, #1548 ) ) ;
#412 = DIRECTION ( 'NONE',  ( 2.438091212180734091E-29, 1.000000000000000000, 3.491483361109382461E-15 ) ) ;
#413 = SURFACE_STYLE_FILL_AREA ( #181 ) ;
#414 = ORIENTED_EDGE ( 'NONE', *, *, #2562, .F. ) ;
#415 = VECTOR ( 'NONE', #2663, 1000.000000000000000 ) ;
#416 = PRESENTATION_LAYER_ASSIGNMENT (  '', '', ( #932 ) ) ;
#417 = DIRECTION ( 'NONE',  ( -8.470329472540465477E-17, 1.000000000000000000, 3.627765757092197324E-15 ) ) ;
#418 = EDGE_CURVE ( 'NONE', #612, #2140, #2277, .T. ) ;
#419 = SURFACE_STYLE_FILL_AREA ( #2910 ) ;
#420 = LINE ( 'NONE', #2404, #553 ) ;
#421 = UNCERTAINTY_MEASURE_WITH_UNIT (LENGTH_MEASURE( 1.000000000000000082E-05 ), #975, 'distance_accuracy_value', 'NONE');
#422 = EDGE_LOOP ( 'NONE', ( #700, #1096, #1733, #2518 ) ) ;
#423 = CARTESIAN_POINT ( 'NONE',  ( 4.250000000000019540, 5.324999999999994849, 2.049999999999983835 ) ) ;
#424 = PRESENTATION_LAYER_ASSIGNMENT (  '', '', ( #131 ) ) ;
#425 = VERTEX_POINT ( 'NONE', #1402 ) ;
#426 = PLANE ( 'NONE',  #871 ) ;
#427 = EDGE_CURVE ( 'NONE', #2751, #667, #1135, .T. ) ;
#428 = CARTESIAN_POINT ( 'NONE',  ( 1.570000000000039364, 4.094999999999997087, 1.050000000000002265 ) ) ;
#429 = MECHANICAL_DESIGN_GEOMETRIC_PRESENTATION_REPRESENTATION (  '', ( #3069 ), #2892 ) ;
#430 = EDGE_CURVE ( 'NONE', #125, #1001, #3365, .T. ) ;
#431 = SURFACE_SIDE_STYLE ('',( #2004 ) ) ;
#432 = CARTESIAN_POINT ( 'NONE',  ( -6.199999999999961098, 4.324999999999980638, 5.750000000000053291 ) ) ;
#433 =( NAMED_UNIT ( * ) SI_UNIT ( $, .STERADIAN. ) SOLID_ANGLE_UNIT ( ) );
#434 = VERTEX_POINT ( 'NONE', #894 ) ;
#435 = VECTOR ( 'NONE', #312, 1000.000000000000000 ) ;
#436 = EDGE_CURVE ( 'NONE', #2842, #1773, #601, .T. ) ;
#437 = CARTESIAN_POINT ( 'NONE',  ( 1.569999999999978746, -3.399999999999987921, -3.130000000000027871 ) ) ;
#438 = LINE ( 'NONE', #2607, #3538 ) ;
#439 = EDGE_LOOP ( 'NONE', ( #3018, #984, #2639, #3385 ) ) ;
#440 = PRESENTATION_STYLE_ASSIGNMENT (( #2893 ) ) ;
#441 = CARTESIAN_POINT ( 'NONE',  ( -6.199999999999961098, -1.913616834436914695E-14, 5.750000000000041744 ) ) ;
#442 = ORIENTED_EDGE ( 'NONE', *, *, #892, .T. ) ;
#443 = FILL_AREA_STYLE ('',( #2462 ) ) ;
#444 = VERTEX_POINT ( 'NONE', #3349 ) ;
#445 =( GEOMETRIC_REPRESENTATION_CONTEXT ( 3 ) GLOBAL_UNCERTAINTY_ASSIGNED_CONTEXT ( ( #176 ) ) GLOBAL_UNIT_ASSIGNED_CONTEXT ( ( #2242, #2505, #1690 ) ) REPRESENTATION_CONTEXT ( 'NONE', 'WORKASPACE' ) );
#446 = DIRECTION ( 'NONE',  ( 1.000000000000000000, -2.438091212180734091E-29, -8.512554900196038087E-44 ) ) ;
#447 = COLOUR_RGB ( '',0.7529411764705882248, 0.7529411764705882248, 0.7529411764705882248 ) ;
#448 = AXIS2_PLACEMENT_3D ( 'NONE', #1198, #2305, #2900 ) ;
#449 = AXIS2_PLACEMENT_3D ( 'NONE', #88, #908, #2232 ) ;
#450 =( LENGTH_UNIT ( ) NAMED_UNIT ( * ) SI_UNIT ( .MILLI., .METRE. ) );
#451 = ORIENTED_EDGE ( 'NONE', *, *, #997, .T. ) ;
#452 = MECHANICAL_DESIGN_GEOMETRIC_PRESENTATION_REPRESENTATION (  '', ( #40 ), #213 ) ;
#453 = VECTOR ( 'NONE', #936, 1000.000000000000000 ) ;
#454 = ORIENTED_EDGE ( 'NONE', *, *, #2325, .F. ) ;
#455 = EDGE_CURVE ( 'NONE', #3557, #311, #650, .T. ) ;
#456 = VECTOR ( 'NONE', #1937, 1000.000000000000000 ) ;
#457 = FACE_OUTER_BOUND ( 'NONE', #2774, .T. ) ;
#458 = FILL_AREA_STYLE ('',( #2109 ) ) ;
#459 = ORIENTED_EDGE ( 'NONE', *, *, #142, .F. ) ;
#460 = STYLED_ITEM ( 'NONE', ( #486 ), #2857 ) ;
#461 = PLANE ( 'NONE',  #2539 ) ;
#462 = DIRECTION ( 'NONE',  ( 6.994852725712930636E-15, 0.000000000000000000, 1.000000000000000000 ) ) ;
#463 = CARTESIAN_POINT ( 'NONE',  ( -5.300000000000031797, 2.551923788646673685, -5.749999999999960032 ) ) ;
#464 = ORIENTED_EDGE ( 'NONE', *, *, #2073, .T. ) ;
#465 = AXIS2_PLACEMENT_3D ( 'NONE', #2174, #1046, #3279 ) ;
#466 = SURFACE_STYLE_FILL_AREA ( #443 ) ;
#467 = ORIENTED_EDGE ( 'NONE', *, *, #729, .F. ) ;
#468 = LINE ( 'NONE', #3497, #2324 ) ;
#469 = UNCERTAINTY_MEASURE_WITH_UNIT (LENGTH_MEASURE( 1.000000000000000082E-05 ), #3026, 'distance_accuracy_value', 'NONE');
#470 = CARTESIAN_POINT ( 'NONE',  ( 0.9299999999999782885, -3.399999999999987921, -3.130000000000026539 ) ) ;
#471 = SURFACE_STYLE_FILL_AREA ( #3466 ) ;
#472 = CARTESIAN_POINT ( 'NONE',  ( 4.069999999999974527, -3.399999999999986144, -3.770000000000045315 ) ) ;
#473 = PLANE ( 'NONE',  #1627 ) ;
#474 = EDGE_LOOP ( 'NONE', ( #754, #2022, #779, #70 ) ) ;
#475 = DIRECTION ( 'NONE',  ( -6.982966722218764922E-15, 0.000000000000000000, -1.000000000000000000 ) ) ;
#476 = VERTEX_POINT ( 'NONE', #858 ) ;
#477 = CARTESIAN_POINT ( 'NONE',  ( 1.570000000000031370, 4.094999999999981100, 5.549999999999998046 ) ) ;
#478 = CARTESIAN_POINT ( 'NONE',  ( 4.070000000000007390, 4.094999999999992646, 1.049999999999982503 ) ) ;
#479 = ORIENTED_EDGE ( 'NONE', *, *, #3083, .T. ) ;
#480 = SURFACE_STYLE_USAGE ( .BOTH. , #3216 ) ;
#481 = ADVANCED_FACE ( 'NONE', ( #1471 ), #2576, .T. ) ;
#482 = ORIENTED_EDGE ( 'NONE', *, *, #1544, .F. ) ;
#483 =( NAMED_UNIT ( * ) PLANE_ANGLE_UNIT ( ) SI_UNIT ( $, .RADIAN. ) );
#484 = VECTOR ( 'NONE', #1426, 1000.000000000000000 ) ;
#485 = LINE ( 'NONE', #2919, #2771 ) ;
#486 = PRESENTATION_STYLE_ASSIGNMENT (( #518 ) ) ;
#487 = CARTESIAN_POINT ( 'NONE',  ( -3.430000000000021476, -3.399999999999987921, -3.129999999999978133 ) ) ;
#488 = ORIENTED_EDGE ( 'NONE', *, *, #2708, .T. ) ;
#489 = LINE ( 'NONE', #1160, #46 ) ;
#490 = DIRECTION ( 'NONE',  ( -1.000000000000000000, 0.000000000000000000, 6.982966722218764133E-15 ) ) ;
#491 = ORIENTED_EDGE ( 'NONE', *, *, #3061, .F. ) ;
#492 = FACE_BOUND ( 'NONE', #991, .T. ) ;
#493 = SURFACE_SIDE_STYLE ('',( #2715 ) ) ;
#494 = DIRECTION ( 'NONE',  ( 5.605193857299268284E-45, -1.000000000000000000, -3.914088217710582702E-59 ) ) ;
#495 = ORIENTED_EDGE ( 'NONE', *, *, #2623, .F. ) ;
#496 = DIRECTION ( 'NONE',  ( -6.982966722218764922E-15, 0.000000000000000000, -1.000000000000000000 ) ) ;
#497 = LINE ( 'NONE', #709, #246 ) ;
#498 = UNCERTAINTY_MEASURE_WITH_UNIT (LENGTH_MEASURE( 1.000000000000000082E-05 ), #769, 'distance_accuracy_value', 'NONE');
#499 =( LENGTH_UNIT ( ) NAMED_UNIT ( * ) SI_UNIT ( .MILLI., .METRE. ) );
#500 = PRESENTATION_LAYER_ASSIGNMENT (  '', '', ( #3024 ) ) ;
#501 = ADVANCED_FACE ( 'NONE', ( #1793 ), #461, .F. ) ;
#502 = PLANE ( 'NONE',  #3276 ) ;
#503 = DIRECTION ( 'NONE',  ( -1.000000000000000000, 0.000000000000000000, 6.982966722218764133E-15 ) ) ;
#504 = PRESENTATION_LAYER_ASSIGNMENT (  '', '', ( #154 ) ) ;
#505 = COLOUR_RGB ( '',0.7529411764705882248, 0.7529411764705882248, 0.7529411764705882248 ) ;
#506 = CARTESIAN_POINT ( 'NONE',  ( 1.569999999999978746, 2.855000000000011973, -3.130000000000005667 ) ) ;
#507 = VECTOR ( 'NONE', #1732, 1000.000000000000000 ) ;
#508 = EDGE_LOOP ( 'NONE', ( #459, #2348, #132, #644 ) ) ;
#509 =( GEOMETRIC_REPRESENTATION_CONTEXT ( 3 ) GLOBAL_UNCERTAINTY_ASSIGNED_CONTEXT ( ( #2616 ) ) GLOBAL_UNIT_ASSIGNED_CONTEXT ( ( #3550, #584, #1607 ) ) REPRESENTATION_CONTEXT ( 'NONE', 'WORKASPACE' ) );
#510 = DIRECTION ( 'NONE',  ( 1.000000000000000000, -0.000000000000000000, -6.982966722218764133E-15 ) ) ;
#511 = FILL_AREA_STYLE_COLOUR ( '', #2223 ) ;
#512 = ORIENTED_EDGE ( 'NONE', *, *, #2084, .T. ) ;
#513 = STYLED_ITEM ( 'NONE', ( #1396 ), #2686 ) ;
#514 =( GEOMETRIC_REPRESENTATION_CONTEXT ( 3 ) GLOBAL_UNCERTAINTY_ASSIGNED_CONTEXT ( ( #2972 ) ) GLOBAL_UNIT_ASSIGNED_CONTEXT ( ( #450, #138, #1770 ) ) REPRESENTATION_CONTEXT ( 'NONE', 'WORKASPACE' ) );
#515 = FILL_AREA_STYLE ('',( #3046 ) ) ;
#516 = CARTESIAN_POINT ( 'NONE',  ( 0.9300000000000074873, 3.454999999999989413, 1.049999999999998712 ) ) ;
#517 = DIRECTION ( 'NONE',  ( 5.605193857299268284E-45, -1.000000000000000000, -3.914088217710582702E-59 ) ) ;
#518 = SURFACE_STYLE_USAGE ( .BOTH. , #3533 ) ;
#519 = SURFACE_STYLE_USAGE ( .BOTH. , #2457 ) ;
#520 = EDGE_CURVE ( 'NONE', #935, #697, #1565, .T. ) ;
#521 = ORIENTED_EDGE ( 'NONE', *, *, #899, .T. ) ;
#522 = SURFACE_SIDE_STYLE ('',( #2997 ) ) ;
#523 = ORIENTED_EDGE ( 'NONE', *, *, #251, .F. ) ;
#524 = EDGE_CURVE ( 'NONE', #2699, #3044, #1811, .T. ) ;
#525 = FACE_BOUND ( 'NONE', #3120, .T. ) ;
#526 =( NAMED_UNIT ( * ) SI_UNIT ( $, .STERADIAN. ) SOLID_ANGLE_UNIT ( ) );
#527 = LINE ( 'NONE', #1618, #1928 ) ;
#528 = EDGE_LOOP ( 'NONE', ( #920, #232, #1746, #1007 ) ) ;
#529 = SURFACE_STYLE_USAGE ( .BOTH. , #1855 ) ;
#530 = FILL_AREA_STYLE ('',( #3008 ) ) ;
#531 = MECHANICAL_DESIGN_GEOMETRIC_PRESENTATION_REPRESENTATION (  '', ( #1277 ), #1505 ) ;
#532 = ADVANCED_FACE ( 'NONE', ( #398 ), #2909, .F. ) ;
#533 = DIRECTION ( 'NONE',  ( -5.605193857299268284E-45, 1.000000000000000000, 3.914088217710582702E-59 ) ) ;
#534 = CARTESIAN_POINT ( 'NONE',  ( -4.070000000000021600, 2.855000000000011973, -3.129999999999966143 ) ) ;
#535 = CARTESIAN_POINT ( 'NONE',  ( 2.800000000000018474, 6.149999999999990585, 2.049999999999994493 ) ) ;
#536 = VECTOR ( 'NONE', #204, 1000.000000000000000 ) ;
#537 = ORIENTED_EDGE ( 'NONE', *, *, #3460, .F. ) ;
#538 = CARTESIAN_POINT ( 'NONE',  ( -4.070000000000017160, 3.455000000000010285, -2.529999999999965166 ) ) ;
#539 = VERTEX_POINT ( 'NONE', #477 ) ;
#540 = AXIS2_PLACEMENT_3D ( 'NONE', #1805, #680, #1753 ) ;
#541 = EDGE_CURVE ( 'NONE', #2419, #1382, #2927, .T. ) ;
#542 = DIRECTION ( 'NONE',  ( -2.438091212180734091E-29, -1.000000000000000000, -3.491483361109382461E-15 ) ) ;
#543 = PRESENTATION_STYLE_ASSIGNMENT (( #3563 ) ) ;
#544 = CARTESIAN_POINT ( 'NONE',  ( -6.199999999999961098, 6.149999999999994138, 5.750000000000057732 ) ) ;
#545 = COLOUR_RGB ( '',0.7529411764705882248, 0.7529411764705882248, 0.7529411764705882248 ) ;
#546 = EDGE_LOOP ( 'NONE', ( #3259, #3004, #835, #999, #202, #2027, #495, #1594, #53, #327, #2592, #1761 ) ) ;
#547 = FILL_AREA_STYLE ('',( #2433 ) ) ;
#548 = CARTESIAN_POINT ( 'NONE',  ( 5.350000000000007638, 1.224999999999998090, 1.049999999999961187 ) ) ;
#549 = DIRECTION ( 'NONE',  ( 0.000000000000000000, -3.383063143860832017E-15, 1.000000000000000000 ) ) ;
#550 = CARTESIAN_POINT ( 'NONE',  ( -6.200000000000008171, 5.150000000000006573, -1.249999999999943157 ) ) ;
#551 = CARTESIAN_POINT ( 'NONE',  ( 4.069999999999983409, 2.855000000000010196, -2.530000000000022897 ) ) ;
#552 = VERTEX_POINT ( 'NONE', #3415 ) ;
#553 = VECTOR ( 'NONE', #3192, 1000.000000000000000 ) ;
#554 = CARTESIAN_POINT ( 'NONE',  ( -3.429999999999960636, 4.094999999999981100, 5.550000000000033573 ) ) ;
#555 = LINE ( 'NONE', #1651, #1074 ) ;
#556 = VERTEX_POINT ( 'NONE', #198 ) ;
#557 = ORIENTED_EDGE ( 'NONE', *, *, #1832, .F. ) ;
#558 = EDGE_CURVE ( 'NONE', #888, #2642, #2315, .T. ) ;
#559 = PRESENTATION_LAYER_ASSIGNMENT (  '', '', ( #215 ) ) ;
#560 = DIRECTION ( 'NONE',  ( -2.467665226597232396E-29, -1.000000000000000000, -3.491483361109382461E-15 ) ) ;
#561 = CARTESIAN_POINT ( 'NONE',  ( -2.799999999999962519, 5.324999999999981526, 5.750000000000021316 ) ) ;
#562 = ORIENTED_EDGE ( 'NONE', *, *, #1405, .F. ) ;
#563 = EDGE_CURVE ( 'NONE', #3456, #3154, #1490, .T. ) ;
#564 = CIRCLE ( 'NONE', #3089, 1.240000000000000213 ) ;
#565 = STYLED_ITEM ( 'NONE', ( #440 ), #2247 ) ;
#566 = PRESENTATION_STYLE_ASSIGNMENT (( #529 ) ) ;
#567 = CARTESIAN_POINT ( 'NONE',  ( 7.499999999999982236, 2.855000000000010196, -2.530000000000046878 ) ) ;
#568 = PRODUCT_DEFINITION_CONTEXT ( 'detailed design', #133, 'design' ) ;
#569 = CARTESIAN_POINT ( 'NONE',  ( 4.250000000000024869, 6.149999999999994138, 2.049999999999985612 ) ) ;
#570 = VECTOR ( 'NONE', #3096, 1000.000000000000000 ) ;
#571 = PLANE ( 'NONE',  #1936 ) ;
#572 = EDGE_CURVE ( 'NONE', #1193, #910, #949, .T. ) ;
#573 = PLANE ( 'NONE',  #2544 ) ;
#574 = LINE ( 'NONE', #1104, #1545 ) ;
#575 = ORIENTED_EDGE ( 'NONE', *, *, #2345, .F. ) ;
#576 =( NAMED_UNIT ( * ) SI_UNIT ( $, .STERADIAN. ) SOLID_ANGLE_UNIT ( ) );
#577 = DIRECTION ( 'NONE',  ( -1.000000000000000000, 0.000000000000000000, 6.982966722218764133E-15 ) ) ;
#578 = ORIENTED_EDGE ( 'NONE', *, *, #2869, .F. ) ;
#579 = EDGE_CURVE ( 'NONE', #3110, #888, #1076, .T. ) ;
#580 = DIRECTION ( 'NONE',  ( 1.636961662837532716E-30, -1.000000000000000000, -1.219832877006084217E-44 ) ) ;
#581 = ORIENTED_EDGE ( 'NONE', *, *, #2442, .F. ) ;
#582 = CARTESIAN_POINT ( 'NONE',  ( -0.9300000000000256950, -3.399999999999987477, -3.770000000000010676 ) ) ;
#583 = SURFACE_STYLE_FILL_AREA ( #515 ) ;
#584 =( NAMED_UNIT ( * ) PLANE_ANGLE_UNIT ( ) SI_UNIT ( $, .RADIAN. ) );
#585 = CARTESIAN_POINT ( 'NONE',  ( 4.069999999999983409, 3.455000000000010285, -2.530000000000022009 ) ) ;
#586 = DIRECTION ( 'NONE',  ( -1.000000000000000000, -8.470329472540635575E-17, -2.865565945491038342E-31 ) ) ;
#587 = PRESENTATION_LAYER_ASSIGNMENT (  '', '', ( #3345 ) ) ;
#588 = FILL_AREA_STYLE ('',( #2797 ) ) ;
#589 = VECTOR ( 'NONE', #2192, 1000.000000000000000 ) ;
#590 = FACE_OUTER_BOUND ( 'NONE', #2056, .T. ) ;
#591 = PRESENTATION_STYLE_ASSIGNMENT (( #3053 ) ) ;
#592 = FILL_AREA_STYLE ('',( #2784 ) ) ;
#593 = ORIENTED_EDGE ( 'NONE', *, *, #2151, .F. ) ;
#594 = VERTEX_POINT ( 'NONE', #3490 ) ;
#595 = CARTESIAN_POINT ( 'NONE',  ( -0.9300000000000258060, 2.855000000000011973, -3.769999999999999130 ) ) ;
#596 = CARTESIAN_POINT ( 'NONE',  ( -6.199999999999997513, 6.150000000000006573, -1.249999999999941602 ) ) ;
#597 = SURFACE_SIDE_STYLE ('',( #3062 ) ) ;
#598 = VECTOR ( 'NONE', #1637, 1000.000000000000000 ) ;
#599 = ORIENTED_EDGE ( 'NONE', *, *, #992, .T. ) ;
#600 = DIRECTION ( 'NONE',  ( 1.000000000000000000, -0.000000000000000000, -6.982966722218764133E-15 ) ) ;
#601 = CIRCLE ( 'NONE', #715, 0.5999999999999998668 ) ;
#602 = CARTESIAN_POINT ( 'NONE',  ( -4.070000000000021600, 2.855000000000011973, -3.129999999999966587 ) ) ;
#603 = CARTESIAN_POINT ( 'NONE',  ( -1.766690580721343615E-14, 2.855000000000010196, -2.529999999999994476 ) ) ;
#604 = EDGE_CURVE ( 'NONE', #705, #935, #1293, .T. ) ;
#605 = DIRECTION ( 'NONE',  ( -8.470329472540635575E-17, 1.000000000000000000, 3.383063143860832017E-15 ) ) ;
#606 = SURFACE_STYLE_FILL_AREA ( #592 ) ;
#607 = ORIENTED_EDGE ( 'NONE', *, *, #686, .F. ) ;
#608 = SURFACE_SIDE_STYLE ('',( #309 ) ) ;
#609 = VECTOR ( 'NONE', #1181, 1000.000000000000000 ) ;
#610 = VECTOR ( 'NONE', #2476, 1000.000000000000000 ) ;
#611 = SURFACE_STYLE_USAGE ( .BOTH. , #877 ) ;
#612 = VERTEX_POINT ( 'NONE', #2963 ) ;
#613 = SURFACE_STYLE_FILL_AREA ( #1762 ) ;
#614 = VECTOR ( 'NONE', #2679, 1000.000000000000000 ) ;
#615 = VECTOR ( 'NONE', #2667, 1000.000000000000114 ) ;
#616 =( GEOMETRIC_REPRESENTATION_CONTEXT ( 3 ) GLOBAL_UNCERTAINTY_ASSIGNED_CONTEXT ( ( #2304 ) ) GLOBAL_UNIT_ASSIGNED_CONTEXT ( ( #873, #1729, #1147 ) ) REPRESENTATION_CONTEXT ( 'NONE', 'WORKASPACE' ) );
#617 = DIRECTION ( 'NONE',  ( 6.866613759074863256E-15, 0.000000000000000000, 1.000000000000000000 ) ) ;
#618 = EDGE_CURVE ( 'NONE', #1826, #2695, #2984, .T. ) ;
#619 = AXIS2_PLACEMENT_3D ( 'NONE', #3360, #1143, #1967 ) ;
#620 = LINE ( 'NONE', #2817, #2653 ) ;
#621 = VECTOR ( 'NONE', #194, 1000.000000000000000 ) ;
#622 = SURFACE_STYLE_USAGE ( .BOTH. , #3072 ) ;
#623 = CARTESIAN_POINT ( 'NONE',  ( -1.570000000000017382, 4.095000000000005969, -2.529999999999979376 ) ) ;
#624 = DIRECTION ( 'NONE',  ( 1.000000000000000000, 3.023713287611409032E-15, -1.745741680554701486E-15 ) ) ;
#625 = EDGE_LOOP ( 'NONE', ( #72, #1092, #1017, #2647 ) ) ;
#626 = ORIENTED_EDGE ( 'NONE', *, *, #3197, .F. ) ;
#627 = FILL_AREA_STYLE ('',( #2256 ) ) ;
#628 = ORIENTED_EDGE ( 'NONE', *, *, #3527, .T. ) ;
#629 = ADVANCED_FACE ( 'NONE', ( #492, #525, #321, #1024, #1615 ), #1328, .F. ) ;
#630 = CARTESIAN_POINT ( 'NONE',  ( 4.999999999999984013, 2.855000000000010196, -2.530000000000029559 ) ) ;
#631 = EDGE_LOOP ( 'NONE', ( #1173, #187, #17, #1525, #3252, #1672, #1531, #1541, #1256, #1652 ) ) ;
#632 = PRESENTATION_STYLE_ASSIGNMENT (( #370 ) ) ;
#633 = EDGE_CURVE ( 'NONE', #3456, #2589, #787, .T. ) ;
#634 = ORIENTED_EDGE ( 'NONE', *, *, #3139, .F. ) ;
#635 = LINE ( 'NONE', #1197, #3462 ) ;
#636 = UNCERTAINTY_MEASURE_WITH_UNIT (LENGTH_MEASURE( 1.000000000000000082E-05 ), #1497, 'distance_accuracy_value', 'NONE');
#637 = EDGE_CURVE ( 'NONE', #1467, #371, #2782, .T. ) ;
#638 = LINE ( 'NONE', #2307, #2199 ) ;
#639 =( NAMED_UNIT ( * ) PLANE_ANGLE_UNIT ( ) SI_UNIT ( $, .RADIAN. ) );
#640 = LINE ( 'NONE', #2213, #2681 ) ;
#641 = DIRECTION ( 'NONE',  ( -1.000000000000000000, -8.470329472540635575E-17, -2.865565945491038342E-31 ) ) ;
#642 = EDGE_LOOP ( 'NONE', ( #482, #980, #3367, #3418 ) ) ;
#643 = VECTOR ( 'NONE', #3091, 1000.000000000000000 ) ;
#644 = ORIENTED_EDGE ( 'NONE', *, *, #3065, .F. ) ;
#645 = EDGE_CURVE ( 'NONE', #1970, #2373, #1849, .T. ) ;
#646 = DIRECTION ( 'NONE',  ( -6.982966722218764922E-15, -0.000000000000000000, -1.000000000000000000 ) ) ;
#647 = VERTEX_POINT ( 'NONE', #1865 ) ;
#648 = VECTOR ( 'NONE', #2671, 1000.000000000000000 ) ;
#649 = EDGE_CURVE ( 'NONE', #311, #1992, #3523, .T. ) ;
#650 = LINE ( 'NONE', #1419, #3358 ) ;
#651 = DIRECTION ( 'NONE',  ( -6.982966722218764922E-15, 0.000000000000000000, -1.000000000000000000 ) ) ;
#652 = ORIENTED_EDGE ( 'NONE', *, *, #1903, .T. ) ;
#653 = CARTESIAN_POINT ( 'NONE',  ( -3.430000000000017035, 3.455000000000010285, -2.529999999999966498 ) ) ;
#654 = ORIENTED_EDGE ( 'NONE', *, *, #729, .T. ) ;
#655 = COLOUR_RGB ( '',0.7529411764705882248, 0.7529411764705882248, 0.7529411764705882248 ) ;
#656 = LINE ( 'NONE', #3355, #2483 ) ;
#657 =( GEOMETRIC_REPRESENTATION_CONTEXT ( 3 ) GLOBAL_UNCERTAINTY_ASSIGNED_CONTEXT ( ( #469 ) ) GLOBAL_UNIT_ASSIGNED_CONTEXT ( ( #3026, #2219, #1385 ) ) REPRESENTATION_CONTEXT ( 'NONE', 'WORKASPACE' ) );
#658 = CARTESIAN_POINT ( 'NONE',  ( -1.570000000000021823, 2.855000000000011973, -3.129999999999983462 ) ) ;
#659 = PRODUCT_CONTEXT ( 'NONE', #2036, 'mechanical' ) ;
#660 = ORIENTED_EDGE ( 'NONE', *, *, #911, .F. ) ;
#661 = ORIENTED_EDGE ( 'NONE', *, *, #2590, .F. ) ;
#662 = VERTEX_POINT ( 'NONE', #1886 ) ;
#663 = EDGE_CURVE ( 'NONE', #2633, #145, #3284, .T. ) ;
#664 = SURFACE_SIDE_STYLE ('',( #1243 ) ) ;
#665 = CARTESIAN_POINT ( 'NONE',  ( -5.349999999999984546, 5.324999999999991296, 2.650000000000049205 ) ) ;
#666 = UNCERTAINTY_MEASURE_WITH_UNIT (LENGTH_MEASURE( 1.000000000000000082E-05 ), #748, 'distance_accuracy_value', 'NONE');
#667 = VERTEX_POINT ( 'NONE', #3266 ) ;
#668 = DIRECTION ( 'NONE',  ( 6.982966722218764922E-15, 0.000000000000000000, 1.000000000000000000 ) ) ;
#669 = ADVANCED_FACE ( 'NONE', ( #2250 ), #867, .F. ) ;
#670 = ORIENTED_EDGE ( 'NONE', *, *, #3247, .F. ) ;
#671 = AXIS2_PLACEMENT_3D ( 'NONE', #3226, #490, #1576 ) ;
#672 = CARTESIAN_POINT ( 'NONE',  ( 6.199999999999959321, 2.551923788646675018, -5.750000000000039080 ) ) ;
#673 = STYLED_ITEM ( 'NONE', ( #1574 ), #3088 ) ;
#674 = UNCERTAINTY_MEASURE_WITH_UNIT (LENGTH_MEASURE( 1.000000000000000082E-05 ), #1155, 'distance_accuracy_value', 'NONE');
#675 =( GEOMETRIC_REPRESENTATION_CONTEXT ( 3 ) GLOBAL_UNCERTAINTY_ASSIGNED_CONTEXT ( ( #100 ) ) GLOBAL_UNIT_ASSIGNED_CONTEXT ( ( #2954, #139, #409 ) ) REPRESENTATION_CONTEXT ( 'NONE', 'WORKASPACE' ) );
#676 = PRESENTATION_STYLE_ASSIGNMENT (( #2039 ) ) ;
#677 = CARTESIAN_POINT ( 'NONE',  ( 4.069999999999978968, -3.399999999999987921, -3.130000000000045635 ) ) ;
#678 = FACE_OUTER_BOUND ( 'NONE', #1868, .T. ) ;
#679 = DIRECTION ( 'NONE',  ( 0.000000000000000000, 0.000000000000000000, 1.000000000000000000 ) ) ;
#680 = DIRECTION ( 'NONE',  ( 1.000000000000000000, -0.000000000000000000, -6.982966722218764133E-15 ) ) ;
#681 = ORIENTED_EDGE ( 'NONE', *, *, #1595, .T. ) ;
#682 = ADVANCED_FACE ( 'NONE', ( #3248 ), #1699, .F. ) ;
#683 = DIRECTION ( 'NONE',  ( -1.000000000000000000, -1.636961662837532716E-30, 7.451810904915197971E-15 ) ) ;
#684 =( LENGTH_UNIT ( ) NAMED_UNIT ( * ) SI_UNIT ( .MILLI., .METRE. ) );
#685 = VERTEX_POINT ( 'NONE', #1785 ) ;
#686 = EDGE_CURVE ( 'NONE', #3331, #888, #3107, .T. ) ;
#687 = DIRECTION ( 'NONE',  ( -6.982966722218764922E-15, 3.491483361109382461E-15, -1.000000000000000000 ) ) ;
#688 = CARTESIAN_POINT ( 'NONE',  ( 3.429999999999973515, 2.855000000000013749, -3.770000000000019558 ) ) ;
#689 = ORIENTED_EDGE ( 'NONE', *, *, #3500, .F. ) ;
#690 = ORIENTED_EDGE ( 'NONE', *, *, #2703, .F. ) ;
#691 = ADVANCED_FACE ( 'NONE', ( #925 ), #3424, .F. ) ;
#692 = FACE_OUTER_BOUND ( 'NONE', #351, .T. ) ;
#693 = EDGE_CURVE ( 'NONE', #273, #3404, #2847, .T. ) ;
#694 = CARTESIAN_POINT ( 'NONE',  ( -6.199999999999981526, 4.324999999999981526, 5.749999999999967137 ) ) ;
#695 = DIRECTION ( 'NONE',  ( -1.000000000000000000, 0.000000000000000000, 6.982966722218764922E-15 ) ) ;
#696 = VERTEX_POINT ( 'NONE', #1201 ) ;
#697 = VERTEX_POINT ( 'NONE', #943 ) ;
#698 = DIRECTION ( 'NONE',  ( 1.000000000000000000, -0.000000000000000000, -6.982966722218764133E-15 ) ) ;
#699 = SURFACE_SIDE_STYLE ('',( #413 ) ) ;
#700 = ORIENTED_EDGE ( 'NONE', *, *, #1989, .T. ) ;
#701 = PRESENTATION_LAYER_ASSIGNMENT (  '', '', ( #3238 ) ) ;
#702 = CARTESIAN_POINT ( 'NONE',  ( -3.429999999999960636, 3.454999999999981419, 5.550000000000030909 ) ) ;
#703 = CARTESIAN_POINT ( 'NONE',  ( -4.249999999999962697, 5.324999999999994849, 5.750000000000031086 ) ) ;
#704 = DIRECTION ( 'NONE',  ( -5.605193857299268284E-45, 1.000000000000000000, 3.914088217710582702E-59 ) ) ;
#705 = VERTEX_POINT ( 'NONE', #2003 ) ;
#706 = CARTESIAN_POINT ( 'NONE',  ( -5.300000000000040679, 2.551923788646675018, -5.749999999999959144 ) ) ;
#707 = COLOUR_RGB ( '',0.7529411764705882248, 0.7529411764705882248, 0.7529411764705882248 ) ;
#708 = ORIENTED_EDGE ( 'NONE', *, *, #3305, .F. ) ;
#709 = CARTESIAN_POINT ( 'NONE',  ( -6.199999999999981526, 4.324999999999992184, 2.650000000000053646 ) ) ;
#710 = UNCERTAINTY_MEASURE_WITH_UNIT (LENGTH_MEASURE( 1.000000000000000082E-05 ), #1380, 'distance_accuracy_value', 'NONE');
#711 = DIRECTION ( 'NONE',  ( 1.000000000000000000, 0.000000000000000000, -6.982966722218764922E-15 ) ) ;
#712 = PRESENTATION_LAYER_ASSIGNMENT (  '', '', ( #84 ) ) ;
#713 = ORIENTED_EDGE ( 'NONE', *, *, #2946, .F. ) ;
#714 = ORIENTED_EDGE ( 'NONE', *, *, #1174, .F. ) ;
#715 = AXIS2_PLACEMENT_3D ( 'NONE', #1994, #3383, #876 ) ;
#716 = CARTESIAN_POINT ( 'NONE',  ( 0.9299999999999916112, 3.455000000000008065, -1.249999999999998890 ) ) ;
#717 = CARTESIAN_POINT ( 'NONE',  ( 2.800000000000025580, 5.324999999999994849, 2.049999999999994493 ) ) ;
#718 = ORIENTED_EDGE ( 'NONE', *, *, #1941, .F. ) ;
#719 = FILL_AREA_STYLE ('',( #146 ) ) ;
#720 = DIRECTION ( 'NONE',  ( 1.000000000000000000, -0.000000000000000000, -6.982966722218764133E-15 ) ) ;
#721 = CARTESIAN_POINT ( 'NONE',  ( 4.069999999999983409, 4.095000000000010409, -2.530000000000021121 ) ) ;
#722 = ORIENTED_EDGE ( 'NONE', *, *, #1893, .T. ) ;
#723 = DIRECTION ( 'NONE',  ( 1.000000000000000000, -0.000000000000000000, -6.982966722218764133E-15 ) ) ;
#724 = ORIENTED_EDGE ( 'NONE', *, *, #1853, .T. ) ;
#725 = DIRECTION ( 'NONE',  ( 5.605193857299268284E-45, -1.000000000000000000, -3.914088217710582702E-59 ) ) ;
#726 = SURFACE_STYLE_FILL_AREA ( #3198 ) ;
#727 = AXIS2_PLACEMENT_3D ( 'NONE', #506, #1598, #1361 ) ;
#728 = VECTOR ( 'NONE', #2066, 1000.000000000000000 ) ;
#729 = EDGE_CURVE ( 'NONE', #2144, #350, #2832, .T. ) ;
#730 = SURFACE_SIDE_STYLE ('',( #471 ) ) ;
#731 = DIRECTION ( 'NONE',  ( -6.982966722218764922E-15, 0.000000000000000000, -1.000000000000000000 ) ) ;
#732 = CARTESIAN_POINT ( 'NONE',  ( -0.9300000000000213651, -3.399999999999987921, -3.129999999999995453 ) ) ;
#733 = VECTOR ( 'NONE', #2487, 1000.000000000000000 ) ;
#734 = AXIS2_PLACEMENT_3D ( 'NONE', #1004, #687, #3454 ) ;
#735 = ORIENTED_EDGE ( 'NONE', *, *, #1332, .T. ) ;
#736 = COLOUR_RGB ( '',0.7529411764705882248, 0.7529411764705882248, 0.7529411764705882248 ) ;
#737 = DIRECTION ( 'NONE',  ( -1.000000000000000000, 2.438091212180734091E-29, 8.512554900196038087E-44 ) ) ;
#738 = FILL_AREA_STYLE_COLOUR ( '', #1011 ) ;
#739 = EDGE_LOOP ( 'NONE', ( #2626, #306, #2178, #1817 ) ) ;
#740 = DIRECTION ( 'NONE',  ( -1.000000000000000000, 0.000000000000000000, 6.982966722218764922E-15 ) ) ;
#741 = CARTESIAN_POINT ( 'NONE',  ( 4.069999999999983409, 4.095000000000010409, -2.530000000000018900 ) ) ;
#742 = DIRECTION ( 'NONE',  ( 6.994852725712930636E-15, 0.000000000000000000, 1.000000000000000000 ) ) ;
#743 = ORIENTED_EDGE ( 'NONE', *, *, #2658, .F. ) ;
#744 =( LENGTH_UNIT ( ) NAMED_UNIT ( * ) SI_UNIT ( .MILLI., .METRE. ) );
#745 = ORIENTED_EDGE ( 'NONE', *, *, #2796, .F. ) ;
#746 = CARTESIAN_POINT ( 'NONE',  ( 4.069999999999978968, 4.095000000000010409, -3.130000000000023430 ) ) ;
#747 = UNCERTAINTY_MEASURE_WITH_UNIT (LENGTH_MEASURE( 1.000000000000000082E-05 ), #2631, 'distance_accuracy_value', 'NONE');
#748 =( LENGTH_UNIT ( ) NAMED_UNIT ( * ) SI_UNIT ( .MILLI., .METRE. ) );
#749 = EDGE_CURVE ( 'NONE', #2159, #2903, #2285, .T. ) ;
#750 = LINE ( 'NONE', #3502, #1716 ) ;
#751 = FILL_AREA_STYLE_COLOUR ( '', #655 ) ;
#752 = ORIENTED_EDGE ( 'NONE', *, *, #1807, .F. ) ;
#753 = EDGE_CURVE ( 'NONE', #2398, #1027, #2040, .T. ) ;
#754 = ORIENTED_EDGE ( 'NONE', *, *, #2311, .F. ) ;
#755 = CARTESIAN_POINT ( 'NONE',  ( -3.429999999999960636, 3.454999999999996518, 1.050000000000030020 ) ) ;
#756 = COLOUR_RGB ( '',0.7529411764705882248, 0.7529411764705882248, 0.7529411764705882248 ) ;
#757 = DIRECTION ( 'NONE',  ( 8.470329472540635575E-17, -1.000000000000000000, -3.383063143860832017E-15 ) ) ;
#758 = DIRECTION ( 'NONE',  ( -1.000000000000000000, 2.438091212180734091E-29, 8.512554900196038087E-44 ) ) ;
#759 = ORIENTED_EDGE ( 'NONE', *, *, #1150, .T. ) ;
#760 = CARTESIAN_POINT ( 'NONE',  ( 7.499999999999977796, 2.855000000000011973, -3.130000000000046967 ) ) ;
#761 = EDGE_CURVE ( 'NONE', #1814, #1727, #1769, .T. ) ;
#762 = DIRECTION ( 'NONE',  ( 8.470329472540465477E-17, -1.000000000000000000, -3.627765757092197324E-15 ) ) ;
#763 = LINE ( 'NONE', #746, #1910 ) ;
#764 = VECTOR ( 'NONE', #3100, 1000.000000000000000 ) ;
#765 = FILL_AREA_STYLE ('',( #1787 ) ) ;
#766 = LINE ( 'NONE', #3463, #2171 ) ;
#767 = CARTESIAN_POINT ( 'NONE',  ( 5.299999999999990941, 2.551923788646675018, -5.750000000000032863 ) ) ;
#768 = CARTESIAN_POINT ( 'NONE',  ( -0.9299999999999608580, 4.094999999999997087, 1.050000000000019584 ) ) ;
#769 =( LENGTH_UNIT ( ) NAMED_UNIT ( * ) SI_UNIT ( .MILLI., .METRE. ) );
#770 = ORIENTED_EDGE ( 'NONE', *, *, #1424, .T. ) ;
#771 = MECHANICAL_DESIGN_GEOMETRIC_PRESENTATION_REPRESENTATION (  '', ( #3304 ), #254 ) ;
#772 = EDGE_CURVE ( 'NONE', #1066, #2007, #638, .T. ) ;
#773 = LINE ( 'NONE', #1366, #1241 ) ;
#774 = VERTEX_POINT ( 'NONE', #1234 ) ;
#775 = EDGE_CURVE ( 'NONE', #915, #552, #3164, .T. ) ;
#776 = UNCERTAINTY_MEASURE_WITH_UNIT (LENGTH_MEASURE( 1.000000000000000082E-05 ), #1934, 'distance_accuracy_value', 'NONE');
#777 = FILL_AREA_STYLE ('',( #2155 ) ) ;
#778 = PLANE ( 'NONE',  #1534 ) ;
#779 = ORIENTED_EDGE ( 'NONE', *, *, #1438, .F. ) ;
#780 = VECTOR ( 'NONE', #2777, 1000.000000000000000 ) ;
#781 =( NAMED_UNIT ( * ) SI_UNIT ( $, .STERADIAN. ) SOLID_ANGLE_UNIT ( ) );
#782 = PRESENTATION_LAYER_ASSIGNMENT (  '', '', ( #897 ) ) ;
#783 = ORIENTED_EDGE ( 'NONE', *, *, #693, .T. ) ;
#784 = CIRCLE ( 'NONE', #2059, 1.240000000000000213 ) ;
#785 = EDGE_CURVE ( 'NONE', #896, #2320, #882, .T. ) ;
#786 = VECTOR ( 'NONE', #624, 1000.000000000000000 ) ;
#787 = LINE ( 'NONE', #755, #865 ) ;
#788 =( NAMED_UNIT ( * ) PLANE_ANGLE_UNIT ( ) SI_UNIT ( $, .RADIAN. ) );
#789 = CARTESIAN_POINT ( 'NONE',  ( 1.569999999999979190, 4.095000000000010409, -3.130000000000005667 ) ) ;
#790 = ORIENTED_EDGE ( 'NONE', *, *, #3513, .T. ) ;
#791 = CIRCLE ( 'NONE', #1255, 0.5999999999999998668 ) ;
#792 = EDGE_CURVE ( 'NONE', #946, #1688, #620, .T. ) ;
#793 = DIRECTION ( 'NONE',  ( -6.982966722218764922E-15, 3.491483361109382461E-15, -1.000000000000000000 ) ) ;
#794 = CARTESIAN_POINT ( 'NONE',  ( -3.430000000000021476, 4.095000000000010409, -3.129999999999971028 ) ) ;
#795 = ADVANCED_FACE ( 'NONE', ( #1445 ), #2550, .T. ) ;
#796 = CARTESIAN_POINT ( 'NONE',  ( 6.200000000000028599, 6.149999999999994138, 5.749999999999974243 ) ) ;
#797 =( NAMED_UNIT ( * ) SI_UNIT ( $, .STERADIAN. ) SOLID_ANGLE_UNIT ( ) );
#798 = FACE_OUTER_BOUND ( 'NONE', #195, .T. ) ;
#799 = ORIENTED_EDGE ( 'NONE', *, *, #1634, .T. ) ;
#800 = EDGE_CURVE ( 'NONE', #3404, #685, #1824, .T. ) ;
#801 = ORIENTED_EDGE ( 'NONE', *, *, #1158, .T. ) ;
#802 = DIRECTION ( 'NONE',  ( -1.000000000000000000, -8.470329472540635575E-17, -2.865565945491038342E-31 ) ) ;
#803 = LINE ( 'NONE', #1887, #2908 ) ;
#804 = DIRECTION ( 'NONE',  ( -7.067670016944194956E-15, 3.491483361109382461E-15, -1.000000000000000000 ) ) ;
#805 = ORIENTED_EDGE ( 'NONE', *, *, #3414, .F. ) ;
#806 = FILL_AREA_STYLE_COLOUR ( '', #545 ) ;
#807 = FILL_AREA_STYLE_COLOUR ( '', #1335 ) ;
#808 = LINE ( 'NONE', #825, #2968 ) ;
#809 = CARTESIAN_POINT ( 'NONE',  ( -3.429999999999960636, 3.454999999999985416, 5.550000000000033573 ) ) ;
#810 = VECTOR ( 'NONE', #1913, 1000.000000000000000 ) ;
#811 = PLANE ( 'NONE',  #1564 ) ;
#812 = DIRECTION ( 'NONE',  ( -6.982966722218764922E-15, 3.491483361109382461E-15, -1.000000000000000000 ) ) ;
#813 = DIRECTION ( 'NONE',  ( -6.982966722218764922E-15, -0.000000000000000000, -1.000000000000000000 ) ) ;
#814 = VECTOR ( 'NONE', #1516, 1000.000000000000000 ) ;
#815 = ORIENTED_EDGE ( 'NONE', *, *, #3133, .F. ) ;
#816 = EDGE_CURVE ( 'NONE', #2879, #852, #485, .T. ) ;
#817 = PRESENTATION_STYLE_ASSIGNMENT (( #2286 ) ) ;
#818 = CARTESIAN_POINT ( 'NONE',  ( 0.9300000000000391287, 4.094999999999981100, 5.549999999999998046 ) ) ;
#819 = ORIENTED_EDGE ( 'NONE', *, *, #1319, .F. ) ;
#820 = CARTESIAN_POINT ( 'NONE',  ( 5.299999999999959854, -1.929879867024197893E-14, 5.749999999999959144 ) ) ;
#821 = DIRECTION ( 'NONE',  ( -1.000000000000000000, -4.092404157093824782E-31, 7.100177767892871804E-15 ) ) ;
#822 = VECTOR ( 'NONE', #3013, 1000.000000000000000 ) ;
#823 = ORIENTED_EDGE ( 'NONE', *, *, #2264, .F. ) ;
#824 = DIRECTION ( 'NONE',  ( -1.000000000000000000, 0.000000000000000000, 6.982966722218764922E-15 ) ) ;
#825 = CARTESIAN_POINT ( 'NONE',  ( 4.070000000000039364, 4.094999999999981100, 5.549999999999979394 ) ) ;
#826 = CARTESIAN_POINT ( 'NONE',  ( -0.9299999999999686295, 4.094999999999981100, 5.550000000000014033 ) ) ;
#827 = CARTESIAN_POINT ( 'NONE',  ( 0.9299999999999826183, 4.095000000000010409, -2.529999999999996696 ) ) ;
#828 = SURFACE_SIDE_STYLE ('',( #3341 ) ) ;
#829 = ORIENTED_EDGE ( 'NONE', *, *, #775, .F. ) ;
#830 = EDGE_CURVE ( 'NONE', #2446, #2555, #2885, .T. ) ;
#831 = VECTOR ( 'NONE', #1346, 1000.000000000000000 ) ;
#832 = SURFACE_STYLE_USAGE ( .BOTH. , #3052 ) ;
#833 = LINE ( 'NONE', #358, #2226 ) ;
#834 = LINE ( 'NONE', #1432, #786 ) ;
#835 = ORIENTED_EDGE ( 'NONE', *, *, #2601, .F. ) ;
#836 = PRESENTATION_LAYER_ASSIGNMENT (  '', '', ( #3318 ) ) ;
#837 = EDGE_LOOP ( 'NONE', ( #2747, #2314, #26, #2133, #2875, #2907 ) ) ;
#838 = EDGE_CURVE ( 'NONE', #1022, #1186, #2617, .T. ) ;
#839 = DIRECTION ( 'NONE',  ( -6.982966722218764922E-15, 0.000000000000000000, -1.000000000000000000 ) ) ;
#840 = FILL_AREA_STYLE ('',( #3315 ) ) ;
#841 = VERTEX_POINT ( 'NONE', #2937 ) ;
#842 = PRESENTATION_LAYER_ASSIGNMENT (  '', '', ( #1364 ) ) ;
#843 = PLANE ( 'NONE',  #3060 ) ;
#844 = CARTESIAN_POINT ( 'NONE',  ( 2.800000000000037570, 6.149999999999981704, 5.749999999999996447 ) ) ;
#845 = DIRECTION ( 'NONE',  ( -0.000000000000000000, -3.491483361109382461E-15, 1.000000000000000000 ) ) ;
#846 = PRESENTATION_LAYER_ASSIGNMENT (  '', '', ( #2298 ) ) ;
#847 = LINE ( 'NONE', #1877, #3346 ) ;
#848 = ADVANCED_FACE ( 'NONE', ( #3501 ), #3445, .F. ) ;
#849 = CARTESIAN_POINT ( 'NONE',  ( 6.200000000000029488, 5.324999999999989519, 2.649999999999969713 ) ) ;
#850 = DIRECTION ( 'NONE',  ( 8.470329472540635575E-17, -1.000000000000000000, -3.383063143860832017E-15 ) ) ;
#851 = FACE_OUTER_BOUND ( 'NONE', #2426, .T. ) ;
#852 = VERTEX_POINT ( 'NONE', #796 ) ;
#853 = EDGE_LOOP ( 'NONE', ( #1632, #1987, #1636, #2785 ) ) ;
#854 = FACE_OUTER_BOUND ( 'NONE', #474, .T. ) ;
#855 = DIRECTION ( 'NONE',  ( 1.000000000000000000, 0.000000000000000000, -6.982966722218764922E-15 ) ) ;
#856 = EDGE_LOOP ( 'NONE', ( #735, #1114, #1731, #724 ) ) ;
#857 = EDGE_CURVE ( 'NONE', #3193, #2272, #1929, .T. ) ;
#858 = CARTESIAN_POINT ( 'NONE',  ( -1.570000000000026263, 2.855000000000014193, -3.769999999999983586 ) ) ;
#859 = SURFACE_SIDE_STYLE ('',( #2525 ) ) ;
#860 = CARTESIAN_POINT ( 'NONE',  ( -3.430000000000017035, -3.399999999999987921, -2.529999999999966942 ) ) ;
#861 = CARTESIAN_POINT ( 'NONE',  ( -0.9299999999999916112, 1.224999999999998090, 1.050000000000004929 ) ) ;
#862 = EDGE_CURVE ( 'NONE', #2621, #2398, #43, .T. ) ;
#863 = CARTESIAN_POINT ( 'NONE',  ( -6.200000000000008171, 3.455000000000005844, -1.249999999999949152 ) ) ;
#864 = SURFACE_STYLE_USAGE ( .BOTH. , #3326 ) ;
#865 = VECTOR ( 'NONE', #2514, 1000.000000000000000 ) ;
#866 = FACE_OUTER_BOUND ( 'NONE', #2094, .T. ) ;
#867 = PLANE ( 'NONE',  #2258 ) ;
#868 = SURFACE_STYLE_FILL_AREA ( #28 ) ;
#869 = DIRECTION ( 'NONE',  ( -1.000000000000000000, 0.000000000000000000, 6.982966722218764922E-15 ) ) ;
#870 = ORIENTED_EDGE ( 'NONE', *, *, #230, .T. ) ;
#871 = AXIS2_PLACEMENT_3D ( 'NONE', #2637, #2917, #3220 ) ;
#872 = ORIENTED_EDGE ( 'NONE', *, *, #3411, .F. ) ;
#873 =( LENGTH_UNIT ( ) NAMED_UNIT ( * ) SI_UNIT ( .MILLI., .METRE. ) );
#874 = DIRECTION ( 'NONE',  ( 1.000000000000000000, 5.605193857299268284E-45, -6.982966722218764922E-15 ) ) ;
#875 = EDGE_CURVE ( 'NONE', #2633, #1111, #2472, .T. ) ;
#876 = DIRECTION ( 'NONE',  ( 7.228014483236698330E-15, -1.445602896647339508E-15, 1.000000000000000000 ) ) ;
#877 = SURFACE_SIDE_STYLE ('',( #2032 ) ) ;
#878 = UNCERTAINTY_MEASURE_WITH_UNIT (LENGTH_MEASURE( 1.000000000000000082E-05 ), #3054, 'distance_accuracy_value', 'NONE');
#879 = ORIENTED_EDGE ( 'NONE', *, *, #1456, .F. ) ;
#880 = SURFACE_STYLE_FILL_AREA ( #130 ) ;
#881 = CARTESIAN_POINT ( 'NONE',  ( -4.070000000000021600, -3.399999999999987921, -3.129999999999991900 ) ) ;
#882 = LINE ( 'NONE', #1981, #643 ) ;
#883 = CYLINDRICAL_SURFACE ( 'NONE', #395, 1.240000000000000213 ) ;
#884 = DIRECTION ( 'NONE',  ( -5.605193857299268284E-45, 1.000000000000000000, 3.914088217710582702E-59 ) ) ;
#885 = EDGE_CURVE ( 'NONE', #1765, #96, #3033, .T. ) ;
#886 = DIRECTION ( 'NONE',  ( 6.982966722218764922E-15, 0.000000000000000000, 1.000000000000000000 ) ) ;
#887 = EDGE_LOOP ( 'NONE', ( #1357, #1902, #1093, #2160 ) ) ;
#888 = VERTEX_POINT ( 'NONE', #2224 ) ;
#889 = AXIS2_PLACEMENT_3D ( 'NONE', #3269, #821, #1381 ) ;
#890 = LINE ( 'NONE', #55, #570 ) ;
#891 = LINE ( 'NONE', #2257, #1869 ) ;
#892 = EDGE_CURVE ( 'NONE', #612, #3270, #5, .T. ) ;
#893 = MECHANICAL_DESIGN_GEOMETRIC_PRESENTATION_REPRESENTATION (  '', ( #2447 ), #1187 ) ;
#894 = CARTESIAN_POINT ( 'NONE',  ( 4.070000000000023377, 3.454999999999996962, 1.049999999999978728 ) ) ;
#895 = FILL_AREA_STYLE_COLOUR ( '', #1008 ) ;
#896 = VERTEX_POINT ( 'NONE', #1353 ) ;
#897 = STYLED_ITEM ( 'NONE', ( #2057 ), #3298 ) ;
#898 = VECTOR ( 'NONE', #74, 1000.000000000000000 ) ;
#899 = EDGE_CURVE ( 'NONE', #2589, #1027, #847, .T. ) ;
#900 = ORIENTED_EDGE ( 'NONE', *, *, #1832, .T. ) ;
#901 = AXIS2_PLACEMENT_3D ( 'NONE', #1020, #2196, #475 ) ;
#902 = DIRECTION ( 'NONE',  ( 6.982966722218764922E-15, 0.000000000000000000, 1.000000000000000000 ) ) ;
#903 = DIRECTION ( 'NONE',  ( 0.000000000000000000, 3.491483361109382461E-15, -1.000000000000000000 ) ) ;
#904 = EDGE_CURVE ( 'NONE', #915, #2827, #3011, .T. ) ;
#905 = MECHANICAL_DESIGN_GEOMETRIC_PRESENTATION_REPRESENTATION (  '', ( #460 ), #2810 ) ;
#906 = DIRECTION ( 'NONE',  ( -1.000000000000000000, 0.000000000000000000, 6.982966722218764922E-15 ) ) ;
#907 = STYLED_ITEM ( 'NONE', ( #1427 ), #2930 ) ;
#908 = DIRECTION ( 'NONE',  ( 3.491483361109393899E-15, -0.8660254037844379305, 0.5000000000000013323 ) ) ;
#909 = CARTESIAN_POINT ( 'NONE',  ( -6.199999999999961098, 5.324999999999981526, 5.750000000000060396 ) ) ;
#910 = VERTEX_POINT ( 'NONE', #1642 ) ;
#911 = EDGE_CURVE ( 'NONE', #3404, #292, #2762, .T. ) ;
#912 = VERTEX_POINT ( 'NONE', #1947 ) ;
#913 = SURFACE_STYLE_USAGE ( .BOTH. , #3380 ) ;
#914 = PLANE ( 'NONE',  #2504 ) ;
#915 = VERTEX_POINT ( 'NONE', #23 ) ;
#916 = CYLINDRICAL_SURFACE ( 'NONE', #2157, 0.5999999999999998668 ) ;
#917 = FILL_AREA_STYLE_COLOUR ( '', #707 ) ;
#918 = VERTEX_POINT ( 'NONE', #261 ) ;
#919 = LINE ( 'NONE', #423, #507 ) ;
#920 = ORIENTED_EDGE ( 'NONE', *, *, #1698, .T. ) ;
#921 = CARTESIAN_POINT ( 'NONE',  ( 5.350000000000007638, 1.224999999999982103, 1.049999999999975842 ) ) ;
#922 = UNCERTAINTY_MEASURE_WITH_UNIT (LENGTH_MEASURE( 1.000000000000000082E-05 ), #2416, 'distance_accuracy_value', 'NONE');
#923 = PLANE ( 'NONE',  #1587 ) ;
#924 = ADVANCED_FACE ( 'NONE', ( #1894 ), #811, .T. ) ;
#925 = FACE_OUTER_BOUND ( 'NONE', #2389, .T. ) ;
#926 = CARTESIAN_POINT ( 'NONE',  ( 3.430000000000007265, 3.454999999999981419, 5.549999999999977618 ) ) ;
#927 = SHAPE_DEFINITION_REPRESENTATION ( #2752, #2361 ) ;
#928 = EDGE_LOOP ( 'NONE', ( #2786, #1738, #900, #1153, #1969, #801, #1455, #2288 ) ) ;
#929 = MECHANICAL_DESIGN_GEOMETRIC_PRESENTATION_REPRESENTATION (  '', ( #9 ), #1961 ) ;
#930 = ORIENTED_EDGE ( 'NONE', *, *, #2437, .T. ) ;
#931 = ADVANCED_FACE ( 'NONE', ( #3532 ), #573, .T. ) ;
#932 = STYLED_ITEM ( 'NONE', ( #2410 ), #848 ) ;
#933 = LINE ( 'NONE', #2332, #3435 ) ;
#934 =( NAMED_UNIT ( * ) PLANE_ANGLE_UNIT ( ) SI_UNIT ( $, .RADIAN. ) );
#935 = VERTEX_POINT ( 'NONE', #2303 ) ;
#936 = DIRECTION ( 'NONE',  ( 0.000000000000000000, 3.383063143860832017E-15, -1.000000000000000000 ) ) ;
#937 = CYLINDRICAL_SURFACE ( 'NONE', #1299, 1.240000000000000213 ) ;
#938 = ORIENTED_EDGE ( 'NONE', *, *, #2442, .T. ) ;
#939 = ORIENTED_EDGE ( 'NONE', *, *, #1634, .F. ) ;
#940 = LINE ( 'NONE', #1694, #2940 ) ;
#941 = FILL_AREA_STYLE_COLOUR ( '', #2678 ) ;
#942 =( GEOMETRIC_REPRESENTATION_CONTEXT ( 3 ) GLOBAL_UNCERTAINTY_ASSIGNED_CONTEXT ( ( #1821 ) ) GLOBAL_UNIT_ASSIGNED_CONTEXT ( ( #1428, #2815, #301 ) ) REPRESENTATION_CONTEXT ( 'NONE', 'WORKASPACE' ) );
#943 = CARTESIAN_POINT ( 'NONE',  ( 1.569999999999983409, 3.455000000000005400, -1.250000000000002442 ) ) ;
#944 =( LENGTH_UNIT ( ) NAMED_UNIT ( * ) SI_UNIT ( .MILLI., .METRE. ) );
#945 = FACE_OUTER_BOUND ( 'NONE', #1342, .T. ) ;
#946 = VERTEX_POINT ( 'NONE', #117 ) ;
#947 = VERTEX_POINT ( 'NONE', #3140 ) ;
#948 = EDGE_CURVE ( 'NONE', #57, #2941, #2037, .T. ) ;
#949 = LINE ( 'NONE', #2053, #1218 ) ;
#950 = PLANE ( 'NONE',  #1309 ) ;
#951 = DIRECTION ( 'NONE',  ( 5.605193857299268284E-45, -1.000000000000000000, -3.914088217710582702E-59 ) ) ;
#952 = ORIENTED_EDGE ( 'NONE', *, *, #579, .F. ) ;
#953 = EDGE_CURVE ( 'NONE', #1001, #2842, #2583, .T. ) ;
#954 = VERTEX_POINT ( 'NONE', #99 ) ;
#955 = VECTOR ( 'NONE', #3274, 1000.000000000000000 ) ;
#956 = SURFACE_STYLE_USAGE ( .BOTH. , #2953 ) ;
#957 = STYLED_ITEM ( 'NONE', ( #2950 ), #3347 ) ;
#958 = UNCERTAINTY_MEASURE_WITH_UNIT (LENGTH_MEASURE( 1.000000000000000082E-05 ), #2088, 'distance_accuracy_value', 'NONE');
#959 = AXIS2_PLACEMENT_3D ( 'NONE', #2189, #1926, #2244 ) ;
#960 = CARTESIAN_POINT ( 'NONE',  ( -0.9300000000000212541, -3.399999999999987921, -3.130000000000010996 ) ) ;
#961 = VECTOR ( 'NONE', #2148, 1000.000000000000000 ) ;
#962 =( NAMED_UNIT ( * ) SI_UNIT ( $, .STERADIAN. ) SOLID_ANGLE_UNIT ( ) );
#963 = SURFACE_STYLE_FILL_AREA ( #2868 ) ;
#964 = DIRECTION ( 'NONE',  ( 8.470329472540635575E-17, -1.000000000000000000, -3.383063143860832017E-15 ) ) ;
#965 = FACE_OUTER_BOUND ( 'NONE', #1477, .T. ) ;
#966 = PRESENTATION_LAYER_ASSIGNMENT (  '', '', ( #513 ) ) ;
#967 = ORIENTED_EDGE ( 'NONE', *, *, #637, .F. ) ;
#968 = AXIS2_PLACEMENT_3D ( 'NONE', #2638, #979, #120 ) ;
#969 = PLANE ( 'NONE',  #344 ) ;
#970 = DIRECTION ( 'NONE',  ( -2.438091212180734091E-29, -1.000000000000000000, -3.491483361109382461E-15 ) ) ;
#971 = ORIENTED_EDGE ( 'NONE', *, *, #1686, .F. ) ;
#972 = CARTESIAN_POINT ( 'NONE',  ( -3.430000000000017035, 4.095000000000010409, -2.529999999999966942 ) ) ;
#973 = DIRECTION ( 'NONE',  ( 5.605193857299268284E-45, -1.000000000000000000, -3.914088217710582702E-59 ) ) ;
#974 = ORIENTED_EDGE ( 'NONE', *, *, #2102, .T. ) ;
#975 =( LENGTH_UNIT ( ) NAMED_UNIT ( * ) SI_UNIT ( .MILLI., .METRE. ) );
#976 = ORIENTED_EDGE ( 'NONE', *, *, #269, .F. ) ;
#977 = FACE_OUTER_BOUND ( 'NONE', #3082, .T. ) ;
#978 = PLANE ( 'NONE',  #3085 ) ;
#979 = DIRECTION ( 'NONE',  ( 1.000000000000000000, -0.000000000000000000, -6.982966722218764133E-15 ) ) ;
#980 = ORIENTED_EDGE ( 'NONE', *, *, #3522, .T. ) ;
#981 = ORIENTED_EDGE ( 'NONE', *, *, #520, .T. ) ;
#982 = DIRECTION ( 'NONE',  ( -2.135253304555791169E-29, -1.000000000000000000, -3.057802492115180293E-15 ) ) ;
#983 = CARTESIAN_POINT ( 'NONE',  ( -5.299999999999959854, 0.3999999999999808709, 5.750000000000033751 ) ) ;
#984 = ORIENTED_EDGE ( 'NONE', *, *, #2901, .F. ) ;
#985 = AXIS2_PLACEMENT_3D ( 'NONE', #1500, #2326, #2065 ) ;
#986 = CARTESIAN_POINT ( 'NONE',  ( 1.569999999999983409, 3.455000000000010285, -2.530000000000004245 ) ) ;
#987 = DIRECTION ( 'NONE',  ( -6.982966722218764922E-15, 0.000000000000000000, -1.000000000000000000 ) ) ;
#988 = CARTESIAN_POINT ( 'NONE',  ( 0.9299999999999915001, 4.095000000000010409, -1.249999999999998890 ) ) ;
#989 = VERTEX_POINT ( 'NONE', #2598 ) ;
#990 = DIRECTION ( 'NONE',  ( -1.000000000000000000, 0.000000000000000000, 6.982966722218764133E-15 ) ) ;
#991 = EDGE_LOOP ( 'NONE', ( #7, #2912, #628, #1123 ) ) ;
#992 = EDGE_CURVE ( 'NONE', #3044, #1842, #2813, .T. ) ;
#993 = CARTESIAN_POINT ( 'NONE',  ( 5.300000000000039790, 0.3999999999999808709, 5.749999999999959144 ) ) ;
#994 = UNCERTAINTY_MEASURE_WITH_UNIT (LENGTH_MEASURE( 1.000000000000000082E-05 ), #2466, 'distance_accuracy_value', 'NONE');
#995 = LINE ( 'NONE', #1873, #3323 ) ;
#996 = VECTOR ( 'NONE', #3201, 1000.000000000000000 ) ;
#997 = EDGE_CURVE ( 'NONE', #1861, #2891, #3388, .T. ) ;
#998 = VECTOR ( 'NONE', #285, 1000.000000000000000 ) ;
#999 = ORIENTED_EDGE ( 'NONE', *, *, #997, .F. ) ;
#1000 =( NAMED_UNIT ( * ) PLANE_ANGLE_UNIT ( ) SI_UNIT ( $, .RADIAN. ) );
#1001 = VERTEX_POINT ( 'NONE', #881 ) ;
#1002 = CARTESIAN_POINT ( 'NONE',  ( 1.569999999999978746, -3.399999999999987921, -3.130000000000027871 ) ) ;
#1003 = EDGE_CURVE ( 'NONE', #189, #1726, #3104, .T. ) ;
#1004 = CARTESIAN_POINT ( 'NONE',  ( -5.300000000000039790, 1.929879867024197893E-14, -5.749999999999967137 ) ) ;
#1005 = CARTESIAN_POINT ( 'NONE',  ( -1.570000000000026041, 2.855000000000013749, -3.769999999999984031 ) ) ;
#1006 = ORIENTED_EDGE ( 'NONE', *, *, #3130, .T. ) ;
#1007 = ORIENTED_EDGE ( 'NONE', *, *, #1019, .F. ) ;
#1008 = COLOUR_RGB ( '',0.7529411764705882248, 0.7529411764705882248, 0.7529411764705882248 ) ;
#1009 = EDGE_CURVE ( 'NONE', #2279, #1464, #656, .T. ) ;
#1010 = CARTESIAN_POINT ( 'NONE',  ( -3.430000000000021476, 2.855000000000011084, -3.129999999999970584 ) ) ;
#1011 = COLOUR_RGB ( '',0.7529411764705882248, 0.7529411764705882248, 0.7529411764705882248 ) ;
#1012 = MECHANICAL_DESIGN_GEOMETRIC_PRESENTATION_REPRESENTATION (  '', ( #2569 ), #509 ) ;
#1013 =( NAMED_UNIT ( * ) SI_UNIT ( $, .STERADIAN. ) SOLID_ANGLE_UNIT ( ) );
#1014 = LINE ( 'NONE', #472, #1081 ) ;
#1015 = ORIENTED_EDGE ( 'NONE', *, *, #1941, .T. ) ;
#1016 = PRESENTATION_LAYER_ASSIGNMENT (  '', '', ( #673 ) ) ;
#1017 = ORIENTED_EDGE ( 'NONE', *, *, #1327, .F. ) ;
#1018 = MECHANICAL_DESIGN_GEOMETRIC_PRESENTATION_REPRESENTATION (  '', ( #1137 ), #1479 ) ;
#1019 = EDGE_CURVE ( 'NONE', #2887, #3246, #635, .T. ) ;
#1020 = CARTESIAN_POINT ( 'NONE',  ( 1.569999999999983409, 4.095000000000010409, -2.530000000000001137 ) ) ;
#1021 = SURFACE_STYLE_USAGE ( .BOTH. , #522 ) ;
#1022 = VERTEX_POINT ( 'NONE', #1734 ) ;
#1023 = COLOUR_RGB ( '',0.7529411764705882248, 0.7529411764705882248, 0.7529411764705882248 ) ;
#1024 = FACE_BOUND ( 'NONE', #2958, .T. ) ;
#1025 = CARTESIAN_POINT ( 'NONE',  ( 4.069999999999983409, 3.455000000000010285, -2.530000000000018900 ) ) ;
#1026 = EDGE_LOOP ( 'NONE', ( #1399, #2068, #2216, #451 ) ) ;
#1027 = VERTEX_POINT ( 'NONE', #388 ) ;
#1028 = CARTESIAN_POINT ( 'NONE',  ( -0.9299999999999608580, 4.094999999999981100, 5.550000000000014033 ) ) ;
#1029 = UNCERTAINTY_MEASURE_WITH_UNIT (LENGTH_MEASURE( 1.000000000000000082E-05 ), #3043, 'distance_accuracy_value', 'NONE');
#1030 =( NAMED_UNIT ( * ) PLANE_ANGLE_UNIT ( ) SI_UNIT ( $, .RADIAN. ) );
#1031 = DIRECTION ( 'NONE',  ( 0.000000000000000000, 3.330671096141718332E-15, -1.000000000000000000 ) ) ;
#1032 = CARTESIAN_POINT ( 'NONE',  ( 3.429999999999982396, 3.455000000000010285, -2.530000000000017568 ) ) ;
#1033 = CARTESIAN_POINT ( 'NONE',  ( 4.070000000000039364, 3.454999999999996518, 1.049999999999978062 ) ) ;
#1034 = ORIENTED_EDGE ( 'NONE', *, *, #2243, .T. ) ;
#1035 = EDGE_CURVE ( 'NONE', #2806, #1715, #940, .T. ) ;
#1036 = DIRECTION ( 'NONE',  ( -6.982966722218764922E-15, -0.000000000000000000, -1.000000000000000000 ) ) ;
#1037 = EDGE_CURVE ( 'NONE', #149, #2272, #372, .T. ) ;
#1038 = VECTOR ( 'NONE', #2696, 1000.000000000000000 ) ;
#1039 = LINE ( 'NONE', #1055, #275 ) ;
#1040 = LINE ( 'NONE', #561, #831 ) ;
#1041 = EDGE_LOOP ( 'NONE', ( #479, #790, #2597, #2608, #1463, #938, #1421, #599 ) ) ;
#1042 = AXIS2_PLACEMENT_3D ( 'NONE', #1271, #3049, #1119 ) ;
#1043 = FACE_OUTER_BOUND ( 'NONE', #250, .T. ) ;
#1044 = PRESENTATION_LAYER_ASSIGNMENT (  '', '', ( #307 ) ) ;
#1045 = SURFACE_STYLE_USAGE ( .BOTH. , #730 ) ;
#1046 = DIRECTION ( 'NONE',  ( -1.000000000000000000, -5.605193857299268284E-45, 6.982966722218764922E-15 ) ) ;
#1047 = CARTESIAN_POINT ( 'NONE',  ( 4.069999999999978968, 2.855000000000011084, -3.130000000000023430 ) ) ;
#1048 = ORIENTED_EDGE ( 'NONE', *, *, #2628, .F. ) ;
#1049 = VECTOR ( 'NONE', #2139, 1000.000000000000000 ) ;
#1050 =( NAMED_UNIT ( * ) PLANE_ANGLE_UNIT ( ) SI_UNIT ( $, .RADIAN. ) );
#1051 = ORIENTED_EDGE ( 'NONE', *, *, #2672, .T. ) ;
#1052 = EDGE_CURVE ( 'NONE', #2903, #1727, #2322, .T. ) ;
#1053 = VECTOR ( 'NONE', #3335, 1000.000000000000000 ) ;
#1054 = DIRECTION ( 'NONE',  ( 1.000000000000000000, 0.000000000000000000, -7.067670016944194956E-15 ) ) ;
#1055 = CARTESIAN_POINT ( 'NONE',  ( -5.349999999999992539, 5.324999999999991296, 1.050000000000050449 ) ) ;
#1056 = FACE_OUTER_BOUND ( 'NONE', #1209, .T. ) ;
#1057 = ORIENTED_EDGE ( 'NONE', *, *, #3354, .F. ) ;
#1058 = CARTESIAN_POINT ( 'NONE',  ( -4.070000000000024265, -3.399999999999986144, -3.769999999999988027 ) ) ;
#1059 = SURFACE_STYLE_FILL_AREA ( #1638 ) ;
#1060 = UNCERTAINTY_MEASURE_WITH_UNIT (LENGTH_MEASURE( 1.000000000000000082E-05 ), #2688, 'distance_accuracy_value', 'NONE');
#1061 = SURFACE_STYLE_USAGE ( .BOTH. , #1537 ) ;
#1062 = EDGE_CURVE ( 'NONE', #2805, #896, #2381, .T. ) ;
#1063 = VECTOR ( 'NONE', #186, 1000.000000000000000 ) ;
#1064 = DIRECTION ( 'NONE',  ( -1.000000000000000000, -5.605193857299268284E-45, 6.982966722218764922E-15 ) ) ;
#1065 = CARTESIAN_POINT ( 'NONE',  ( 5.350000000000040501, 4.324999999999992184, 2.650000000000053646 ) ) ;
#1066 = VERTEX_POINT ( 'NONE', #405 ) ;
#1067 =( GEOMETRIC_REPRESENTATION_CONTEXT ( 3 ) GLOBAL_UNCERTAINTY_ASSIGNED_CONTEXT ( ( #636 ) ) GLOBAL_UNIT_ASSIGNED_CONTEXT ( ( #1497, #1459, #2564 ) ) REPRESENTATION_CONTEXT ( 'NONE', 'WORKASPACE' ) );
#1068 = VECTOR ( 'NONE', #2506, 1000.000000000000000 ) ;
#1069 =( NAMED_UNIT ( * ) SI_UNIT ( $, .STERADIAN. ) SOLID_ANGLE_UNIT ( ) );
#1070 = FILL_AREA_STYLE ('',( #1884 ) ) ;
#1071 = VECTOR ( 'NONE', #1680, 1000.000000000000000 ) ;
#1072 = VERTEX_POINT ( 'NONE', #1749 ) ;
#1073 = AXIS2_PLACEMENT_3D ( 'NONE', #1415, #2009, #364 ) ;
#1074 = VECTOR ( 'NONE', #2750, 1000.000000000000000 ) ;
#1075 = AXIS2_PLACEMENT_3D ( 'NONE', #1844, #1900, #1090 ) ;
#1076 = LINE ( 'NONE', #2800, #2085 ) ;
#1077 = FACE_OUTER_BOUND ( 'NONE', #3208, .T. ) ;
#1078 = ORIENTED_EDGE ( 'NONE', *, *, #1728, .F. ) ;
#1079 = STYLED_ITEM ( 'NONE', ( #156 ), #2816 ) ;
#1080 = CARTESIAN_POINT ( 'NONE',  ( 6.200000000000039257, 5.324999999999981526, 5.749999999999975131 ) ) ;
#1081 = VECTOR ( 'NONE', #228, 1000.000000000000000 ) ;
#1082 = DIRECTION ( 'NONE',  ( -1.000000000000000000, 0.000000000000000000, 6.982966722218764922E-15 ) ) ;
#1083 = DIRECTION ( 'NONE',  ( 0.000000000000000000, 3.491483361109383250E-15, -1.000000000000000000 ) ) ;
#1084 = EDGE_CURVE ( 'NONE', #1748, #1022, #2846, .T. ) ;
#1085 =( NAMED_UNIT ( * ) SI_UNIT ( $, .STERADIAN. ) SOLID_ANGLE_UNIT ( ) );
#1086 = PLANE ( 'NONE',  #2351 ) ;
#1087 = PLANE ( 'NONE',  #3539 ) ;
#1088 = CARTESIAN_POINT ( 'NONE',  ( 5.300000000000039790, -1.929879867024197893E-14, 5.749999999999959144 ) ) ;
#1089 = ORIENTED_EDGE ( 'NONE', *, *, #2395, .T. ) ;
#1090 = DIRECTION ( 'NONE',  ( 0.000000000000000000, -3.627765757092197324E-15, 1.000000000000000000 ) ) ;
#1091 = LINE ( 'NONE', #818, #2575 ) ;
#1092 = ORIENTED_EDGE ( 'NONE', *, *, #3449, .F. ) ;
#1093 = ORIENTED_EDGE ( 'NONE', *, *, #2874, .F. ) ;
#1094 = CARTESIAN_POINT ( 'NONE',  ( 1.569999999999983409, 2.855000000000010196, -2.530000000000005578 ) ) ;
#1095 = PLANE ( 'NONE',  #3536 ) ;
#1096 = ORIENTED_EDGE ( 'NONE', *, *, #3449, .T. ) ;
#1097 = CARTESIAN_POINT ( 'NONE',  ( -0.9300000000000170353, 3.455000000000010285, -2.529999999999986038 ) ) ;
#1098 =( NAMED_UNIT ( * ) PLANE_ANGLE_UNIT ( ) SI_UNIT ( $, .RADIAN. ) );
#1099 = SURFACE_STYLE_USAGE ( .BOTH. , #2702 ) ;
#1100 = LINE ( 'NONE', #1351, #103 ) ;
#1101 = COLOUR_RGB ( '',0.7529411764705882248, 0.7529411764705882248, 0.7529411764705882248 ) ;
#1102 =( LENGTH_UNIT ( ) NAMED_UNIT ( * ) SI_UNIT ( .MILLI., .METRE. ) );
#1103 = FILL_AREA_STYLE ('',( #2763 ) ) ;
#1104 = CARTESIAN_POINT ( 'NONE',  ( -2.632578454276470342E-14, 2.855000000000013749, -3.769999999999994689 ) ) ;
#1105 = FILL_AREA_STYLE_COLOUR ( '', #3251 ) ;
#1106 = ADVANCED_FACE ( 'NONE', ( #2898 ), #426, .F. ) ;
#1107 = ORIENTED_EDGE ( 'NONE', *, *, #161, .F. ) ;
#1108 = LINE ( 'NONE', #1648, #1199 ) ;
#1109 = DIRECTION ( 'NONE',  ( -6.982966722218764922E-15, -0.000000000000000000, -1.000000000000000000 ) ) ;
#1110 = LINE ( 'NONE', #2214, #277 ) ;
#1111 = VERTEX_POINT ( 'NONE', #2409 ) ;
#1112 = ORIENTED_EDGE ( 'NONE', *, *, #1125, .F. ) ;
#1113 = FACE_OUTER_BOUND ( 'NONE', #3184, .T. ) ;
#1114 = ORIENTED_EDGE ( 'NONE', *, *, #885, .F. ) ;
#1115 = FILL_AREA_STYLE ('',( #806 ) ) ;
#1116 = CARTESIAN_POINT ( 'NONE',  ( -0.9299999999999608580, 3.454999999999981419, 5.550000000000012257 ) ) ;
#1117 = SURFACE_STYLE_FILL_AREA ( #530 ) ;
#1118 = LINE ( 'NONE', #39, #1475 ) ;
#1119 = DIRECTION ( 'NONE',  ( -6.982966722218764922E-15, 0.000000000000000000, -1.000000000000000000 ) ) ;
#1120 = DIRECTION ( 'NONE',  ( -6.982966722218764922E-15, 3.491483361109382461E-15, -1.000000000000000000 ) ) ;
#1121 = DIRECTION ( 'NONE',  ( 0.000000000000000000, -0.5000000000000013323, -0.8660254037844379305 ) ) ;
#1122 = CARTESIAN_POINT ( 'NONE',  ( 4.070000000000039364, 3.454999999999996962, 5.549999999999979394 ) ) ;
#1123 = ORIENTED_EDGE ( 'NONE', *, *, #2888, .F. ) ;
#1124 =( GEOMETRIC_REPRESENTATION_CONTEXT ( 3 ) GLOBAL_UNCERTAINTY_ASSIGNED_CONTEXT ( ( #1029 ) ) GLOBAL_UNIT_ASSIGNED_CONTEXT ( ( #3043, #3097, #2573 ) ) REPRESENTATION_CONTEXT ( 'NONE', 'WORKASPACE' ) );
#1125 = EDGE_CURVE ( 'NONE', #2595, #3505, #468, .T. ) ;
#1126 = SURFACE_STYLE_FILL_AREA ( #10 ) ;
#1127 = LINE ( 'NONE', #1701, #2230 ) ;
#1128 = CARTESIAN_POINT ( 'NONE',  ( 0.9299999999999826183, 3.455000000000010285, -2.529999999999996696 ) ) ;
#1129 = ORIENTED_EDGE ( 'NONE', *, *, #430, .F. ) ;
#1130 = AXIS2_PLACEMENT_3D ( 'NONE', #397, #2333, #1508 ) ;
#1131 = ADVANCED_FACE ( 'NONE', ( #2062 ), #1572, .T. ) ;
#1132 =( NAMED_UNIT ( * ) SI_UNIT ( $, .STERADIAN. ) SOLID_ANGLE_UNIT ( ) );
#1133 = DIRECTION ( 'NONE',  ( 1.000000000000000000, 0.000000000000000000, -7.067670016944194956E-15 ) ) ;
#1134 = ORIENTED_EDGE ( 'NONE', *, *, #3130, .F. ) ;
#1135 = LINE ( 'NONE', #3116, #1053 ) ;
#1136 = LINE ( 'NONE', #860, #1532 ) ;
#1137 = STYLED_ITEM ( 'NONE', ( #2424 ), #2648 ) ;
#1138 = CARTESIAN_POINT ( 'NONE',  ( -5.299999999999959854, -1.929879867024197893E-14, 5.750000000000033751 ) ) ;
#1139 = FILL_AREA_STYLE ('',( #283 ) ) ;
#1140 = DIRECTION ( 'NONE',  ( -1.000000000000000000, 0.000000000000000000, 6.982966722218764133E-15 ) ) ;
#1141 = CARTESIAN_POINT ( 'NONE',  ( 5.299999999999959854, 1.929879867024197893E-14, -5.750000000000041744 ) ) ;
#1142 = CARTESIAN_POINT ( 'NONE',  ( -3.430000000000025917, -3.399999999999986144, -3.769999999999992468 ) ) ;
#1143 = DIRECTION ( 'NONE',  ( -8.470329472540635575E-17, 1.000000000000000000, 3.383063143860832017E-15 ) ) ;
#1144 = PLANE ( 'NONE',  #2170 ) ;
#1145 = LINE ( 'NONE', #909, #2176 ) ;
#1146 = ORIENTED_EDGE ( 'NONE', *, *, #838, .F. ) ;
#1147 =( NAMED_UNIT ( * ) SI_UNIT ( $, .STERADIAN. ) SOLID_ANGLE_UNIT ( ) );
#1148 = CARTESIAN_POINT ( 'NONE',  ( -5.349999999999981881, 4.324999999999989519, 2.650000000000049205 ) ) ;
#1149 = ORIENTED_EDGE ( 'NONE', *, *, #948, .F. ) ;
#1150 = EDGE_CURVE ( 'NONE', #110, #1655, #497, .T. ) ;
#1151 = FACE_OUTER_BOUND ( 'NONE', #2312, .T. ) ;
#1152 = CARTESIAN_POINT ( 'NONE',  ( -4.249999999999962697, 6.149999999999980815, 5.750000000000047073 ) ) ;
#1153 = ORIENTED_EDGE ( 'NONE', *, *, #3179, .F. ) ;
#1154 = LINE ( 'NONE', #2034, #1650 ) ;
#1155 =( LENGTH_UNIT ( ) NAMED_UNIT ( * ) SI_UNIT ( .MILLI., .METRE. ) );
#1156 = CYLINDRICAL_SURFACE ( 'NONE', #2609, 0.5999999999999998668 ) ;
#1157 = VECTOR ( 'NONE', #586, 1000.000000000000000 ) ;
#1158 = EDGE_CURVE ( 'NONE', #116, #273, #763, .T. ) ;
#1159 = DIRECTION ( 'NONE',  ( -1.000000000000000000, 2.438091212180734091E-29, 8.512554900196038087E-44 ) ) ;
#1160 = CARTESIAN_POINT ( 'NONE',  ( 5.350000000000040501, 4.324999999999980638, 5.749999999999973355 ) ) ;
#1161 = CARTESIAN_POINT ( 'NONE',  ( 3.430000000000038352, 4.094999999999981100, 5.549999999999979394 ) ) ;
#1162 = CARTESIAN_POINT ( 'NONE',  ( -5.349999999999991651, 1.224999999999998090, 1.050000000000036016 ) ) ;
#1163 = ORIENTED_EDGE ( 'NONE', *, *, #1893, .F. ) ;
#1164 = AXIS2_PLACEMENT_3D ( 'NONE', #2317, #3350, #1189 ) ;
#1165 = ORIENTED_EDGE ( 'NONE', *, *, #785, .T. ) ;
#1166 = EDGE_CURVE ( 'NONE', #3171, #2615, #1317, .T. ) ;
#1167 = LINE ( 'NONE', #1185, #2041 ) ;
#1168 =( GEOMETRIC_REPRESENTATION_CONTEXT ( 3 ) GLOBAL_UNCERTAINTY_ASSIGNED_CONTEXT ( ( #958 ) ) GLOBAL_UNIT_ASSIGNED_CONTEXT ( ( #2088, #2870, #433 ) ) REPRESENTATION_CONTEXT ( 'NONE', 'WORKASPACE' ) );
#1169 = DIRECTION ( 'NONE',  ( 2.467665226597232396E-29, 1.000000000000000000, 3.491483361109382461E-15 ) ) ;
#1170 = VECTOR ( 'NONE', #3319, 1000.000000000000000 ) ;
#1171 = EDGE_CURVE ( 'NONE', #1614, #2695, #224, .T. ) ;
#1172 =( NAMED_UNIT ( * ) SI_UNIT ( $, .STERADIAN. ) SOLID_ANGLE_UNIT ( ) );
#1173 = ORIENTED_EDGE ( 'NONE', *, *, #1438, .T. ) ;
#1174 = EDGE_CURVE ( 'NONE', #2140, #954, #3420, .T. ) ;
#1175 =( NAMED_UNIT ( * ) SI_UNIT ( $, .STERADIAN. ) SOLID_ANGLE_UNIT ( ) );
#1176 = UNCERTAINTY_MEASURE_WITH_UNIT (LENGTH_MEASURE( 1.000000000000000082E-05 ), #2340, 'distance_accuracy_value', 'NONE');
#1177 = CARTESIAN_POINT ( 'NONE',  ( -6.200000000000008171, 6.150000000000006573, -1.249999999999939826 ) ) ;
#1178 = CARTESIAN_POINT ( 'NONE',  ( -1.569999999999992513, 4.094999999999981100, 1.050000000000017142 ) ) ;
#1179 = FILL_AREA_STYLE_COLOUR ( '', #1101 ) ;
#1180 = PLANE ( 'NONE',  #619 ) ;
#1181 = DIRECTION ( 'NONE',  ( -2.438091212180734091E-29, -1.000000000000000000, -3.491483361109382461E-15 ) ) ;
#1182 = ORIENTED_EDGE ( 'NONE', *, *, #1918, .T. ) ;
#1183 = ORIENTED_EDGE ( 'NONE', *, *, #1327, .T. ) ;
#1184 = VECTOR ( 'NONE', #1835, 1000.000000000000000 ) ;
#1185 = CARTESIAN_POINT ( 'NONE',  ( 3.429999999999981952, 4.095000000000005969, -2.530000000000014015 ) ) ;
#1186 = VERTEX_POINT ( 'NONE', #1300 ) ;
#1187 =( GEOMETRIC_REPRESENTATION_CONTEXT ( 3 ) GLOBAL_UNCERTAINTY_ASSIGNED_CONTEXT ( ( #2865 ) ) GLOBAL_UNIT_ASSIGNED_CONTEXT ( ( #684, #934, #2960 ) ) REPRESENTATION_CONTEXT ( 'NONE', 'WORKASPACE' ) );
#1188 = DIRECTION ( 'NONE',  ( -1.000000000000000000, 2.325796542701351483E-29, 7.746463320281729375E-44 ) ) ;
#1189 = DIRECTION ( 'NONE',  ( 0.000000000000000000, 3.627765757092197324E-15, -1.000000000000000000 ) ) ;
#1190 = ORIENTED_EDGE ( 'NONE', *, *, #3527, .F. ) ;
#1191 = DIRECTION ( 'NONE',  ( 6.982966722218764922E-15, 0.000000000000000000, 1.000000000000000000 ) ) ;
#1192 = VECTOR ( 'NONE', #1927, 1000.000000000000000 ) ;
#1193 = VERTEX_POINT ( 'NONE', #1838 ) ;
#1194 = EDGE_CURVE ( 'NONE', #2008, #3110, #2135, .T. ) ;
#1195 = PRESENTATION_LAYER_ASSIGNMENT (  '', '', ( #1711 ) ) ;
#1196 =( GEOMETRIC_REPRESENTATION_CONTEXT ( 3 ) GLOBAL_UNCERTAINTY_ASSIGNED_CONTEXT ( ( #2933 ) ) GLOBAL_UNIT_ASSIGNED_CONTEXT ( ( #3396, #1238, #781 ) ) REPRESENTATION_CONTEXT ( 'NONE', 'WORKASPACE' ) );
#1197 = CARTESIAN_POINT ( 'NONE',  ( 3.429999999999981952, 3.455000000000010285, -2.530000000000014015 ) ) ;
#1198 = CARTESIAN_POINT ( 'NONE',  ( -6.200000000000008171, 6.150000000000006573, -1.249999999999939826 ) ) ;
#1199 = VECTOR ( 'NONE', #1409, 1000.000000000000000 ) ;
#1200 = ADVANCED_FACE ( 'NONE', ( #1782 ), #2932, .T. ) ;
#1201 = CARTESIAN_POINT ( 'NONE',  ( -5.349999999999991651, 5.324999999999994849, 1.050000000000031797 ) ) ;
#1202 = DIRECTION ( 'NONE',  ( -0.000000000000000000, -3.491483361109382461E-15, 1.000000000000000000 ) ) ;
#1203 = PRESENTATION_STYLE_ASSIGNMENT (( #1771 ) ) ;
#1204 = DIRECTION ( 'NONE',  ( 1.000000000000000000, 0.000000000000000000, 0.000000000000000000 ) ) ;
#1205 = ORIENTED_EDGE ( 'NONE', *, *, #320, .F. ) ;
#1206 = ORIENTED_EDGE ( 'NONE', *, *, #1847, .T. ) ;
#1207 = CARTESIAN_POINT ( 'NONE',  ( -0.9299999999999764011, 3.454999999999996962, 1.050000000000013367 ) ) ;
#1208 = CARTESIAN_POINT ( 'NONE',  ( -6.199999999999965539, 5.324999999999981526, 5.750000000000058620 ) ) ;
#1209 = EDGE_LOOP ( 'NONE', ( #2979, #2710, #2889, #3495 ) ) ;
#1210 = DIRECTION ( 'NONE',  ( -1.000000000000000000, 0.000000000000000000, 6.982966722218764133E-15 ) ) ;
#1211 = CARTESIAN_POINT ( 'NONE',  ( 0.9299999999999742917, 2.855000000000014193, -3.770000000000001794 ) ) ;
#1212 = ORIENTED_EDGE ( 'NONE', *, *, #2502, .T. ) ;
#1213 = ORIENTED_EDGE ( 'NONE', *, *, #953, .F. ) ;
#1214 = DIRECTION ( 'NONE',  ( 2.467665226597232396E-29, 1.000000000000000000, 3.491483361109382461E-15 ) ) ;
#1215 = UNCERTAINTY_MEASURE_WITH_UNIT (LENGTH_MEASURE( 1.000000000000000082E-05 ), #288, 'distance_accuracy_value', 'NONE');
#1216 = ADVANCED_FACE ( 'NONE', ( #977 ), #3177, .F. ) ;
#1217 = FACE_OUTER_BOUND ( 'NONE', #113, .T. ) ;
#1218 = VECTOR ( 'NONE', #1776, 1000.000000000000000 ) ;
#1219 = DIRECTION ( 'NONE',  ( -1.000000000000000000, 0.000000000000000000, 6.982966722218764133E-15 ) ) ;
#1220 = CARTESIAN_POINT ( 'NONE',  ( 3.430000000000038352, 4.094999999999985540, 5.549999999999983835 ) ) ;
#1221 = DIRECTION ( 'NONE',  ( 2.359090018887270683E-29, 1.000000000000000000, 3.378349221371764333E-15 ) ) ;
#1222 = VERTEX_POINT ( 'NONE', #2100 ) ;
#1223 = VECTOR ( 'NONE', #824, 1000.000000000000000 ) ;
#1224 = CARTESIAN_POINT ( 'NONE',  ( -4.249999999999962697, 1.351022143997257841, 5.750000000000031086 ) ) ;
#1225 =( NAMED_UNIT ( * ) SI_UNIT ( $, .STERADIAN. ) SOLID_ANGLE_UNIT ( ) );
#1226 = ORIENTED_EDGE ( 'NONE', *, *, #1549, .T. ) ;
#1227 = LINE ( 'NONE', #2055, #2734 ) ;
#1228 = ORIENTED_EDGE ( 'NONE', *, *, #2658, .T. ) ;
#1229 = FILL_AREA_STYLE_COLOUR ( '', #391 ) ;
#1230 = EDGE_CURVE ( 'NONE', #1111, #1193, #3196, .T. ) ;
#1231 = VERTEX_POINT ( 'NONE', #2989 ) ;
#1232 = PLANE ( 'NONE',  #3030 ) ;
#1233 = AXIS2_PLACEMENT_3D ( 'NONE', #1141, #3306, #2529 ) ;
#1234 = CARTESIAN_POINT ( 'NONE',  ( -4.249999999999983125, 5.324999999999994849, 2.050000000000044675 ) ) ;
#1235 = CARTESIAN_POINT ( 'NONE',  ( -6.199999999999961098, 6.150000000000006573, -1.249999999999939826 ) ) ;
#1236 = SURFACE_STYLE_FILL_AREA ( #1772 ) ;
#1237 = ORIENTED_EDGE ( 'NONE', *, *, #1429, .T. ) ;
#1238 =( NAMED_UNIT ( * ) PLANE_ANGLE_UNIT ( ) SI_UNIT ( $, .RADIAN. ) );
#1239 =( LENGTH_UNIT ( ) NAMED_UNIT ( * ) SI_UNIT ( .MILLI., .METRE. ) );
#1240 = ORIENTED_EDGE ( 'NONE', *, *, #953, .T. ) ;
#1241 = VECTOR ( 'NONE', #3300, 1000.000000000000000 ) ;
#1242 = ADVANCED_FACE ( 'NONE', ( #1043 ), #1605, .F. ) ;
#1243 = SURFACE_STYLE_FILL_AREA ( #719 ) ;
#1244 = PRESENTATION_LAYER_ASSIGNMENT (  '', '', ( #3203 ) ) ;
#1245 = CARTESIAN_POINT ( 'NONE',  ( -4.249999999999968914, 6.149999999999981704, 5.750000000000047073 ) ) ;
#1246 = EDGE_LOOP ( 'NONE', ( #2668, #2861, #718, #2011, #394, #1781, #3413, #2218, #2479, #2850 ) ) ;
#1247 = DIRECTION ( 'NONE',  ( -1.000000000000000000, -0.000000000000000000, 6.982966722218764922E-15 ) ) ;
#1248 = MECHANICAL_DESIGN_GEOMETRIC_PRESENTATION_REPRESENTATION (  '', ( #211 ), #3265 ) ;
#1249 = ORIENTED_EDGE ( 'NONE', *, *, #2491, .F. ) ;
#1250 = VECTOR ( 'NONE', #3309, 1000.000000000000000 ) ;
#1251 = DIRECTION ( 'NONE',  ( -6.982966722218764922E-15, 0.000000000000000000, -1.000000000000000000 ) ) ;
#1252 =( GEOMETRIC_REPRESENTATION_CONTEXT ( 3 ) GLOBAL_UNCERTAINTY_ASSIGNED_CONTEXT ( ( #3007 ) ) GLOBAL_UNIT_ASSIGNED_CONTEXT ( ( #2280, #2596, #1975 ) ) REPRESENTATION_CONTEXT ( 'NONE', 'WORKASPACE' ) );
#1253 = VECTOR ( 'NONE', #2877, 1000.000000000000000 ) ;
#1254 = SURFACE_SIDE_STYLE ('',( #1236 ) ) ;
#1255 = AXIS2_PLACEMENT_3D ( 'NONE', #3482, #2104, #244 ) ;
#1256 = ORIENTED_EDGE ( 'NONE', *, *, #2282, .T. ) ;
#1257 = PRESENTATION_LAYER_ASSIGNMENT (  '', '', ( #907 ) ) ;
#1258 = CARTESIAN_POINT ( 'NONE',  ( 3.429999999999981508, 2.855000000000010196, -2.530000000000018456 ) ) ;
#1259 = PLANE ( 'NONE',  #1870 ) ;
#1260 = EDGE_LOOP ( 'NONE', ( #593, #1899, #1363, #2791 ) ) ;
#1261 = EDGE_CURVE ( 'NONE', #3492, #3270, #2188, .T. ) ;
#1262 = DIRECTION ( 'NONE',  ( 0.000000000000000000, -3.383063143860832017E-15, 1.000000000000000000 ) ) ;
#1263 = LINE ( 'NONE', #703, #2852 ) ;
#1264 = LINE ( 'NONE', #2632, #383 ) ;
#1265 = ORIENTED_EDGE ( 'NONE', *, *, #427, .T. ) ;
#1266 = CARTESIAN_POINT ( 'NONE',  ( 3.430000000000038352, 4.094999999999981100, 5.549999999999983835 ) ) ;
#1267 = ADVANCED_FACE ( 'NONE', ( #2971 ), #2, .T. ) ;
#1268 = ORIENTED_EDGE ( 'NONE', *, *, #838, .T. ) ;
#1269 =( NAMED_UNIT ( * ) SI_UNIT ( $, .STERADIAN. ) SOLID_ANGLE_UNIT ( ) );
#1270 = EDGE_CURVE ( 'NONE', #947, #3193, #2701, .T. ) ;
#1271 = CARTESIAN_POINT ( 'NONE',  ( 0.9300000000000391287, 4.094999999999981100, 5.550000000000001599 ) ) ;
#1272 = CARTESIAN_POINT ( 'NONE',  ( 5.300000000000038902, 0.3999999999999808709, 5.749999999999976907 ) ) ;
#1273 = ORIENTED_EDGE ( 'NONE', *, *, #1003, .T. ) ;
#1274 = ADVANCED_FACE ( 'NONE', ( #3320 ), #843, .T. ) ;
#1275 = SURFACE_SIDE_STYLE ('',( #180 ) ) ;
#1276 = VERTEX_POINT ( 'NONE', #1211 ) ;
#1277 = STYLED_ITEM ( 'NONE', ( #1441 ), #931 ) ;
#1278 = EDGE_CURVE ( 'NONE', #1231, #918, #354, .T. ) ;
#1279 = DIRECTION ( 'NONE',  ( 1.000000000000000000, 5.605193857299268284E-45, -6.982966722218764922E-15 ) ) ;
#1280 = CARTESIAN_POINT ( 'NONE',  ( -5.300000000000008704, 0.4000000000000052403, -1.249999999999976685 ) ) ;
#1281 = ORIENTED_EDGE ( 'NONE', *, *, #3112, .F. ) ;
#1282 = MECHANICAL_DESIGN_GEOMETRIC_PRESENTATION_REPRESENTATION (  '', ( #307 ), #2428 ) ;
#1283 = ORIENTED_EDGE ( 'NONE', *, *, #1287, .T. ) ;
#1284 = ADVANCED_FACE ( 'NONE', ( #1760 ), #2278, .T. ) ;
#1285 = DIRECTION ( 'NONE',  ( 6.982966722218764922E-15, 0.000000000000000000, 1.000000000000000000 ) ) ;
#1286 = UNCERTAINTY_MEASURE_WITH_UNIT (LENGTH_MEASURE( 1.000000000000000082E-05 ), #2690, 'distance_accuracy_value', 'NONE');
#1287 = EDGE_CURVE ( 'NONE', #2279, #1562, #3366, .T. ) ;
#1288 = FACE_OUTER_BOUND ( 'NONE', #508, .T. ) ;
#1289 = ORIENTED_EDGE ( 'NONE', *, *, #761, .T. ) ;
#1290 = SURFACE_SIDE_STYLE ('',( #2727 ) ) ;
#1291 = FACE_OUTER_BOUND ( 'NONE', #837, .T. ) ;
#1292 = ORIENTED_EDGE ( 'NONE', *, *, #455, .F. ) ;
#1293 = LINE ( 'NONE', #1407, #3459 ) ;
#1294 = DIRECTION ( 'NONE',  ( -2.438091212180734091E-29, -1.000000000000000000, -3.491483361109382461E-15 ) ) ;
#1295 = DIRECTION ( 'NONE',  ( -6.982966722218764922E-15, 0.000000000000000000, -1.000000000000000000 ) ) ;
#1296 = ORIENTED_EDGE ( 'NONE', *, *, #1853, .F. ) ;
#1297 = PRESENTATION_STYLE_ASSIGNMENT (( #3194 ) ) ;
#1298 = ORIENTED_EDGE ( 'NONE', *, *, #362, .T. ) ;
#1299 = AXIS2_PLACEMENT_3D ( 'NONE', #1511, #2353, #742 ) ;
#1300 = CARTESIAN_POINT ( 'NONE',  ( -1.570000000000010054, 4.095000000000005969, -1.249999999999980460 ) ) ;
#1301 = DIRECTION ( 'NONE',  ( 0.000000000000000000, 3.383063143860832017E-15, -1.000000000000000000 ) ) ;
#1302 = FACE_OUTER_BOUND ( 'NONE', #642, .T. ) ;
#1303 = MECHANICAL_DESIGN_GEOMETRIC_PRESENTATION_REPRESENTATION (  '', ( #3318 ), #36 ) ;
#1304 = ADVANCED_FACE ( 'NONE', ( #1958 ), #937, .T. ) ;
#1305 = SURFACE_STYLE_FILL_AREA ( #3240 ) ;
#1306 =( LENGTH_UNIT ( ) NAMED_UNIT ( * ) SI_UNIT ( .MILLI., .METRE. ) );
#1307 = CARTESIAN_POINT ( 'NONE',  ( -6.199999999999976197, 4.324999999999992184, 2.650000000000054090 ) ) ;
#1308 = EDGE_CURVE ( 'NONE', #1312, #1826, #2928, .T. ) ;
#1309 = AXIS2_PLACEMENT_3D ( 'NONE', #2031, #1279, #987 ) ;
#1310 = EDGE_LOOP ( 'NONE', ( #2983, #1675, #2371, #3114 ) ) ;
#1311 =( NAMED_UNIT ( * ) PLANE_ANGLE_UNIT ( ) SI_UNIT ( $, .RADIAN. ) );
#1312 = VERTEX_POINT ( 'NONE', #463 ) ;
#1313 = LINE ( 'NONE', #1906, #2571 ) ;
#1314 = CARTESIAN_POINT ( 'NONE',  ( 4.069999999999978968, 2.855000000000011973, -3.130000000000023430 ) ) ;
#1315 = VERTEX_POINT ( 'NONE', #478 ) ;
#1316 = LINE ( 'NONE', #2420, #1800 ) ;
#1317 = LINE ( 'NONE', #1028, #814 ) ;
#1318 = PRESENTATION_STYLE_ASSIGNMENT (( #225 ) ) ;
#1319 = EDGE_CURVE ( 'NONE', #2636, #594, #1552, .T. ) ;
#1320 =( NAMED_UNIT ( * ) PLANE_ANGLE_UNIT ( ) SI_UNIT ( $, .RADIAN. ) );
#1321 = CARTESIAN_POINT ( 'NONE',  ( 4.070000000000007390, 1.224999999999998090, 1.049999999999970068 ) ) ;
#1322 = DIRECTION ( 'NONE',  ( 1.000000000000000000, -2.359090018887270683E-29, -7.969829928453711779E-44 ) ) ;
#1323 = EDGE_CURVE ( 'NONE', #110, #1861, #2594, .T. ) ;
#1324 = FILL_AREA_STYLE ('',( #1561 ) ) ;
#1325 =( NAMED_UNIT ( * ) SI_UNIT ( $, .STERADIAN. ) SOLID_ANGLE_UNIT ( ) );
#1326 = ORIENTED_EDGE ( 'NONE', *, *, #800, .F. ) ;
#1327 = EDGE_CURVE ( 'NONE', #1222, #2498, #1264, .T. ) ;
#1328 = PLANE ( 'NONE',  #2015 ) ;
#1329 = VECTOR ( 'NONE', #119, 1000.000000000000000 ) ;
#1330 = CARTESIAN_POINT ( 'NONE',  ( -0.9300000000000170353, 4.095000000000010409, -2.529999999999984261 ) ) ;
#1331 = ORIENTED_EDGE ( 'NONE', *, *, #1470, .T. ) ;
#1332 = EDGE_CURVE ( 'NONE', #539, #96, #2646, .T. ) ;
#1333 =( GEOMETRIC_REPRESENTATION_CONTEXT ( 3 ) GLOBAL_UNCERTAINTY_ASSIGNED_CONTEXT ( ( #1060 ) ) GLOBAL_UNIT_ASSIGNED_CONTEXT ( ( #2688, #1320, #1804 ) ) REPRESENTATION_CONTEXT ( 'NONE', 'WORKASPACE' ) );
#1334 = SURFACE_STYLE_USAGE ( .BOTH. , #2484 ) ;
#1335 = COLOUR_RGB ( '',0.7529411764705882248, 0.7529411764705882248, 0.7529411764705882248 ) ;
#1336 = PLANE ( 'NONE',  #3086 ) ;
#1337 = DIRECTION ( 'NONE',  ( -1.000000000000000000, 0.000000000000000000, 6.982966722218764922E-15 ) ) ;
#1338 = CARTESIAN_POINT ( 'NONE',  ( -1.569999999999992735, 3.454999999999989413, 1.050000000000016032 ) ) ;
#1339 = PRESENTATION_LAYER_ASSIGNMENT (  '', '', ( #3185 ) ) ;
#1340 = ORIENTED_EDGE ( 'NONE', *, *, #2102, .F. ) ;
#1341 = PRESENTATION_STYLE_ASSIGNMENT (( #212 ) ) ;
#1342 = EDGE_LOOP ( 'NONE', ( #805, #361, #1985, #2657 ) ) ;
#1343 = STYLED_ITEM ( 'NONE', ( #334 ), #481 ) ;
#1344 =( NAMED_UNIT ( * ) PLANE_ANGLE_UNIT ( ) SI_UNIT ( $, .RADIAN. ) );
#1345 = DIRECTION ( 'NONE',  ( 6.994852725712930636E-15, 0.000000000000000000, 1.000000000000000000 ) ) ;
#1346 = DIRECTION ( 'NONE',  ( -7.100177767892871804E-15, 0.000000000000000000, -1.000000000000000000 ) ) ;
#1347 = ORIENTED_EDGE ( 'NONE', *, *, #1037, .F. ) ;
#1348 = EDGE_CURVE ( 'NONE', #3244, #57, #1796, .T. ) ;
#1349 =( LENGTH_UNIT ( ) NAMED_UNIT ( * ) SI_UNIT ( .MILLI., .METRE. ) );
#1350 = LINE ( 'NONE', #1370, #2349 ) ;
#1351 = CARTESIAN_POINT ( 'NONE',  ( -5.349999999999958789, 1.224999999999996758, 1.049999999999961187 ) ) ;
#1352 = VECTOR ( 'NONE', #1295, 1000.000000000000000 ) ;
#1353 = CARTESIAN_POINT ( 'NONE',  ( -1.570000000000017604, 3.455000000000010285, -2.529999999999982929 ) ) ;
#1354 = CARTESIAN_POINT ( 'NONE',  ( 4.070000000000039364, 3.454999999999981419, 5.549999999999977618 ) ) ;
#1355 = FACE_OUTER_BOUND ( 'NONE', #2929, .T. ) ;
#1356 = CARTESIAN_POINT ( 'NONE',  ( -0.9299999999999608580, 4.094999999999981100, 5.550000000000012257 ) ) ;
#1357 = ORIENTED_EDGE ( 'NONE', *, *, #2926, .T. ) ;
#1358 = PRESENTATION_LAYER_ASSIGNMENT (  '', '', ( #1986 ) ) ;
#1359 = VECTOR ( 'NONE', #2449, 1000.000000000000000 ) ;
#1360 = DIRECTION ( 'NONE',  ( -6.982966722218764133E-15, 0.000000000000000000, -1.000000000000000000 ) ) ;
#1361 = DIRECTION ( 'NONE',  ( -1.000000000000000000, 0.000000000000000000, 7.067670016944194956E-15 ) ) ;
#1362 = CARTESIAN_POINT ( 'NONE',  ( 4.069999999999983409, 3.455000000000005400, -1.250000000000019762 ) ) ;
#1363 = ORIENTED_EDGE ( 'NONE', *, *, #2521, .T. ) ;
#1364 = STYLED_ITEM ( 'NONE', ( #1895 ), #2191 ) ;
#1365 = MECHANICAL_DESIGN_GEOMETRIC_PRESENTATION_REPRESENTATION (  '', ( #2746 ), #1196 ) ;
#1366 = CARTESIAN_POINT ( 'NONE',  ( -5.299999999999959854, -1.929879867024197893E-14, 5.750000000000033751 ) ) ;
#1367 = ORIENTED_EDGE ( 'NONE', *, *, #1704, .F. ) ;
#1368 = SURFACE_STYLE_FILL_AREA ( #1115 ) ;
#1369 = VECTOR ( 'NONE', #1121, 1000.000000000000000 ) ;
#1370 = CARTESIAN_POINT ( 'NONE',  ( -3.430000000000017035, 3.455000000000010285, -2.529999999999964277 ) ) ;
#1371 = CARTESIAN_POINT ( 'NONE',  ( -0.9300000000000256950, 4.095000000000010409, -3.770000000000010232 ) ) ;
#1372 = CARTESIAN_POINT ( 'NONE',  ( 0.9300000000000391287, 3.454999999999981419, 5.549999999999999822 ) ) ;
#1373 =( LENGTH_UNIT ( ) NAMED_UNIT ( * ) SI_UNIT ( .MILLI., .METRE. ) );
#1374 = LINE ( 'NONE', #768, #1629 ) ;
#1375 = ORIENTED_EDGE ( 'NONE', *, *, #2073, .F. ) ;
#1376 =( NAMED_UNIT ( * ) SI_UNIT ( $, .STERADIAN. ) SOLID_ANGLE_UNIT ( ) );
#1377 = DIRECTION ( 'NONE',  ( 1.000000000000000000, 0.000000000000000000, -7.067670016944194956E-15 ) ) ;
#1378 = VERTEX_POINT ( 'NONE', #2132 ) ;
#1379 = ORIENTED_EDGE ( 'NONE', *, *, #1898, .F. ) ;
#1380 =( LENGTH_UNIT ( ) NAMED_UNIT ( * ) SI_UNIT ( .MILLI., .METRE. ) );
#1381 = DIRECTION ( 'NONE',  ( 7.100177767892871804E-15, 0.000000000000000000, 1.000000000000000000 ) ) ;
#1382 = VERTEX_POINT ( 'NONE', #1280 ) ;
#1383 = EDGE_CURVE ( 'NONE', #1827, #2666, #2370, .T. ) ;
#1384 = PRESENTATION_LAYER_ASSIGNMENT (  '', '', ( #9 ) ) ;
#1385 =( NAMED_UNIT ( * ) SI_UNIT ( $, .STERADIAN. ) SOLID_ANGLE_UNIT ( ) );
#1386 = CARTESIAN_POINT ( 'NONE',  ( -0.9300000000000256950, 2.855000000000013749, -3.769999999999988027 ) ) ;
#1387 = CARTESIAN_POINT ( 'NONE',  ( 2.800000000000045119, 5.324999999999994849, 5.749999999999979572 ) ) ;
#1388 = DIRECTION ( 'NONE',  ( 0.000000000000000000, 3.378349221371764333E-15, -1.000000000000000000 ) ) ;
#1389 = AXIS2_PLACEMENT_3D ( 'NONE', #3516, #3480, #1031 ) ;
#1390 = EDGE_CURVE ( 'NONE', #647, #2733, #420, .T. ) ;
#1391 = FACE_OUTER_BOUND ( 'NONE', #625, .T. ) ;
#1392 = CARTESIAN_POINT ( 'NONE',  ( -1.570000000000017382, 4.095000000000010409, -2.529999999999979376 ) ) ;
#1393 = COLOUR_RGB ( '',0.7529411764705882248, 0.7529411764705882248, 0.7529411764705882248 ) ;
#1394 = ORIENTED_EDGE ( 'NONE', *, *, #1875, .F. ) ;
#1395 = EDGE_CURVE ( 'NONE', #2140, #189, #1227, .T. ) ;
#1396 = PRESENTATION_STYLE_ASSIGNMENT (( #832 ) ) ;
#1397 = DIRECTION ( 'NONE',  ( -6.982966722218764922E-15, 0.000000000000000000, -1.000000000000000000 ) ) ;
#1398 = EDGE_LOOP ( 'NONE', ( #2359, #1673, #3508, #1512 ) ) ;
#1399 = ORIENTED_EDGE ( 'NONE', *, *, #3176, .F. ) ;
#1400 =( NAMED_UNIT ( * ) PLANE_ANGLE_UNIT ( ) SI_UNIT ( $, .RADIAN. ) );
#1401 = ORIENTED_EDGE ( 'NONE', *, *, #2601, .T. ) ;
#1402 = CARTESIAN_POINT ( 'NONE',  ( -4.249999999999990230, 6.149999999999990585, 2.050000000000044675 ) ) ;
#1403 = CARTESIAN_POINT ( 'NONE',  ( -2.799999999999962519, 1.351022143997257841, 5.750000000000039080 ) ) ;
#1404 = CARTESIAN_POINT ( 'NONE',  ( -3.429999999999960636, 4.094999999999981100, 5.550000000000030909 ) ) ;
#1405 = EDGE_CURVE ( 'NONE', #1715, #425, #2387, .T. ) ;
#1406 = AXIS2_PLACEMENT_3D ( 'NONE', #983, #3153, #1488 ) ;
#1407 = CARTESIAN_POINT ( 'NONE',  ( 1.569999999999983409, 3.455000000000010285, -2.529999999999999361 ) ) ;
#1408 = EDGE_CURVE ( 'NONE', #476, #30, #2612, .T. ) ;
#1409 = DIRECTION ( 'NONE',  ( -5.605193857299268284E-45, 1.000000000000000000, 3.914088217710582702E-59 ) ) ;
#1410 = CARTESIAN_POINT ( 'NONE',  ( 1.569999999999983409, 4.095000000000010409, -2.530000000000003801 ) ) ;
#1411 = LINE ( 'NONE', #2517, #3376 ) ;
#1412 = VERTEX_POINT ( 'NONE', #721 ) ;
#1413 = VERTEX_POINT ( 'NONE', #441 ) ;
#1414 = MECHANICAL_DESIGN_GEOMETRIC_PRESENTATION_REPRESENTATION (  '', ( #957 ), #3273 ) ;
#1415 = CARTESIAN_POINT ( 'NONE',  ( -6.199999999999981526, 5.324999999999992184, 2.650000000000056311 ) ) ;
#1416 =( LENGTH_UNIT ( ) NAMED_UNIT ( * ) SI_UNIT ( .MILLI., .METRE. ) );
#1417 = STYLED_ITEM ( 'NONE', ( #1984 ), #3441 ) ;
#1418 = VECTOR ( 'NONE', #1294, 1000.000000000000000 ) ;
#1419 = CARTESIAN_POINT ( 'NONE',  ( -4.070000000000026041, 2.855000000000013749, -3.769999999999966711 ) ) ;
#1420 = CARTESIAN_POINT ( 'NONE',  ( 1.569999999999974527, 4.095000000000010409, -3.770000000000027551 ) ) ;
#1421 = ORIENTED_EDGE ( 'NONE', *, *, #3162, .F. ) ;
#1422 = AXIS2_PLACEMENT_3D ( 'NONE', #1224, #683, #3152 ) ;
#1423 = DIRECTION ( 'NONE',  ( -0.000000000000000000, -3.627765757092197324E-15, 1.000000000000000000 ) ) ;
#1424 = EDGE_CURVE ( 'NONE', #841, #2751, #2076, .T. ) ;
#1425 = MECHANICAL_DESIGN_GEOMETRIC_PRESENTATION_REPRESENTATION (  '', ( #1079 ), #346 ) ;
#1426 = DIRECTION ( 'NONE',  ( 1.000000000000000000, -0.000000000000000000, -6.982966722218764922E-15 ) ) ;
#1427 = PRESENTATION_STYLE_ASSIGNMENT (( #1948 ) ) ;
#1428 =( LENGTH_UNIT ( ) NAMED_UNIT ( * ) SI_UNIT ( .MILLI., .METRE. ) );
#1429 = EDGE_CURVE ( 'NONE', #3244, #2805, #3476, .T. ) ;
#1430 =( LENGTH_UNIT ( ) NAMED_UNIT ( * ) SI_UNIT ( .MILLI., .METRE. ) );
#1431 = DIRECTION ( 'NONE',  ( 1.000000000000000000, -0.000000000000000000, -6.982966722218764133E-15 ) ) ;
#1432 = CARTESIAN_POINT ( 'NONE',  ( -5.300000000000039790, 5.150000000000008349, -1.249999999999943823 ) ) ;
#1433 = ORIENTED_EDGE ( 'NONE', *, *, #3403, .T. ) ;
#1434 = EDGE_CURVE ( 'NONE', #3270, #954, #3214, .T. ) ;
#1435 = LINE ( 'NONE', #3348, #3090 ) ;
#1436 = CARTESIAN_POINT ( 'NONE',  ( 6.200000000000039257, 4.324999999999992184, 5.749999999999975131 ) ) ;
#1437 = EDGE_LOOP ( 'NONE', ( #2384, #3297, #1283, #823 ) ) ;
#1438 = EDGE_CURVE ( 'NONE', #2925, #2373, #3158, .T. ) ;
#1439 = SURFACE_SIDE_STYLE ('',( #3079 ) ) ;
#1440 = ORIENTED_EDGE ( 'NONE', *, *, #1408, .F. ) ;
#1441 = PRESENTATION_STYLE_ASSIGNMENT (( #2723 ) ) ;
#1442 = VECTOR ( 'NONE', #3212, 1000.000000000000000 ) ;
#1443 = PLANE ( 'NONE',  #2048 ) ;
#1444 = VECTOR ( 'NONE', #2794, 1000.000000000000000 ) ;
#1445 = FACE_OUTER_BOUND ( 'NONE', #2581, .T. ) ;
#1446 = LINE ( 'NONE', #623, #1588 ) ;
#1447 = ORIENTED_EDGE ( 'NONE', *, *, #122, .T. ) ;
#1448 =( GEOMETRIC_REPRESENTATION_CONTEXT ( 3 ) GLOBAL_UNCERTAINTY_ASSIGNED_CONTEXT ( ( #2001 ) ) GLOBAL_UNIT_ASSIGNED_CONTEXT ( ( #2882, #483, #1269 ) ) REPRESENTATION_CONTEXT ( 'NONE', 'WORKASPACE' ) );
#1449 = ORIENTED_EDGE ( 'NONE', *, *, #184, .T. ) ;
#1450 = PRESENTATION_STYLE_ASSIGNMENT (( #1742 ) ) ;
#1451 = SURFACE_STYLE_USAGE ( .BOTH. , #2808 ) ;
#1452 = EDGE_CURVE ( 'NONE', #2925, #2568, #1492, .T. ) ;
#1453 = VECTOR ( 'NONE', #813, 1000.000000000000000 ) ;
#1454 = AXIS2_PLACEMENT_3D ( 'NONE', #1392, #2490, #1930 ) ;
#1455 = ORIENTED_EDGE ( 'NONE', *, *, #3061, .T. ) ;
#1456 = EDGE_CURVE ( 'NONE', #2033, #685, #3416, .T. ) ;
#1457 = ORIENTED_EDGE ( 'NONE', *, *, #948, .T. ) ;
#1458 =( NAMED_UNIT ( * ) PLANE_ANGLE_UNIT ( ) SI_UNIT ( $, .RADIAN. ) );
#1459 =( NAMED_UNIT ( * ) PLANE_ANGLE_UNIT ( ) SI_UNIT ( $, .RADIAN. ) );
#1460 = DIRECTION ( 'NONE',  ( -1.000000000000000000, 2.325796542701351483E-29, 7.746463320281729375E-44 ) ) ;
#1461 = DIRECTION ( 'NONE',  ( -8.470329472540465477E-17, 1.000000000000000000, 3.627765757092197324E-15 ) ) ;
#1462 = APPLICATION_PROTOCOL_DEFINITION ( 'draft international standard', 'automotive_design', 1998, #133 ) ;
#1463 = ORIENTED_EDGE ( 'NONE', *, *, #2276, .F. ) ;
#1464 = VERTEX_POINT ( 'NONE', #544 ) ;
#1465 = VECTOR ( 'NONE', #253, 1000.000000000000000 ) ;
#1466 = LINE ( 'NONE', #143, #2177 ) ;
#1467 = VERTEX_POINT ( 'NONE', #3564 ) ;
#1468 = MECHANICAL_DESIGN_GEOMETRIC_PRESENTATION_REPRESENTATION (  '', ( #3264 ), #2566 ) ;
#1469 = PRESENTATION_LAYER_ASSIGNMENT (  '', '', ( #2906 ) ) ;
#1470 = EDGE_CURVE ( 'NONE', #662, #2699, #2965, .T. ) ;
#1471 = FACE_OUTER_BOUND ( 'NONE', #1310, .T. ) ;
#1472 = SURFACE_STYLE_FILL_AREA ( #1103 ) ;
#1473 = EDGE_LOOP ( 'NONE', ( #2399, #2570, #799, #575 ) ) ;
#1474 = PLANE ( 'NONE',  #2851 ) ;
#1475 = VECTOR ( 'NONE', #337, 1000.000000000000000 ) ;
#1476 = VECTOR ( 'NONE', #1866, 1000.000000000000000 ) ;
#1477 = EDGE_LOOP ( 'NONE', ( #1792, #1183, #76, #2717 ) ) ;
#1478 = ADVANCED_FACE ( 'NONE', ( #1077 ), #1095, .F. ) ;
#1479 =( GEOMETRIC_REPRESENTATION_CONTEXT ( 3 ) GLOBAL_UNCERTAINTY_ASSIGNED_CONTEXT ( ( #2154 ) ) GLOBAL_UNIT_ASSIGNED_CONTEXT ( ( #3558, #248, #1069 ) ) REPRESENTATION_CONTEXT ( 'NONE', 'WORKASPACE' ) );
#1480 = SURFACE_STYLE_USAGE ( .BOTH. , #2866 ) ;
#1481 =( GEOMETRIC_REPRESENTATION_CONTEXT ( 3 ) GLOBAL_UNCERTAINTY_ASSIGNED_CONTEXT ( ( #389 ) ) GLOBAL_UNIT_ASSIGNED_CONTEXT ( ( #944, #639, #408 ) ) REPRESENTATION_CONTEXT ( 'NONE', 'WORKASPACE' ) );
#1482 =( NAMED_UNIT ( * ) PLANE_ANGLE_UNIT ( ) SI_UNIT ( $, .RADIAN. ) );
#1483 = PRODUCT_DEFINITION ( 'UNKNOWN', '', #106, #568 ) ;
#1484 =( NAMED_UNIT ( * ) PLANE_ANGLE_UNIT ( ) SI_UNIT ( $, .RADIAN. ) );
#1485 = ORIENTED_EDGE ( 'NONE', *, *, #2801, .T. ) ;
#1486 = EDGE_LOOP ( 'NONE', ( #1952, #2194, #3215, #1920 ) ) ;
#1487 = CARTESIAN_POINT ( 'NONE',  ( -3.429999999999992166, 1.224999999999998090, 1.050000000000022471 ) ) ;
#1488 = DIRECTION ( 'NONE',  ( -6.982966722218764922E-15, 0.000000000000000000, -1.000000000000000000 ) ) ;
#1489 = ORIENTED_EDGE ( 'NONE', *, *, #1009, .F. ) ;
#1490 = LINE ( 'NONE', #2593, #3115 ) ;
#1491 = LINE ( 'NONE', #1527, #453 ) ;
#1492 = LINE ( 'NONE', #128, #31 ) ;
#1493 = ORIENTED_EDGE ( 'NONE', *, *, #857, .F. ) ;
#1494 = EDGE_LOOP ( 'NONE', ( #2335, #1659, #1015, #759 ) ) ;
#1495 = DIRECTION ( 'NONE',  ( -1.000000000000000000, 2.325796542701351483E-29, 7.746463320281729375E-44 ) ) ;
#1496 = UNCERTAINTY_MEASURE_WITH_UNIT (LENGTH_MEASURE( 1.000000000000000082E-05 ), #2153, 'distance_accuracy_value', 'NONE');
#1497 =( LENGTH_UNIT ( ) NAMED_UNIT ( * ) SI_UNIT ( .MILLI., .METRE. ) );
#1498 = EDGE_CURVE ( 'NONE', #1562, #1560, #1907, .T. ) ;
#1499 = VECTOR ( 'NONE', #1054, 1000.000000000000000 ) ;
#1500 = CARTESIAN_POINT ( 'NONE',  ( -3.430000000000021032, 2.855000000000011973, -3.129999999999971028 ) ) ;
#1501 = FILL_AREA_STYLE ('',( #2886 ) ) ;
#1502 = CARTESIAN_POINT ( 'NONE',  ( 1.570000000000039364, 4.094999999999981100, 5.549999999999998046 ) ) ;
#1503 = ORIENTED_EDGE ( 'NONE', *, *, #2325, .T. ) ;
#1504 = ADVANCED_FACE ( 'NONE', ( #1056 ), #3250, .F. ) ;
#1505 =( GEOMETRIC_REPRESENTATION_CONTEXT ( 3 ) GLOBAL_UNCERTAINTY_ASSIGNED_CONTEXT ( ( #674 ) ) GLOBAL_UNIT_ASSIGNED_CONTEXT ( ( #1155, #1458, #1175 ) ) REPRESENTATION_CONTEXT ( 'NONE', 'WORKASPACE' ) );
#1506 = ORIENTED_EDGE ( 'NONE', *, *, #2888, .T. ) ;
#1507 = DIRECTION ( 'NONE',  ( 0.000000000000000000, 3.330671096141718332E-15, -1.000000000000000000 ) ) ;
#1508 = DIRECTION ( 'NONE',  ( -1.000000000000000000, 0.000000000000000000, 6.982966722218764922E-15 ) ) ;
#1509 = ORIENTED_EDGE ( 'NONE', *, *, #1261, .T. ) ;
#1510 = SURFACE_SIDE_STYLE ('',( #419 ) ) ;
#1511 = CARTESIAN_POINT ( 'NONE',  ( 4.999999999999984013, 2.855000000000010196, -2.530000000000029559 ) ) ;
#1512 = ORIENTED_EDGE ( 'NONE', *, *, #203, .T. ) ;
#1513 = FACE_OUTER_BOUND ( 'NONE', #2090, .T. ) ;
#1514 = EDGE_LOOP ( 'NONE', ( #2234, #1668, #15, #3519, #414, #302, #1326, #3132 ) ) ;
#1515 = VECTOR ( 'NONE', #503, 1000.000000000000000 ) ;
#1516 = DIRECTION ( 'NONE',  ( -6.982966722218764922E-15, -0.000000000000000000, -1.000000000000000000 ) ) ;
#1517 = MECHANICAL_DESIGN_GEOMETRIC_PRESENTATION_REPRESENTATION (  '', ( #1343 ), #1784 ) ;
#1518 = EDGE_CURVE ( 'NONE', #2129, #1312, #527, .T. ) ;
#1519 = FILL_AREA_STYLE_COLOUR ( '', #168 ) ;
#1520 = SURFACE_STYLE_FILL_AREA ( #765 ) ;
#1521 = ORIENTED_EDGE ( 'NONE', *, *, #1434, .F. ) ;
#1522 = ADVANCED_FACE ( 'NONE', ( #3022 ), #2201, .F. ) ;
#1523 = CARTESIAN_POINT ( 'NONE',  ( -4.069999999999962093, 3.454999999999981419, 5.550000000000035350 ) ) ;
#1524 = LINE ( 'NONE', #2026, #2735 ) ;
#1525 = ORIENTED_EDGE ( 'NONE', *, *, #3065, .T. ) ;
#1526 = MECHANICAL_DESIGN_GEOMETRIC_PRESENTATION_REPRESENTATION (  '', ( #3260 ), #1124 ) ;
#1527 = CARTESIAN_POINT ( 'NONE',  ( -1.569999999999960982, 4.094999999999981100, 5.550000000000014033 ) ) ;
#1528 = DIRECTION ( 'NONE',  ( -1.000000000000000000, -8.470329472540465477E-17, -3.072837121177111367E-31 ) ) ;
#1529 = EDGE_LOOP ( 'NONE', ( #3397, #1265, #1379, #3296 ) ) ;
#1530 = COLOUR_RGB ( '',0.7529411764705882248, 0.7529411764705882248, 0.7529411764705882248 ) ;
#1531 = ORIENTED_EDGE ( 'NONE', *, *, #332, .T. ) ;
#1532 = VECTOR ( 'NONE', #1959, 1000.000000000000000 ) ;
#1533 = FILL_AREA_STYLE_COLOUR ( '', #1854 ) ;
#1534 = AXIS2_PLACEMENT_3D ( 'NONE', #2394, #3237, #1839 ) ;
#1535 = UNCERTAINTY_MEASURE_WITH_UNIT (LENGTH_MEASURE( 1.000000000000000082E-05 ), #3117, 'distance_accuracy_value', 'NONE');
#1536 = COLOUR_RGB ( '',0.7529411764705882248, 0.7529411764705882248, 0.7529411764705882248 ) ;
#1537 = SURFACE_SIDE_STYLE ('',( #226 ) ) ;
#1538 = EDGE_CURVE ( 'NONE', #90, #3562, #1040, .T. ) ;
#1539 = VECTOR ( 'NONE', #886, 1000.000000000000000 ) ;
#1540 = STYLED_ITEM ( 'NONE', ( #2772 ), #2535 ) ;
#1541 = ORIENTED_EDGE ( 'NONE', *, *, #816, .T. ) ;
#1542 = STYLED_ITEM ( 'NONE', ( #817 ), #2713 ) ;
#1543 = ORIENTED_EDGE ( 'NONE', *, *, #645, .F. ) ;
#1544 = EDGE_CURVE ( 'NONE', #1998, #2129, #773, .T. ) ;
#1545 = VECTOR ( 'NONE', #1140, 1000.000000000000000 ) ;
#1546 = DIRECTION ( 'NONE',  ( -2.325796542701351483E-29, -1.000000000000000000, -3.330671096141718332E-15 ) ) ;
#1547 = CARTESIAN_POINT ( 'NONE',  ( -6.199999999999961098, 5.324999999999998401, 1.049999999999976286 ) ) ;
#1548 = ORIENTED_EDGE ( 'NONE', *, *, #3391, .T. ) ;
#1549 = EDGE_CURVE ( 'NONE', #1001, #311, #1658, .T. ) ;
#1550 = CARTESIAN_POINT ( 'NONE',  ( -6.199999999999981526, 5.324999999999992184, 2.650000000000056311 ) ) ;
#1551 = FACE_OUTER_BOUND ( 'NONE', #286, .T. ) ;
#1552 = LINE ( 'NONE', #988, #2342 ) ;
#1553 = ORIENTED_EDGE ( 'NONE', *, *, #761, .F. ) ;
#1554 = ADVANCED_FACE ( 'NONE', ( #2481 ), #2217, .T. ) ;
#1555 = ORIENTED_EDGE ( 'NONE', *, *, #1538, .T. ) ;
#1556 = DIRECTION ( 'NONE',  ( -1.000000000000000000, -8.470329472540465477E-17, -3.072837121177111367E-31 ) ) ;
#1557 =( NAMED_UNIT ( * ) PLANE_ANGLE_UNIT ( ) SI_UNIT ( $, .RADIAN. ) );
#1558 = DIRECTION ( 'NONE',  ( 0.000000000000000000, 3.491483361109383250E-15, -1.000000000000000000 ) ) ;
#1559 = CARTESIAN_POINT ( 'NONE',  ( -2.799999999999962519, 1.351022143997257841, 5.750000000000021316 ) ) ;
#1560 = VERTEX_POINT ( 'NONE', #1208 ) ;
#1561 = FILL_AREA_STYLE_COLOUR ( '', #3494 ) ;
#1562 = VERTEX_POINT ( 'NONE', #3333 ) ;
#1563 = AXIS2_PLACEMENT_3D ( 'NONE', #3359, #1722, #906 ) ;
#1564 = AXIS2_PLACEMENT_3D ( 'NONE', #827, #1064, #2436 ) ;
#1565 = LINE ( 'NONE', #986, #2825 ) ;
#1566 = LINE ( 'NONE', #2664, #2684 ) ;
#1567 = CARTESIAN_POINT ( 'NONE',  ( -0.9300000000000212541, 4.095000000000010409, -3.129999999999988347 ) ) ;
#1568 = ORIENTED_EDGE ( 'NONE', *, *, #541, .F. ) ;
#1569 = CARTESIAN_POINT ( 'NONE',  ( 4.069999999999974527, 2.855000000000013749, -3.770000000000023554 ) ) ;
#1570 = STYLED_ITEM ( 'NONE', ( #79 ), #1274 ) ;
#1571 = ORIENTED_EDGE ( 'NONE', *, *, #293, .T. ) ;
#1572 = PLANE ( 'NONE',  #3464 ) ;
#1573 = UNCERTAINTY_MEASURE_WITH_UNIT (LENGTH_MEASURE( 1.000000000000000082E-05 ), #1430, 'distance_accuracy_value', 'NONE');
#1574 = PRESENTATION_STYLE_ASSIGNMENT (( #3512 ) ) ;
#1575 = CARTESIAN_POINT ( 'NONE',  ( 0.9300000000000391287, 4.094999999999985540, 5.550000000000000711 ) ) ;
#1576 = DIRECTION ( 'NONE',  ( 6.982966722218763344E-15, 0.000000000000000000, 1.000000000000000000 ) ) ;
#1577 = ORIENTED_EDGE ( 'NONE', *, *, #345, .F. ) ;
#1578 = SURFACE_STYLE_USAGE ( .BOTH. , #2147 ) ;
#1579 = CARTESIAN_POINT ( 'NONE',  ( -0.9300000000000080425, 6.150000000000006573, -1.249999999999976685 ) ) ;
#1580 = PRESENTATION_STYLE_ASSIGNMENT (( #2445 ) ) ;
#1581 = ORIENTED_EDGE ( 'NONE', *, *, #47, .F. ) ;
#1582 = EDGE_CURVE ( 'NONE', #2373, #915, #1685, .T. ) ;
#1583 = VECTOR ( 'NONE', #56, 1000.000000000000000 ) ;
#1584 = CARTESIAN_POINT ( 'NONE',  ( 6.199999999999991296, 6.149999999999980815, -1.250000000000029754 ) ) ;
#1585 = CARTESIAN_POINT ( 'NONE',  ( 4.250000000000019540, 1.351022143997270497, 2.049999999999969624 ) ) ;
#1586 = LINE ( 'NONE', #241, #2350 ) ;
#1587 = AXIS2_PLACEMENT_3D ( 'NONE', #2323, #3372, #1735 ) ;
#1588 = VECTOR ( 'NONE', #1935, 1000.000000000000000 ) ;
#1589 = COLOUR_RGB ( '',1.000000000000000000, 1.000000000000000000, 1.000000000000000000 ) ;
#1590 = PRESENTATION_LAYER_ASSIGNMENT (  '', '', ( #2569 ) ) ;
#1591 = CARTESIAN_POINT ( 'NONE',  ( 5.350000000000007638, 1.224999999999998090, 1.049999999999961187 ) ) ;
#1592 = PRESENTATION_STYLE_ASSIGNMENT (( #519 ) ) ;
#1593 = AXIS2_PLACEMENT_3D ( 'NONE', #219, #757, #2756 ) ;
#1594 = ORIENTED_EDGE ( 'NONE', *, *, #427, .F. ) ;
#1595 = EDGE_CURVE ( 'NONE', #425, #774, #1972, .T. ) ;
#1596 = PRODUCT_RELATED_PRODUCT_CATEGORY ( 'part', '', ( #2554 ) ) ;
#1597 = AXIS2_PLACEMENT_3D ( 'NONE', #266, #3261, #1360 ) ;
#1598 = DIRECTION ( 'NONE',  ( -7.067670016944194956E-15, 3.491483361109382461E-15, -1.000000000000000000 ) ) ;
#1599 = ORIENTED_EDGE ( 'NONE', *, *, #1062, .F. ) ;
#1600 = AXIS2_PLACEMENT_3D ( 'NONE', #1786, #2308, #3392 ) ;
#1601 = DIRECTION ( 'NONE',  ( 0.000000000000000000, -3.383063143860832017E-15, 1.000000000000000000 ) ) ;
#1602 = CARTESIAN_POINT ( 'NONE',  ( 6.200000000000017941, 4.324999999999992184, 2.649999999999969269 ) ) ;
#1603 = SURFACE_SIDE_STYLE ('',( #2947 ) ) ;
#1604 = ORIENTED_EDGE ( 'NONE', *, *, #3204, .F. ) ;
#1605 = PLANE ( 'NONE',  #2775 ) ;
#1606 = UNCERTAINTY_MEASURE_WITH_UNIT (LENGTH_MEASURE( 1.000000000000000082E-05 ), #2759, 'distance_accuracy_value', 'NONE');
#1607 =( NAMED_UNIT ( * ) SI_UNIT ( $, .STERADIAN. ) SOLID_ANGLE_UNIT ( ) );
#1608 =( LENGTH_UNIT ( ) NAMED_UNIT ( * ) SI_UNIT ( .MILLI., .METRE. ) );
#1609 = SURFACE_STYLE_USAGE ( .BOTH. , #297 ) ;
#1610 = CARTESIAN_POINT ( 'NONE',  ( -3.429999999999960636, 3.454999999999981419, 5.550000000000030909 ) ) ;
#1611 = ORIENTED_EDGE ( 'NONE', *, *, #785, .F. ) ;
#1612 = SURFACE_STYLE_USAGE ( .BOTH. , #2461 ) ;
#1613 = FILL_AREA_STYLE_COLOUR ( '', #331 ) ;
#1614 = VERTEX_POINT ( 'NONE', #596 ) ;
#1615 = FACE_BOUND ( 'NONE', #289, .T. ) ;
#1616 = VECTOR ( 'NONE', #2401, 1000.000000000000114 ) ;
#1617 = PLANE ( 'NONE',  #1593 ) ;
#1618 = CARTESIAN_POINT ( 'NONE',  ( -5.300000000000040679, 0.3999999999999808709, -5.749999999999966249 ) ) ;
#1619 = EDGE_LOOP ( 'NONE', ( #1881, #3283, #681, #2262 ) ) ;
#1620 =( GEOMETRIC_REPRESENTATION_CONTEXT ( 3 ) GLOBAL_UNCERTAINTY_ASSIGNED_CONTEXT ( ( #2651 ) ) GLOBAL_UNIT_ASSIGNED_CONTEXT ( ( #1102, #2207, #1085 ) ) REPRESENTATION_CONTEXT ( 'NONE', 'WORKASPACE' ) );
#1621 = DIRECTION ( 'NONE',  ( 7.067670016944194956E-15, -3.491483361109382461E-15, 1.000000000000000000 ) ) ;
#1622 = AXIS2_PLACEMENT_3D ( 'NONE', #3122, #2864, #617 ) ;
#1623 = DIRECTION ( 'NONE',  ( 1.000000000000000000, 0.000000000000000000, -7.067670016944194956E-15 ) ) ;
#1624 = SURFACE_SIDE_STYLE ('',( #2992 ) ) ;
#1625 = FACE_OUTER_BOUND ( 'NONE', #853, .T. ) ;
#1626 = LINE ( 'NONE', #1356, #822 ) ;
#1627 = AXIS2_PLACEMENT_3D ( 'NONE', #2043, #2364, #3147 ) ;
#1628 = EDGE_LOOP ( 'NONE', ( #2560, #562, #1908, #661, #745, #214, #3469, #815, #108, #454, #2809, #1489 ) ) ;
#1629 = VECTOR ( 'NONE', #2474, 1000.000000000000000 ) ;
#1630 = PLANE ( 'NONE',  #1597 ) ;
#1631 = PRESENTATION_STYLE_ASSIGNMENT (( #1021 ) ) ;
#1632 = ORIENTED_EDGE ( 'NONE', *, *, #1166, .F. ) ;
#1633 = PRESENTATION_LAYER_ASSIGNMENT (  '', '', ( #1343 ) ) ;
#1634 = EDGE_CURVE ( 'NONE', #1186, #2931, #310, .T. ) ;
#1635 = DIRECTION ( 'NONE',  ( -1.000000000000000000, -2.115516434118057462E-16, 6.982966722218764133E-15 ) ) ;
#1636 = ORIENTED_EDGE ( 'NONE', *, *, #875, .F. ) ;
#1637 = DIRECTION ( 'NONE',  ( 0.000000000000000000, -3.383063143860832017E-15, 1.000000000000000000 ) ) ;
#1638 = FILL_AREA_STYLE ('',( #807 ) ) ;
#1639 = DIRECTION ( 'NONE',  ( -1.000000000000000000, 0.000000000000000000, 6.982966722218764922E-15 ) ) ;
#1640 = DIRECTION ( 'NONE',  ( -1.000000000000000000, -8.470329472540465477E-17, -3.072837121177111367E-31 ) ) ;
#1641 = STYLED_ITEM ( 'NONE', ( #1580 ), #1478 ) ;
#1642 = CARTESIAN_POINT ( 'NONE',  ( -1.569999999999960982, 4.094999999999985540, 5.550000000000018474 ) ) ;
#1643 = EDGE_CURVE ( 'NONE', #3075, #556, #1167, .T. ) ;
#1644 =( GEOMETRIC_REPRESENTATION_CONTEXT ( 3 ) GLOBAL_UNCERTAINTY_ASSIGNED_CONTEXT ( ( #2547 ) ) GLOBAL_UNIT_ASSIGNED_CONTEXT ( ( #1901, #1050, #1325 ) ) REPRESENTATION_CONTEXT ( 'NONE', 'WORKASPACE' ) );
#1645 = LINE ( 'NONE', #2744, #998 ) ;
#1646 = ORIENTED_EDGE ( 'NONE', *, *, #749, .T. ) ;
#1647 = VECTOR ( 'NONE', #1109, 1000.000000000000000 ) ;
#1648 = CARTESIAN_POINT ( 'NONE',  ( 6.199999999999959321, 6.149999999999980815, -5.750000000000049738 ) ) ;
#1649 = FILL_AREA_STYLE ('',( #1613 ) ) ;
#1650 = VECTOR ( 'NONE', #1247, 1000.000000000000000 ) ;
#1651 = CARTESIAN_POINT ( 'NONE',  ( 7.499999999999973355, 2.855000000000013749, -3.770000000000047091 ) ) ;
#1652 = ORIENTED_EDGE ( 'NONE', *, *, #320, .T. ) ;
#1653 = AXIS2_PLACEMENT_3D ( 'NONE', #1709, #2558, #839 ) ;
#1654 = ADVANCED_FACE ( 'NONE', ( #2788 ), #914, .F. ) ;
#1655 = VERTEX_POINT ( 'NONE', #1148 ) ;
#1656 = MECHANICAL_DESIGN_GEOMETRIC_PRESENTATION_REPRESENTATION (  '', ( #1540 ), #279 ) ;
#1657 = CARTESIAN_POINT ( 'NONE',  ( 0.9300000000000154809, 4.094999999999997087, 1.050000000000000933 ) ) ;
#1658 = LINE ( 'NONE', #2757, #3317 ) ;
#1659 = ORIENTED_EDGE ( 'NONE', *, *, #3078, .T. ) ;
#1660 = EDGE_CURVE ( 'NONE', #1861, #1413, #891, .T. ) ;
#1661 = DIRECTION ( 'NONE',  ( 6.994852725712930636E-15, 0.000000000000000000, 1.000000000000000000 ) ) ;
#1662 = DIRECTION ( 'NONE',  ( -6.982966722218764922E-15, -0.000000000000000000, -1.000000000000000000 ) ) ;
#1663 = CARTESIAN_POINT ( 'NONE',  ( -1.569999999999992735, 3.454999999999981419, 5.550000000000012257 ) ) ;
#1664 = ADVANCED_FACE ( 'NONE', ( #2010 ), #2773, .F. ) ;
#1665 = DIRECTION ( 'NONE',  ( 5.605193857299268284E-45, -1.000000000000000000, -3.914088217710582702E-59 ) ) ;
#1666 = FACE_OUTER_BOUND ( 'NONE', #887, .T. ) ;
#1667 = DIRECTION ( 'NONE',  ( 7.228014483236698330E-15, 0.000000000000000000, 1.000000000000000000 ) ) ;
#1668 = ORIENTED_EDGE ( 'NONE', *, *, #1019, .T. ) ;
#1669 = SURFACE_SIDE_STYLE ('',( #1126 ) ) ;
#1670 = CARTESIAN_POINT ( 'NONE',  ( 4.069999999999993179, 6.150000000000006573, -1.250000000000011546 ) ) ;
#1671 = CARTESIAN_POINT ( 'NONE',  ( -2.799999999999989164, 5.324999999999987743, 2.050000000000037126 ) ) ;
#1672 = ORIENTED_EDGE ( 'NONE', *, *, #1037, .T. ) ;
#1673 = ORIENTED_EDGE ( 'NONE', *, *, #572, .F. ) ;
#1674 =( NAMED_UNIT ( * ) PLANE_ANGLE_UNIT ( ) SI_UNIT ( $, .RADIAN. ) );
#1675 = ORIENTED_EDGE ( 'NONE', *, *, #2395, .F. ) ;
#1676 = VECTOR ( 'NONE', #3375, 1000.000000000000000 ) ;
#1677 = EDGE_CURVE ( 'NONE', #1467, #149, #2238, .T. ) ;
#1678 = SURFACE_SIDE_STYLE ('',( #583 ) ) ;
#1679 = LINE ( 'NONE', #794, #1359 ) ;
#1680 = DIRECTION ( 'NONE',  ( -1.000000000000000000, 2.438091212180734091E-29, 8.512554900196038087E-44 ) ) ;
#1681 = VECTOR ( 'NONE', #155, 1000.000000000000000 ) ;
#1682 = PRESENTATION_STYLE_ASSIGNMENT (( #3051 ) ) ;
#1683 = FILL_AREA_STYLE ('',( #2802 ) ) ;
#1684 = DIRECTION ( 'NONE',  ( -1.000000000000000000, 0.000000000000000000, 6.982966722218764133E-15 ) ) ;
#1685 = LINE ( 'NONE', #1436, #1583 ) ;
#1686 = EDGE_CURVE ( 'NONE', #989, #697, #1710, .T. ) ;
#1687 = AXIS2_PLACEMENT_3D ( 'NONE', #1610, #3242, #2957 ) ;
#1688 = VERTEX_POINT ( 'NONE', #2093 ) ;
#1689 = SURFACE_STYLE_USAGE ( .BOTH. , #597 ) ;
#1690 =( NAMED_UNIT ( * ) SI_UNIT ( $, .STERADIAN. ) SOLID_ANGLE_UNIT ( ) );
#1691 = ORIENTED_EDGE ( 'NONE', *, *, #3391, .F. ) ;
#1692 = CARTESIAN_POINT ( 'NONE',  ( -0.9300000000000170353, 3.455000000000010285, -2.529999999999986038 ) ) ;
#1693 = ADVANCED_FACE ( 'NONE', ( #2071 ), #1791, .F. ) ;
#1694 = CARTESIAN_POINT ( 'NONE',  ( -2.799999999999962519, 6.150000000000006573, -1.249999999999939826 ) ) ;
#1695 = DIRECTION ( 'NONE',  ( -6.982966722218764922E-15, 0.000000000000000000, -1.000000000000000000 ) ) ;
#1696 = FACE_OUTER_BOUND ( 'NONE', #2463, .T. ) ;
#1697 = PRESENTATION_LAYER_ASSIGNMENT (  '', '', ( #3260 ) ) ;
#1698 = EDGE_CURVE ( 'NONE', #2887, #2380, #1524, .T. ) ;
#1699 = PLANE ( 'NONE',  #1563 ) ;
#1700 = CARTESIAN_POINT ( 'NONE',  ( 1.569999999999979190, -3.399999999999987921, -3.130000000000012772 ) ) ;
#1701 = CARTESIAN_POINT ( 'NONE',  ( 4.999999999999979572, 2.855000000000011973, -3.130000000000029647 ) ) ;
#1702 =( NAMED_UNIT ( * ) SI_UNIT ( $, .STERADIAN. ) SOLID_ANGLE_UNIT ( ) );
#1703 = ORIENTED_EDGE ( 'NONE', *, *, #2162, .F. ) ;
#1704 = EDGE_CURVE ( 'NONE', #1814, #696, #3412, .T. ) ;
#1705 = MECHANICAL_DESIGN_GEOMETRIC_PRESENTATION_REPRESENTATION (  '', ( #1986 ), #2407 ) ;
#1706 = VECTOR ( 'NONE', #3321, 1000.000000000000000 ) ;
#1707 = ORIENTED_EDGE ( 'NONE', *, *, #604, .T. ) ;
#1708 = COLOUR_RGB ( '',0.7529411764705882248, 0.7529411764705882248, 0.7529411764705882248 ) ;
#1709 = CARTESIAN_POINT ( 'NONE',  ( 4.250000000000044409, 1.351022143997257841, 5.749999999999970690 ) ) ;
#1710 = LINE ( 'NONE', #3170, #3485 ) ;
#1711 = STYLED_ITEM ( 'NONE', ( #1297 ), #3389 ) ;
#1712 = AXIS2_PLACEMENT_3D ( 'NONE', #1258, #698, #3186 ) ;
#1713 =( NAMED_UNIT ( * ) SI_UNIT ( $, .STERADIAN. ) SOLID_ANGLE_UNIT ( ) );
#1714 = UNCERTAINTY_MEASURE_WITH_UNIT (LENGTH_MEASURE( 1.000000000000000082E-05 ), #2355, 'distance_accuracy_value', 'NONE');
#1715 = VERTEX_POINT ( 'NONE', #2625 ) ;
#1716 = VECTOR ( 'NONE', #731, 1000.000000000000000 ) ;
#1717 = LINE ( 'NONE', #97, #1820 ) ;
#1718 =( GEOMETRIC_REPRESENTATION_CONTEXT ( 3 ) GLOBAL_UNCERTAINTY_ASSIGNED_CONTEXT ( ( #1720 ) ) GLOBAL_UNIT_ASSIGNED_CONTEXT ( ( #3050, #2764, #1978 ) ) REPRESENTATION_CONTEXT ( 'NONE', 'WORKASPACE' ) );
#1719 = DIRECTION ( 'NONE',  ( -1.000000000000000000, -0.000000000000000000, 6.982966722218764922E-15 ) ) ;
#1720 = UNCERTAINTY_MEASURE_WITH_UNIT (LENGTH_MEASURE( 1.000000000000000082E-05 ), #3050, 'distance_accuracy_value', 'NONE');
#1721 = FILL_AREA_STYLE ('',( #6 ) ) ;
#1722 = DIRECTION ( 'NONE',  ( -6.982966722218764922E-15, 3.491483361109382461E-15, -1.000000000000000000 ) ) ;
#1723 = PRESENTATION_STYLE_ASSIGNMENT (( #622 ) ) ;
#1724 = CARTESIAN_POINT ( 'NONE',  ( -0.9300000000000171463, 2.855000000000010196, -2.529999999999987814 ) ) ;
#1725 = LINE ( 'NONE', #2819, #456 ) ;
#1726 = VERTEX_POINT ( 'NONE', #717 ) ;
#1727 = VERTEX_POINT ( 'NONE', #2641 ) ;
#1728 = EDGE_CURVE ( 'NONE', #1827, #989, #438, .T. ) ;
#1729 =( NAMED_UNIT ( * ) PLANE_ANGLE_UNIT ( ) SI_UNIT ( $, .RADIAN. ) );
#1730 = FILL_AREA_STYLE ('',( #2259 ) ) ;
#1731 = ORIENTED_EDGE ( 'NONE', *, *, #3313, .F. ) ;
#1732 = DIRECTION ( 'NONE',  ( -1.000000000000000000, 0.000000000000000000, 6.982966722218764922E-15 ) ) ;
#1733 = ORIENTED_EDGE ( 'NONE', *, *, #1912, .T. ) ;
#1734 = CARTESIAN_POINT ( 'NONE',  ( -1.570000000000008278, 3.455000000000008065, -1.249999999999981348 ) ) ;
#1735 = DIRECTION ( 'NONE',  ( 0.000000000000000000, 3.330671096141718332E-15, -1.000000000000000000 ) ) ;
#1736 = CARTESIAN_POINT ( 'NONE',  ( 4.070000000000039364, 4.094999999999981100, 5.549999999999977618 ) ) ;
#1737 = LINE ( 'NONE', #2836, #1823 ) ;
#1738 = ORIENTED_EDGE ( 'NONE', *, *, #2306, .T. ) ;
#1739 = COLOUR_RGB ( '',0.7529411764705882248, 0.7529411764705882248, 0.7529411764705882248 ) ;
#1740 = ORIENTED_EDGE ( 'NONE', *, *, #2369, .F. ) ;
#1741 = ADVANCED_FACE ( 'NONE', ( #2873 ), #1259, .T. ) ;
#1742 = SURFACE_STYLE_USAGE ( .BOTH. , #608 ) ;
#1743 =( NAMED_UNIT ( * ) SI_UNIT ( $, .STERADIAN. ) SOLID_ANGLE_UNIT ( ) );
#1744 = CARTESIAN_POINT ( 'NONE',  ( 1.570000000000039364, 3.454999999999985416, 5.549999999999998046 ) ) ;
#1745 = VECTOR ( 'NONE', #496, 1000.000000000000000 ) ;
#1746 = ORIENTED_EDGE ( 'NONE', *, *, #3548, .T. ) ;
#1747 = LINE ( 'NONE', #2614, #338 ) ;
#1748 = VERTEX_POINT ( 'NONE', #2367 ) ;
#1749 = CARTESIAN_POINT ( 'NONE',  ( 6.200000000000000178, 9.830318796390931558E-15, -5.750000000000048850 ) ) ;
#1750 = UNCERTAINTY_MEASURE_WITH_UNIT (LENGTH_MEASURE( 1.000000000000000082E-05 ), #304, 'distance_accuracy_value', 'NONE');
#1751 = DIRECTION ( 'NONE',  ( 6.982966722218764922E-15, -3.491483361109382461E-15, 1.000000000000000000 ) ) ;
#1752 = DIRECTION ( 'NONE',  ( -5.605193857299268284E-45, 1.000000000000000000, 3.914088217710582702E-59 ) ) ;
#1753 = DIRECTION ( 'NONE',  ( 6.994852725712930636E-15, -1.748713181428232659E-15, 1.000000000000000000 ) ) ;
#1754 = ORIENTED_EDGE ( 'NONE', *, *, #2029, .T. ) ;
#1755 = FACE_OUTER_BOUND ( 'NONE', #3292, .T. ) ;
#1756 = DIRECTION ( 'NONE',  ( 1.000000000000000000, 8.470329472540465477E-17, 3.072837121177111367E-31 ) ) ;
#1757 = AXIS2_PLACEMENT_3D ( 'NONE', #1724, #1431, #68 ) ;
#1758 = ADVANCED_FACE ( 'NONE', ( #1291 ), #3451, .T. ) ;
#1759 = DIRECTION ( 'NONE',  ( -2.438091212180734091E-29, -1.000000000000000000, -3.491483361109382461E-15 ) ) ;
#1760 = FACE_OUTER_BOUND ( 'NONE', #265, .T. ) ;
#1761 = ORIENTED_EDGE ( 'NONE', *, *, #775, .T. ) ;
#1762 = FILL_AREA_STYLE ('',( #2812 ) ) ;
#1763 = VECTOR ( 'NONE', #2738, 1000.000000000000000 ) ;
#1764 =( GEOMETRIC_REPRESENTATION_CONTEXT ( 3 ) GLOBAL_UNCERTAINTY_ASSIGNED_CONTEXT ( ( #747 ) ) GLOBAL_UNIT_ASSIGNED_CONTEXT ( ( #2631, #2859, #1812 ) ) REPRESENTATION_CONTEXT ( 'NONE', 'WORKASPACE' ) );
#1765 = VERTEX_POINT ( 'NONE', #2383 ) ;
#1766 = ADVANCED_FACE ( 'NONE', ( #2905 ), #144, .F. ) ;
#1767 = DIRECTION ( 'NONE',  ( -6.982966722218764133E-15, 0.000000000000000000, -1.000000000000000000 ) ) ;
#1768 = AXIS2_PLACEMENT_3D ( 'NONE', #554, #850, #322 ) ;
#1769 = LINE ( 'NONE', #2600, #1676 ) ;
#1770 =( NAMED_UNIT ( * ) SI_UNIT ( $, .STERADIAN. ) SOLID_ANGLE_UNIT ( ) );
#1771 = SURFACE_STYLE_USAGE ( .BOTH. , #2136 ) ;
#1772 = FILL_AREA_STYLE ('',( #2604 ) ) ;
#1773 = VERTEX_POINT ( 'NONE', #538 ) ;
#1774 = CARTESIAN_POINT ( 'NONE',  ( -3.429999999999968630, 4.094999999999981100, 5.550000000000032685 ) ) ;
#1775 = ORIENTED_EDGE ( 'NONE', *, *, #1084, .F. ) ;
#1776 = DIRECTION ( 'NONE',  ( 2.438091212180734091E-29, 1.000000000000000000, 3.491483361109382461E-15 ) ) ;
#1777 = PLANE ( 'NONE',  #1876 ) ;
#1778 = CARTESIAN_POINT ( 'NONE',  ( 1.570000000000039364, 4.094999999999981100, 5.549999999999998046 ) ) ;
#1779 = ORIENTED_EDGE ( 'NONE', *, *, #227, .T. ) ;
#1780 =( NAMED_UNIT ( * ) SI_UNIT ( $, .STERADIAN. ) SOLID_ANGLE_UNIT ( ) );
#1781 = ORIENTED_EDGE ( 'NONE', *, *, #1963, .T. ) ;
#1782 = FACE_OUTER_BOUND ( 'NONE', #928, .T. ) ;
#1783 = FILL_AREA_STYLE ('',( #941 ) ) ;
#1784 =( GEOMETRIC_REPRESENTATION_CONTEXT ( 3 ) GLOBAL_UNCERTAINTY_ASSIGNED_CONTEXT ( ( #2120 ) ) GLOBAL_UNIT_ASSIGNED_CONTEXT ( ( #2644, #2876, #2610 ) ) REPRESENTATION_CONTEXT ( 'NONE', 'WORKASPACE' ) );
#1785 = CARTESIAN_POINT ( 'NONE',  ( 3.429999999999975291, -3.399999999999986144, -3.770000000000041318 ) ) ;
#1786 = CARTESIAN_POINT ( 'NONE',  ( -4.069999999999962093, 4.094999999999981100, 5.550000000000036238 ) ) ;
#1787 = FILL_AREA_STYLE_COLOUR ( '', #101 ) ;
#1788 = COLOUR_RGB ( '',0.7529411764705882248, 0.7529411764705882248, 0.7529411764705882248 ) ;
#1789 = ORIENTED_EDGE ( 'NONE', *, *, #3287, .T. ) ;
#1790 = CARTESIAN_POINT ( 'NONE',  ( -6.200000000000008171, 4.095000000000005969, -1.249999999999946931 ) ) ;
#1791 = PLANE ( 'NONE',  #1130 ) ;
#1792 = ORIENTED_EDGE ( 'NONE', *, *, #269, .T. ) ;
#1793 = FACE_OUTER_BOUND ( 'NONE', #2677, .T. ) ;
#1794 = ADVANCED_FACE ( 'NONE', ( #2694 ), #2197, .T. ) ;
#1795 = CARTESIAN_POINT ( 'NONE',  ( 6.200000000000040146, 6.149999999999980815, 5.749999999999974243 ) ) ;
#1796 = LINE ( 'NONE', #1567, #34 ) ;
#1797 = ORIENTED_EDGE ( 'NONE', *, *, #3282, .F. ) ;
#1798 =( NAMED_UNIT ( * ) PLANE_ANGLE_UNIT ( ) SI_UNIT ( $, .RADIAN. ) );
#1799 = ORIENTED_EDGE ( 'NONE', *, *, #1308, .F. ) ;
#1800 = VECTOR ( 'NONE', #2295, 1000.000000000000000 ) ;
#1801 = CARTESIAN_POINT ( 'NONE',  ( -6.200000000000008171, 6.150000000000006573, -1.249999999999939826 ) ) ;
#1802 = ADVANCED_FACE ( 'NONE', ( #3520 ), #1863, .F. ) ;
#1803 = COLOUR_RGB ( '',0.7529411764705882248, 0.7529411764705882248, 0.7529411764705882248 ) ;
#1804 =( NAMED_UNIT ( * ) SI_UNIT ( $, .STERADIAN. ) SOLID_ANGLE_UNIT ( ) );
#1805 = CARTESIAN_POINT ( 'NONE',  ( -1.570000000000017604, 2.855000000000010196, -2.529999999999983373 ) ) ;
#1806 = EDGE_LOOP ( 'NONE', ( #1691, #268, #1292, #369 ) ) ;
#1807 = EDGE_CURVE ( 'NONE', #539, #2555, #2676, .T. ) ;
#1808 = DIRECTION ( 'NONE',  ( -2.283778902562928732E-29, -1.000000000000000000, -3.270499478819342934E-15 ) ) ;
#1809 = ORIENTED_EDGE ( 'NONE', *, *, #3434, .F. ) ;
#1810 = MECHANICAL_DESIGN_GEOMETRIC_PRESENTATION_REPRESENTATION (  '', ( #3024 ), #445 ) ;
#1811 = LINE ( 'NONE', #1002, #1442 ) ;
#1812 =( NAMED_UNIT ( * ) SI_UNIT ( $, .STERADIAN. ) SOLID_ANGLE_UNIT ( ) );
#1813 = CARTESIAN_POINT ( 'NONE',  ( 5.300000000000038902, 4.324999999999980638, 5.749999999999973355 ) ) ;
#1814 = VERTEX_POINT ( 'NONE', #3245 ) ;
#1815 = DIRECTION ( 'NONE',  ( 7.228014483236698330E-15, -1.445602896647339508E-15, 1.000000000000000000 ) ) ;
#1816 = COLOUR_RGB ( '',0.7529411764705882248, 0.7529411764705882248, 0.7529411764705882248 ) ;
#1817 = ORIENTED_EDGE ( 'NONE', *, *, #2243, .F. ) ;
#1818 = MECHANICAL_DESIGN_GEOMETRIC_PRESENTATION_REPRESENTATION (  '', ( #2739 ), #2627 ) ;
#1819 = CARTESIAN_POINT ( 'NONE',  ( -6.200000000000008171, 4.095000000000005080, -1.249999999999946931 ) ) ;
#1820 = VECTOR ( 'NONE', #3119, 1000.000000000000000 ) ;
#1821 = UNCERTAINTY_MEASURE_WITH_UNIT (LENGTH_MEASURE( 1.000000000000000082E-05 ), #1428, 'distance_accuracy_value', 'NONE');
#1822 = LINE ( 'NONE', #2375, #2452 ) ;
#1823 = VECTOR ( 'NONE', #2478, 1000.000000000000000 ) ;
#1824 = LINE ( 'NONE', #2363, #192 ) ;
#1825 = FILL_AREA_STYLE_COLOUR ( '', #1996 ) ;
#1826 = VERTEX_POINT ( 'NONE', #3262 ) ;
#1827 = VERTEX_POINT ( 'NONE', #1410 ) ;
#1828 = EDGE_CURVE ( 'NONE', #371, #1072, #833, .T. ) ;
#1829 = SURFACE_STYLE_FILL_AREA ( #2709 ) ;
#1830 = SURFACE_STYLE_USAGE ( .BOTH. , #3206 ) ;
#1831 = ORIENTED_EDGE ( 'NONE', *, *, #3020, .F. ) ;
#1832 = EDGE_CURVE ( 'NONE', #912, #3351, #2252, .T. ) ;
#1833 = DIRECTION ( 'NONE',  ( -0.000000000000000000, -3.627765757092197324E-15, 1.000000000000000000 ) ) ;
#1834 = DIRECTION ( 'NONE',  ( 6.982966722218764922E-15, -0.000000000000000000, 1.000000000000000000 ) ) ;
#1835 = DIRECTION ( 'NONE',  ( -2.467665226597232396E-29, -1.000000000000000000, -3.491483361109382461E-15 ) ) ;
#1836 = LINE ( 'NONE', #3493, #3549 ) ;
#1837 = EDGE_LOOP ( 'NONE', ( #626, #1289, #236, #1051, #1447, #91 ) ) ;
#1838 = CARTESIAN_POINT ( 'NONE',  ( -1.569999999999976747, 3.454999999999981419, 5.550000000000018474 ) ) ;
#1839 = DIRECTION ( 'NONE',  ( 6.982966722218764922E-15, 0.000000000000000000, 1.000000000000000000 ) ) ;
#1840 = DIRECTION ( 'NONE',  ( -5.605193857299268284E-45, 1.000000000000000000, 3.914088217710582702E-59 ) ) ;
#1841 = PLANE ( 'NONE',  #1454 ) ;
#1842 = VERTEX_POINT ( 'NONE', #323 ) ;
#1843 = VECTOR ( 'NONE', #3134, 1000.000000000000000 ) ;
#1844 = CARTESIAN_POINT ( 'NONE',  ( 1.569999999999983409, 4.095000000000010409, -2.530000000000001137 ) ) ;
#1845 = SURFACE_SIDE_STYLE ('',( #2982 ) ) ;
#1846 = ORIENTED_EDGE ( 'NONE', *, *, #251, .T. ) ;
#1847 = EDGE_CURVE ( 'NONE', #1186, #3505, #1446, .T. ) ;
#1848 = PRESENTATION_LAYER_ASSIGNMENT (  '', '', ( #3405 ) ) ;
#1849 = LINE ( 'NONE', #48, #3056 ) ;
#1850 = LINE ( 'NONE', #3021, #2455 ) ;
#1851 = EDGE_LOOP ( 'NONE', ( #952, #2181, #2500, #174 ) ) ;
#1852 = SURFACE_STYLE_FILL_AREA ( #188 ) ;
#1853 = EDGE_CURVE ( 'NONE', #350, #539, #2516, .T. ) ;
#1854 = COLOUR_RGB ( '',0.7529411764705882248, 0.7529411764705882248, 0.7529411764705882248 ) ;
#1855 = SURFACE_SIDE_STYLE ('',( #1368 ) ) ;
#1856 = SURFACE_STYLE_FILL_AREA ( #3234 ) ;
#1857 = DIRECTION ( 'NONE',  ( -6.982966722218764922E-15, 0.000000000000000000, -1.000000000000000000 ) ) ;
#1858 = PRESENTATION_LAYER_ASSIGNMENT (  '', '', ( #1917 ) ) ;
#1859 =( NAMED_UNIT ( * ) PLANE_ANGLE_UNIT ( ) SI_UNIT ( $, .RADIAN. ) );
#1860 = FILL_AREA_STYLE ('',( #2939 ) ) ;
#1861 = VERTEX_POINT ( 'NONE', #3342 ) ;
#1862 = DIRECTION ( 'NONE',  ( 0.000000000000000000, 3.383063143860832017E-15, -1.000000000000000000 ) ) ;
#1863 = CYLINDRICAL_SURFACE ( 'NONE', #671, 0.5999999999999998668 ) ;
#1864 = ORIENTED_EDGE ( 'NONE', *, *, #633, .T. ) ;
#1865 = CARTESIAN_POINT ( 'NONE',  ( 3.430000000000007265, 3.454999999999989413, 1.049999999999981393 ) ) ;
#1866 = DIRECTION ( 'NONE',  ( 0.000000000000000000, 3.330671096141718332E-15, -1.000000000000000000 ) ) ;
#1867 = FILL_AREA_STYLE ('',( #511 ) ) ;
#1868 = EDGE_LOOP ( 'NONE', ( #872, #3379, #2753, #3344 ) ) ;
#1869 = VECTOR ( 'NONE', #2313, 1000.000000000000000 ) ;
#1870 = AXIS2_PLACEMENT_3D ( 'NONE', #3432, #2047, #3131 ) ;
#1871 = ADVANCED_FACE ( 'NONE', ( #851 ), #1144, .F. ) ;
#1872 = FACE_OUTER_BOUND ( 'NONE', #1473, .T. ) ;
#1873 = CARTESIAN_POINT ( 'NONE',  ( -6.199999999999961098, 5.324999999999992184, 2.650000000000050981 ) ) ;
#1874 = VECTOR ( 'NONE', #2551, 1000.000000000000000 ) ;
#1875 = EDGE_CURVE ( 'NONE', #1222, #1066, #376, .T. ) ;
#1876 = AXIS2_PLACEMENT_3D ( 'NONE', #3172, #1759, #127 ) ;
#1877 = CARTESIAN_POINT ( 'NONE',  ( -4.069999999999993179, 4.094999999999981100, 1.050000000000034461 ) ) ;
#1878 = CARTESIAN_POINT ( 'NONE',  ( -0.9299999999999608580, 3.454999999999981419, 5.550000000000012257 ) ) ;
#1879 = CARTESIAN_POINT ( 'NONE',  ( -2.799999999999970068, 5.324999999999981526, 5.750000000000035527 ) ) ;
#1880 = VECTOR ( 'NONE', #990, 1000.000000000000000 ) ;
#1881 = ORIENTED_EDGE ( 'NONE', *, *, #2521, .F. ) ;
#1882 = MECHANICAL_DESIGN_GEOMETRIC_PRESENTATION_REPRESENTATION (  '', ( #513 ), #2748 ) ;
#1883 = SURFACE_STYLE_USAGE ( .BOTH. , #1290 ) ;
#1884 = FILL_AREA_STYLE_COLOUR ( '', #3025 ) ;
#1885 = ORIENTED_EDGE ( 'NONE', *, *, #1912, .F. ) ;
#1886 = CARTESIAN_POINT ( 'NONE',  ( 1.569999999999978968, 2.855000000000011084, -3.130000000000005667 ) ) ;
#1887 = CARTESIAN_POINT ( 'NONE',  ( -1.570000000000017382, 3.455000000000010285, -2.529999999999979376 ) ) ;
#1888 = ORIENTED_EDGE ( 'NONE', *, *, #2451, .T. ) ;
#1889 = PLANE ( 'NONE',  #3357 ) ;
#1890 = PRESENTATION_STYLE_ASSIGNMENT (( #2736 ) ) ;
#1891 = CARTESIAN_POINT ( 'NONE',  ( -0.9300000000000256950, -3.399999999999986144, -3.770000000000009788 ) ) ;
#1892 = CARTESIAN_POINT ( 'NONE',  ( 0.9299999999999783995, -3.399999999999987921, -3.130000000000027871 ) ) ;
#1893 = EDGE_CURVE ( 'NONE', #662, #1842, #1127, .T. ) ;
#1894 = FACE_OUTER_BOUND ( 'NONE', #1041, .T. ) ;
#1895 = PRESENTATION_STYLE_ASSIGNMENT (( #864 ) ) ;
#1896 = DIRECTION ( 'NONE',  ( -1.000000000000000000, -8.470329472540465477E-17, -3.072837121177111367E-31 ) ) ;
#1897 = DIRECTION ( 'NONE',  ( 0.000000000000000000, 3.491483361109382461E-15, -1.000000000000000000 ) ) ;
#1898 = EDGE_CURVE ( 'NONE', #1382, #667, #2835, .T. ) ;
#1899 = ORIENTED_EDGE ( 'NONE', *, *, #1035, .T. ) ;
#1900 = DIRECTION ( 'NONE',  ( -8.470329472540465477E-17, 1.000000000000000000, 3.627765757092197324E-15 ) ) ;
#1901 =( LENGTH_UNIT ( ) NAMED_UNIT ( * ) SI_UNIT ( .MILLI., .METRE. ) );
#1902 = ORIENTED_EDGE ( 'NONE', *, *, #3253, .T. ) ;
#1903 = EDGE_CURVE ( 'NONE', #2482, #2595, #3209, .T. ) ;
#1904 = FILL_AREA_STYLE_COLOUR ( '', #3293 ) ;
#1905 = VECTOR ( 'NONE', #2268, 1000.000000000000000 ) ;
#1906 = CARTESIAN_POINT ( 'NONE',  ( -5.299999999999959854, 1.955221737553329059E-14, -5.749999999999960920 ) ) ;
#1907 = LINE ( 'NONE', #2418, #2565 ) ;
#1908 = ORIENTED_EDGE ( 'NONE', *, *, #1035, .F. ) ;
#1909 = VECTOR ( 'NONE', #2778, 1000.000000000000000 ) ;
#1910 = VECTOR ( 'NONE', #725, 1000.000000000000000 ) ;
#1911 = DIRECTION ( 'NONE',  ( -5.605193857299268284E-45, 1.000000000000000000, 3.914088217710582702E-59 ) ) ;
#1912 = EDGE_CURVE ( 'NONE', #2007, #2733, #11, .T. ) ;
#1913 = DIRECTION ( 'NONE',  ( 1.000000000000000000, 0.000000000000000000, -6.982966722218764922E-15 ) ) ;
#1914 = DIRECTION ( 'NONE',  ( 6.994852725712930636E-15, 0.000000000000000000, 1.000000000000000000 ) ) ;
#1915 = LINE ( 'NONE', #2439, #1515 ) ;
#1916 = ORIENTED_EDGE ( 'NONE', *, *, #3257, .T. ) ;
#1917 = STYLED_ITEM ( 'NONE', ( #2952 ), #281 ) ;
#1918 = EDGE_CURVE ( 'NONE', #2621, #123, #2270, .T. ) ;
#1919 = DIRECTION ( 'NONE',  ( 0.000000000000000000, 3.383063143860832017E-15, -1.000000000000000000 ) ) ;
#1920 = ORIENTED_EDGE ( 'NONE', *, *, #1498, .F. ) ;
#1921 = ADVANCED_FACE ( 'NONE', ( #1983 ), #2818, .F. ) ;
#1922 = DIRECTION ( 'NONE',  ( 0.000000000000000000, -3.378349221371764333E-15, 1.000000000000000000 ) ) ;
#1923 = SURFACE_SIDE_STYLE ('',( #3543 ) ) ;
#1924 = ORIENTED_EDGE ( 'NONE', *, *, #1429, .F. ) ;
#1925 = FACE_OUTER_BOUND ( 'NONE', #290, .T. ) ;
#1926 = DIRECTION ( 'NONE',  ( -1.000000000000000000, 0.000000000000000000, 6.982966722218764133E-15 ) ) ;
#1927 = DIRECTION ( 'NONE',  ( 0.000000000000000000, -3.383063143860832017E-15, 1.000000000000000000 ) ) ;
#1928 = VECTOR ( 'NONE', #3507, 1000.000000000000000 ) ;
#1929 = LINE ( 'NONE', #550, #810 ) ;
#1930 = DIRECTION ( 'NONE',  ( 6.982966722218764922E-15, 0.000000000000000000, 1.000000000000000000 ) ) ;
#1931 = ORIENTED_EDGE ( 'NONE', *, *, #332, .F. ) ;
#1932 = MECHANICAL_DESIGN_GEOMETRIC_PRESENTATION_REPRESENTATION (  '', ( #2906 ), #3148 ) ;
#1933 = MECHANICAL_DESIGN_GEOMETRIC_PRESENTATION_REPRESENTATION (  '', ( #2510 ), #2795 ) ;
#1934 =( LENGTH_UNIT ( ) NAMED_UNIT ( * ) SI_UNIT ( .MILLI., .METRE. ) );
#1935 = DIRECTION ( 'NONE',  ( -6.982966722218764922E-15, -0.000000000000000000, -1.000000000000000000 ) ) ;
#1936 = AXIS2_PLACEMENT_3D ( 'NONE', #1138, #3029, #1388 ) ;
#1937 = DIRECTION ( 'NONE',  ( -1.000000000000000000, 0.000000000000000000, 6.982966722218764922E-15 ) ) ;
#1938 = VERTEX_POINT ( 'NONE', #2005 ) ;
#1939 = VECTOR ( 'NONE', #1834, 1000.000000000000000 ) ;
#1940 = EDGE_LOOP ( 'NONE', ( #2044, #3301, #1182, #743 ) ) ;
#1941 = EDGE_CURVE ( 'NONE', #3285, #110, #640, .T. ) ;
#1942 = PRESENTATION_LAYER_ASSIGNMENT (  '', '', ( #2520 ) ) ;
#1943 = ORIENTED_EDGE ( 'NONE', *, *, #2282, .F. ) ;
#1944 = CIRCLE ( 'NONE', #3038, 0.5999999999999998668 ) ;
#1945 = FILL_AREA_STYLE_COLOUR ( '', #1803 ) ;
#1946 = PRESENTATION_STYLE_ASSIGNMENT (( #1099 ) ) ;
#1947 = CARTESIAN_POINT ( 'NONE',  ( 4.069999999999992291, 4.095000000000008633, -1.250000000000018652 ) ) ;
#1948 = SURFACE_STYLE_USAGE ( .BOTH. , #284 ) ;
#1949 = CARTESIAN_POINT ( 'NONE',  ( 4.069999999999978968, -3.399999999999987921, -3.130000000000030980 ) ) ;
#1950 = DIRECTION ( 'NONE',  ( 2.283778902562928732E-29, 1.000000000000000000, 3.270499478819342934E-15 ) ) ;
#1951 = LINE ( 'NONE', #12, #3151 ) ;
#1952 = ORIENTED_EDGE ( 'NONE', *, *, #1287, .F. ) ;
#1953 = ORIENTED_EDGE ( 'NONE', *, *, #520, .F. ) ;
#1954 = ADVANCED_FACE ( 'NONE', ( #678 ), #2021, .F. ) ;
#1955 = DIRECTION ( 'NONE',  ( 1.000000000000000000, 3.023713287611409032E-15, -1.745741680554701486E-15 ) ) ;
#1956 = STYLED_ITEM ( 'NONE', ( #2714 ), #669 ) ;
#1957 = FILL_AREA_STYLE ('',( #1945 ) ) ;
#1958 = FACE_OUTER_BOUND ( 'NONE', #2561, .T. ) ;
#1959 = DIRECTION ( 'NONE',  ( -6.982966722218764922E-15, 0.000000000000000000, -1.000000000000000000 ) ) ;
#1960 = DIRECTION ( 'NONE',  ( -0.000000000000000000, -3.627765757092197324E-15, 1.000000000000000000 ) ) ;
#1961 =( GEOMETRIC_REPRESENTATION_CONTEXT ( 3 ) GLOBAL_UNCERTAINTY_ASSIGNED_CONTEXT ( ( #3123 ) ) GLOBAL_UNIT_ASSIGNED_CONTEXT ( ( #2103, #1557, #1013 ) ) REPRESENTATION_CONTEXT ( 'NONE', 'WORKASPACE' ) );
#1962 = VECTOR ( 'NONE', #3400, 1000.000000000000000 ) ;
#1963 = EDGE_CURVE ( 'NONE', #1464, #1614, #2603, .T. ) ;
#1964 = DIRECTION ( 'NONE',  ( 1.000000000000000000, -0.000000000000000000, -6.982966722218764133E-15 ) ) ;
#1965 = FACE_OUTER_BOUND ( 'NONE', #151, .T. ) ;
#1966 = SURFACE_STYLE_FILL_AREA ( #3001 ) ;
#1967 = DIRECTION ( 'NONE',  ( 0.000000000000000000, -3.383063143860832017E-15, 1.000000000000000000 ) ) ;
#1968 = LINE ( 'NONE', #2496, #2356 ) ;
#1969 = ORIENTED_EDGE ( 'NONE', *, *, #2080, .T. ) ;
#1970 = VERTEX_POINT ( 'NONE', #2619 ) ;
#1971 = FILL_AREA_STYLE_COLOUR ( '', #1536 ) ;
#1972 = LINE ( 'NONE', #3077, #2045 ) ;
#1973 =( LENGTH_UNIT ( ) NAMED_UNIT ( * ) SI_UNIT ( .MILLI., .METRE. ) );
#1974 = EDGE_LOOP ( 'NONE', ( #2110, #3409, #3138, #1089, #3565, #3473, #2273, #1240 ) ) ;
#1975 =( NAMED_UNIT ( * ) SI_UNIT ( $, .STERADIAN. ) SOLID_ANGLE_UNIT ( ) );
#1976 = ADVANCED_FACE ( 'NONE', ( #3236 ), #3166, .F. ) ;
#1977 = DIRECTION ( 'NONE',  ( 6.982966722218764922E-15, 0.000000000000000000, 1.000000000000000000 ) ) ;
#1978 =( NAMED_UNIT ( * ) SI_UNIT ( $, .STERADIAN. ) SOLID_ANGLE_UNIT ( ) );
#1979 = VECTOR ( 'NONE', #400, 1000.000000000000000 ) ;
#1980 = ADVANCED_FACE ( 'NONE', ( #1872 ), #2328, .T. ) ;
#1981 = CARTESIAN_POINT ( 'NONE',  ( -0.9300000000000170353, 3.455000000000010285, -2.529999999999982041 ) ) ;
#1982 = FILL_AREA_STYLE_COLOUR ( '', #1023 ) ;
#1983 = FACE_OUTER_BOUND ( 'NONE', #3382, .T. ) ;
#1984 = PRESENTATION_STYLE_ASSIGNMENT (( #3074 ) ) ;
#1985 = ORIENTED_EDGE ( 'NONE', *, *, #2080, .F. ) ;
#1986 = STYLED_ITEM ( 'NONE', ( #82 ), #2981 ) ;
#1987 = ORIENTED_EDGE ( 'NONE', *, *, #203, .F. ) ;
#1988 = PRESENTATION_LAYER_ASSIGNMENT (  '', '', ( #40 ) ) ;
#1989 = EDGE_CURVE ( 'NONE', #647, #2498, #3393, .T. ) ;
#1990 = PRESENTATION_LAYER_ASSIGNMENT (  '', '', ( #3546 ) ) ;
#1991 = FACE_OUTER_BOUND ( 'NONE', #2293, .T. ) ;
#1992 = VERTEX_POINT ( 'NONE', #2587 ) ;
#1993 = VECTOR ( 'NONE', #2271, 1000.000000000000000 ) ;
#1994 = CARTESIAN_POINT ( 'NONE',  ( -4.070000000000017160, 2.855000000000010196, -2.529999999999966054 ) ) ;
#1995 = ORIENTED_EDGE ( 'NONE', *, *, #2477, .F. ) ;
#1996 = COLOUR_RGB ( '',0.7529411764705882248, 0.7529411764705882248, 0.7529411764705882248 ) ;
#1997 = DIRECTION ( 'NONE',  ( -0.000000000000000000, -3.491483361109382461E-15, 1.000000000000000000 ) ) ;
#1998 = VERTEX_POINT ( 'NONE', #121 ) ;
#1999 = MECHANICAL_DESIGN_GEOMETRIC_PRESENTATION_REPRESENTATION (  '', ( #907 ), #1718 ) ;
#2000 = CARTESIAN_POINT ( 'NONE',  ( 0.9299999999999783995, 2.855000000000011973, -3.130000000000001226 ) ) ;
#2001 = UNCERTAINTY_MEASURE_WITH_UNIT (LENGTH_MEASURE( 1.000000000000000082E-05 ), #2882, 'distance_accuracy_value', 'NONE');
#2002 = FACE_OUTER_BOUND ( 'NONE', #1628, .T. ) ;
#2003 = CARTESIAN_POINT ( 'NONE',  ( 0.9299999999999827294, 3.455000000000010285, -2.530000000000000249 ) ) ;
#2004 = SURFACE_STYLE_FILL_AREA ( #1501 ) ;
#2005 = CARTESIAN_POINT ( 'NONE',  ( -4.069999999999976303, 3.454999999999981419, 5.550000000000036238 ) ) ;
#2006 = LINE ( 'NONE', #1162, #1993 ) ;
#2007 = VERTEX_POINT ( 'NONE', #1220 ) ;
#2008 = VERTEX_POINT ( 'NONE', #3408 ) ;
#2009 = DIRECTION ( 'NONE',  ( -6.982966722218764922E-15, 3.057802492115180293E-15, -1.000000000000000000 ) ) ;
#2010 = FACE_OUTER_BOUND ( 'NONE', #3316, .T. ) ;
#2011 = ORIENTED_EDGE ( 'NONE', *, *, #3465, .F. ) ;
#2012 = FACE_OUTER_BOUND ( 'NONE', #2770, .T. ) ;
#2013 = EDGE_LOOP ( 'NONE', ( #442, #3307, #1943, #2605 ) ) ;
#2014 = CARTESIAN_POINT ( 'NONE',  ( 2.800000000000018474, 1.351022143997257841, 2.049999999999997158 ) ) ;
#2015 = AXIS2_PLACEMENT_3D ( 'NONE', #2130, #3229, #2183 ) ;
#2016 = DIRECTION ( 'NONE',  ( 0.000000000000000000, 3.330671096141718332E-15, -1.000000000000000000 ) ) ;
#2017 = VECTOR ( 'NONE', #1214, 1000.000000000000000 ) ;
#2018 = ADVANCED_FACE ( 'NONE', ( #945 ), #3530, .F. ) ;
#2019 = FILL_AREA_STYLE_COLOUR ( '', #2321 ) ;
#2020 = PLANE ( 'NONE',  #1600 ) ;
#2021 = PLANE ( 'NONE',  #3540 ) ;
#2022 = ORIENTED_EDGE ( 'NONE', *, *, #645, .T. ) ;
#2023 = MECHANICAL_DESIGN_GEOMETRIC_PRESENTATION_REPRESENTATION (  '', ( #1570 ), #2942 ) ;
#2024 = ORIENTED_EDGE ( 'NONE', *, *, #2562, .T. ) ;
#2025 = CARTESIAN_POINT ( 'NONE',  ( 1.570000000000007834, 4.094999999999992646, 1.050000000000000044 ) ) ;
#2026 = CARTESIAN_POINT ( 'NONE',  ( 4.069999999999983409, 3.455000000000010285, -2.530000000000016680 ) ) ;
#2027 = ORIENTED_EDGE ( 'NONE', *, *, #3522, .F. ) ;
#2028 = MECHANICAL_DESIGN_GEOMETRIC_PRESENTATION_REPRESENTATION (  '', ( #3185 ), #1168 ) ;
#2029 = EDGE_CURVE ( 'NONE', #1066, #1315, #808, .T. ) ;
#2030 = CARTESIAN_POINT ( 'NONE',  ( -5.300000000000008704, 6.150000000000006573, -1.249999999999946043 ) ) ;
#2031 = CARTESIAN_POINT ( 'NONE',  ( -3.430000000000017035, 4.095000000000010409, -2.529999999999966942 ) ) ;
#2032 = SURFACE_STYLE_FILL_AREA ( #2260 ) ;
#2033 = VERTEX_POINT ( 'NONE', #2720 ) ;
#2034 = CARTESIAN_POINT ( 'NONE',  ( -6.200000000000008171, 3.455000000000005844, -1.249999999999949152 ) ) ;
#2035 = ORIENTED_EDGE ( 'NONE', *, *, #1158, .F. ) ;
#2036 = APPLICATION_CONTEXT ( 'automotive_design' ) ;
#2037 = LINE ( 'NONE', #2338, #14 ) ;
#2038 = UNCERTAINTY_MEASURE_WITH_UNIT (LENGTH_MEASURE( 1.000000000000000082E-05 ), #1973, 'distance_accuracy_value', 'NONE');
#2039 = SURFACE_STYLE_USAGE ( .BOTH. , #373 ) ;
#2040 = LINE ( 'NONE', #2341, #360 ) ;
#2041 = VECTOR ( 'NONE', #646, 1000.000000000000000 ) ;
#2042 = DIRECTION ( 'NONE',  ( 6.994852725712930636E-15, 0.000000000000000000, 1.000000000000000000 ) ) ;
#2043 = CARTESIAN_POINT ( 'NONE',  ( 4.070000000000039364, 3.454999999999981419, 5.549999999999977618 ) ) ;
#2044 = ORIENTED_EDGE ( 'NONE', *, *, #753, .F. ) ;
#2045 = VECTOR ( 'NONE', #580, 1000.000000000000000 ) ;
#2046 = FACE_OUTER_BOUND ( 'NONE', #1437, .T. ) ;
#2047 = DIRECTION ( 'NONE',  ( 8.470329472540465477E-17, -1.000000000000000000, -3.627765757092197324E-15 ) ) ;
#2048 = AXIS2_PLACEMENT_3D ( 'NONE', #1177, #1751, #711 ) ;
#2049 = ORIENTED_EDGE ( 'NONE', *, *, #2557, .T. ) ;
#2050 = VECTOR ( 'NONE', #884, 1000.000000000000000 ) ;
#2051 = VECTOR ( 'NONE', #1911, 1000.000000000000000 ) ;
#2052 = MECHANICAL_DESIGN_GEOMETRIC_PRESENTATION_REPRESENTATION (  '', ( #215 ), #675 ) ;
#2053 = CARTESIAN_POINT ( 'NONE',  ( -1.569999999999960982, 3.454999999999981419, 5.550000000000016698 ) ) ;
#2054 = DIRECTION ( 'NONE',  ( 7.451810904915197971E-15, 0.000000000000000000, 1.000000000000000000 ) ) ;
#2055 = CARTESIAN_POINT ( 'NONE',  ( -6.200000000000008171, 6.149999999999995026, 2.049999999999987388 ) ) ;
#2056 = EDGE_LOOP ( 'NONE', ( #1449, #2871, #1112, #3535 ) ) ;
#2057 = PRESENTATION_STYLE_ASSIGNMENT (( #2299 ) ) ;
#2058 = AXIS2_PLACEMENT_3D ( 'NONE', #1569, #3457, #1377 ) ;
#2059 = AXIS2_PLACEMENT_3D ( 'NONE', #1094, #510, #1345 ) ;
#2060 = EDGE_LOOP ( 'NONE', ( #1571, #3312, #3263, #2916 ) ) ;
#2061 = COLOUR_RGB ( '',0.7529411764705882248, 0.7529411764705882248, 0.7529411764705882248 ) ;
#2062 = FACE_OUTER_BOUND ( 'NONE', #3195, .T. ) ;
#2063 = SURFACE_STYLE_FILL_AREA ( #1783 ) ;
#2064 = VECTOR ( 'NONE', #1202, 1000.000000000000000 ) ;
#2065 = DIRECTION ( 'NONE',  ( -1.000000000000000000, 0.000000000000000000, 7.067670016944194956E-15 ) ) ;
#2066 = DIRECTION ( 'NONE',  ( 0.000000000000000000, 3.491483361109382461E-15, -1.000000000000000000 ) ) ;
#2067 = PRESENTATION_STYLE_ASSIGNMENT (( #2588 ) ) ;
#2068 = ORIENTED_EDGE ( 'NONE', *, *, #1150, .F. ) ;
#2069 = EDGE_CURVE ( 'NONE', #3111, #3110, #2221, .T. ) ;
#2070 = CARTESIAN_POINT ( 'NONE',  ( -4.069999999999993179, 3.454999999999989413, 1.050000000000033351 ) ) ;
#2071 = FACE_OUTER_BOUND ( 'NONE', #2013, .T. ) ;
#2072 = ORIENTED_EDGE ( 'NONE', *, *, #2606, .F. ) ;
#2073 = EDGE_CURVE ( 'NONE', #1727, #2368, #259, .T. ) ;
#2074 =( NAMED_UNIT ( * ) PLANE_ANGLE_UNIT ( ) SI_UNIT ( $, .RADIAN. ) );
#2075 = PLANE ( 'NONE',  #734 ) ;
#2076 = LINE ( 'NONE', #1813, #3199 ) ;
#2077 = ORIENTED_EDGE ( 'NONE', *, *, #1470, .F. ) ;
#2078 = FILL_AREA_STYLE_COLOUR ( '', #274 ) ;
#2079 = ORIENTED_EDGE ( 'NONE', *, *, #2127, .F. ) ;
#2080 = EDGE_CURVE ( 'NONE', #2380, #116, #2964, .T. ) ;
#2081 = PRESENTATION_STYLE_ASSIGNMENT (( #956 ) ) ;
#2082 = UNCERTAINTY_MEASURE_WITH_UNIT (LENGTH_MEASURE( 1.000000000000000082E-05 ), #44, 'distance_accuracy_value', 'NONE');
#2083 = CARTESIAN_POINT ( 'NONE',  ( -6.199999999999981526, 4.324999999999992184, 2.650000000000053646 ) ) ;
#2084 = EDGE_CURVE ( 'NONE', #1773, #3331, #1350, .T. ) ;
#2085 = VECTOR ( 'NONE', #542, 1000.000000000000000 ) ;
#2086 = DIRECTION ( 'NONE',  ( 0.000000000000000000, 3.330671096141718332E-15, -1.000000000000000000 ) ) ;
#2087 = CARTESIAN_POINT ( 'NONE',  ( -2.799999999999962963, 6.149999999999984368, 5.750000000000027534 ) ) ;
#2088 =( LENGTH_UNIT ( ) NAMED_UNIT ( * ) SI_UNIT ( .MILLI., .METRE. ) );
#2089 = PRESENTATION_LAYER_ASSIGNMENT (  '', '', ( #1277 ) ) ;
#2090 = EDGE_LOOP ( 'NONE', ( #2519, #2863, #3224, #3174 ) ) ;
#2091 = VECTOR ( 'NONE', #1082, 1000.000000000000000 ) ;
#2092 = LINE ( 'NONE', #1790, #341 ) ;
#2093 = CARTESIAN_POINT ( 'NONE',  ( 4.069999999999974527, 2.855000000000011973, -3.770000000000034657 ) ) ;
#2094 = EDGE_LOOP ( 'NONE', ( #3433, #1149, #2758, #1237 ) ) ;
#2095 = LINE ( 'NONE', #2386, #1253 ) ;
#2096 = CARTESIAN_POINT ( 'NONE',  ( -6.199999999999961098, 4.324999999999992184, 5.750000000000060396 ) ) ;
#2097 = CIRCLE ( 'NONE', #540, 1.240000000000000213 ) ;
#2098 = ORIENTED_EDGE ( 'NONE', *, *, #418, .T. ) ;
#2099 = ORIENTED_EDGE ( 'NONE', *, *, #524, .T. ) ;
#2100 = CARTESIAN_POINT ( 'NONE',  ( 4.070000000000039364, 3.454999999999985416, 5.549999999999980282 ) ) ;
#2101 = CARTESIAN_POINT ( 'NONE',  ( 0.9299999999999829514, 2.855000000000010196, -2.530000000000001137 ) ) ;
#2102 = EDGE_CURVE ( 'NONE', #3037, #125, #1679, .T. ) ;
#2103 =( LENGTH_UNIT ( ) NAMED_UNIT ( * ) SI_UNIT ( .MILLI., .METRE. ) );
#2104 = DIRECTION ( 'NONE',  ( -1.000000000000000000, 0.000000000000000000, 6.982966722218764133E-15 ) ) ;
#2105 = LINE ( 'NONE', #410, #996 ) ;
#2106 = EDGE_CURVE ( 'NONE', #1378, #90, #3337, .T. ) ;
#2107 = ORIENTED_EDGE ( 'NONE', *, *, #362, .F. ) ;
#2108 = PLANE ( 'NONE',  #1075 ) ;
#2109 = FILL_AREA_STYLE_COLOUR ( '', #447 ) ;
#2110 = ORIENTED_EDGE ( 'NONE', *, *, #436, .T. ) ;
#2111 = DIRECTION ( 'NONE',  ( -6.982966722218764922E-15, 3.057802492115180293E-15, -1.000000000000000000 ) ) ;
#2112 = AXIS2_PLACEMENT_3D ( 'NONE', #2425, #249, #3559 ) ;
#2113 = DIRECTION ( 'NONE',  ( 2.438091212180734091E-29, 1.000000000000000000, 3.491483361109382461E-15 ) ) ;
#2114 = CARTESIAN_POINT ( 'NONE',  ( 2.499999999999977796, 2.855000000000011973, -3.130000000000011884 ) ) ;
#2115 = VERTEX_POINT ( 'NONE', #516 ) ;
#2116 = DIRECTION ( 'NONE',  ( -6.982966722218764922E-15, 0.000000000000000000, -1.000000000000000000 ) ) ;
#2117 = ORIENTED_EDGE ( 'NONE', *, *, #3094, .F. ) ;
#2118 = CARTESIAN_POINT ( 'NONE',  ( 4.069999999999983409, 4.095000000000010409, -2.530000000000018900 ) ) ;
#2119 = VECTOR ( 'NONE', #549, 1000.000000000000000 ) ;
#2120 = UNCERTAINTY_MEASURE_WITH_UNIT (LENGTH_MEASURE( 1.000000000000000082E-05 ), #2644, 'distance_accuracy_value', 'NONE');
#2121 = COLOUR_RGB ( '',0.7529411764705882248, 0.7529411764705882248, 0.7529411764705882248 ) ;
#2122 = DIRECTION ( 'NONE',  ( -0.000000000000000000, -3.491483361109382461E-15, 1.000000000000000000 ) ) ;
#2123 = LINE ( 'NONE', #767, #1369 ) ;
#2124 = FACE_OUTER_BOUND ( 'NONE', #2378, .T. ) ;
#2125 =( GEOMETRIC_REPRESENTATION_CONTEXT ( 3 ) GLOBAL_UNCERTAINTY_ASSIGNED_CONTEXT ( ( #776 ) ) GLOBAL_UNIT_ASSIGNED_CONTEXT ( ( #1934, #2231, #2749 ) ) REPRESENTATION_CONTEXT ( 'NONE', 'WORKASPACE' ) );
#2126 = ORIENTED_EDGE ( 'NONE', *, *, #2306, .F. ) ;
#2127 = EDGE_CURVE ( 'NONE', #30, #386, #3, .T. ) ;
#2128 = DIRECTION ( 'NONE',  ( 8.470329472540635575E-17, -1.000000000000000000, -3.383063143860832017E-15 ) ) ;
#2129 = VERTEX_POINT ( 'NONE', #3028 ) ;
#2130 = CARTESIAN_POINT ( 'NONE',  ( 5.350000000000007638, 1.224999999999998090, 1.049999999999961187 ) ) ;
#2131 = LINE ( 'NONE', #3524, #614 ) ;
#2132 = CARTESIAN_POINT ( 'NONE',  ( 2.800000000000044675, 5.324999999999987743, 5.750000000000004441 ) ) ;
#2133 = ORIENTED_EDGE ( 'NONE', *, *, #2623, .T. ) ;
#2134 = DIRECTION ( 'NONE',  ( -5.605193857299268284E-45, 1.000000000000000000, 3.914088217710582702E-59 ) ) ;
#2135 = LINE ( 'NONE', #1819, #2146 ) ;
#2136 = SURFACE_SIDE_STYLE ('',( #393 ) ) ;
#2137 =( NAMED_UNIT ( * ) SI_UNIT ( $, .STERADIAN. ) SOLID_ANGLE_UNIT ( ) );
#2138 = CARTESIAN_POINT ( 'NONE',  ( -5.349999999999971223, 4.324999999999981526, 5.750000000000046185 ) ) ;
#2139 = DIRECTION ( 'NONE',  ( -1.000000000000000000, -8.470329472540635575E-17, -2.865565945491038342E-31 ) ) ;
#2140 = VERTEX_POINT ( 'NONE', #569 ) ;
#2141 = AXIS2_PLACEMENT_3D ( 'NONE', #972, #417, #3190 ) ;
#2142 = CARTESIAN_POINT ( 'NONE',  ( -3.429999999999960636, 4.094999999999997087, 1.050000000000037126 ) ) ;
#2143 = CARTESIAN_POINT ( 'NONE',  ( 1.570000000000039364, 4.094999999999981100, 5.549999999999998046 ) ) ;
#2144 = VERTEX_POINT ( 'NONE', #20 ) ;
#2145 = EDGE_CURVE ( 'NONE', #1726, #1378, #295, .T. ) ;
#2146 = VECTOR ( 'NONE', #191, 1000.000000000000000 ) ;
#2147 = SURFACE_SIDE_STYLE ('',( #1966 ) ) ;
#2148 = DIRECTION ( 'NONE',  ( 6.982966722218764922E-15, -0.000000000000000000, 1.000000000000000000 ) ) ;
#2149 = DIRECTION ( 'NONE',  ( -1.000000000000000000, 0.000000000000000000, 6.982966722218764922E-15 ) ) ;
#2150 = VERTEX_POINT ( 'NONE', #844 ) ;
#2151 = EDGE_CURVE ( 'NONE', #2806, #90, #315, .T. ) ;
#2152 = LINE ( 'NONE', #1584, #22 ) ;
#2153 =( LENGTH_UNIT ( ) NAMED_UNIT ( * ) SI_UNIT ( .MILLI., .METRE. ) );
#2154 = UNCERTAINTY_MEASURE_WITH_UNIT (LENGTH_MEASURE( 1.000000000000000082E-05 ), #3558, 'distance_accuracy_value', 'NONE');
#2155 = FILL_AREA_STYLE_COLOUR ( '', #2289 ) ;
#2156 = COLOUR_RGB ( '',0.7529411764705882248, 0.7529411764705882248, 0.7529411764705882248 ) ;
#2157 = AXIS2_PLACEMENT_3D ( 'NONE', #630, #382, #2503 ) ;
#2158 =( NAMED_UNIT ( * ) SI_UNIT ( $, .STERADIAN. ) SOLID_ANGLE_UNIT ( ) );
#2159 = VERTEX_POINT ( 'NONE', #38 ) ;
#2160 = ORIENTED_EDGE ( 'NONE', *, *, #2801, .F. ) ;
#2161 = CARTESIAN_POINT ( 'NONE',  ( -0.9299999999999608580, 3.454999999999996518, 1.050000000000012701 ) ) ;
#2162 = EDGE_CURVE ( 'NONE', #125, #1992, #1136, .T. ) ;
#2163 = FILL_AREA_STYLE ('',( #3542 ) ) ;
#2164 = ORIENTED_EDGE ( 'NONE', *, *, #572, .T. ) ;
#2165 = COLOUR_RGB ( '',0.7529411764705882248, 0.7529411764705882248, 0.7529411764705882248 ) ;
#2166 = VECTOR ( 'NONE', #1036, 1000.000000000000000 ) ;
#2167 = PLANE ( 'NONE',  #3410 ) ;
#2168 = ADVANCED_FACE ( 'NONE', ( #240 ), #1336, .T. ) ;
#2169 = MECHANICAL_DESIGN_GEOMETRIC_PRESENTATION_REPRESENTATION (  '', ( #154 ), #1067 ) ;
#2170 = AXIS2_PLACEMENT_3D ( 'NONE', #3073, #2783, #1397 ) ;
#2171 = VECTOR ( 'NONE', #2918, 1000.000000000000000 ) ;
#2172 = PRESENTATION_LAYER_ASSIGNMENT (  '', '', ( #159 ) ) ;
#2173 = FILL_AREA_STYLE_COLOUR ( '', #2999 ) ;
#2174 = CARTESIAN_POINT ( 'NONE',  ( -0.9299999999999608580, 4.094999999999981100, 5.550000000000014033 ) ) ;
#2175 = CARTESIAN_POINT ( 'NONE',  ( 6.199999999999961098, 2.551923788646674129, -5.750000000000039968 ) ) ;
#2176 = VECTOR ( 'NONE', #51, 1000.000000000000000 ) ;
#2177 = VECTOR ( 'NONE', #2890, 1000.000000000000000 ) ;
#2178 = ORIENTED_EDGE ( 'NONE', *, *, #3411, .T. ) ;
#2179 = PRESENTATION_LAYER_ASSIGNMENT (  '', '', ( #3160 ) ) ;
#2180 = CARTESIAN_POINT ( 'NONE',  ( 0.9299999999999829514, 4.095000000000007745, -2.530000000000001137 ) ) ;
#2181 = ORIENTED_EDGE ( 'NONE', *, *, #1194, .F. ) ;
#2182 = AXIS2_PLACEMENT_3D ( 'NONE', #551, #1964, #1914 ) ;
#2183 = DIRECTION ( 'NONE',  ( -1.000000000000000000, 0.000000000000000000, 6.982966722218764922E-15 ) ) ;
#2184 = CARTESIAN_POINT ( 'NONE',  ( -4.070000000000017160, 4.095000000000007745, -2.529999999999966498 ) ) ;
#2185 = ORIENTED_EDGE ( 'NONE', *, *, #1084, .T. ) ;
#2186 = EDGE_CURVE ( 'NONE', #2150, #1378, #2779, .T. ) ;
#2187 =( NAMED_UNIT ( * ) SI_UNIT ( $, .STERADIAN. ) SOLID_ANGLE_UNIT ( ) );
#2188 = LINE ( 'NONE', #3529, #1223 ) ;
#2189 = CARTESIAN_POINT ( 'NONE',  ( 7.499999999999982236, 2.855000000000010196, -2.530000000000046878 ) ) ;
#2190 = CARTESIAN_POINT ( 'NONE',  ( 3.429999999999990834, 3.455000000000008065, -1.250000000000016209 ) ) ;
#2191 = ADVANCED_FACE ( 'NONE', ( #1391 ), #1086, .F. ) ;
#2192 = DIRECTION ( 'NONE',  ( 2.438091212180734091E-29, 1.000000000000000000, 3.491483361109382461E-15 ) ) ;
#2193 = CARTESIAN_POINT ( 'NONE',  ( 2.800000000000042011, 6.149999999999980815, 5.749999999999998224 ) ) ;
#2194 = ORIENTED_EDGE ( 'NONE', *, *, #1009, .T. ) ;
#2195 = ADVANCED_FACE ( 'NONE', ( #2742 ), #2075, .T. ) ;
#2196 = DIRECTION ( 'NONE',  ( 1.000000000000000000, 5.605193857299268284E-45, -6.982966722218764922E-15 ) ) ;
#2197 = PLANE ( 'NONE',  #2112 ) ;
#2198 = ORIENTED_EDGE ( 'NONE', *, *, #2162, .T. ) ;
#2199 = VECTOR ( 'NONE', #137, 1000.000000000000000 ) ;
#2200 = CARTESIAN_POINT ( 'NONE',  ( -5.300000000000008704, 5.150000000000006573, -1.249999999999946487 ) ) ;
#2201 = PLANE ( 'NONE',  #2400 ) ;
#2202 = VERTEX_POINT ( 'NONE', #3157 ) ;
#2203 = VECTOR ( 'NONE', #2741, 1000.000000000000000 ) ;
#2204 = DIRECTION ( 'NONE',  ( -1.000000000000000000, 0.000000000000000000, 6.982966722218764922E-15 ) ) ;
#2205 = PRESENTATION_STYLE_ASSIGNMENT (( #2448 ) ) ;
#2206 = LINE ( 'NONE', #861, #1763 ) ;
#2207 =( NAMED_UNIT ( * ) PLANE_ANGLE_UNIT ( ) SI_UNIT ( $, .RADIAN. ) );
#2208 = SURFACE_STYLE_FILL_AREA ( #1721 ) ;
#2209 =( NAMED_UNIT ( * ) SI_UNIT ( $, .STERADIAN. ) SOLID_ANGLE_UNIT ( ) );
#2210 = EDGE_LOOP ( 'NONE', ( #2534, #98, #3442, #3369 ) ) ;
#2211 =( GEOMETRIC_REPRESENTATION_CONTEXT ( 3 ) GLOBAL_UNCERTAINTY_ASSIGNED_CONTEXT ( ( #1286 ) ) GLOBAL_UNIT_ASSIGNED_CONTEXT ( ( #2690, #210, #2158 ) ) REPRESENTATION_CONTEXT ( 'NONE', 'WORKASPACE' ) );
#2212 = EDGE_CURVE ( 'NONE', #910, #2202, #1491, .T. ) ;
#2213 = CARTESIAN_POINT ( 'NONE',  ( -6.199999999999982414, 6.149999999999980815, 2.650000000000056311 ) ) ;
#2214 = CARTESIAN_POINT ( 'NONE',  ( -6.200000000000008171, 3.455000000000005844, -1.249999999999949152 ) ) ;
#2215 = EDGE_LOOP ( 'NONE', ( #140, #578, #879, #1809 ) ) ;
#2216 = ORIENTED_EDGE ( 'NONE', *, *, #1323, .T. ) ;
#2217 = PLANE ( 'NONE',  #3142 ) ;
#2218 = ORIENTED_EDGE ( 'NONE', *, *, #618, .F. ) ;
#2219 =( NAMED_UNIT ( * ) PLANE_ANGLE_UNIT ( ) SI_UNIT ( $, .RADIAN. ) );
#2220 = UNCERTAINTY_MEASURE_WITH_UNIT (LENGTH_MEASURE( 1.000000000000000082E-05 ), #1608, 'distance_accuracy_value', 'NONE');
#2221 = LINE ( 'NONE', #2761, #955 ) ;
#2222 = CARTESIAN_POINT ( 'NONE',  ( -3.430000000000008153, 4.095000000000008633, -1.249999999999966471 ) ) ;
#2223 = COLOUR_RGB ( '',0.7529411764705882248, 0.7529411764705882248, 0.7529411764705882248 ) ;
#2224 = CARTESIAN_POINT ( 'NONE',  ( -3.430000000000017035, 3.455000000000005400, -1.249999999999967581 ) ) ;
#2225 = DIRECTION ( 'NONE',  ( 1.000000000000000000, 5.605193857299268284E-45, -6.982966722218764922E-15 ) ) ;
#2226 = VECTOR ( 'NONE', #2495, 1000.000000000000000 ) ;
#2227 = DIRECTION ( 'NONE',  ( -1.000000000000000000, 0.000000000000000000, 6.982966722218764133E-15 ) ) ;
#2228 = PRESENTATION_STYLE_ASSIGNMENT (( #319 ) ) ;
#2229 = VECTOR ( 'NONE', #845, 1000.000000000000000 ) ;
#2230 = VECTOR ( 'NONE', #2803, 1000.000000000000000 ) ;
#2231 =( NAMED_UNIT ( * ) PLANE_ANGLE_UNIT ( ) SI_UNIT ( $, .RADIAN. ) );
#2232 = DIRECTION ( 'NONE',  ( 0.000000000000000000, -0.5000000000000013323, -0.8660254037844379305 ) ) ;
#2233 = COLOUR_RGB ( '',0.7529411764705882248, 0.7529411764705882248, 0.7529411764705882248 ) ;
#2234 = ORIENTED_EDGE ( 'NONE', *, *, #3414, .T. ) ;
#2235 = VECTOR ( 'NONE', #2113, 1000.000000000000000 ) ;
#2236 = ADVANCED_FACE ( 'NONE', ( #1551 ), #1777, .F. ) ;
#2237 = PRESENTATION_LAYER_ASSIGNMENT (  '', '', ( #1137 ) ) ;
#2238 = LINE ( 'NONE', #3059, #2622 ) ;
#2239 = ORIENTED_EDGE ( 'NONE', *, *, #3228, .T. ) ;
#2240 = PRESENTATION_LAYER_ASSIGNMENT (  '', '', ( #1542 ) ) ;
#2241 = CARTESIAN_POINT ( 'NONE',  ( -3.430000000000025917, 2.855000000000011973, -3.769999999999981810 ) ) ;
#2242 =( LENGTH_UNIT ( ) NAMED_UNIT ( * ) SI_UNIT ( .MILLI., .METRE. ) );
#2243 = EDGE_CURVE ( 'NONE', #2115, #2446, #2095, .T. ) ;
#2244 = DIRECTION ( 'NONE',  ( 7.228014483236698330E-15, 0.000000000000000000, 1.000000000000000000 ) ) ;
#2245 = CARTESIAN_POINT ( 'NONE',  ( -4.070000000000017160, 2.855000000000010196, -2.529999999999966054 ) ) ;
#2246 = PRESENTATION_STYLE_ASSIGNMENT (( #1609 ) ) ;
#2247 = ADVANCED_FACE ( 'NONE', ( #2611 ), #950, .T. ) ;
#2248 = LINE ( 'NONE', #3554, #3098 ) ;
#2249 =( LENGTH_UNIT ( ) NAMED_UNIT ( * ) SI_UNIT ( .MILLI., .METRE. ) );
#2250 = FACE_OUTER_BOUND ( 'NONE', #3448, .T. ) ;
#2251 = FACE_OUTER_BOUND ( 'NONE', #1940, .T. ) ;
#2252 = LINE ( 'NONE', #1670, #609 ) ;
#2253 = SURFACE_SIDE_STYLE ('',( #606 ) ) ;
#2254 = ORIENTED_EDGE ( 'NONE', *, *, #1704, .T. ) ;
#2255 = ORIENTED_EDGE ( 'NONE', *, *, #2477, .T. ) ;
#2256 = FILL_AREA_STYLE_COLOUR ( '', #3551 ) ;
#2257 = CARTESIAN_POINT ( 'NONE',  ( -6.199999999999961098, 6.149999999999980815, 5.750000000000053291 ) ) ;
#2258 = AXIS2_PLACEMENT_3D ( 'NONE', #3071, #605, #1601 ) ;
#2259 = FILL_AREA_STYLE_COLOUR ( '', #3189 ) ;
#2260 = FILL_AREA_STYLE ('',( #895 ) ) ;
#2261 = UNCERTAINTY_MEASURE_WITH_UNIT (LENGTH_MEASURE( 1.000000000000000082E-05 ), #3330, 'distance_accuracy_value', 'NONE');
#2262 = ORIENTED_EDGE ( 'NONE', *, *, #3287, .F. ) ;
#2263 = CARTESIAN_POINT ( 'NONE',  ( -6.200000000000008171, 4.095000000000005080, -1.249999999999946931 ) ) ;
#2264 = EDGE_CURVE ( 'NONE', #774, #1562, #1263, .T. ) ;
#2265 = MECHANICAL_DESIGN_GEOMETRIC_PRESENTATION_REPRESENTATION (  '', ( #363 ), #1620 ) ;
#2266 = DIRECTION ( 'NONE',  ( 4.092404157093824782E-31, -1.000000000000000000, -2.905679701342994163E-45 ) ) ;
#2267 = FILL_AREA_STYLE ('',( #1105 ) ) ;
#2268 = DIRECTION ( 'NONE',  ( 1.000000000000000000, -0.000000000000000000, -6.982966722218764922E-15 ) ) ;
#2269 = PLANE ( 'NONE',  #1768 ) ;
#2270 = LINE ( 'NONE', #3361, #1647 ) ;
#2271 = DIRECTION ( 'NONE',  ( 2.438091212180734091E-29, 1.000000000000000000, 3.491483361109382461E-15 ) ) ;
#2272 = VERTEX_POINT ( 'NONE', #147 ) ;
#2273 = ORIENTED_EDGE ( 'NONE', *, *, #1549, .F. ) ;
#2274 = CIRCLE ( 'NONE', #2722, 0.5999999999999998668 ) ;
#2275 = CARTESIAN_POINT ( 'NONE',  ( -0.9300000000000170353, 4.095000000000010409, -2.529999999999984261 ) ) ;
#2276 = EDGE_CURVE ( 'NONE', #1276, #2666, #217, .T. ) ;
#2277 = LINE ( 'NONE', #94, #435 ) ;
#2278 = PLANE ( 'NONE',  #1164 ) ;
#2279 = VERTEX_POINT ( 'NONE', #1245 ) ;
#2280 =( LENGTH_UNIT ( ) NAMED_UNIT ( * ) SI_UNIT ( .MILLI., .METRE. ) );
#2281 = EDGE_LOOP ( 'NONE', ( #557, #2072, #3281, #129 ) ) ;
#2282 = EDGE_CURVE ( 'NONE', #852, #3492, #3135, .T. ) ;
#2283 = VECTOR ( 'NONE', #169, 1000.000000000000000 ) ;
#2284 = MECHANICAL_DESIGN_GEOMETRIC_PRESENTATION_REPRESENTATION (  '', ( #3203 ), #1644 ) ;
#2285 = LINE ( 'NONE', #407, #1905 ) ;
#2286 = SURFACE_STYLE_USAGE ( .BOTH. , #1669 ) ;
#2287 = DIRECTION ( 'NONE',  ( -6.982966722218764922E-15, 3.491483361109382461E-15, -1.000000000000000000 ) ) ;
#2288 = ORIENTED_EDGE ( 'NONE', *, *, #792, .T. ) ;
#2289 = COLOUR_RGB ( '',0.7529411764705882248, 0.7529411764705882248, 0.7529411764705882248 ) ;
#2290 = ORIENTED_EDGE ( 'NONE', *, *, #1686, .T. ) ;
#2291 =( GEOMETRIC_REPRESENTATION_CONTEXT ( 3 ) GLOBAL_UNCERTAINTY_ASSIGNED_CONTEXT ( ( #3511 ) ) GLOBAL_UNIT_ASSIGNED_CONTEXT ( ( #3249, #788, #526 ) ) REPRESENTATION_CONTEXT ( 'NONE', 'WORKASPACE' ) );
#2292 = SURFACE_STYLE_FILL_AREA ( #627 ) ;
#2293 = EDGE_LOOP ( 'NONE', ( #3202, #2098, #2769, #1521 ) ) ;
#2294 = VECTOR ( 'NONE', #412, 1000.000000000000000 ) ;
#2295 = DIRECTION ( 'NONE',  ( -6.982966722218764922E-15, 0.000000000000000000, -1.000000000000000000 ) ) ;
#2296 = DIRECTION ( 'NONE',  ( -1.000000000000000000, -5.605193857299268284E-45, 6.982966722218764922E-15 ) ) ;
#2297 = VERTEX_POINT ( 'NONE', #3475 ) ;
#2298 = STYLED_ITEM ( 'NONE', ( #375 ), #2755 ) ;
#2299 = SURFACE_STYLE_USAGE ( .BOTH. , #2319 ) ;
#2300 = EDGE_CURVE ( 'NONE', #1560, #1464, #2352, .T. ) ;
#2301 = ORIENTED_EDGE ( 'NONE', *, *, #2264, .T. ) ;
#2302 = VECTOR ( 'NONE', #263, 1000.000000000000000 ) ;
#2303 = CARTESIAN_POINT ( 'NONE',  ( 1.569999999999983409, 3.455000000000010285, -2.530000000000001581 ) ) ;
#2304 = UNCERTAINTY_MEASURE_WITH_UNIT (LENGTH_MEASURE( 1.000000000000000082E-05 ), #873, 'distance_accuracy_value', 'NONE');
#2305 = DIRECTION ( 'NONE',  ( -2.438091212180734091E-29, -1.000000000000000000, -3.491483361109382461E-15 ) ) ;
#2306 = EDGE_CURVE ( 'NONE', #1412, #912, #3213, .T. ) ;
#2307 = CARTESIAN_POINT ( 'NONE',  ( 4.070000000000039364, 4.094999999999981100, 5.549999999999979394 ) ) ;
#2308 = DIRECTION ( 'NONE',  ( 1.000000000000000000, 5.605193857299268284E-45, -6.982966722218764922E-15 ) ) ;
#2309 =( NAMED_UNIT ( * ) SI_UNIT ( $, .STERADIAN. ) SOLID_ANGLE_UNIT ( ) );
#2310 = ORIENTED_EDGE ( 'NONE', *, *, #857, .T. ) ;
#2311 = EDGE_CURVE ( 'NONE', #1970, #2568, #1566, .T. ) ;
#2312 = EDGE_LOOP ( 'NONE', ( #3219, #1163, #336, #3394 ) ) ;
#2313 = DIRECTION ( 'NONE',  ( 5.605193857299268284E-45, -1.000000000000000000, -3.914088217710582702E-59 ) ) ;
#2314 = ORIENTED_EDGE ( 'NONE', *, *, #541, .T. ) ;
#2315 = LINE ( 'NONE', #3398, #1843 ) ;
#2316 = CARTESIAN_POINT ( 'NONE',  ( -0.9300000000000171463, 3.455000000000010285, -2.529999999999983817 ) ) ;
#2317 = CARTESIAN_POINT ( 'NONE',  ( -3.430000000000017035, 3.455000000000010285, -2.529999999999968718 ) ) ;
#2318 = VERTEX_POINT ( 'NONE', #665 ) ;
#2319 = SURFACE_SIDE_STYLE ('',( #613 ) ) ;
#2320 = VERTEX_POINT ( 'NONE', #2316 ) ;
#2321 = COLOUR_RGB ( '',0.7529411764705882248, 0.7529411764705882248, 0.7529411764705882248 ) ;
#2322 = LINE ( 'NONE', #921, #303 ) ;
#2323 = CARTESIAN_POINT ( 'NONE',  ( 4.069999999999978968, -3.399999999999987921, -3.130000000000045635 ) ) ;
#2324 = VECTOR ( 'NONE', #1556, 1000.000000000000000 ) ;
#2325 = EDGE_CURVE ( 'NONE', #1614, #2879, #3399, .T. ) ;
#2326 = DIRECTION ( 'NONE',  ( -7.067670016944194956E-15, 3.491483361109382461E-15, -1.000000000000000000 ) ) ;
#2327 = CARTESIAN_POINT ( 'NONE',  ( 3.430000000000015259, 4.094999999999997087, 1.049999999999983613 ) ) ;
#2328 = PLANE ( 'NONE',  #3487 ) ;
#2329 =( NAMED_UNIT ( * ) SI_UNIT ( $, .STERADIAN. ) SOLID_ANGLE_UNIT ( ) );
#2330 = ORIENTED_EDGE ( 'NONE', *, *, #1171, .F. ) ;
#2331 = EDGE_CURVE ( 'NONE', #896, #1022, #803, .T. ) ;
#2332 = CARTESIAN_POINT ( 'NONE',  ( -6.200000000000008171, 6.149999999999981704, 5.749999999999997335 ) ) ;
#2333 = DIRECTION ( 'NONE',  ( -6.982966722218764922E-15, 3.491483361109382461E-15, -1.000000000000000000 ) ) ;
#2334 = MECHANICAL_DESIGN_GEOMETRIC_PRESENTATION_REPRESENTATION (  '', ( #1917 ), #657 ) ;
#2335 = ORIENTED_EDGE ( 'NONE', *, *, #2557, .F. ) ;
#2336 = CARTESIAN_POINT ( 'NONE',  ( -6.199999999999981526, 5.324999999999989519, 2.650000000000053646 ) ) ;
#2337 = ORIENTED_EDGE ( 'NONE', *, *, #2914, .T. ) ;
#2338 = CARTESIAN_POINT ( 'NONE',  ( -0.9300000000000212541, -3.399999999999987921, -3.130000000000010996 ) ) ;
#2339 = UNCERTAINTY_MEASURE_WITH_UNIT (LENGTH_MEASURE( 1.000000000000000082E-05 ), #3039, 'distance_accuracy_value', 'NONE');
#2340 =( LENGTH_UNIT ( ) NAMED_UNIT ( * ) SI_UNIT ( .MILLI., .METRE. ) );
#2341 = CARTESIAN_POINT ( 'NONE',  ( -4.069999999999962093, 4.094999999999981100, 5.550000000000033573 ) ) ;
#2342 = VECTOR ( 'NONE', #704, 1000.000000000000000 ) ;
#2343 = LINE ( 'NONE', #3165, #49 ) ;
#2344 = ORIENTED_EDGE ( 'NONE', *, *, #3257, .F. ) ;
#2345 = EDGE_CURVE ( 'NONE', #2595, #2931, #234, .T. ) ;
#2346 = AXIS2_PLACEMENT_3D ( 'NONE', #2499, #33, #1133 ) ;
#2347 = CARTESIAN_POINT ( 'NONE',  ( -4.070000000000008278, 3.455000000000008065, -1.249999999999964029 ) ) ;
#2348 = ORIENTED_EDGE ( 'NONE', *, *, #2437, .F. ) ;
#2349 = VECTOR ( 'NONE', #2990, 1000.000000000000000 ) ;
#2350 = VECTOR ( 'NONE', #1857, 1000.000000000000000 ) ;
#2351 = AXIS2_PLACEMENT_3D ( 'NONE', #1354, #1120, #3288 ) ;
#2352 = LINE ( 'NONE', #3437, #2235 ) ;
#2353 = DIRECTION ( 'NONE',  ( -1.000000000000000000, 0.000000000000000000, 6.982966722218764133E-15 ) ) ;
#2354 = ORIENTED_EDGE ( 'NONE', *, *, #3204, .T. ) ;
#2355 =( LENGTH_UNIT ( ) NAMED_UNIT ( * ) SI_UNIT ( .MILLI., .METRE. ) );
#2356 = VECTOR ( 'NONE', #324, 1000.000000000000000 ) ;
#2357 = PRESENTATION_LAYER_ASSIGNMENT (  '', '', ( #2746 ) ) ;
#2358 = EDGE_CURVE ( 'NONE', #444, #2129, #1313, .T. ) ;
#2359 = ORIENTED_EDGE ( 'NONE', *, *, #2901, .T. ) ;
#2360 = AXIS2_PLACEMENT_3D ( 'NONE', #1878, #2396, #1337 ) ;
#2361 = ADVANCED_BREP_SHAPE_REPRESENTATION ( 'S4B-XH-A(LF)(SN)', ( #3088, #3217 ), #2745 ) ;
#2362 = DIRECTION ( 'NONE',  ( -2.325796542701351483E-29, -1.000000000000000000, -3.330671096141718332E-15 ) ) ;
#2363 = CARTESIAN_POINT ( 'NONE',  ( 3.429999999999978844, -3.399999999999987921, -3.130000000000045635 ) ) ;
#2364 = DIRECTION ( 'NONE',  ( -8.470329472540635575E-17, 1.000000000000000000, 3.383063143860832017E-15 ) ) ;
#2365 = ORIENTED_EDGE ( 'NONE', *, *, #3509, .T. ) ;
#2366 = PLANE ( 'NONE',  #1422 ) ;
#2367 = CARTESIAN_POINT ( 'NONE',  ( -0.9300000000000170353, 3.455000000000005400, -1.249999999999984901 ) ) ;
#2368 = VERTEX_POINT ( 'NONE', #3002 ) ;
#2369 = EDGE_CURVE ( 'NONE', #2941, #30, #2403, .T. ) ;
#2370 = LINE ( 'NONE', #2665, #2618 ) ;
#2371 = ORIENTED_EDGE ( 'NONE', *, *, #1194, .T. ) ;
#2372 = LINE ( 'NONE', #760, #1880 ) ;
#2373 = VERTEX_POINT ( 'NONE', #1602 ) ;
#2374 = DIRECTION ( 'NONE',  ( 2.389246388370259354E-29, 1.000000000000000000, 3.421534833852252863E-15 ) ) ;
#2375 = CARTESIAN_POINT ( 'NONE',  ( -3.429999999999960636, 3.454999999999981419, 5.550000000000030909 ) ) ;
#2376 = SURFACE_SIDE_STYLE ('',( #1305 ) ) ;
#2377 = LINE ( 'NONE', #2725, #2464 ) ;
#2378 = EDGE_LOOP ( 'NONE', ( #2838, #196, #1268, #1206, #1581, #2467, #1740, #3311 ) ) ;
#2379 = VECTOR ( 'NONE', #517, 1000.000000000000000 ) ;
#2380 = VERTEX_POINT ( 'NONE', #1025 ) ;
#2381 = CIRCLE ( 'NONE', #1622, 0.5999999999999998668 ) ;
#2382 = SURFACE_STYLE_USAGE ( .BOTH. , #1275 ) ;
#2383 = CARTESIAN_POINT ( 'NONE',  ( 0.9300000000000233635, 3.454999999999981419, 5.550000000000000711 ) ) ;
#2384 = ORIENTED_EDGE ( 'NONE', *, *, #1595, .F. ) ;
#2385 =( LENGTH_UNIT ( ) NAMED_UNIT ( * ) SI_UNIT ( .MILLI., .METRE. ) );
#2386 = CARTESIAN_POINT ( 'NONE',  ( 0.9300000000000075984, 4.094999999999981100, 1.049999999999999822 ) ) ;
#2387 = LINE ( 'NONE', #3231, #2790 ) ;
#2388 = AXIS2_PLACEMENT_3D ( 'NONE', #1559, #2656, #3223 ) ;
#2389 = EDGE_LOOP ( 'NONE', ( #1213, #1129, #1340, #1212 ) ) ;
#2390 = SURFACE_SIDE_STYLE ('',( #466 ) ) ;
#2391 = VERTEX_POINT ( 'NONE', #2184 ) ;
#2392 = ADVANCED_FACE ( 'NONE', ( #3506 ), #1617, .F. ) ;
#2393 = PRESENTATION_LAYER_ASSIGNMENT (  '', '', ( #3525 ) ) ;
#2394 = CARTESIAN_POINT ( 'NONE',  ( 1.570000000000039364, 4.094999999999981100, 5.549999999999998046 ) ) ;
#2395 = EDGE_CURVE ( 'NONE', #2008, #2391, #2417, .T. ) ;
#2396 = DIRECTION ( 'NONE',  ( -6.982966722218764922E-15, 3.491483361109382461E-15, -1.000000000000000000 ) ) ;
#2397 = FACE_OUTER_BOUND ( 'NONE', #3486, .T. ) ;
#2398 = VERTEX_POINT ( 'NONE', #2465 ) ;
#2399 = ORIENTED_EDGE ( 'NONE', *, *, #1125, .T. ) ;
#2400 = AXIS2_PLACEMENT_3D ( 'NONE', #2716, #1635, #2732 ) ;
#2401 = DIRECTION ( 'NONE',  ( 6.176182239252747266E-15, 0.5000000000000013323, 0.8660254037844378194 ) ) ;
#2402 = PRESENTATION_LAYER_ASSIGNMENT (  '', '', ( #2447 ) ) ;
#2403 = LINE ( 'NONE', #2985, #1476 ) ;
#2404 = CARTESIAN_POINT ( 'NONE',  ( 3.430000000000007265, 4.094999999999981100, 1.049999999999982281 ) ) ;
#2405 = ORIENTED_EDGE ( 'NONE', *, *, #1395, .T. ) ;
#2406 = DIRECTION ( 'NONE',  ( 1.000000000000000000, 5.605193857299268284E-45, -6.982966722218764922E-15 ) ) ;
#2407 =( GEOMETRIC_REPRESENTATION_CONTEXT ( 3 ) GLOBAL_UNCERTAINTY_ASSIGNED_CONTEXT ( ( #1176 ) ) GLOBAL_UNIT_ASSIGNED_CONTEXT ( ( #2340, #3124, #118 ) ) REPRESENTATION_CONTEXT ( 'NONE', 'WORKASPACE' ) );
#2408 = ORIENTED_EDGE ( 'NONE', *, *, #3460, .T. ) ;
#2409 = CARTESIAN_POINT ( 'NONE',  ( -0.9299999999999608580, 3.454999999999985416, 5.550000000000014921 ) ) ;
#2410 = PRESENTATION_STYLE_ASSIGNMENT (( #3181 ) ) ;
#2411 = CARTESIAN_POINT ( 'NONE',  ( 6.200000000000040146, -1.913616834436915957E-14, 5.749999999999958256 ) ) ;
#2412 = CARTESIAN_POINT ( 'NONE',  ( 5.300000000000039790, 0.3999999999999808709, 5.749999999999959144 ) ) ;
#2413 = EDGE_CURVE ( 'NONE', #918, #1827, #784, .T. ) ;
#2414 = CARTESIAN_POINT ( 'NONE',  ( -0.9299999999999608580, 4.094999999999981100, 5.550000000000014033 ) ) ;
#2415 = ORIENTED_EDGE ( 'NONE', *, *, #2914, .F. ) ;
#2416 =( LENGTH_UNIT ( ) NAMED_UNIT ( * ) SI_UNIT ( .MILLI., .METRE. ) );
#2417 = LINE ( 'NONE', #252, #42 ) ;
#2418 = CARTESIAN_POINT ( 'NONE',  ( -6.199999999999961098, 5.324999999999981526, 5.750000000000057732 ) ) ;
#2419 = VERTEX_POINT ( 'NONE', #2200 ) ;
#2420 = CARTESIAN_POINT ( 'NONE',  ( -0.9300000000000170353, -3.399999999999987921, -2.529999999999984261 ) ) ;
#2421 = LINE ( 'NONE', #3467, #621 ) ;
#2422 = LINE ( 'NONE', #1088, #3470 ) ;
#2423 = PRESENTATION_LAYER_ASSIGNMENT (  '', '', ( #1956 ) ) ;
#2424 = PRESENTATION_STYLE_ASSIGNMENT (( #1612 ) ) ;
#2425 = CARTESIAN_POINT ( 'NONE',  ( 1.569999999999983409, 3.455000000000010285, -2.530000000000004245 ) ) ;
#2426 = EDGE_LOOP ( 'NONE', ( #2674, #2164, #3426, #523 ) ) ;
#2427 = COLOUR_RGB ( '',0.7529411764705882248, 0.7529411764705882248, 0.7529411764705882248 ) ;
#2428 =( GEOMETRIC_REPRESENTATION_CONTEXT ( 3 ) GLOBAL_UNCERTAINTY_ASSIGNED_CONTEXT ( ( #1496 ) ) GLOBAL_UNIT_ASSIGNED_CONTEXT ( ( #2153, #2776, #2719 ) ) REPRESENTATION_CONTEXT ( 'NONE', 'WORKASPACE' ) );
#2429 = CARTESIAN_POINT ( 'NONE',  ( 5.299999999999959854, 1.929879867024197893E-14, -5.750000000000041744 ) ) ;
#2430 = DIRECTION ( 'NONE',  ( -6.982966722218764922E-15, -0.000000000000000000, -1.000000000000000000 ) ) ;
#2431 = ORIENTED_EDGE ( 'NONE', *, *, #2502, .F. ) ;
#2432 = DIRECTION ( 'NONE',  ( 0.000000000000000000, 3.627765757092197324E-15, -1.000000000000000000 ) ) ;
#2433 = FILL_AREA_STYLE_COLOUR ( '', #1739 ) ;
#2434 = UNCERTAINTY_MEASURE_WITH_UNIT (LENGTH_MEASURE( 1.000000000000000082E-05 ), #1306, 'distance_accuracy_value', 'NONE');
#2435 =( NAMED_UNIT ( * ) PLANE_ANGLE_UNIT ( ) SI_UNIT ( $, .RADIAN. ) );
#2436 = DIRECTION ( 'NONE',  ( 6.982966722218764922E-15, 0.000000000000000000, 1.000000000000000000 ) ) ;
#2437 = EDGE_CURVE ( 'NONE', #371, #841, #3299, .T. ) ;
#2438 = VECTOR ( 'NONE', #1169, 1000.000000000000000 ) ;
#2439 = CARTESIAN_POINT ( 'NONE',  ( 2.499999999999973799, 2.855000000000013749, -3.770000000000012008 ) ) ;
#2440 = ORIENTED_EDGE ( 'NONE', *, *, #1308, .T. ) ;
#2441 = ORIENTED_EDGE ( 'NONE', *, *, #2582, .F. ) ;
#2442 = EDGE_CURVE ( 'NONE', #1276, #2297, #1850, .T. ) ;
#2443 =( NAMED_UNIT ( * ) SI_UNIT ( $, .STERADIAN. ) SOLID_ANGLE_UNIT ( ) );
#2444 = DIRECTION ( 'NONE',  ( 1.000000000000000000, -2.438091212180734091E-29, -8.512554900196038087E-44 ) ) ;
#2445 = SURFACE_STYLE_USAGE ( .BOTH. , #1923 ) ;
#2446 = VERTEX_POINT ( 'NONE', #1657 ) ;
#2447 = STYLED_ITEM ( 'NONE', ( #2924 ), #1766 ) ;
#2448 = SURFACE_STYLE_USAGE ( .BOTH. , #2485 ) ;
#2449 = DIRECTION ( 'NONE',  ( 5.605193857299268284E-45, -1.000000000000000000, -3.914088217710582702E-59 ) ) ;
#2450 = CARTESIAN_POINT ( 'NONE',  ( 4.069999999999983409, 4.095000000000010409, -2.530000000000018900 ) ) ;
#2451 = EDGE_CURVE ( 'NONE', #2931, #1748, #3230, .T. ) ;
#2452 = VECTOR ( 'NONE', #3479, 1000.000000000000000 ) ;
#2453 = AXIS2_PLACEMENT_3D ( 'NONE', #432, #3256, #695 ) ;
#2454 = COLOUR_RGB ( '',0.7529411764705882248, 0.7529411764705882248, 0.7529411764705882248 ) ;
#2455 = VECTOR ( 'NONE', #560, 1000.000000000000000 ) ;
#2456 = PLANE ( 'NONE',  #3207 ) ;
#2457 = SURFACE_SIDE_STYLE ('',( #229 ) ) ;
#2458 = VECTOR ( 'NONE', #89, 1000.000000000000000 ) ;
#2459 = ORIENTED_EDGE ( 'NONE', *, *, #686, .T. ) ;
#2460 = PRESENTATION_LAYER_ASSIGNMENT (  '', '', ( #460 ) ) ;
#2461 = SURFACE_SIDE_STYLE ('',( #1829 ) ) ;
#2462 = FILL_AREA_STYLE_COLOUR ( '', #2804 ) ;
#2463 = EDGE_LOOP ( 'NONE', ( #1599, #1924, #2107, #1611 ) ) ;
#2464 = VECTOR ( 'NONE', #1896, 1000.000000000000000 ) ;
#2465 = CARTESIAN_POINT ( 'NONE',  ( -4.069999999999962093, 4.094999999999985540, 5.550000000000036238 ) ) ;
#2466 =( LENGTH_UNIT ( ) NAMED_UNIT ( * ) SI_UNIT ( .MILLI., .METRE. ) );
#2467 = ORIENTED_EDGE ( 'NONE', *, *, #1408, .T. ) ;
#2468 = DIRECTION ( 'NONE',  ( -8.470329472540465477E-17, 1.000000000000000000, 3.627765757092197324E-15 ) ) ;
#2469 = CARTESIAN_POINT ( 'NONE',  ( -6.199999999999961098, 5.324999999999981526, 5.750000000000057732 ) ) ;
#2470 = LINE ( 'NONE', #260, #2229 ) ;
#2471 = EDGE_CURVE ( 'NONE', #1382, #947, #2131, .T. ) ;
#2472 = LINE ( 'NONE', #3325, #1909 ) ;
#2473 = SURFACE_STYLE_FILL_AREA ( #588 ) ;
#2474 = DIRECTION ( 'NONE',  ( 1.000000000000000000, 8.470329472540635575E-17, 2.865565945491038342E-31 ) ) ;
#2475 = ORIENTED_EDGE ( 'NONE', *, *, #2345, .T. ) ;
#2476 = DIRECTION ( 'NONE',  ( 0.000000000000000000, -3.491483361109382461E-15, 1.000000000000000000 ) ) ;
#2477 = EDGE_CURVE ( 'NONE', #2318, #696, #1039, .T. ) ;
#2478 = DIRECTION ( 'NONE',  ( 2.438091212180734091E-29, 1.000000000000000000, 3.491483361109382461E-15 ) ) ;
#2479 = ORIENTED_EDGE ( 'NONE', *, *, #227, .F. ) ;
#2480 = VECTOR ( 'NONE', #1159, 1000.000000000000000 ) ;
#2481 = FACE_OUTER_BOUND ( 'NONE', #2837, .T. ) ;
#2482 = VERTEX_POINT ( 'NONE', #595 ) ;
#2483 = VECTOR ( 'NONE', #134, 1000.000000000000000 ) ;
#2484 = SURFACE_SIDE_STYLE ('',( #3547 ) ) ;
#2485 = SURFACE_SIDE_STYLE ('',( #313 ) ) ;
#2486 = DIRECTION ( 'NONE',  ( 7.228014483236698330E-15, 0.000000000000000000, 1.000000000000000000 ) ) ;
#2487 = DIRECTION ( 'NONE',  ( 0.000000000000000000, 3.330671096141718332E-15, -1.000000000000000000 ) ) ;
#2488 = ADVANCED_FACE ( 'NONE', ( #1991 ), #2536, .F. ) ;
#2489 = CARTESIAN_POINT ( 'NONE',  ( -3.429999999999960636, 4.094999999999981100, 5.550000000000033573 ) ) ;
#2490 = DIRECTION ( 'NONE',  ( -1.000000000000000000, -5.605193857299268284E-45, 6.982966722218764922E-15 ) ) ;
#2491 = EDGE_CURVE ( 'NONE', #594, #2666, #3058, .T. ) ;
#2492 = ORIENTED_EDGE ( 'NONE', *, *, #2186, .F. ) ;
#2493 = VECTOR ( 'NONE', #25, 1000.000000000000000 ) ;
#2494 =( NAMED_UNIT ( * ) PLANE_ANGLE_UNIT ( ) SI_UNIT ( $, .RADIAN. ) );
#2495 = DIRECTION ( 'NONE',  ( 1.000000000000000000, 0.000000000000000000, -6.982966722218764922E-15 ) ) ;
#2496 = CARTESIAN_POINT ( 'NONE',  ( 3.430000000000038352, 3.454999999999981419, 5.549999999999982059 ) ) ;
#2497 = ORIENTED_EDGE ( 'NONE', *, *, #2106, .F. ) ;
#2498 = VERTEX_POINT ( 'NONE', #2823 ) ;
#2499 = CARTESIAN_POINT ( 'NONE',  ( 1.569999999999974305, 2.855000000000013749, -3.770000000000005347 ) ) ;
#2500 = ORIENTED_EDGE ( 'NONE', *, *, #54, .F. ) ;
#2501 = ADVANCED_FACE ( 'NONE', ( #854 ), #2807, .F. ) ;
#2502 = EDGE_CURVE ( 'NONE', #3037, #2842, #1435, .T. ) ;
#2503 = DIRECTION ( 'NONE',  ( 7.228014483236698330E-15, 0.000000000000000000, 1.000000000000000000 ) ) ;
#2504 = AXIS2_PLACEMENT_3D ( 'NONE', #2523, #2537, #75 ) ;
#2505 =( NAMED_UNIT ( * ) PLANE_ANGLE_UNIT ( ) SI_UNIT ( $, .RADIAN. ) );
#2506 = DIRECTION ( 'NONE',  ( 4.092404157093824782E-31, -1.000000000000000000, -2.905679701342994163E-45 ) ) ;
#2507 = LINE ( 'NONE', #2263, #3032 ) ;
#2508 = PRESENTATION_LAYER_ASSIGNMENT (  '', '', ( #2510 ) ) ;
#2509 = CARTESIAN_POINT ( 'NONE',  ( 6.200000000000039257, 6.149999999999980815, 5.749999999999967137 ) ) ;
#2510 = STYLED_ITEM ( 'NONE', ( #591 ), #1871 ) ;
#2511 = DIRECTION ( 'NONE',  ( 6.982966722218764133E-15, 0.000000000000000000, 1.000000000000000000 ) ) ;
#2512 = VECTOR ( 'NONE', #402, 1000.000000000000000 ) ;
#2513 = ADVANCED_FACE ( 'NONE', ( #3314 ), #3113, .F. ) ;
#2514 = DIRECTION ( 'NONE',  ( -1.000000000000000000, -8.470329472540635575E-17, -2.865565945491038342E-31 ) ) ;
#2515 = DIRECTION ( 'NONE',  ( -1.000000000000000000, 0.000000000000000000, 6.982966722218764133E-15 ) ) ;
#2516 = LINE ( 'NONE', #2532, #2050 ) ;
#2517 = CARTESIAN_POINT ( 'NONE',  ( 1.570000000000039364, 3.454999999999996518, 1.049999999999995381 ) ) ;
#2518 = ORIENTED_EDGE ( 'NONE', *, *, #1390, .F. ) ;
#2519 = ORIENTED_EDGE ( 'NONE', *, *, #1918, .F. ) ;
#2520 = STYLED_ITEM ( 'NONE', ( #3225 ), #2662 ) ;
#2521 = EDGE_CURVE ( 'NONE', #1715, #3562, #890, .T. ) ;
#2522 = DIRECTION ( 'NONE',  ( 1.000000000000000000, 0.000000000000000000, -7.067670016944194956E-15 ) ) ;
#2523 = CARTESIAN_POINT ( 'NONE',  ( -6.200000000000008171, 0.4000000000000051847, -1.249999999999959588 ) ) ;
#2524 = CIRCLE ( 'NONE', #968, 1.240000000000000213 ) ;
#2525 = SURFACE_STYLE_FILL_AREA ( #335 ) ;
#2526 = ORIENTED_EDGE ( 'NONE', *, *, #772, .F. ) ;
#2527 = CARTESIAN_POINT ( 'NONE',  ( 4.250000000000037303, 5.324999999999981526, 5.749999999999985789 ) ) ;
#2528 = SURFACE_SIDE_STYLE ('',( #2208 ) ) ;
#2529 = DIRECTION ( 'NONE',  ( 1.000000000000000000, 0.000000000000000000, -6.982966722218764922E-15 ) ) ;
#2530 = SURFACE_SIDE_STYLE ('',( #3390 ) ) ;
#2531 = CARTESIAN_POINT ( 'NONE',  ( -6.200000000000025047, 5.150000000000005684, -1.249999999999942490 ) ) ;
#2532 = CARTESIAN_POINT ( 'NONE',  ( 1.570000000000039364, 4.094999999999981100, 5.549999999999996270 ) ) ;
#2533 = CARTESIAN_POINT ( 'NONE',  ( 6.200000000000040146, 5.324999999999981526, 5.749999999999976019 ) ) ;
#2534 = ORIENTED_EDGE ( 'NONE', *, *, #875, .T. ) ;
#2535 = ADVANCED_FACE ( 'NONE', ( #1113 ), #3332, .T. ) ;
#2536 = PLANE ( 'NONE',  #1653 ) ;
#2537 = DIRECTION ( 'NONE',  ( 2.438091212180734091E-29, 1.000000000000000000, 3.491483361109382461E-15 ) ) ;
#2538 = ORIENTED_EDGE ( 'NONE', *, *, #3282, .T. ) ;
#2539 = AXIS2_PLACEMENT_3D ( 'NONE', #702, #2630, #1262 ) ;
#2540 = PRESENTATION_STYLE_ASSIGNMENT (( #2826 ) ) ;
#2541 =( NAMED_UNIT ( * ) PLANE_ANGLE_UNIT ( ) SI_UNIT ( $, .RADIAN. ) );
#2542 = EDGE_LOOP ( 'NONE', ( #752, #1296, #467, #197 ) ) ;
#2543 = PLANE ( 'NONE',  #3373 ) ;
#2544 = AXIS2_PLACEMENT_3D ( 'NONE', #3066, #2563, #902 ) ;
#2545 = ADVANCED_FACE ( 'NONE', ( #1755 ), #969, .F. ) ;
#2546 = MECHANICAL_DESIGN_GEOMETRIC_PRESENTATION_REPRESENTATION (  '', ( #2884 ), #1448 ) ;
#2547 = UNCERTAINTY_MEASURE_WITH_UNIT (LENGTH_MEASURE( 1.000000000000000082E-05 ), #1901, 'distance_accuracy_value', 'NONE');
#2548 = FACE_BOUND ( 'NONE', #2281, .T. ) ;
#2549 = CARTESIAN_POINT ( 'NONE',  ( 2.499999999999982236, 2.855000000000010196, -2.530000000000011795 ) ) ;
#2550 = PLANE ( 'NONE',  #1389 ) ;
#2551 = DIRECTION ( 'NONE',  ( 0.000000000000000000, 3.383063143860832017E-15, -1.000000000000000000 ) ) ;
#2552 = LINE ( 'NONE', #3109, #2458 ) ;
#2553 = ORIENTED_EDGE ( 'NONE', *, *, #2413, .T. ) ;
#2554 = PRODUCT ( 'S4B-XH-A(LF)(SN)', 'S4B-XH-A(LF)(SN)', '', ( #659 ) ) ;
#2555 = VERTEX_POINT ( 'NONE', #2025 ) ;
#2556 = PRESENTATION_LAYER_ASSIGNMENT (  '', '', ( #3304 ) ) ;
#2557 = EDGE_CURVE ( 'NONE', #2318, #1655, #3471, .T. ) ;
#2558 = DIRECTION ( 'NONE',  ( 1.000000000000000000, 5.605193857299268284E-45, -6.982966722218764922E-15 ) ) ;
#2559 = CARTESIAN_POINT ( 'NONE',  ( -1.570000000000021600, 2.855000000000011973, -3.129999999999983906 ) ) ;
#2560 = ORIENTED_EDGE ( 'NONE', *, *, #3334, .F. ) ;
#2561 = EDGE_LOOP ( 'NONE', ( #3521, #2706, #3452, #80 ) ) ;
#2562 = EDGE_CURVE ( 'NONE', #2033, #556, #2915, .T. ) ;
#2563 = DIRECTION ( 'NONE',  ( -1.000000000000000000, -5.605193857299268284E-45, 6.982966722218764922E-15 ) ) ;
#2564 =( NAMED_UNIT ( * ) SI_UNIT ( $, .STERADIAN. ) SOLID_ANGLE_UNIT ( ) );
#2565 = VECTOR ( 'NONE', #2149, 1000.000000000000000 ) ;
#2566 =( GEOMETRIC_REPRESENTATION_CONTEXT ( 3 ) GLOBAL_UNCERTAINTY_ASSIGNED_CONTEXT ( ( #2831 ) ) GLOBAL_UNIT_ASSIGNED_CONTEXT ( ( #1416, #1400, #1743 ) ) REPRESENTATION_CONTEXT ( 'NONE', 'WORKASPACE' ) );
#2567 = DIRECTION ( 'NONE',  ( 0.000000000000000000, -3.627765757092197324E-15, 1.000000000000000000 ) ) ;
#2568 = VERTEX_POINT ( 'NONE', #2853 ) ;
#2569 = STYLED_ITEM ( 'NONE', ( #1946 ), #2018 ) ;
#2570 = ORIENTED_EDGE ( 'NONE', *, *, #1847, .F. ) ;
#2571 = VECTOR ( 'NONE', #2731, 1000.000000000000000 ) ;
#2572 = LINE ( 'NONE', #1523, #222 ) ;
#2573 =( NAMED_UNIT ( * ) SI_UNIT ( $, .STERADIAN. ) SOLID_ANGLE_UNIT ( ) );
#2574 = ORIENTED_EDGE ( 'NONE', *, *, #1383, .T. ) ;
#2575 = VECTOR ( 'NONE', #1919, 1000.000000000000000 ) ;
#2576 = PLANE ( 'NONE',  #2141 ) ;
#2577 =( NAMED_UNIT ( * ) PLANE_ANGLE_UNIT ( ) SI_UNIT ( $, .RADIAN. ) );
#2578 = ORIENTED_EDGE ( 'NONE', *, *, #3197, .T. ) ;
#2579 = MECHANICAL_DESIGN_GEOMETRIC_PRESENTATION_REPRESENTATION (  '', ( #3160 ), #1481 ) ;
#2580 = CARTESIAN_POINT ( 'NONE',  ( 4.070000000000039364, 4.094999999999981100, 5.549999999999979394 ) ) ;
#2581 = EDGE_LOOP ( 'NONE', ( #1226, #2949, #1703, #3232 ) ) ;
#2582 = EDGE_CURVE ( 'NONE', #1938, #2398, #2572, .T. ) ;
#2583 = LINE ( 'NONE', #602, #2017 ) ;
#2584 = FILL_AREA_STYLE ('',( #2883 ) ) ;
#2585 = ADVANCED_FACE ( 'NONE', ( #2046 ), #2366, .F. ) ;
#2586 =( LENGTH_UNIT ( ) NAMED_UNIT ( * ) SI_UNIT ( .MILLI., .METRE. ) );
#2587 = CARTESIAN_POINT ( 'NONE',  ( -3.430000000000025473, -3.399999999999987477, -3.769999999999993356 ) ) ;
#2588 = SURFACE_STYLE_USAGE ( .BOTH. , #1254 ) ;
#2589 = VERTEX_POINT ( 'NONE', #2070 ) ;
#2590 = EDGE_CURVE ( 'NONE', #2150, #2806, #933, .T. ) ;
#2591 = SURFACE_STYLE_FILL_AREA ( #458 ) ;
#2592 = ORIENTED_EDGE ( 'NONE', *, *, #904, .F. ) ;
#2593 = CARTESIAN_POINT ( 'NONE',  ( -3.429999999999960636, 3.454999999999996962, 5.550000000000033573 ) ) ;
#2594 = LINE ( 'NONE', #2096, #328 ) ;
#2595 = VERTEX_POINT ( 'NONE', #111 ) ;
#2596 =( NAMED_UNIT ( * ) PLANE_ANGLE_UNIT ( ) SI_UNIT ( $, .RADIAN. ) );
#2597 = ORIENTED_EDGE ( 'NONE', *, *, #1319, .T. ) ;
#2598 = CARTESIAN_POINT ( 'NONE',  ( 1.569999999999992513, 4.095000000000008633, -1.250000000000001110 ) ) ;
#2599 =( GEOMETRIC_REPRESENTATION_CONTEXT ( 3 ) GLOBAL_UNCERTAINTY_ASSIGNED_CONTEXT ( ( #135 ) ) GLOBAL_UNIT_ASSIGNED_CONTEXT ( ( #1349, #1098, #19 ) ) REPRESENTATION_CONTEXT ( 'NONE', 'WORKASPACE' ) );
#2600 = CARTESIAN_POINT ( 'NONE',  ( 5.350000000000006750, 1.224999999999998090, 1.049999999999961187 ) ) ;
#2601 = EDGE_CURVE ( 'NONE', #2891, #2159, #3450, .T. ) ;
#2602 = SURFACE_STYLE_USAGE ( .BOTH. , #431 ) ;
#2603 = LINE ( 'NONE', #1235, #728 ) ;
#2604 = FILL_AREA_STYLE_COLOUR ( '', #3407 ) ;
#2605 = ORIENTED_EDGE ( 'NONE', *, *, #3133, .T. ) ;
#2606 = EDGE_CURVE ( 'NONE', #3075, #912, #2092, .T. ) ;
#2607 = CARTESIAN_POINT ( 'NONE',  ( 1.569999999999983409, 4.095000000000010409, -2.530000000000001137 ) ) ;
#2608 = ORIENTED_EDGE ( 'NONE', *, *, #2491, .T. ) ;
#2609 = AXIS2_PLACEMENT_3D ( 'NONE', #2549, #83, #1667 ) ;
#2610 =( NAMED_UNIT ( * ) SI_UNIT ( $, .STERADIAN. ) SOLID_ANGLE_UNIT ( ) );
#2611 = FACE_OUTER_BOUND ( 'NONE', #411, .T. ) ;
#2612 = LINE ( 'NONE', #1005, #1184 ) ;
#2613 = ORIENTED_EDGE ( 'NONE', *, *, #345, .T. ) ;
#2614 = CARTESIAN_POINT ( 'NONE',  ( -4.249999999999990230, 6.150000000000006573, -1.249999999999939826 ) ) ;
#2615 = VERTEX_POINT ( 'NONE', #3169 ) ;
#2616 = UNCERTAINTY_MEASURE_WITH_UNIT (LENGTH_MEASURE( 1.000000000000000082E-05 ), #3550, 'distance_accuracy_value', 'NONE');
#2617 = LINE ( 'NONE', #3221, #2711 ) ;
#2618 = VECTOR ( 'NONE', #1528, 1000.000000000000000 ) ;
#2619 = CARTESIAN_POINT ( 'NONE',  ( 5.350000000000023626, 4.324999999999992184, 2.649999999999974598 ) ) ;
#2620 = APPLICATION_PROTOCOL_DEFINITION ( 'draft international standard', 'automotive_design', 1998, #2036 ) ;
#2621 = VERTEX_POINT ( 'NONE', #1774 ) ;
#2622 = VECTOR ( 'NONE', #1955, 1000.000000000000000 ) ;
#2623 = EDGE_CURVE ( 'NONE', #667, #1998, #1466, .T. ) ;
#2624 = DIRECTION ( 'NONE',  ( -6.982966722218764922E-15, 3.491483361109382461E-15, -1.000000000000000000 ) ) ;
#2625 = CARTESIAN_POINT ( 'NONE',  ( -2.799999999999982503, 6.149999999999994138, 2.050000000000035794 ) ) ;
#2626 = ORIENTED_EDGE ( 'NONE', *, *, #3247, .T. ) ;
#2627 =( GEOMETRIC_REPRESENTATION_CONTEXT ( 3 ) GLOBAL_UNCERTAINTY_ASSIGNED_CONTEXT ( ( #3163 ) ) GLOBAL_UNIT_ASSIGNED_CONTEXT ( ( #499, #3498, #2309 ) ) REPRESENTATION_CONTEXT ( 'NONE', 'WORKASPACE' ) );
#2628 = EDGE_CURVE ( 'NONE', #3456, #123, #2872, .T. ) ;
#2629 = CIRCLE ( 'NONE', #158, 0.5999999999999998668 ) ;
#2630 = DIRECTION ( 'NONE',  ( -8.470329472540635575E-17, 1.000000000000000000, 3.383063143860832017E-15 ) ) ;
#2631 =( LENGTH_UNIT ( ) NAMED_UNIT ( * ) SI_UNIT ( .MILLI., .METRE. ) );
#2632 = CARTESIAN_POINT ( 'NONE',  ( 4.070000000000039364, 3.454999999999981419, 5.549999999999977618 ) ) ;
#2633 = VERTEX_POINT ( 'NONE', #1207 ) ;
#2634 = AXIS2_PLACEMENT_3D ( 'NONE', #3017, #723, #1815 ) ;
#2635 = MECHANICAL_DESIGN_GEOMETRIC_PRESENTATION_REPRESENTATION (  '', ( #2520 ), #2856 ) ;
#2636 = VERTEX_POINT ( 'NONE', #716 ) ;
#2637 = CARTESIAN_POINT ( 'NONE',  ( -6.199999999999961098, 6.149999999999980815, 5.750000000000060396 ) ) ;
#2638 = CARTESIAN_POINT ( 'NONE',  ( -3.430000000000017035, 2.855000000000010196, -2.529999999999970495 ) ) ;
#2639 = ORIENTED_EDGE ( 'NONE', *, *, #1166, .T. ) ;
#2640 = FILL_AREA_STYLE ('',( #2840 ) ) ;
#2641 = CARTESIAN_POINT ( 'NONE',  ( 5.350000000000007638, 1.224999999999993872, 1.049999999999998490 ) ) ;
#2642 = VERTEX_POINT ( 'NONE', #2347 ) ;
#2643 = ADVANCED_FACE ( 'NONE', ( #457 ), #2108, .T. ) ;
#2644 =( LENGTH_UNIT ( ) NAMED_UNIT ( * ) SI_UNIT ( .MILLI., .METRE. ) );
#2645 = DIRECTION ( 'NONE',  ( -2.438091212180734091E-29, -1.000000000000000000, -3.491483361109382461E-15 ) ) ;
#2646 = LINE ( 'NONE', #1778, #1063 ) ;
#2647 = ORIENTED_EDGE ( 'NONE', *, *, #1875, .T. ) ;
#2648 = ADVANCED_FACE ( 'NONE', ( #2996 ), #2693, .T. ) ;
#2649 = ORIENTED_EDGE ( 'NONE', *, *, #2084, .F. ) ;
#2650 = DIRECTION ( 'NONE',  ( -1.000000000000000000, -5.605193857299268284E-45, 6.982966722218764922E-15 ) ) ;
#2651 = UNCERTAINTY_MEASURE_WITH_UNIT (LENGTH_MEASURE( 1.000000000000000082E-05 ), #1102, 'distance_accuracy_value', 'NONE');
#2652 = SURFACE_SIDE_STYLE ('',( #726 ) ) ;
#2653 = VECTOR ( 'NONE', #357, 1000.000000000000000 ) ;
#2654 = PRESENTATION_STYLE_ASSIGNMENT (( #1045 ) ) ;
#2655 = FILL_AREA_STYLE ('',( #1825 ) ) ;
#2656 = DIRECTION ( 'NONE',  ( 1.000000000000000000, 4.092404157093824782E-31, -7.100177767892871804E-15 ) ) ;
#2657 = ORIENTED_EDGE ( 'NONE', *, *, #1698, .F. ) ;
#2658 = EDGE_CURVE ( 'NONE', #1027, #123, #3294, .T. ) ;
#2659 = VECTOR ( 'NONE', #3255, 1000.000000000000000 ) ;
#2660 = FILL_AREA_STYLE_COLOUR ( '', #2121 ) ;
#2661 = ORIENTED_EDGE ( 'NONE', *, *, #2358, .F. ) ;
#2662 = ADVANCED_FACE ( 'NONE', ( #2675 ), #2923, .F. ) ;
#2663 = DIRECTION ( 'NONE',  ( -2.438091212180734091E-29, -1.000000000000000000, -3.491483361109382461E-15 ) ) ;
#2664 = CARTESIAN_POINT ( 'NONE',  ( 5.350000000000020073, 5.324999999999992184, 2.649999999999975930 ) ) ;
#2665 = CARTESIAN_POINT ( 'NONE',  ( 1.569999999999983409, 4.095000000000010409, -2.530000000000001137 ) ) ;
#2666 = VERTEX_POINT ( 'NONE', #2180 ) ;
#2667 = DIRECTION ( 'NONE',  ( 6.176182239252747266E-15, 0.5000000000000013323, 0.8660254037844378194 ) ) ;
#2668 = ORIENTED_EDGE ( 'NONE', *, *, #1660, .F. ) ;
#2669 = PRESENTATION_LAYER_ASSIGNMENT (  '', '', ( #3069 ) ) ;
#2670 = ADVANCED_FACE ( 'NONE', ( #2943 ), #1630, .F. ) ;
#2671 = DIRECTION ( 'NONE',  ( -2.438091212180734091E-29, -1.000000000000000000, -3.491483361109382461E-15 ) ) ;
#2672 = EDGE_CURVE ( 'NONE', #2903, #552, #489, .T. ) ;
#2673 = SURFACE_STYLE_FILL_AREA ( #2655 ) ;
#2674 = ORIENTED_EDGE ( 'NONE', *, *, #3156, .T. ) ;
#2675 = FACE_OUTER_BOUND ( 'NONE', #439, .T. ) ;
#2676 = LINE ( 'NONE', #2143, #2166 ) ;
#2677 = EDGE_LOOP ( 'NONE', ( #3561, #3014, #2820, #3503 ) ) ;
#2678 = COLOUR_RGB ( '',0.7529411764705882248, 0.7529411764705882248, 0.7529411764705882248 ) ;
#2679 = DIRECTION ( 'NONE',  ( 1.000000000000000000, 0.000000000000000000, -6.982966722218764922E-15 ) ) ;
#2680 = ORIENTED_EDGE ( 'NONE', *, *, #2451, .F. ) ;
#2681 = VECTOR ( 'NONE', #3146, 1000.000000000000000 ) ;
#2682 = DIRECTION ( 'NONE',  ( 0.000000000000000000, -3.627765757092197324E-15, 1.000000000000000000 ) ) ;
#2683 = UNCERTAINTY_MEASURE_WITH_UNIT (LENGTH_MEASURE( 1.000000000000000082E-05 ), #2841, 'distance_accuracy_value', 'NONE');
#2684 = VECTOR ( 'NONE', #199, 1000.000000000000000 ) ;
#2685 = PRESENTATION_STYLE_ASSIGNMENT (( #1061 ) ) ;
#2686 = ADVANCED_FACE ( 'NONE', ( #287 ), #1180, .F. ) ;
#2687 = VECTOR ( 'NONE', #982, 1000.000000000000000 ) ;
#2688 =( LENGTH_UNIT ( ) NAMED_UNIT ( * ) SI_UNIT ( .MILLI., .METRE. ) );
#2689 = DIRECTION ( 'NONE',  ( 1.215927670076957616E-16, -1.000000000000000000, -3.491483361109383250E-15 ) ) ;
#2690 =( LENGTH_UNIT ( ) NAMED_UNIT ( * ) SI_UNIT ( .MILLI., .METRE. ) );
#2691 = COLOUR_RGB ( '',0.7529411764705882248, 0.7529411764705882248, 0.7529411764705882248 ) ;
#2692 = ORIENTED_EDGE ( 'NONE', *, *, #2708, .F. ) ;
#2693 = PLANE ( 'NONE',  #901 ) ;
#2694 = FACE_OUTER_BOUND ( 'NONE', #3395, .T. ) ;
#2695 = VERTEX_POINT ( 'NONE', #2531 ) ;
#2696 = DIRECTION ( 'NONE',  ( -2.438091212180734091E-29, -1.000000000000000000, -3.491483361109382461E-15 ) ) ;
#2697 = DIRECTION ( 'NONE',  ( 6.982966722218764922E-15, 0.000000000000000000, 1.000000000000000000 ) ) ;
#2698 = SURFACE_STYLE_USAGE ( .BOTH. , #1603 ) ;
#2699 = VERTEX_POINT ( 'NONE', #1700 ) ;
#2700 = PLANE ( 'NONE',  #2951 ) ;
#2701 = LINE ( 'NONE', #2760, #2659 ) ;
#2702 = SURFACE_SIDE_STYLE ('',( #1117 ) ) ;
#2703 = EDGE_CURVE ( 'NONE', #1072, #149, #1108, .T. ) ;
#2704 = SURFACE_STYLE_FILL_AREA ( #1139 ) ;
#2705 = LINE ( 'NONE', #3280, #2833 ) ;
#2706 = ORIENTED_EDGE ( 'NONE', *, *, #2276, .T. ) ;
#2707 = MECHANICAL_DESIGN_GEOMETRIC_PRESENTATION_REPRESENTATION (  '', ( #3238 ), #3175 ) ;
#2708 = EDGE_CURVE ( 'NONE', #3331, #3037, #1944, .T. ) ;
#2709 = FILL_AREA_STYLE ('',( #2660 ) ) ;
#2710 = ORIENTED_EDGE ( 'NONE', *, *, #2796, .T. ) ;
#2711 = VECTOR ( 'NONE', #1840, 1000.000000000000000 ) ;
#2712 =( GEOMETRIC_REPRESENTATION_CONTEXT ( 3 ) GLOBAL_UNCERTAINTY_ASSIGNED_CONTEXT ( ( #2683 ) ) GLOBAL_UNIT_ASSIGNED_CONTEXT ( ( #2841, #60, #1172 ) ) REPRESENTATION_CONTEXT ( 'NONE', 'WORKASPACE' ) );
#2713 = ADVANCED_FACE ( 'NONE', ( #2251 ), #2269, .F. ) ;
#2714 = PRESENTATION_STYLE_ASSIGNMENT (( #1578 ) ) ;
#2715 = SURFACE_STYLE_FILL_AREA ( #2163 ) ;
#2716 = CARTESIAN_POINT ( 'NONE',  ( -5.349999999999992539, 5.324999999999996625, 1.050000000000050449 ) ) ;
#2717 = ORIENTED_EDGE ( 'NONE', *, *, #173, .F. ) ;
#2718 =( NAMED_UNIT ( * ) PLANE_ANGLE_UNIT ( ) SI_UNIT ( $, .RADIAN. ) );
#2719 =( NAMED_UNIT ( * ) SI_UNIT ( $, .STERADIAN. ) SOLID_ANGLE_UNIT ( ) );
#2720 = CARTESIAN_POINT ( 'NONE',  ( 3.429999999999973070, 2.855000000000014193, -3.770000000000019114 ) ) ;
#2721 = LINE ( 'NONE', #1404, #2051 ) ;
#2722 = AXIS2_PLACEMENT_3D ( 'NONE', #3099, #1210, #367 ) ;
#2723 = SURFACE_STYLE_USAGE ( .BOTH. , #1624 ) ;
#2724 = MECHANICAL_DESIGN_GEOMETRIC_PRESENTATION_REPRESENTATION (  '', ( #141 ), #85 ) ;
#2725 = CARTESIAN_POINT ( 'NONE',  ( -3.430000000000017035, 4.095000000000010409, -2.529999999999966942 ) ) ;
#2726 = ORIENTED_EDGE ( 'NONE', *, *, #862, .T. ) ;
#2727 = SURFACE_STYLE_FILL_AREA ( #1324 ) ;
#2728 = PLANE ( 'NONE',  #2913 ) ;
#2729 = ORIENTED_EDGE ( 'NONE', *, *, #3509, .F. ) ;
#2730 = ADVANCED_FACE ( 'NONE', ( #590 ), #883, .T. ) ;
#2731 = DIRECTION ( 'NONE',  ( 1.000000000000000000, -2.359090018887270683E-29, -7.969829928453711779E-44 ) ) ;
#2732 = DIRECTION ( 'NONE',  ( 6.982966722218764133E-15, 0.000000000000000000, 1.000000000000000000 ) ) ;
#2733 = VERTEX_POINT ( 'NONE', #2327 ) ;
#2734 = VECTOR ( 'NONE', #758, 1000.000000000000000 ) ;
#2735 = VECTOR ( 'NONE', #1756, 1000.000000000000000 ) ;
#2736 = SURFACE_STYLE_USAGE ( .BOTH. , #257 ) ;
#2737 = CARTESIAN_POINT ( 'NONE',  ( 4.069999999999983409, 2.855000000000010196, -2.530000000000022897 ) ) ;
#2738 = DIRECTION ( 'NONE',  ( 2.438091212180734091E-29, 1.000000000000000000, 3.491483361109382461E-15 ) ) ;
#2739 = STYLED_ITEM ( 'NONE', ( #1318 ), #1980 ) ;
#2740 = MECHANICAL_DESIGN_GEOMETRIC_PRESENTATION_REPRESENTATION (  '', ( #673 ), #3488 ) ;
#2741 = DIRECTION ( 'NONE',  ( 2.467665226597232396E-29, 1.000000000000000000, 3.491483361109382461E-15 ) ) ;
#2742 = FACE_OUTER_BOUND ( 'NONE', #3136, .T. ) ;
#2743 = CARTESIAN_POINT ( 'NONE',  ( 4.250000000000019540, 1.351022143997270497, 2.049999999999969624 ) ) ;
#2744 = CARTESIAN_POINT ( 'NONE',  ( -6.200000000000041034, 6.149999999999980815, -5.749999999999960032 ) ) ;
#2745 =( GEOMETRIC_REPRESENTATION_CONTEXT ( 3 ) GLOBAL_UNCERTAINTY_ASSIGNED_CONTEXT ( ( #2261 ) ) GLOBAL_UNIT_ASSIGNED_CONTEXT ( ( #3330, #1484, #2329 ) ) REPRESENTATION_CONTEXT ( 'NONE', 'WORKASPACE' ) );
#2746 = STYLED_ITEM ( 'NONE', ( #380 ), #2643 ) ;
#2747 = ORIENTED_EDGE ( 'NONE', *, *, #3354, .T. ) ;
#2748 =( GEOMETRIC_REPRESENTATION_CONTEXT ( 3 ) GLOBAL_UNCERTAINTY_ASSIGNED_CONTEXT ( ( #1750 ) ) GLOBAL_UNIT_ASSIGNED_CONTEXT ( ( #304, #2494, #1376 ) ) REPRESENTATION_CONTEXT ( 'NONE', 'WORKASPACE' ) );
#2749 =( NAMED_UNIT ( * ) SI_UNIT ( $, .STERADIAN. ) SOLID_ANGLE_UNIT ( ) );
#2750 = DIRECTION ( 'NONE',  ( -1.000000000000000000, 0.000000000000000000, 6.982966722218764133E-15 ) ) ;
#2751 = VERTEX_POINT ( 'NONE', #1272 ) ;
#2752 = PRODUCT_DEFINITION_SHAPE ( 'NONE', 'NONE',  #1483 ) ;
#2753 = ORIENTED_EDGE ( 'NONE', *, *, #1807, .T. ) ;
#2754 = CIRCLE ( 'NONE', #2182, 1.240000000000000213 ) ;
#2755 = ADVANCED_FACE ( 'NONE', ( #3145 ), #2020, .F. ) ;
#2756 = DIRECTION ( 'NONE',  ( 0.000000000000000000, 3.383063143860832017E-15, -1.000000000000000000 ) ) ;
#2757 = CARTESIAN_POINT ( 'NONE',  ( -4.070000000000021600, -3.399999999999987921, -3.129999999999993676 ) ) ;
#2758 = ORIENTED_EDGE ( 'NONE', *, *, #1348, .F. ) ;
#2759 =( LENGTH_UNIT ( ) NAMED_UNIT ( * ) SI_UNIT ( .MILLI., .METRE. ) );
#2760 = CARTESIAN_POINT ( 'NONE',  ( 5.299999999999988276, 6.150000000000006573, -1.250000000000019984 ) ) ;
#2761 = CARTESIAN_POINT ( 'NONE',  ( -3.430000000000017035, 4.095000000000010409, -2.529999999999966942 ) ) ;
#2762 = LINE ( 'NONE', #3553, #2203 ) ;
#2763 = FILL_AREA_STYLE_COLOUR ( '', #3427 ) ;
#2764 =( NAMED_UNIT ( * ) PLANE_ANGLE_UNIT ( ) SI_UNIT ( $, .RADIAN. ) );
#2765 = LINE ( 'NONE', #1122, #3474 ) ;
#2766 = ORIENTED_EDGE ( 'NONE', *, *, #1270, .F. ) ;
#2767 = SURFACE_STYLE_FILL_AREA ( #3329 ) ;
#2768 = FACE_OUTER_BOUND ( 'NONE', #856, .T. ) ;
#2769 = ORIENTED_EDGE ( 'NONE', *, *, #1174, .T. ) ;
#2770 = EDGE_LOOP ( 'NONE', ( #3063, #1394, #976, #1506 ) ) ;
#2771 = VECTOR ( 'NONE', #2122, 1000.000000000000000 ) ;
#2772 = PRESENTATION_STYLE_ASSIGNMENT (( #913 ) ) ;
#2773 = PLANE ( 'NONE',  #2346 ) ;
#2774 = EDGE_LOOP ( 'NONE', ( #2574, #1249, #93, #1078 ) ) ;
#2775 = AXIS2_PLACEMENT_3D ( 'NONE', #1386, #1621, #3006 ) ;
#2776 =( NAMED_UNIT ( * ) PLANE_ANGLE_UNIT ( ) SI_UNIT ( $, .RADIAN. ) );
#2777 = DIRECTION ( 'NONE',  ( -1.000000000000000000, 0.000000000000000000, 6.982966722218764922E-15 ) ) ;
#2778 = DIRECTION ( 'NONE',  ( 6.982966722218764922E-15, 0.000000000000000000, 1.000000000000000000 ) ) ;
#2779 = LINE ( 'NONE', #2193, #3371 ) ;
#2780 = PLANE ( 'NONE',  #1233 ) ;
#2781 = EDGE_CURVE ( 'NONE', #3246, #3075, #2343, .T. ) ;
#2782 = LINE ( 'NONE', #2429, #1038 ) ;
#2783 = DIRECTION ( 'NONE',  ( 1.000000000000000000, 5.605193857299268284E-45, -6.982966722218764922E-15 ) ) ;
#2784 = FILL_AREA_STYLE_COLOUR ( '', #2233 ) ;
#2785 = ORIENTED_EDGE ( 'NONE', *, *, #3094, .T. ) ;
#2786 = ORIENTED_EDGE ( 'NONE', *, *, #2946, .T. ) ;
#2787 = FILL_AREA_STYLE ('',( #1971 ) ) ;
#2788 = FACE_OUTER_BOUND ( 'NONE', #1529, .T. ) ;
#2789 = DIRECTION ( 'NONE',  ( -2.467665226597232396E-29, -1.000000000000000000, -3.491483361109382461E-15 ) ) ;
#2790 = VECTOR ( 'NONE', #2894, 1000.000000000000000 ) ;
#2791 = ORIENTED_EDGE ( 'NONE', *, *, #1538, .F. ) ;
#2792 = DIRECTION ( 'NONE',  ( -5.605193857299268284E-45, 1.000000000000000000, 3.914088217710582702E-59 ) ) ;
#2793 = PRESENTATION_LAYER_ASSIGNMENT (  '', '', ( #3421 ) ) ;
#2794 = DIRECTION ( 'NONE',  ( 2.467665226597232396E-29, 1.000000000000000000, 3.491483361109382461E-15 ) ) ;
#2795 =( GEOMETRIC_REPRESENTATION_CONTEXT ( 3 ) GLOBAL_UNCERTAINTY_ASSIGNED_CONTEXT ( ( #2339 ) ) GLOBAL_UNIT_ASSIGNED_CONTEXT ( ( #3039, #305, #576 ) ) REPRESENTATION_CONTEXT ( 'NONE', 'WORKASPACE' ) );
#2796 = EDGE_CURVE ( 'NONE', #189, #2150, #2848, .T. ) ;
#2797 = FILL_AREA_STYLE_COLOUR ( '', #3556 ) ;
#2798 = MECHANICAL_DESIGN_GEOMETRIC_PRESENTATION_REPRESENTATION (  '', ( #897 ), #1252 ) ;
#2799 = VECTOR ( 'NONE', #2645, 1000.000000000000000 ) ;
#2800 = CARTESIAN_POINT ( 'NONE',  ( -3.430000000000008153, 6.150000000000006573, -1.249999999999959144 ) ) ;
#2801 = EDGE_CURVE ( 'NONE', #378, #3111, #2524, .T. ) ;
#2802 = FILL_AREA_STYLE_COLOUR ( '', #2061 ) ;
#2803 = DIRECTION ( 'NONE',  ( -1.000000000000000000, 0.000000000000000000, 6.982966722218764133E-15 ) ) ;
#2804 = COLOUR_RGB ( '',0.7529411764705882248, 0.7529411764705882248, 0.7529411764705882248 ) ;
#2805 = VERTEX_POINT ( 'NONE', #658 ) ;
#2806 = VERTEX_POINT ( 'NONE', #2087 ) ;
#2807 = PLANE ( 'NONE',  #1073 ) ;
#2808 = SURFACE_SIDE_STYLE ('',( #329 ) ) ;
#2809 = ORIENTED_EDGE ( 'NONE', *, *, #1963, .F. ) ;
#2810 =( GEOMETRIC_REPRESENTATION_CONTEXT ( 3 ) GLOBAL_UNCERTAINTY_ASSIGNED_CONTEXT ( ( #2434 ) ) GLOBAL_UNIT_ASSIGNED_CONTEXT ( ( #1306, #3222, #797 ) ) REPRESENTATION_CONTEXT ( 'NONE', 'WORKASPACE' ) );
#2811 = ORIENTED_EDGE ( 'NONE', *, *, #2590, .T. ) ;
#2812 = FILL_AREA_STYLE_COLOUR ( '', #2454 ) ;
#2813 = LINE ( 'NONE', #2000, #1444 ) ;
#2814 = DIRECTION ( 'NONE',  ( -1.000000000000000000, 0.000000000000000000, 7.067670016944194956E-15 ) ) ;
#2815 =( NAMED_UNIT ( * ) PLANE_ANGLE_UNIT ( ) SI_UNIT ( $, .RADIAN. ) );
#2816 = ADVANCED_FACE ( 'NONE', ( #3126 ), #3425, .F. ) ;
#2817 = CARTESIAN_POINT ( 'NONE',  ( 4.069999999999974527, 4.095000000000010409, -3.770000000000045315 ) ) ;
#2818 = PLANE ( 'NONE',  #449 ) ;
#2819 = CARTESIAN_POINT ( 'NONE',  ( -6.199999999999961098, -1.908195823574487804E-14, 5.750000000000039968 ) ) ;
#2820 = ORIENTED_EDGE ( 'NONE', *, *, #293, .F. ) ;
#2821 = ORIENTED_EDGE ( 'NONE', *, *, #3313, .T. ) ;
#2822 = EDGE_CURVE ( 'NONE', #935, #662, #791, .T. ) ;
#2823 = CARTESIAN_POINT ( 'NONE',  ( 3.430000000000022808, 3.454999999999981419, 5.549999999999982059 ) ) ;
#2824 = ADVANCED_FACE ( 'NONE', ( #209 ), #502, .F. ) ;
#2825 = VECTOR ( 'NONE', #1833, 1000.000000000000000 ) ;
#2826 = SURFACE_STYLE_USAGE ( .BOTH. , #1439 ) ;
#2827 = VERTEX_POINT ( 'NONE', #2411 ) ;
#2828 =( NAMED_UNIT ( * ) PLANE_ANGLE_UNIT ( ) SI_UNIT ( $, .RADIAN. ) );
#2829 = ORIENTED_EDGE ( 'NONE', *, *, #2127, .T. ) ;
#2830 = DIRECTION ( 'NONE',  ( 0.000000000000000000, 3.491483361109382461E-15, -1.000000000000000000 ) ) ;
#2831 = UNCERTAINTY_MEASURE_WITH_UNIT (LENGTH_MEASURE( 1.000000000000000082E-05 ), #1416, 'distance_accuracy_value', 'NONE');
#2832 = LINE ( 'NONE', #374, #190 ) ;
#2833 = VECTOR ( 'NONE', #3258, 1000.000000000000000 ) ;
#2834 = CARTESIAN_POINT ( 'NONE',  ( 2.499999999999982236, 2.855000000000010196, -2.530000000000011795 ) ) ;
#2835 = LINE ( 'NONE', #348, #610 ) ;
#2836 = CARTESIAN_POINT ( 'NONE',  ( 1.570000000000008056, 1.224999999999998090, 1.049999999999987610 ) ) ;
#2837 = EDGE_LOOP ( 'NONE', ( #652, #2475, #1888, #2344, #1298, #3387, #2613, #3478 ) ) ;
#2838 = ORIENTED_EDGE ( 'NONE', *, *, #1062, .T. ) ;
#2839 = COLOUR_RGB ( '',0.7529411764705882248, 0.7529411764705882248, 0.7529411764705882248 ) ;
#2840 = FILL_AREA_STYLE_COLOUR ( '', #736 ) ;
#2841 =( LENGTH_UNIT ( ) NAMED_UNIT ( * ) SI_UNIT ( .MILLI., .METRE. ) );
#2842 = VERTEX_POINT ( 'NONE', #534 ) ;
#2843 = FACE_OUTER_BOUND ( 'NONE', #2215, .T. ) ;
#2844 = EDGE_CURVE ( 'NONE', #1413, #444, #750, .T. ) ;
#2845 = ORIENTED_EDGE ( 'NONE', *, *, #2369, .T. ) ;
#2846 = LINE ( 'NONE', #863, #3180 ) ;
#2847 = LINE ( 'NONE', #677, #2994 ) ;
#2848 = LINE ( 'NONE', #3446, #2064 ) ;
#2849 = FACE_OUTER_BOUND ( 'NONE', #1260, .T. ) ;
#2850 = ORIENTED_EDGE ( 'NONE', *, *, #2844, .F. ) ;
#2851 = AXIS2_PLACEMENT_3D ( 'NONE', #2580, #3137, #1191 ) ;
#2852 = VECTOR ( 'NONE', #2054, 1000.000000000000000 ) ;
#2853 = CARTESIAN_POINT ( 'NONE',  ( 5.350000000000018296, 5.324999999999994849, 2.649999999999974598 ) ) ;
#2854 = DIRECTION ( 'NONE',  ( 6.982966722218764922E-15, -0.000000000000000000, 1.000000000000000000 ) ) ;
#2855 = ORIENTED_EDGE ( 'NONE', *, *, #2151, .T. ) ;
#2856 =( GEOMETRIC_REPRESENTATION_CONTEXT ( 3 ) GLOBAL_UNCERTAINTY_ASSIGNED_CONTEXT ( ( #498 ) ) GLOBAL_UNIT_ASSIGNED_CONTEXT ( ( #769, #1311, #3504 ) ) REPRESENTATION_CONTEXT ( 'NONE', 'WORKASPACE' ) );
#2857 = ADVANCED_FACE ( 'NONE', ( #1625 ), #3200, .F. ) ;
#2858 =( NAMED_UNIT ( * ) SI_UNIT ( $, .STERADIAN. ) SOLID_ANGLE_UNIT ( ) );
#2859 =( NAMED_UNIT ( * ) PLANE_ANGLE_UNIT ( ) SI_UNIT ( $, .RADIAN. ) );
#2860 = PRESENTATION_STYLE_ASSIGNMENT (( #384 ) ) ;
#2861 = ORIENTED_EDGE ( 'NONE', *, *, #1323, .F. ) ;
#2862 = LINE ( 'NONE', #3368, #2512 ) ;
#2863 = ORIENTED_EDGE ( 'NONE', *, *, #3228, .F. ) ;
#2864 = DIRECTION ( 'NONE',  ( 1.000000000000000000, -0.000000000000000000, -6.982966722218764133E-15 ) ) ;
#2865 = UNCERTAINTY_MEASURE_WITH_UNIT (LENGTH_MEASURE( 1.000000000000000082E-05 ), #684, 'distance_accuracy_value', 'NONE');
#2866 = SURFACE_SIDE_STYLE ('',( #2063 ) ) ;
#2867 = FILL_AREA_STYLE ('',( #2019 ) ) ;
#2868 = FILL_AREA_STYLE ('',( #1519 ) ) ;
#2869 = EDGE_CURVE ( 'NONE', #685, #946, #1014, .T. ) ;
#2870 =( NAMED_UNIT ( * ) PLANE_ANGLE_UNIT ( ) SI_UNIT ( $, .RADIAN. ) );
#2871 = ORIENTED_EDGE ( 'NONE', *, *, #47, .T. ) ;
#2872 = LINE ( 'NONE', #1487, #2294 ) ;
#2873 = FACE_OUTER_BOUND ( 'NONE', #528, .T. ) ;
#2874 = EDGE_CURVE ( 'NONE', #3111, #2391, #2377, .T. ) ;
#2875 = ORIENTED_EDGE ( 'NONE', *, *, #1544, .T. ) ;
#2876 =( NAMED_UNIT ( * ) PLANE_ANGLE_UNIT ( ) SI_UNIT ( $, .RADIAN. ) );
#2877 = DIRECTION ( 'NONE',  ( -5.605193857299268284E-45, 1.000000000000000000, 3.914088217710582702E-59 ) ) ;
#2878 = DIRECTION ( 'NONE',  ( 6.982966722218764922E-15, -0.000000000000000000, 1.000000000000000000 ) ) ;
#2879 = VERTEX_POINT ( 'NONE', #2938 ) ;
#2880 = DIRECTION ( 'NONE',  ( -1.000000000000000000, -5.605193857299268284E-45, 6.982966722218764922E-15 ) ) ;
#2881 = ORIENTED_EDGE ( 'NONE', *, *, #1278, .F. ) ;
#2882 =( LENGTH_UNIT ( ) NAMED_UNIT ( * ) SI_UNIT ( .MILLI., .METRE. ) );
#2883 = FILL_AREA_STYLE_COLOUR ( '', #1530 ) ;
#2884 = STYLED_ITEM ( 'NONE', ( #2081 ), #1200 ) ;
#2885 = LINE ( 'NONE', #428, #1681 ) ;
#2886 = FILL_AREA_STYLE_COLOUR ( '', #282 ) ;
#2887 = VERTEX_POINT ( 'NONE', #1032 ) ;
#2888 = EDGE_CURVE ( 'NONE', #434, #1315, #3241, .T. ) ;
#2889 = ORIENTED_EDGE ( 'NONE', *, *, #2186, .T. ) ;
#2890 = DIRECTION ( 'NONE',  ( -2.283778902562928732E-29, -1.000000000000000000, -3.270499478819342934E-15 ) ) ;
#2891 = VERTEX_POINT ( 'NONE', #2138 ) ;
#2892 =( GEOMETRIC_REPRESENTATION_CONTEXT ( 3 ) GLOBAL_UNCERTAINTY_ASSIGNED_CONTEXT ( ( #1606 ) ) GLOBAL_UNIT_ASSIGNED_CONTEXT ( ( #2759, #2718, #2187 ) ) REPRESENTATION_CONTEXT ( 'NONE', 'WORKASPACE' ) );
#2893 = SURFACE_STYLE_USAGE ( .BOTH. , #1510 ) ;
#2894 = DIRECTION ( 'NONE',  ( -1.000000000000000000, 2.438091212180734091E-29, 8.512554900196038087E-44 ) ) ;
#2895 = ORIENTED_EDGE ( 'NONE', *, *, #161, .T. ) ;
#2896 =( NAMED_UNIT ( * ) SI_UNIT ( $, .STERADIAN. ) SOLID_ANGLE_UNIT ( ) );
#2897 = ORIENTED_EDGE ( 'NONE', *, *, #2822, .T. ) ;
#2898 = FACE_OUTER_BOUND ( 'NONE', #1246, .T. ) ;
#2899 = UNCERTAINTY_MEASURE_WITH_UNIT (LENGTH_MEASURE( 1.000000000000000082E-05 ), #2249, 'distance_accuracy_value', 'NONE');
#2900 = DIRECTION ( 'NONE',  ( 0.000000000000000000, 3.491483361109382461E-15, -1.000000000000000000 ) ) ;
#2901 = EDGE_CURVE ( 'NONE', #3171, #910, #2421, .T. ) ;
#2902 = DIRECTION ( 'NONE',  ( 0.000000000000000000, -3.378349221371764333E-15, 1.000000000000000000 ) ) ;
#2903 = VERTEX_POINT ( 'NONE', #3517 ) ;
#2904 = CARTESIAN_POINT ( 'NONE',  ( -6.199999999999961098, 6.149999999999980815, 5.750000000000060396 ) ) ;
#2905 = FACE_OUTER_BOUND ( 'NONE', #61, .T. ) ;
#2906 = STYLED_ITEM ( 'NONE', ( #2685 ), #3048 ) ;
#2907 = ORIENTED_EDGE ( 'NONE', *, *, #1518, .T. ) ;
#2908 = VECTOR ( 'NONE', #2697, 1000.000000000000000 ) ;
#2909 = PLANE ( 'NONE',  #2936 ) ;
#2910 = FILL_AREA_STYLE ('',( #185 ) ) ;
#2911 = DIRECTION ( 'NONE',  ( 2.283778902562928732E-29, 1.000000000000000000, 3.270499478819342934E-15 ) ) ;
#2912 = ORIENTED_EDGE ( 'NONE', *, *, #1390, .T. ) ;
#2913 = AXIS2_PLACEMENT_3D ( 'NONE', #1266, #2406, #2116 ) ;
#2914 = EDGE_CURVE ( 'NONE', #3193, #1467, #2123, .T. ) ;
#2915 = CIRCLE ( 'NONE', #1712, 1.240000000000000213 ) ;
#2916 = ORIENTED_EDGE ( 'NONE', *, *, #899, .F. ) ;
#2917 = DIRECTION ( 'NONE',  ( 1.000000000000000000, 5.605193857299268284E-45, -6.982966722218764922E-15 ) ) ;
#2918 = DIRECTION ( 'NONE',  ( -6.982966722218764922E-15, 0.000000000000000000, -1.000000000000000000 ) ) ;
#2919 = CARTESIAN_POINT ( 'NONE',  ( 6.199999999999991296, 6.150000000000006573, -1.249999999999939826 ) ) ;
#2920 = PLANE ( 'NONE',  #2388 ) ;
#2921 = ORIENTED_EDGE ( 'NONE', *, *, #2069, .T. ) ;
#2922 = EDGE_CURVE ( 'NONE', #2699, #1231, #2248, .T. ) ;
#2923 = PLANE ( 'NONE',  #3328 ) ;
#2924 = PRESENTATION_STYLE_ASSIGNMENT (( #1830 ) ) ;
#2925 = VERTEX_POINT ( 'NONE', #849 ) ;
#2926 = EDGE_CURVE ( 'NONE', #378, #3557, #574, .T. ) ;
#2927 = LINE ( 'NONE', #2030, #415 ) ;
#2928 = LINE ( 'NONE', #3455, #2283 ) ;
#2929 = EDGE_LOOP ( 'NONE', ( #714, #2405, #1273, #708 ) ) ;
#2930 = ADVANCED_FACE ( 'NONE', ( #1666 ), #24, .T. ) ;
#2931 = VERTEX_POINT ( 'NONE', #45 ) ;
#2932 = PLANE ( 'NONE',  #77 ) ;
#2933 = UNCERTAINTY_MEASURE_WITH_UNIT (LENGTH_MEASURE( 1.000000000000000082E-05 ), #3396, 'distance_accuracy_value', 'NONE');
#2934 = DIRECTION ( 'NONE',  ( 7.047314121155780399E-15, -1.445602896647339508E-15, 1.000000000000000000 ) ) ;
#2935 = MECHANICAL_DESIGN_GEOMETRIC_PRESENTATION_REPRESENTATION (  '', ( #3345 ), #71 ) ;
#2936 = AXIS2_PLACEMENT_3D ( 'NONE', #1550, #2111, #740 ) ;
#2937 = CARTESIAN_POINT ( 'NONE',  ( 5.300000000000020250, 5.421010862427522170E-17, 5.749999999999959144 ) ) ;
#2938 = CARTESIAN_POINT ( 'NONE',  ( 6.199999999999991296, 6.150000000000006573, -1.250000000000005551 ) ) ;
#2939 = FILL_AREA_STYLE_COLOUR ( '', #2839 ) ;
#2940 = VECTOR ( 'NONE', #2830, 1000.000000000000000 ) ;
#2941 = VERTEX_POINT ( 'NONE', #300 ) ;
#2942 =( GEOMETRIC_REPRESENTATION_CONTEXT ( 3 ) GLOBAL_UNCERTAINTY_ASSIGNED_CONTEXT ( ( #1535 ) ) GLOBAL_UNIT_ASSIGNED_CONTEXT ( ( #3117, #2541, #3384 ) ) REPRESENTATION_CONTEXT ( 'NONE', 'WORKASPACE' ) );
#2943 = FACE_OUTER_BOUND ( 'NONE', #1837, .T. ) ;
#2944 = EDGE_LOOP ( 'NONE', ( #2354, #2961, #3023, #2126 ) ) ;
#2945 = DIRECTION ( 'NONE',  ( 1.000000000000000000, 8.470329472540465477E-17, 3.072837121177111367E-31 ) ) ;
#2946 = EDGE_CURVE ( 'NONE', #1688, #1412, #2754, .T. ) ;
#2947 = SURFACE_STYLE_FILL_AREA ( #840 ) ;
#2948 = AXIS2_PLACEMENT_3D ( 'NONE', #3167, #1221, #2902 ) ;
#2949 = ORIENTED_EDGE ( 'NONE', *, *, #649, .T. ) ;
#2950 = PRESENTATION_STYLE_ASSIGNMENT (( #480 ) ) ;
#2951 = AXIS2_PLACEMENT_3D ( 'NONE', #1097, #762, #2432 ) ;
#2952 = PRESENTATION_STYLE_ASSIGNMENT (( #1334 ) ) ;
#2953 = SURFACE_SIDE_STYLE ('',( #1856 ) ) ;
#2954 =( LENGTH_UNIT ( ) NAMED_UNIT ( * ) SI_UNIT ( .MILLI., .METRE. ) );
#2955 = CARTESIAN_POINT ( 'NONE',  ( 3.429999999999989946, 4.095000000000005969, -1.250000000000015543 ) ) ;
#2956 =( NAMED_UNIT ( * ) SI_UNIT ( $, .STERADIAN. ) SOLID_ANGLE_UNIT ( ) );
#2957 = DIRECTION ( 'NONE',  ( -1.000000000000000000, 0.000000000000000000, 6.982966722218764922E-15 ) ) ;
#2958 = EDGE_LOOP ( 'NONE', ( #1864, #521, #1228, #1048 ) ) ;
#2959 = COLOUR_RGB ( '',0.7529411764705882248, 0.7529411764705882248, 0.7529411764705882248 ) ;
#2960 =( NAMED_UNIT ( * ) SI_UNIT ( $, .STERADIAN. ) SOLID_ANGLE_UNIT ( ) );
#2961 = ORIENTED_EDGE ( 'NONE', *, *, #1643, .F. ) ;
#2962 = VECTOR ( 'NONE', #3472, 1000.000000000000000 ) ;
#2963 = CARTESIAN_POINT ( 'NONE',  ( 4.250000000000043521, 6.149999999999984368, 5.749999999999984013 ) ) ;
#2964 = CIRCLE ( 'NONE', #3423, 0.5999999999999998668 ) ;
#2965 = LINE ( 'NONE', #789, #3080 ) ;
#2966 = EDGE_LOOP ( 'NONE', ( #2845, #2829, #1577, #1457 ) ) ;
#2967 = PRESENTATION_LAYER_ASSIGNMENT (  '', '', ( #957 ) ) ;
#2968 = VECTOR ( 'NONE', #1662, 1000.000000000000000 ) ;
#2969 = ADVANCED_FACE ( 'NONE', ( #866 ), #1087, .F. ) ;
#2970 = CARTESIAN_POINT ( 'NONE',  ( -4.249999999999990230, 1.351022143997270497, 2.050000000000030465 ) ) ;
#2971 = FACE_OUTER_BOUND ( 'NONE', #379, .T. ) ;
#2972 = UNCERTAINTY_MEASURE_WITH_UNIT (LENGTH_MEASURE( 1.000000000000000082E-05 ), #450, 'distance_accuracy_value', 'NONE');
#2973 = CARTESIAN_POINT ( 'NONE',  ( -0.9300000000000170353, 4.095000000000010409, -2.529999999999984261 ) ) ;
#2974 = VECTOR ( 'NONE', #1922, 1000.000000000000000 ) ;
#2975 = DIRECTION ( 'NONE',  ( 1.000000000000000000, -0.000000000000000000, -6.982966722218764133E-15 ) ) ;
#2976 = ADVANCED_FACE ( 'NONE', ( #1355 ), #2456, .F. ) ;
#2977 = MECHANICAL_DESIGN_GEOMETRIC_PRESENTATION_REPRESENTATION (  '', ( #3546 ), #616 ) ;
#2978 = LINE ( 'NONE', #2412, #1453 ) ;
#2979 = ORIENTED_EDGE ( 'NONE', *, *, #1003, .F. ) ;
#2980 = ADVANCED_FACE ( 'NONE', ( #1217, #2548, #3141, #406, #3105 ), #1443, .F. ) ;
#2981 = ADVANCED_FACE ( 'NONE', ( #692 ), #923, .T. ) ;
#2982 = SURFACE_STYLE_FILL_AREA ( #1070 ) ;
#2983 = ORIENTED_EDGE ( 'NONE', *, *, #2874, .T. ) ;
#2984 = LINE ( 'NONE', #233, #1616 ) ;
#2985 = CARTESIAN_POINT ( 'NONE',  ( -1.570000000000021600, -3.399999999999987921, -3.130000000000010996 ) ) ;
#2986 = DIRECTION ( 'NONE',  ( -1.000000000000000000, 0.000000000000000000, 7.067670016944194956E-15 ) ) ;
#2987 = ORIENTED_EDGE ( 'NONE', *, *, #1518, .F. ) ;
#2988 = CARTESIAN_POINT ( 'NONE',  ( -4.069999999999992291, 3.454999999999981419, 5.550000000000030909 ) ) ;
#2989 = CARTESIAN_POINT ( 'NONE',  ( 1.569999999999974749, -3.399999999999987477, -3.770000000000027995 ) ) ;
#2990 = DIRECTION ( 'NONE',  ( 1.000000000000000000, 8.470329472540465477E-17, 3.072837121177111367E-31 ) ) ;
#2991 = CARTESIAN_POINT ( 'NONE',  ( 5.299999999999990052, 5.150000000000001243, -1.250000000000032863 ) ) ;
#2992 = SURFACE_STYLE_FILL_AREA ( #3277 ) ;
#2993 = ADVANCED_FACE ( 'NONE', ( #3406 ), #1232, .T. ) ;
#2994 = VECTOR ( 'NONE', #1460, 1000.000000000000000 ) ;
#2995 = ADVANCED_FACE ( 'NONE', ( #3444 ), #978, .F. ) ;
#2996 = FACE_OUTER_BOUND ( 'NONE', #255, .T. ) ;
#2997 = SURFACE_STYLE_FILL_AREA ( #1649 ) ;
#2998 = ORIENTED_EDGE ( 'NONE', *, *, #2471, .F. ) ;
#2999 = COLOUR_RGB ( '',0.7529411764705882248, 0.7529411764705882248, 0.7529411764705882248 ) ;
#3000 = MECHANICAL_DESIGN_GEOMETRIC_PRESENTATION_REPRESENTATION (  '', ( #131 ), #2599 ) ;
#3001 = FILL_AREA_STYLE ('',( #1904 ) ) ;
#3002 = CARTESIAN_POINT ( 'NONE',  ( -5.349999999999975664, 1.224999999999996980, 1.050000000000039346 ) ) ;
#3003 =( NAMED_UNIT ( * ) PLANE_ANGLE_UNIT ( ) SI_UNIT ( $, .RADIAN. ) );
#3004 = ORIENTED_EDGE ( 'NONE', *, *, #749, .F. ) ;
#3005 = VECTOR ( 'NONE', #1897, 1000.000000000000000 ) ;
#3006 = DIRECTION ( 'NONE',  ( 1.000000000000000000, 0.000000000000000000, -7.067670016944194956E-15 ) ) ;
#3007 = UNCERTAINTY_MEASURE_WITH_UNIT (LENGTH_MEASURE( 1.000000000000000082E-05 ), #2280, 'distance_accuracy_value', 'NONE');
#3008 = FILL_AREA_STYLE_COLOUR ( '', #3149 ) ;
#3009 = DIRECTION ( 'NONE',  ( 1.000000000000000000, 0.000000000000000000, -6.982966722218764922E-15 ) ) ;
#3010 = MECHANICAL_DESIGN_GEOMETRIC_PRESENTATION_REPRESENTATION (  '', ( #3525 ), #2211 ) ;
#3011 = LINE ( 'NONE', #2509, #2379 ) ;
#3012 = DIRECTION ( 'NONE',  ( -1.000000000000000000, 0.000000000000000000, 6.982966722218764922E-15 ) ) ;
#3013 = DIRECTION ( 'NONE',  ( -5.605193857299268284E-45, 1.000000000000000000, 3.914088217710582702E-59 ) ) ;
#3014 = ORIENTED_EDGE ( 'NONE', *, *, #3020, .T. ) ;
#3015 = ADVANCED_FACE ( 'NONE', ( #2002 ), #102, .F. ) ;
#3016 =( NAMED_UNIT ( * ) SI_UNIT ( $, .STERADIAN. ) SOLID_ANGLE_UNIT ( ) );
#3017 = CARTESIAN_POINT ( 'NONE',  ( 3.429999999999982396, 2.855000000000010196, -2.530000000000018456 ) ) ;
#3018 = ORIENTED_EDGE ( 'NONE', *, *, #2212, .F. ) ;
#3019 = EDGE_LOOP ( 'NONE', ( #971, #634, #819, #1797 ) ) ;
#3020 = EDGE_CURVE ( 'NONE', #3154, #1938, #1822, .T. ) ;
#3021 = CARTESIAN_POINT ( 'NONE',  ( 0.9299999999999739586, 2.855000000000013749, -3.770000000000001350 ) ) ;
#3022 = FACE_OUTER_BOUND ( 'NONE', #3057, .T. ) ;
#3023 = ORIENTED_EDGE ( 'NONE', *, *, #2606, .T. ) ;
#3024 = STYLED_ITEM ( 'NONE', ( #3336 ), #1304 ) ;
#3025 = COLOUR_RGB ( '',0.7529411764705882248, 0.7529411764705882248, 0.7529411764705882248 ) ;
#3026 =( LENGTH_UNIT ( ) NAMED_UNIT ( * ) SI_UNIT ( .MILLI., .METRE. ) );
#3027 = DIRECTION ( 'NONE',  ( -1.000000000000000000, 0.000000000000000000, 6.982966722218764133E-15 ) ) ;
#3028 = CARTESIAN_POINT ( 'NONE',  ( -5.300000000000040679, 9.776108687766645293E-15, -5.749999999999963585 ) ) ;
#3029 = DIRECTION ( 'NONE',  ( -2.359090018887270683E-29, -1.000000000000000000, -3.378349221371764333E-15 ) ) ;
#3030 = AXIS2_PLACEMENT_3D ( 'NONE', #960, #2362, #2016 ) ;
#3031 = VECTOR ( 'NONE', #3127, 1000.000000000000000 ) ;
#3032 = VECTOR ( 'NONE', #3009, 1000.000000000000000 ) ;
#3033 = LINE ( 'NONE', #1372, #589 ) ;
#3034 = DIRECTION ( 'NONE',  ( -7.067670016944194956E-15, 3.491483361109382461E-15, -1.000000000000000000 ) ) ;
#3035 = SURFACE_SIDE_STYLE ('',( #3356 ) ) ;
#3036 = AXIS2_PLACEMENT_3D ( 'NONE', #3343, #2287, #869 ) ;
#3037 = VERTEX_POINT ( 'NONE', #1010 ) ;
#3038 = AXIS2_PLACEMENT_3D ( 'NONE', #87, #2515, #347 ) ;
#3039 =( LENGTH_UNIT ( ) NAMED_UNIT ( * ) SI_UNIT ( .MILLI., .METRE. ) );
#3040 = CARTESIAN_POINT ( 'NONE',  ( -4.070000000000026041, 2.855000000000014193, -3.769999999999966267 ) ) ;
#3041 = ORIENTED_EDGE ( 'NONE', *, *, #2869, .T. ) ;
#3042 = CARTESIAN_POINT ( 'NONE',  ( -3.430000000000025917, 2.855000000000013749, -3.769999999999970708 ) ) ;
#3043 =( LENGTH_UNIT ( ) NAMED_UNIT ( * ) SI_UNIT ( .MILLI., .METRE. ) );
#3044 = VERTEX_POINT ( 'NONE', #470 ) ;
#3045 = CARTESIAN_POINT ( 'NONE',  ( -3.430000000000021032, -3.399999999999987921, -3.129999999999993676 ) ) ;
#3046 = FILL_AREA_STYLE_COLOUR ( '', #1393 ) ;
#3047 = LINE ( 'NONE', #1663, #1192 ) ;
#3048 = ADVANCED_FACE ( 'NONE', ( #3499 ), #778, .F. ) ;
#3049 = DIRECTION ( 'NONE',  ( 1.000000000000000000, 5.605193857299268284E-45, -6.982966722218764922E-15 ) ) ;
#3050 =( LENGTH_UNIT ( ) NAMED_UNIT ( * ) SI_UNIT ( .MILLI., .METRE. ) );
#3051 = SURFACE_STYLE_USAGE ( .BOTH. , #828 ) ;
#3052 = SURFACE_SIDE_STYLE ('',( #3308 ) ) ;
#3053 = SURFACE_STYLE_USAGE ( .BOTH. , #50 ) ;
#3054 =( LENGTH_UNIT ( ) NAMED_UNIT ( * ) SI_UNIT ( .MILLI., .METRE. ) );
#3055 = ORIENTED_EDGE ( 'NONE', *, *, #618, .T. ) ;
#3056 = VECTOR ( 'NONE', #218, 1000.000000000000000 ) ;
#3057 = EDGE_LOOP ( 'NONE', ( #1006, #2365, #1995, #2049, #3129, #1401 ) ) ;
#3058 = LINE ( 'NONE', #32, #898 ) ;
#3059 = CARTESIAN_POINT ( 'NONE',  ( 5.299999999999959854, 2.551923788646675018, -5.750000000000032863 ) ) ;
#3060 = AXIS2_PLACEMENT_3D ( 'NONE', #3081, #2296, #368 ) ;
#3061 = EDGE_CURVE ( 'NONE', #273, #946, #1586, .T. ) ;
#3062 = SURFACE_STYLE_FILL_AREA ( #1957 ) ;
#3063 = ORIENTED_EDGE ( 'NONE', *, *, #2029, .F. ) ;
#3064 = DIRECTION ( 'NONE',  ( 6.994852725712930636E-15, -1.748713181428232659E-15, 1.000000000000000000 ) ) ;
#3065 = EDGE_CURVE ( 'NONE', #2827, #1072, #766, .T. ) ;
#3066 = CARTESIAN_POINT ( 'NONE',  ( 3.429999999999981952, 4.095000000000010409, -2.530000000000014015 ) ) ;
#3067 = CARTESIAN_POINT ( 'NONE',  ( -0.9300000000000212541, 2.855000000000011973, -3.129999999999988347 ) ) ;
#3068 =( NAMED_UNIT ( * ) PLANE_ANGLE_UNIT ( ) SI_UNIT ( $, .RADIAN. ) );
#3069 = STYLED_ITEM ( 'NONE', ( #566 ), #326 ) ;
#3070 = VECTOR ( 'NONE', #1188, 1000.000000000000000 ) ;
#3071 = CARTESIAN_POINT ( 'NONE',  ( 1.570000000000039364, 3.454999999999981419, 5.549999999999996270 ) ) ;
#3072 = SURFACE_SIDE_STYLE ('',( #868 ) ) ;
#3073 = CARTESIAN_POINT ( 'NONE',  ( -1.569999999999960982, 4.094999999999981100, 5.550000000000019362 ) ) ;
#3074 = SURFACE_STYLE_USAGE ( .BOTH. , #2253 ) ;
#3075 = VERTEX_POINT ( 'NONE', #2955 ) ;
#3076 = ORIENTED_EDGE ( 'NONE', *, *, #1434, .T. ) ;
#3077 = CARTESIAN_POINT ( 'NONE',  ( -4.249999999999991118, 1.351022143997257841, 2.050000000000046896 ) ) ;
#3078 = EDGE_CURVE ( 'NONE', #2318, #3285, #995, .T. ) ;
#3079 = SURFACE_STYLE_FILL_AREA ( #1730 ) ;
#3080 = VECTOR ( 'NONE', #494, 1000.000000000000000 ) ;
#3081 = CARTESIAN_POINT ( 'NONE',  ( -4.070000000000017160, 4.095000000000010409, -2.529999999999961613 ) ) ;
#3082 = EDGE_LOOP ( 'NONE', ( #2301, #3439, #401, #3118, #2255, #1367, #2578, #3537, #1205, #1509, #3076, #3364, #201, #13, #1555, #1789 ) ) ;
#3083 = EDGE_CURVE ( 'NONE', #1842, #705, #2629, .T. ) ;
#3084 = MECHANICAL_DESIGN_GEOMETRIC_PRESENTATION_REPRESENTATION (  '', ( #3421 ), #270 ) ;
#3085 = AXIS2_PLACEMENT_3D ( 'NONE', #2083, #3178, #903 ) ;
#3086 = AXIS2_PLACEMENT_3D ( 'NONE', #298, #2225, #651 ) ;
#3087 =( NAMED_UNIT ( * ) SI_UNIT ( $, .STERADIAN. ) SOLID_ANGLE_UNIT ( ) );
#3088 = MANIFOLD_SOLID_BREP ( 'NONE', #3353 ) ;
#3089 = AXIS2_PLACEMENT_3D ( 'NONE', #2245, #600, #3064 ) ;
#3090 = VECTOR ( 'NONE', #1684, 1000.000000000000000 ) ;
#3091 = DIRECTION ( 'NONE',  ( 1.000000000000000000, 8.470329472540465477E-17, 3.072837121177111367E-31 ) ) ;
#3092 = MECHANICAL_DESIGN_GEOMETRIC_PRESENTATION_REPRESENTATION (  '', ( #1711 ), #41 ) ;
#3093 = EDGE_LOOP ( 'NONE', ( #1885, #2526, #1754, #1190 ) ) ;
#3094 = EDGE_CURVE ( 'NONE', #2633, #2615, #2206, .T. ) ;
#3095 = PRESENTATION_LAYER_ASSIGNMENT (  '', '', ( #1079 ) ) ;
#3096 = DIRECTION ( 'NONE',  ( -2.438091212180734091E-29, -1.000000000000000000, -3.491483361109382461E-15 ) ) ;
#3097 =( NAMED_UNIT ( * ) PLANE_ANGLE_UNIT ( ) SI_UNIT ( $, .RADIAN. ) );
#3098 = VECTOR ( 'NONE', #1695, 1000.000000000000000 ) ;
#3099 = CARTESIAN_POINT ( 'NONE',  ( -0.9300000000000171463, 2.855000000000010196, -2.529999999999987814 ) ) ;
#3100 = DIRECTION ( 'NONE',  ( -5.605193857299268284E-45, 1.000000000000000000, 3.914088217710582702E-59 ) ) ;
#3101 = ORIENTED_EDGE ( 'NONE', *, *, #1052, .T. ) ;
#3102 = SURFACE_SIDE_STYLE ('',( #880 ) ) ;
#3103 = ORIENTED_EDGE ( 'NONE', *, *, #1270, .T. ) ;
#3104 = LINE ( 'NONE', #2014, #3515 ) ;
#3105 = FACE_BOUND ( 'NONE', #1851, .T. ) ;
#3106 = ADVANCED_FACE ( 'NONE', ( #1302 ), #571, .T. ) ;
#3107 = LINE ( 'NONE', #86, #1329 ) ;
#3108 = FILL_AREA_STYLE_COLOUR ( '', #505 ) ;
#3109 = CARTESIAN_POINT ( 'NONE',  ( 4.070000000000039364, 4.094999999999997087, 1.049999999999984945 ) ) ;
#3110 = VERTEX_POINT ( 'NONE', #2222 ) ;
#3111 = VERTEX_POINT ( 'NONE', #3303 ) ;
#3112 = EDGE_CURVE ( 'NONE', #386, #2482, #62, .T. ) ;
#3113 = PLANE ( 'NONE',  #3218 ) ;
#3114 = ORIENTED_EDGE ( 'NONE', *, *, #2069, .F. ) ;
#3115 = VECTOR ( 'NONE', #126, 1000.000000000000000 ) ;
#3116 = CARTESIAN_POINT ( 'NONE',  ( -6.199999999999961098, 0.3999999999999810929, 5.750000000000040856 ) ) ;
#3117 =( LENGTH_UNIT ( ) NAMED_UNIT ( * ) SI_UNIT ( .MILLI., .METRE. ) );
#3118 = ORIENTED_EDGE ( 'NONE', *, *, #3078, .F. ) ;
#3119 = DIRECTION ( 'NONE',  ( -1.000000000000000000, 0.000000000000000000, 6.982966722218764922E-15 ) ) ;
#3120 = EDGE_LOOP ( 'NONE', ( #3477, #1846, #870, #2117 ) ) ;
#3121 = AXIS2_PLACEMENT_3D ( 'NONE', #567, #3027, #1661 ) ;
#3122 = CARTESIAN_POINT ( 'NONE',  ( -1.570000000000017604, 2.855000000000010196, -2.529999999999983373 ) ) ;
#3123 = UNCERTAINTY_MEASURE_WITH_UNIT (LENGTH_MEASURE( 1.000000000000000082E-05 ), #2103, 'distance_accuracy_value', 'NONE');
#3124 =( NAMED_UNIT ( * ) PLANE_ANGLE_UNIT ( ) SI_UNIT ( $, .RADIAN. ) );
#3125 = SURFACE_STYLE_USAGE ( .BOTH. , #2530 ) ;
#3126 = FACE_OUTER_BOUND ( 'NONE', #1398, .T. ) ;
#3127 = DIRECTION ( 'NONE',  ( 0.000000000000000000, -3.383063143860832017E-15, 1.000000000000000000 ) ) ;
#3128 = PLANE ( 'NONE',  #2948 ) ;
#3129 = ORIENTED_EDGE ( 'NONE', *, *, #3176, .T. ) ;
#3130 = EDGE_CURVE ( 'NONE', #2159, #2368, #1100, .T. ) ;
#3131 = DIRECTION ( 'NONE',  ( 0.000000000000000000, 3.627765757092197324E-15, -1.000000000000000000 ) ) ;
#3132 = ORIENTED_EDGE ( 'NONE', *, *, #911, .T. ) ;
#3133 = EDGE_CURVE ( 'NONE', #852, #612, #21, .T. ) ;
#3134 = DIRECTION ( 'NONE',  ( -1.000000000000000000, -0.000000000000000000, 6.982966722218764922E-15 ) ) ;
#3135 = LINE ( 'NONE', #1795, #2799 ) ;
#3136 = EDGE_LOOP ( 'NONE', ( #2987, #2661, #1779, #1799 ) ) ;
#3137 = DIRECTION ( 'NONE',  ( -1.000000000000000000, -5.605193857299268284E-45, 6.982966722218764922E-15 ) ) ;
#3138 = ORIENTED_EDGE ( 'NONE', *, *, #54, .T. ) ;
#3139 = EDGE_CURVE ( 'NONE', #594, #989, #2507, .T. ) ;
#3140 = CARTESIAN_POINT ( 'NONE',  ( 5.300000000000013145, 0.3999999999999991340, -1.250000000000040190 ) ) ;
#3141 = FACE_BOUND ( 'NONE', #3019, .T. ) ;
#3142 = AXIS2_PLACEMENT_3D ( 'NONE', #2275, #874, #112 ) ;
#3143 = COLOUR_RGB ( '',0.7529411764705882248, 0.7529411764705882248, 0.7529411764705882248 ) ;
#3144 = DIRECTION ( 'NONE',  ( 0.000000000000000000, 3.383063143860832017E-15, -1.000000000000000000 ) ) ;
#3145 = FACE_OUTER_BOUND ( 'NONE', #2060, .T. ) ;
#3146 = DIRECTION ( 'NONE',  ( 5.605193857299268284E-45, -1.000000000000000000, -3.914088217710582702E-59 ) ) ;
#3147 = DIRECTION ( 'NONE',  ( 0.000000000000000000, -3.383063143860832017E-15, 1.000000000000000000 ) ) ;
#3148 =( GEOMETRIC_REPRESENTATION_CONTEXT ( 3 ) GLOBAL_UNCERTAINTY_ASSIGNED_CONTEXT ( ( #666 ) ) GLOBAL_UNIT_ASSIGNED_CONTEXT ( ( #748, #1030, #2137 ) ) REPRESENTATION_CONTEXT ( 'NONE', 'WORKASPACE' ) );
#3149 = COLOUR_RGB ( '',0.7529411764705882248, 0.7529411764705882248, 0.7529411764705882248 ) ;
#3150 = ORIENTED_EDGE ( 'NONE', *, *, #3434, .T. ) ;
#3151 = VECTOR ( 'NONE', #577, 1000.000000000000000 ) ;
#3152 = DIRECTION ( 'NONE',  ( 7.451810904915197971E-15, 0.000000000000000000, 1.000000000000000000 ) ) ;
#3153 = DIRECTION ( 'NONE',  ( 1.000000000000000000, 5.605193857299268284E-45, -6.982966722218764922E-15 ) ) ;
#3154 = VERTEX_POINT ( 'NONE', #809 ) ;
#3155 = VECTOR ( 'NONE', #231, 1000.000000000000000 ) ;
#3156 = EDGE_CURVE ( 'NONE', #145, #1193, #3047, .T. ) ;
#3157 = CARTESIAN_POINT ( 'NONE',  ( -1.569999999999984741, 4.094999999999997087, 1.050000000000018474 ) ) ;
#3158 = LINE ( 'NONE', #3491, #3419 ) ;
#3159 = ORIENTED_EDGE ( 'NONE', *, *, #800, .T. ) ;
#3160 = STYLED_ITEM ( 'NONE', ( #1723 ), #2730 ) ;
#3161 = ORIENTED_EDGE ( 'NONE', *, *, #1278, .T. ) ;
#3162 = EDGE_CURVE ( 'NONE', #3044, #2297, #316, .T. ) ;
#3163 = UNCERTAINTY_MEASURE_WITH_UNIT (LENGTH_MEASURE( 1.000000000000000082E-05 ), #499, 'distance_accuracy_value', 'NONE');
#3164 = LINE ( 'NONE', #694, #2480 ) ;
#3165 = CARTESIAN_POINT ( 'NONE',  ( 3.429999999999991278, 4.095000000000010409, -1.250000000000016209 ) ) ;
#3166 = PLANE ( 'NONE',  #2453 ) ;
#3167 = CARTESIAN_POINT ( 'NONE',  ( 5.300000000000039790, -1.929879867024197893E-14, 5.749999999999959144 ) ) ;
#3168 = ORIENTED_EDGE ( 'NONE', *, *, #1728, .T. ) ;
#3169 = CARTESIAN_POINT ( 'NONE',  ( -0.9299999999999920552, 4.094999999999992646, 1.050000000000017586 ) ) ;
#3170 = CARTESIAN_POINT ( 'NONE',  ( 1.569999999999992513, 6.150000000000006573, -1.249999999999994005 ) ) ;
#3171 = VERTEX_POINT ( 'NONE', #826 ) ;
#3172 = CARTESIAN_POINT ( 'NONE',  ( -6.199999999999981526, 4.324999999999992184, 2.650000000000053646 ) ) ;
#3173 = ORIENTED_EDGE ( 'NONE', *, *, #1828, .F. ) ;
#3174 = ORIENTED_EDGE ( 'NONE', *, *, #2628, .T. ) ;
#3175 =( GEOMETRIC_REPRESENTATION_CONTEXT ( 3 ) GLOBAL_UNCERTAINTY_ASSIGNED_CONTEXT ( ( #1573 ) ) GLOBAL_UNIT_ASSIGNED_CONTEXT ( ( #1430, #1482, #962 ) ) REPRESENTATION_CONTEXT ( 'NONE', 'WORKASPACE' ) );
#3176 = EDGE_CURVE ( 'NONE', #1655, #2891, #2470, .T. ) ;
#3177 = PLANE ( 'NONE',  #308 ) ;
#3178 = DIRECTION ( 'NONE',  ( -2.438091212180734091E-29, -1.000000000000000000, -3.491483361109382461E-15 ) ) ;
#3179 = EDGE_CURVE ( 'NONE', #2380, #3351, #280, .T. ) ;
#3180 = VECTOR ( 'NONE', #1719, 1000.000000000000000 ) ;
#3181 = SURFACE_STYLE_USAGE ( .BOTH. , #2376 ) ;
#3182 = SURFACE_STYLE_USAGE ( .BOTH. , #392 ) ;
#3183 = DIRECTION ( 'NONE',  ( -3.491483361109393899E-15, 0.8660254037844379305, -0.5000000000000013323 ) ) ;
#3184 = EDGE_LOOP ( 'NONE', ( #170, #2895, #325, #2099 ) ) ;
#3185 = STYLED_ITEM ( 'NONE', ( #2067 ), #27 ) ;
#3186 = DIRECTION ( 'NONE',  ( 6.994852725712930636E-15, 0.000000000000000000, 1.000000000000000000 ) ) ;
#3187 = SURFACE_STYLE_USAGE ( .BOTH. , #699 ) ;
#3188 = ORIENTED_EDGE ( 'NONE', *, *, #693, .F. ) ;
#3189 = COLOUR_RGB ( '',0.7529411764705882248, 0.7529411764705882248, 0.7529411764705882248 ) ;
#3190 = DIRECTION ( 'NONE',  ( 0.000000000000000000, -3.627765757092197324E-15, 1.000000000000000000 ) ) ;
#3191 = CARTESIAN_POINT ( 'NONE',  ( 0.9299999999999829514, 2.855000000000010196, -2.530000000000001137 ) ) ;
#3192 = DIRECTION ( 'NONE',  ( -5.605193857299268284E-45, 1.000000000000000000, 3.914088217710582702E-59 ) ) ;
#3193 = VERTEX_POINT ( 'NONE', #2991 ) ;
#3194 = SURFACE_STYLE_USAGE ( .BOTH. , #2390 ) ;
#3195 = EDGE_LOOP ( 'NONE', ( #930, #770, #3227, #3103, #2337, #330 ) ) ;
#3196 = LINE ( 'NONE', #1116, #2091 ) ;
#3197 = EDGE_CURVE ( 'NONE', #1814, #2568, #1118, .T. ) ;
#3198 = FILL_AREA_STYLE ('',( #193 ) ) ;
#3199 = VECTOR ( 'NONE', #2911, 1000.000000000000000 ) ;
#3200 = PLANE ( 'NONE',  #465 ) ;
#3201 = DIRECTION ( 'NONE',  ( -5.605193857299268284E-45, 1.000000000000000000, 3.914088217710582702E-59 ) ) ;
#3202 = ORIENTED_EDGE ( 'NONE', *, *, #892, .F. ) ;
#3203 = STYLED_ITEM ( 'NONE', ( #1631 ), #1794 ) ;
#3204 = EDGE_CURVE ( 'NONE', #1412, #556, #3338, .T. ) ;
#3205 = DIRECTION ( 'NONE',  ( 2.438091212180734091E-29, 1.000000000000000000, 3.491483361109382461E-15 ) ) ;
#3206 = SURFACE_SIDE_STYLE ('',( #2591 ) ) ;
#3207 = AXIS2_PLACEMENT_3D ( 'NONE', #2743, #812, #3012 ) ;
#3208 = EDGE_LOOP ( 'NONE', ( #660, #3188, #2035, #1433 ) ) ;
#3209 = CIRCLE ( 'NONE', #1757, 1.240000000000000213 ) ;
#3210 = VECTOR ( 'NONE', #1960, 1000.000000000000000 ) ;
#3211 = AXIS2_PLACEMENT_3D ( 'NONE', #3191, #720, #462 ) ;
#3212 = DIRECTION ( 'NONE',  ( -1.000000000000000000, 2.325796542701351483E-29, 7.746463320281729375E-44 ) ) ;
#3213 = LINE ( 'NONE', #741, #1939 ) ;
#3214 = LINE ( 'NONE', #200, #1352 ) ;
#3215 = ORIENTED_EDGE ( 'NONE', *, *, #2300, .F. ) ;
#3216 = SURFACE_SIDE_STYLE ('',( #1852 ) ) ;
#3217 = AXIS2_PLACEMENT_3D ( 'NONE', #107, #679, #1204 ) ;
#3218 = AXIS2_PLACEMENT_3D ( 'NONE', #3042, #92, #2522 ) ;
#3219 = ORIENTED_EDGE ( 'NONE', *, *, #3083, .F. ) ;
#3220 = DIRECTION ( 'NONE',  ( -6.982966722218764922E-15, 0.000000000000000000, -1.000000000000000000 ) ) ;
#3221 = CARTESIAN_POINT ( 'NONE',  ( -1.570000000000008500, 4.095000000000010409, -1.249999999999981348 ) ) ;
#3222 =( NAMED_UNIT ( * ) PLANE_ANGLE_UNIT ( ) SI_UNIT ( $, .RADIAN. ) );
#3223 = DIRECTION ( 'NONE',  ( -7.100177767892871804E-15, 0.000000000000000000, -1.000000000000000000 ) ) ;
#3224 = ORIENTED_EDGE ( 'NONE', *, *, #563, .F. ) ;
#3225 = PRESENTATION_STYLE_ASSIGNMENT (( #1883 ) ) ;
#3226 = CARTESIAN_POINT ( 'NONE',  ( -1.766690580721343615E-14, 2.855000000000010196, -2.529999999999994476 ) ) ;
#3227 = ORIENTED_EDGE ( 'NONE', *, *, #136, .T. ) ;
#3228 = EDGE_CURVE ( 'NONE', #3154, #2621, #2721, .T. ) ;
#3229 = DIRECTION ( 'NONE',  ( -6.982966722218764922E-15, 3.491483361109382461E-15, -1.000000000000000000 ) ) ;
#3230 = LINE ( 'NONE', #1579, #1418 ) ;
#3231 = CARTESIAN_POINT ( 'NONE',  ( -6.200000000000008171, 6.149999999999995026, 2.050000000000037126 ) ) ;
#3232 = ORIENTED_EDGE ( 'NONE', *, *, #430, .T. ) ;
#3233 = FACE_OUTER_BOUND ( 'NONE', #422, .T. ) ;
#3234 = FILL_AREA_STYLE ('',( #1533 ) ) ;
#3235 = UNCERTAINTY_MEASURE_WITH_UNIT (LENGTH_MEASURE( 1.000000000000000082E-05 ), #1239, 'distance_accuracy_value', 'NONE');
#3236 = FACE_OUTER_BOUND ( 'NONE', #546, .T. ) ;
#3237 = DIRECTION ( 'NONE',  ( -1.000000000000000000, -5.605193857299268284E-45, 6.982966722218764922E-15 ) ) ;
#3238 = STYLED_ITEM ( 'NONE', ( #105 ), #691 ) ;
#3239 = MECHANICAL_DESIGN_GEOMETRIC_PRESENTATION_REPRESENTATION (  '', ( #932 ), #1333 ) ;
#3240 = FILL_AREA_STYLE ('',( #207 ) ) ;
#3241 = LINE ( 'NONE', #1321, #2302 ) ;
#3242 = DIRECTION ( 'NONE',  ( -6.982966722218764922E-15, 3.491483361109382461E-15, -1.000000000000000000 ) ) ;
#3243 = MECHANICAL_DESIGN_GEOMETRIC_PRESENTATION_REPRESENTATION (  '', ( #3405 ), #2712 ) ;
#3244 = VERTEX_POINT ( 'NONE', #3552 ) ;
#3245 = CARTESIAN_POINT ( 'NONE',  ( 5.350000000000009415, 5.324999999999998401, 1.049999999999968514 ) ) ;
#3246 = VERTEX_POINT ( 'NONE', #2190 ) ;
#3247 = EDGE_CURVE ( 'NONE', #2115, #1765, #296, .T. ) ;
#3248 = FACE_OUTER_BOUND ( 'NONE', #1486, .T. ) ;
#3249 =( LENGTH_UNIT ( ) NAMED_UNIT ( * ) SI_UNIT ( .MILLI., .METRE. ) );
#3250 = PLANE ( 'NONE',  #889 ) ;
#3251 = COLOUR_RGB ( '',0.7529411764705882248, 0.7529411764705882248, 0.7529411764705882248 ) ;
#3252 = ORIENTED_EDGE ( 'NONE', *, *, #2703, .T. ) ;
#3253 = EDGE_CURVE ( 'NONE', #3557, #2391, #564, .T. ) ;
#3254 = LINE ( 'NONE', #1080, #1745 ) ;
#3255 = DIRECTION ( 'NONE',  ( 2.438091212180734091E-29, 1.000000000000000000, 3.491483361109382461E-15 ) ) ;
#3256 = DIRECTION ( 'NONE',  ( -6.982966722218764922E-15, 3.270499478819342934E-15, -1.000000000000000000 ) ) ;
#3257 = EDGE_CURVE ( 'NONE', #2320, #1748, #4, .T. ) ;
#3258 = DIRECTION ( 'NONE',  ( 1.000000000000000000, 0.000000000000000000, -7.067670016944194956E-15 ) ) ;
#3259 = ORIENTED_EDGE ( 'NONE', *, *, #2672, .F. ) ;
#3260 = STYLED_ITEM ( 'NONE', ( #235 ), #1554 ) ;
#3261 = DIRECTION ( 'NONE',  ( 1.000000000000000000, 2.115516434118057462E-16, -6.982966722218764133E-15 ) ) ;
#3262 = CARTESIAN_POINT ( 'NONE',  ( -6.200000000000040146, 2.551923788646673685, -5.749999999999954703 ) ) ;
#3263 = ORIENTED_EDGE ( 'NONE', *, *, #753, .T. ) ;
#3264 = STYLED_ITEM ( 'NONE', ( #352 ), #1664 ) ;
#3265 =( GEOMETRIC_REPRESENTATION_CONTEXT ( 3 ) GLOBAL_UNCERTAINTY_ASSIGNED_CONTEXT ( ( #356 ) ) GLOBAL_UNIT_ASSIGNED_CONTEXT ( ( #1373, #3289, #3087 ) ) REPRESENTATION_CONTEXT ( 'NONE', 'WORKASPACE' ) );
#3266 = CARTESIAN_POINT ( 'NONE',  ( -5.299999999999984723, 0.3999999999999869771, 5.750000000000034639 ) ) ;
#3267 = VECTOR ( 'NONE', #1623, 1000.000000000000000 ) ;
#3268 = DIRECTION ( 'NONE',  ( -6.982966722218764133E-15, -0.000000000000000000, -1.000000000000000000 ) ) ;
#3269 = CARTESIAN_POINT ( 'NONE',  ( 2.800000000000045119, 1.351022143997257841, 5.749999999999979572 ) ) ;
#3270 = VERTEX_POINT ( 'NONE', #2527 ) ;
#3271 = VECTOR ( 'NONE', #1640, 1000.000000000000000 ) ;
#3272 =( GEOMETRIC_REPRESENTATION_CONTEXT ( 3 ) GLOBAL_UNCERTAINTY_ASSIGNED_CONTEXT ( ( #2082 ) ) GLOBAL_UNIT_ASSIGNED_CONTEXT ( ( #44, #2577, #3278 ) ) REPRESENTATION_CONTEXT ( 'NONE', 'WORKASPACE' ) );
#3273 =( GEOMETRIC_REPRESENTATION_CONTEXT ( 3 ) GLOBAL_UNCERTAINTY_ASSIGNED_CONTEXT ( ( #314 ) ) GLOBAL_UNIT_ASSIGNED_CONTEXT ( ( #744, #1798, #2896 ) ) REPRESENTATION_CONTEXT ( 'NONE', 'WORKASPACE' ) );
#3274 = DIRECTION ( 'NONE',  ( 6.982966722218764922E-15, -0.000000000000000000, 1.000000000000000000 ) ) ;
#3275 = PRESENTATION_LAYER_ASSIGNMENT (  '', '', ( #1540 ) ) ;
#3276 = AXIS2_PLACEMENT_3D ( 'NONE', #1591, #2689, #1558 ) ;
#3277 = FILL_AREA_STYLE ('',( #2173 ) ) ;
#3278 =( NAMED_UNIT ( * ) SI_UNIT ( $, .STERADIAN. ) SOLID_ANGLE_UNIT ( ) );
#3279 = DIRECTION ( 'NONE',  ( 6.982966722218764922E-15, 0.000000000000000000, 1.000000000000000000 ) ) ;
#3280 = CARTESIAN_POINT ( 'NONE',  ( 1.569999999999974305, -3.399999999999986144, -3.770000000000027107 ) ) ;
#3281 = ORIENTED_EDGE ( 'NONE', *, *, #2781, .F. ) ;
#3282 = EDGE_CURVE ( 'NONE', #697, #2636, #1154, .T. ) ;
#3283 = ORIENTED_EDGE ( 'NONE', *, *, #1405, .T. ) ;
#3284 = LINE ( 'NONE', #2161, #299 ) ;
#3285 = VERTEX_POINT ( 'NONE', #2336 ) ;
#3286 = CARTESIAN_POINT ( 'NONE',  ( 0.9300000000000075984, 3.454999999999981419, 5.549999999999996270 ) ) ;
#3287 = EDGE_CURVE ( 'NONE', #3562, #774, #1717, .T. ) ;
#3288 = DIRECTION ( 'NONE',  ( -1.000000000000000000, 0.000000000000000000, 6.982966722218764922E-15 ) ) ;
#3289 =( NAMED_UNIT ( * ) PLANE_ANGLE_UNIT ( ) SI_UNIT ( $, .RADIAN. ) );
#3290 = CARTESIAN_POINT ( 'NONE',  ( -3.429999999999992166, 4.094999999999992646, 1.050000000000034905 ) ) ;
#3291 = ADVANCED_FACE ( 'NONE', ( #2012 ), #1474, .F. ) ;
#3292 = EDGE_LOOP ( 'NONE', ( #2855, #2497, #2492, #2811 ) ) ;
#3293 = COLOUR_RGB ( '',0.7529411764705882248, 0.7529411764705882248, 0.7529411764705882248 ) ;
#3294 = LINE ( 'NONE', #2142, #3155 ) ;
#3295 =( NAMED_UNIT ( * ) PLANE_ANGLE_UNIT ( ) SI_UNIT ( $, .RADIAN. ) );
#3296 = ORIENTED_EDGE ( 'NONE', *, *, #2471, .T. ) ;
#3297 = ORIENTED_EDGE ( 'NONE', *, *, #3334, .T. ) ;
#3298 = ADVANCED_FACE ( 'NONE', ( #1513 ), #2543, .F. ) ;
#3299 = LINE ( 'NONE', #820, #2974 ) ;
#3300 = DIRECTION ( 'NONE',  ( -6.982966722218764922E-15, 0.000000000000000000, -1.000000000000000000 ) ) ;
#3301 = ORIENTED_EDGE ( 'NONE', *, *, #862, .F. ) ;
#3302 = FACE_OUTER_BOUND ( 'NONE', #2944, .T. ) ;
#3303 = CARTESIAN_POINT ( 'NONE',  ( -3.430000000000017035, 4.095000000000010409, -2.529999999999968718 ) ) ;
#3304 = STYLED_ITEM ( 'NONE', ( #1682 ), #247 ) ;
#3305 = EDGE_CURVE ( 'NONE', #954, #1726, #919, .T. ) ;
#3306 = DIRECTION ( 'NONE',  ( 6.982966722218764922E-15, -3.491483361109382461E-15, 1.000000000000000000 ) ) ;
#3307 = ORIENTED_EDGE ( 'NONE', *, *, #1261, .F. ) ;
#3308 = SURFACE_STYLE_FILL_AREA ( #1683 ) ;
#3309 = DIRECTION ( 'NONE',  ( -5.605193857299268284E-45, 1.000000000000000000, 3.914088217710582702E-59 ) ) ;
#3310 = DIRECTION ( 'NONE',  ( -1.000000000000000000, -0.000000000000000000, 6.982966722218764922E-15 ) ) ;
#3311 = ORIENTED_EDGE ( 'NONE', *, *, #404, .T. ) ;
#3312 = ORIENTED_EDGE ( 'NONE', *, *, #2582, .T. ) ;
#3313 = EDGE_CURVE ( 'NONE', #350, #1765, #2862, .T. ) ;
#3314 = FACE_OUTER_BOUND ( 'NONE', #1806, .T. ) ;
#3315 = FILL_AREA_STYLE_COLOUR ( '', #2959 ) ;
#3316 = EDGE_LOOP ( 'NONE', ( #2881, #1107, #581, #157 ) ) ;
#3317 = VECTOR ( 'NONE', #291, 1000.000000000000000 ) ;
#3318 = STYLED_ITEM ( 'NONE', ( #1341 ), #1802 ) ;
#3319 = DIRECTION ( 'NONE',  ( 6.982966722218764922E-15, 0.000000000000000000, 1.000000000000000000 ) ) ;
#3320 = FACE_OUTER_BOUND ( 'NONE', #1974, .T. ) ;
#3321 = DIRECTION ( 'NONE',  ( 7.100177767892871804E-15, 0.000000000000000000, 1.000000000000000000 ) ) ;
#3322 =( NAMED_UNIT ( * ) SI_UNIT ( $, .STERADIAN. ) SOLID_ANGLE_UNIT ( ) );
#3323 = VECTOR ( 'NONE', #206, 1000.000000000000000 ) ;
#3324 = PRESENTATION_LAYER_ASSIGNMENT (  '', '', ( #565 ) ) ;
#3325 = CARTESIAN_POINT ( 'NONE',  ( -0.9299999999999608580, 3.454999999999996962, 5.550000000000014033 ) ) ;
#3326 = SURFACE_SIDE_STYLE ('',( #1472 ) ) ;
#3327 = DIRECTION ( 'NONE',  ( 6.982966722218764922E-15, 0.000000000000000000, 1.000000000000000000 ) ) ;
#3328 = AXIS2_PLACEMENT_3D ( 'NONE', #2414, #2128, #1862 ) ;
#3329 = FILL_AREA_STYLE ('',( #3108 ) ) ;
#3330 =( LENGTH_UNIT ( ) NAMED_UNIT ( * ) SI_UNIT ( .MILLI., .METRE. ) );
#3331 = VERTEX_POINT ( 'NONE', #653 ) ;
#3332 = PLANE ( 'NONE',  #109 ) ;
#3333 = CARTESIAN_POINT ( 'NONE',  ( -4.249999999999962697, 5.324999999999987743, 5.750000000000047962 ) ) ;
#3334 = EDGE_CURVE ( 'NONE', #425, #2279, #1747, .T. ) ;
#3335 = DIRECTION ( 'NONE',  ( -1.000000000000000000, 0.000000000000000000, 6.982966722218764922E-15 ) ) ;
#3336 = PRESENTATION_STYLE_ASSIGNMENT (( #611 ) ) ;
#3337 = LINE ( 'NONE', #2469, #780 ) ;
#3338 = LINE ( 'NONE', #2450, #3271 ) ;
#3339 = CARTESIAN_POINT ( 'NONE',  ( 4.250000000000044409, 1.351022143997257841, 5.749999999999987566 ) ) ;
#3340 = DIRECTION ( 'NONE',  ( -2.438091212180734091E-29, -1.000000000000000000, -3.491483361109382461E-15 ) ) ;
#3341 = SURFACE_STYLE_FILL_AREA ( #1860 ) ;
#3342 = CARTESIAN_POINT ( 'NONE',  ( -6.199999999999961098, 4.324999999999984190, 5.750000000000051514 ) ) ;
#3343 = CARTESIAN_POINT ( 'NONE',  ( 1.570000000000039364, 3.454999999999981419, 5.549999999999996270 ) ) ;
#3344 = ORIENTED_EDGE ( 'NONE', *, *, #830, .F. ) ;
#3345 = STYLED_ITEM ( 'NONE', ( #3436 ), #501 ) ;
#3346 = VECTOR ( 'NONE', #533, 1000.000000000000000 ) ;
#3347 = ADVANCED_FACE ( 'NONE', ( #2843 ), #150, .F. ) ;
#3348 = CARTESIAN_POINT ( 'NONE',  ( -2.185668584054469084E-14, 2.855000000000011973, -3.129999999999994120 ) ) ;
#3349 = CARTESIAN_POINT ( 'NONE',  ( -6.200000000000019718, 9.766964120068098910E-15, -5.749999999999960032 ) ) ;
#3350 = DIRECTION ( 'NONE',  ( 8.470329472540465477E-17, -1.000000000000000000, -3.627765757092197324E-15 ) ) ;
#3351 = VERTEX_POINT ( 'NONE', #1362 ) ;
#3352 = CARTESIAN_POINT ( 'NONE',  ( -6.200000000000008171, 6.149999999999981704, 5.749999999999975131 ) ) ;
#3353 = CLOSED_SHELL ( 'NONE', ( #3015, #682, #2585, #317, #58, #2545, #1504, #2976, #2488, #1693, #2168, #2980, #1106, #1216, #2236, #2501, #1921, #258, #8, #1976, #1131, #1654, #1758, #1741, #1200, #326, #1794, #2648, #2643, #281, #1554, #1980, #1284, #2247, #481, #3106, #2995, #532, #35, #2195, #629, #2670, #2824, #1522, #2018, #1267, #3347, #2981, #1478, #387, #1304, #1664, #2535, #1766, #262, #2730, #1242, #2993, #2969, #1802, #2930, #2513, #795, #691, #3291, #2857, #3298, #3048, #931, #924, #247, #1274, #2392, #2191, #27, #2662, #2816, #2686, #2713, #167, #501, #1954, #3441, #669, #3389, #1871, #2755, #848 ) ) ;
#3354 = EDGE_CURVE ( 'NONE', #1312, #2419, #172, .T. ) ;
#3355 = CARTESIAN_POINT ( 'NONE',  ( -6.200000000000008171, 6.149999999999981704, 5.750000000000049738 ) ) ;
#3356 = SURFACE_STYLE_FILL_AREA ( #2267 ) ;
#3357 = AXIS2_PLACEMENT_3D ( 'NONE', #276, #2468, #2682 ) ;
#3358 = VECTOR ( 'NONE', #2789, 1000.000000000000000 ) ;
#3359 = CARTESIAN_POINT ( 'NONE',  ( -6.199999999999961098, 6.149999999999980815, 5.750000000000060396 ) ) ;
#3360 = CARTESIAN_POINT ( 'NONE',  ( -0.9299999999999608580, 3.454999999999981419, 5.550000000000012257 ) ) ;
#3361 = CARTESIAN_POINT ( 'NONE',  ( -3.429999999999960636, 4.094999999999981100, 5.550000000000033573 ) ) ;
#3362 = LINE ( 'NONE', #1128, #1539 ) ;
#3363 = ORIENTED_EDGE ( 'NONE', *, *, #184, .F. ) ;
#3364 = ORIENTED_EDGE ( 'NONE', *, *, #3305, .T. ) ;
#3365 = LINE ( 'NONE', #3045, #3070 ) ;
#3366 = LINE ( 'NONE', #1152, #1962 ) ;
#3367 = ORIENTED_EDGE ( 'NONE', *, *, #2844, .T. ) ;
#3368 = CARTESIAN_POINT ( 'NONE',  ( 1.570000000000039364, 3.454999999999981419, 5.549999999999996270 ) ) ;
#3369 = ORIENTED_EDGE ( 'NONE', *, *, #663, .F. ) ;
#3370 = PRESENTATION_LAYER_ASSIGNMENT (  '', '', ( #3264 ) ) ;
#3371 = VECTOR ( 'NONE', #3340, 1000.000000000000000 ) ;
#3372 = DIRECTION ( 'NONE',  ( -2.325796542701351483E-29, -1.000000000000000000, -3.330671096141718332E-15 ) ) ;
#3373 = AXIS2_PLACEMENT_3D ( 'NONE', #3386, #2880, #668 ) ;
#3374 = MECHANICAL_DESIGN_GEOMETRIC_PRESENTATION_REPRESENTATION (  '', ( #565 ), #1764 ) ;
#3375 = DIRECTION ( 'NONE',  ( -2.438091212180734091E-29, -1.000000000000000000, -3.491483361109382461E-15 ) ) ;
#3376 = VECTOR ( 'NONE', #641, 1000.000000000000000 ) ;
#3377 =( NAMED_UNIT ( * ) PLANE_ANGLE_UNIT ( ) SI_UNIT ( $, .RADIAN. ) );
#3378 = ORIENTED_EDGE ( 'NONE', *, *, #1582, .F. ) ;
#3379 = ORIENTED_EDGE ( 'NONE', *, *, #1332, .F. ) ;
#3380 = SURFACE_SIDE_STYLE ('',( #2292 ) ) ;
#3381 = CARTESIAN_POINT ( 'NONE',  ( -6.200000000000008171, 4.095000000000005969, -1.249999999999946931 ) ) ;
#3382 = EDGE_LOOP ( 'NONE', ( #403, #2415, #2310, #1347 ) ) ;
#3383 = DIRECTION ( 'NONE',  ( 1.000000000000000000, -0.000000000000000000, -6.982966722218764133E-15 ) ) ;
#3384 =( NAMED_UNIT ( * ) SI_UNIT ( $, .STERADIAN. ) SOLID_ANGLE_UNIT ( ) );
#3385 = ORIENTED_EDGE ( 'NONE', *, *, #230, .F. ) ;
#3386 = CARTESIAN_POINT ( 'NONE',  ( -3.429999999999960636, 4.094999999999981100, 5.550000000000033573 ) ) ;
#3387 = ORIENTED_EDGE ( 'NONE', *, *, #1348, .T. ) ;
#3388 = LINE ( 'NONE', #63, #484 ) ;
#3389 = ADVANCED_FACE ( 'NONE', ( #3233 ), #2728, .F. ) ;
#3390 = SURFACE_STYLE_FILL_AREA ( #2867 ) ;
#3391 = EDGE_CURVE ( 'NONE', #1992, #378, #1836, .T. ) ;
#3392 = DIRECTION ( 'NONE',  ( -6.982966722218764922E-15, 0.000000000000000000, -1.000000000000000000 ) ) ;
#3393 = LINE ( 'NONE', #926, #3031 ) ;
#3394 = ORIENTED_EDGE ( 'NONE', *, *, #604, .F. ) ;
#3395 = EDGE_LOOP ( 'NONE', ( #1707, #981, #2538, #29 ) ) ;
#3396 =( LENGTH_UNIT ( ) NAMED_UNIT ( * ) SI_UNIT ( .MILLI., .METRE. ) );
#3397 = ORIENTED_EDGE ( 'NONE', *, *, #136, .F. ) ;
#3398 = CARTESIAN_POINT ( 'NONE',  ( -6.200000000000008171, 3.455000000000005844, -1.249999999999949152 ) ) ;
#3399 = LINE ( 'NONE', #399, #339 ) ;
#3400 = DIRECTION ( 'NONE',  ( -2.438091212180734091E-29, -1.000000000000000000, -3.491483361109382461E-15 ) ) ;
#3401 = ORIENTED_EDGE ( 'NONE', *, *, #122, .F. ) ;
#3402 = VECTOR ( 'NONE', #342, 1000.000000000000114 ) ;
#3403 = EDGE_CURVE ( 'NONE', #116, #292, #2372, .T. ) ;
#3404 = VERTEX_POINT ( 'NONE', #267 ) ;
#3405 = STYLED_ITEM ( 'NONE', ( #2860 ), #1284 ) ;
#3406 = FACE_OUTER_BOUND ( 'NONE', #2966, .T. ) ;
#3407 = COLOUR_RGB ( '',0.7529411764705882248, 0.7529411764705882248, 0.7529411764705882248 ) ;
#3408 = CARTESIAN_POINT ( 'NONE',  ( -4.070000000000010054, 4.095000000000005080, -1.249999999999963141 ) ) ;
#3409 = ORIENTED_EDGE ( 'NONE', *, *, #366, .T. ) ;
#3410 = AXIS2_PLACEMENT_3D ( 'NONE', #2970, #793, #2204 ) ;
#3411 = EDGE_CURVE ( 'NONE', #96, #2446, #1091, .T. ) ;
#3412 = LINE ( 'NONE', #1547, #2962 ) ;
#3413 = ORIENTED_EDGE ( 'NONE', *, *, #1171, .T. ) ;
#3414 = EDGE_CURVE ( 'NONE', #292, #2887, #340, .T. ) ;
#3415 = CARTESIAN_POINT ( 'NONE',  ( 5.350000000000040501, 4.324999999999983302, 5.749999999999972466 ) ) ;
#3416 = LINE ( 'NONE', #688, #1465 ) ;
#3417 = ORIENTED_EDGE ( 'NONE', *, *, #3541, .F. ) ;
#3418 = ORIENTED_EDGE ( 'NONE', *, *, #2358, .T. ) ;
#3419 = VECTOR ( 'NONE', #951, 1000.000000000000000 ) ;
#3420 = LINE ( 'NONE', #1585, #536 ) ;
#3421 = STYLED_ITEM ( 'NONE', ( #165 ), #1741 ) ;
#3422 = PRESENTATION_LAYER_ASSIGNMENT (  '', '', ( #211 ) ) ;
#3423 = AXIS2_PLACEMENT_3D ( 'NONE', #2737, #278, #2486 ) ;
#3424 = PLANE ( 'NONE',  #985 ) ;
#3425 = PLANE ( 'NONE',  #2360 ) ;
#3426 = ORIENTED_EDGE ( 'NONE', *, *, #2212, .T. ) ;
#3427 = COLOUR_RGB ( '',0.7529411764705882248, 0.7529411764705882248, 0.7529411764705882248 ) ;
#3428 = ORIENTED_EDGE ( 'NONE', *, *, #366, .F. ) ;
#3429 = PRESENTATION_LAYER_ASSIGNMENT (  '', '', ( #1417 ) ) ;
#3430 = COLOUR_RGB ( '',0.7529411764705882248, 0.7529411764705882248, 0.7529411764705882248 ) ;
#3431 = DIRECTION ( 'NONE',  ( 1.000000000000000000, 0.000000000000000000, -6.982966722218764922E-15 ) ) ;
#3432 = CARTESIAN_POINT ( 'NONE',  ( 4.069999999999983409, 3.455000000000010285, -2.530000000000022009 ) ) ;
#3433 = ORIENTED_EDGE ( 'NONE', *, *, #404, .F. ) ;
#3434 = EDGE_CURVE ( 'NONE', #1688, #2033, #555, .T. ) ;
#3435 = VECTOR ( 'NONE', #737, 1000.000000000000000 ) ;
#3436 = PRESENTATION_STYLE_ASSIGNMENT (( #183 ) ) ;
#3437 = CARTESIAN_POINT ( 'NONE',  ( -6.199999999999961098, 6.149999999999980815, 5.750000000000060396 ) ) ;
#3438 = DIRECTION ( 'NONE',  ( -1.000000000000000000, 0.000000000000000000, 6.982966722218764922E-15 ) ) ;
#3439 = ORIENTED_EDGE ( 'NONE', *, *, #1498, .T. ) ;
#3440 =( NAMED_UNIT ( * ) SI_UNIT ( $, .STERADIAN. ) SOLID_ANGLE_UNIT ( ) );
#3441 = ADVANCED_FACE ( 'NONE', ( #2768 ), #349, .F. ) ;
#3442 = ORIENTED_EDGE ( 'NONE', *, *, #3156, .F. ) ;
#3443 = UNCERTAINTY_MEASURE_WITH_UNIT (LENGTH_MEASURE( 1.000000000000000082E-05 ), #2385, 'distance_accuracy_value', 'NONE');
#3444 = FACE_OUTER_BOUND ( 'NONE', #1026, .T. ) ;
#3445 = PLANE ( 'NONE',  #1042 ) ;
#3446 = CARTESIAN_POINT ( 'NONE',  ( 2.800000000000018474, 6.150000000000006573, -1.249999999999939826 ) ) ;
#3447 = PLANE ( 'NONE',  #81 ) ;
#3448 = EDGE_LOOP ( 'NONE', ( #654, #2821, #670, #537 ) ) ;
#3449 = EDGE_CURVE ( 'NONE', #2498, #2007, #1968, .T. ) ;
#3450 = LINE ( 'NONE', #396, #163 ) ;
#3451 = PLANE ( 'NONE',  #1406 ) ;
#3452 = ORIENTED_EDGE ( 'NONE', *, *, #1383, .F. ) ;
#3453 = EDGE_CURVE ( 'NONE', #918, #1276, #1951, .T. ) ;
#3454 = DIRECTION ( 'NONE',  ( -1.000000000000000000, 0.000000000000000000, 6.982966722218764922E-15 ) ) ;
#3455 = CARTESIAN_POINT ( 'NONE',  ( -5.300000000000039790, 2.551923788646675018, -5.749999999999958256 ) ) ;
#3456 = VERTEX_POINT ( 'NONE', #377 ) ;
#3457 = DIRECTION ( 'NONE',  ( 7.067670016944194956E-15, -3.491483361109382461E-15, 1.000000000000000000 ) ) ;
#3458 = ORIENTED_EDGE ( 'NONE', *, *, #830, .T. ) ;
#3459 = VECTOR ( 'NONE', #2945, 1000.000000000000000 ) ;
#3460 = EDGE_CURVE ( 'NONE', #2144, #2115, #1411, .T. ) ;
#3461 = DIRECTION ( 'NONE',  ( 0.000000000000000000, -3.421534833852252863E-15, 1.000000000000000000 ) ) ;
#3462 = VECTOR ( 'NONE', #1977, 1000.000000000000000 ) ;
#3463 = CARTESIAN_POINT ( 'NONE',  ( 6.200000000000039257, -1.908195823574487804E-14, 5.749999999999975131 ) ) ;
#3464 = AXIS2_PLACEMENT_3D ( 'NONE', #993, #2650, #1285 ) ;
#3465 = EDGE_CURVE ( 'NONE', #1560, #3285, #1145, .T. ) ;
#3466 = FILL_AREA_STYLE ('',( #1179 ) ) ;
#3467 = CARTESIAN_POINT ( 'NONE',  ( -0.9299999999999608580, 4.094999999999981100, 5.550000000000014033 ) ) ;
#3468 = DIRECTION ( 'NONE',  ( 0.000000000000000000, 0.5000000000000013323, 0.8660254037844379305 ) ) ;
#3469 = ORIENTED_EDGE ( 'NONE', *, *, #418, .F. ) ;
#3470 = VECTOR ( 'NONE', #1322, 1000.000000000000000 ) ;
#3471 = LINE ( 'NONE', #164, #2687 ) ;
#3472 = DIRECTION ( 'NONE',  ( -1.000000000000000000, 2.389246388370259354E-29, 8.174889744464530116E-44 ) ) ;
#3473 = ORIENTED_EDGE ( 'NONE', *, *, #455, .T. ) ;
#3474 = VECTOR ( 'NONE', #3327, 1000.000000000000000 ) ;
#3475 = CARTESIAN_POINT ( 'NONE',  ( 0.9299999999999754019, -3.399999999999986144, -3.770000000000023110 ) ) ;
#3476 = LINE ( 'NONE', #2114, #1979 ) ;
#3477 = ORIENTED_EDGE ( 'NONE', *, *, #663, .T. ) ;
#3478 = ORIENTED_EDGE ( 'NONE', *, *, #3112, .T. ) ;
#3479 = DIRECTION ( 'NONE',  ( -1.000000000000000000, 0.000000000000000000, 6.982966722218764922E-15 ) ) ;
#3480 = DIRECTION ( 'NONE',  ( -2.325796542701351483E-29, -1.000000000000000000, -3.330671096141718332E-15 ) ) ;
#3481 =( GEOMETRIC_REPRESENTATION_CONTEXT ( 3 ) GLOBAL_UNCERTAINTY_ASSIGNED_CONTEXT ( ( #994 ) ) GLOBAL_UNIT_ASSIGNED_CONTEXT ( ( #2466, #3003, #272 ) ) REPRESENTATION_CONTEXT ( 'NONE', 'WORKASPACE' ) );
#3482 = CARTESIAN_POINT ( 'NONE',  ( 1.569999999999983409, 2.855000000000010196, -2.530000000000005578 ) ) ;
#3483 = CARTESIAN_POINT ( 'NONE',  ( -5.300000000000039790, 2.551923788646675018, -5.749999999999958256 ) ) ;
#3484 = EDGE_LOOP ( 'NONE', ( #3101, #464, #1134, #1646 ) ) ;
#3485 = VECTOR ( 'NONE', #970, 1000.000000000000000 ) ;
#3486 = EDGE_LOOP ( 'NONE', ( #1057, #2440, #3055, #3526 ) ) ;
#3487 = AXIS2_PLACEMENT_3D ( 'NONE', #2973, #1461, #2567 ) ;
#3488 =( GEOMETRIC_REPRESENTATION_CONTEXT ( 3 ) GLOBAL_UNCERTAINTY_ASSIGNED_CONTEXT ( ( #2220 ) ) GLOBAL_UNIT_ASSIGNED_CONTEXT ( ( #1608, #2435, #3322 ) ) REPRESENTATION_CONTEXT ( 'NONE', 'WORKASPACE' ) );
#3489 = MECHANICAL_DESIGN_GEOMETRIC_PRESENTATION_REPRESENTATION (  '', ( #159 ), #2291 ) ;
#3490 = CARTESIAN_POINT ( 'NONE',  ( 0.9299999999999901679, 4.095000000000005080, -1.249999999999998224 ) ) ;
#3491 = CARTESIAN_POINT ( 'NONE',  ( 6.200000000000017941, 6.149999999999980815, 2.649999999999969713 ) ) ;
#3492 = VERTEX_POINT ( 'NONE', #2533 ) ;
#3493 = CARTESIAN_POINT ( 'NONE',  ( -3.430000000000025917, 4.095000000000010409, -3.769999999999992912 ) ) ;
#3494 = COLOUR_RGB ( '',0.7529411764705882248, 0.7529411764705882248, 0.7529411764705882248 ) ;
#3495 = ORIENTED_EDGE ( 'NONE', *, *, #2145, .F. ) ;
#3496 = MECHANICAL_DESIGN_GEOMETRIC_PRESENTATION_REPRESENTATION (  '', ( #1542 ), #2125 ) ;
#3497 = CARTESIAN_POINT ( 'NONE',  ( -0.9300000000000170353, 4.095000000000010409, -2.529999999999984261 ) ) ;
#3498 =( NAMED_UNIT ( * ) PLANE_ANGLE_UNIT ( ) SI_UNIT ( $, .RADIAN. ) );
#3499 = FACE_OUTER_BOUND ( 'NONE', #2542, .T. ) ;
#3500 = EDGE_CURVE ( 'NONE', #2695, #2419, #834, .T. ) ;
#3501 = FACE_OUTER_BOUND ( 'NONE', #739, .T. ) ;
#3502 = CARTESIAN_POINT ( 'NONE',  ( -6.199999999999961098, -1.908195823574487804E-14, 5.750000000000060396 ) ) ;
#3503 = ORIENTED_EDGE ( 'NONE', *, *, #633, .F. ) ;
#3504 =( NAMED_UNIT ( * ) SI_UNIT ( $, .STERADIAN. ) SOLID_ANGLE_UNIT ( ) );
#3505 = VERTEX_POINT ( 'NONE', #69 ) ;
#3506 = FACE_OUTER_BOUND ( 'NONE', #3093, .T. ) ;
#3507 = DIRECTION ( 'NONE',  ( -5.605193857299268284E-45, 1.000000000000000000, 3.914088217710582702E-59 ) ) ;
#3508 = ORIENTED_EDGE ( 'NONE', *, *, #1230, .F. ) ;
#3509 = EDGE_CURVE ( 'NONE', #2368, #696, #2006, .T. ) ;
#3510 = FILL_AREA_STYLE ('',( #237 ) ) ;
#3511 = UNCERTAINTY_MEASURE_WITH_UNIT (LENGTH_MEASURE( 1.000000000000000082E-05 ), #3249, 'distance_accuracy_value', 'NONE');
#3512 = SURFACE_STYLE_USAGE ( .BOTH. , #2652 ) ;
#3513 = EDGE_CURVE ( 'NONE', #705, #2636, #3362, .T. ) ;
#3514 = MECHANICAL_DESIGN_GEOMETRIC_PRESENTATION_REPRESENTATION (  '', ( #1956 ), #242 ) ;
#3515 = VECTOR ( 'NONE', #2266, 1000.000000000000000 ) ;
#3516 = CARTESIAN_POINT ( 'NONE',  ( -3.430000000000021032, -3.399999999999987921, -3.129999999999993676 ) ) ;
#3517 = CARTESIAN_POINT ( 'NONE',  ( 5.350000000000023626, 1.224999999999981437, 5.749999999999965361 ) ) ;
#3518 = PRESENTATION_LAYER_ASSIGNMENT (  '', '', ( #2884 ) ) ;
#3519 = ORIENTED_EDGE ( 'NONE', *, *, #1643, .T. ) ;
#3520 = FACE_OUTER_BOUND ( 'NONE', #359, .T. ) ;
#3521 = ORIENTED_EDGE ( 'NONE', *, *, #3453, .T. ) ;
#3522 = EDGE_CURVE ( 'NONE', #1998, #1413, #1725, .T. ) ;
#3523 = LINE ( 'NONE', #1142, #1499 ) ;
#3524 = CARTESIAN_POINT ( 'NONE',  ( -6.200000000000008171, 0.4000000000000054068, -1.249999999999959810 ) ) ;
#3525 = STYLED_ITEM ( 'NONE', ( #1592 ), #167 ) ;
#3526 = ORIENTED_EDGE ( 'NONE', *, *, #3500, .T. ) ;
#3527 = EDGE_CURVE ( 'NONE', #2733, #1315, #2552, .T. ) ;
#3528 = CARTESIAN_POINT ( 'NONE',  ( 3.429999999999978844, 2.855000000000011973, -3.130000000000018989 ) ) ;
#3529 = CARTESIAN_POINT ( 'NONE',  ( -6.199999999999961098, 5.324999999999981526, 5.750000000000057732 ) ) ;
#3530 = CYLINDRICAL_SURFACE ( 'NONE', #959, 0.5999999999999998668 ) ;
#3531 = FILL_AREA_STYLE_COLOUR ( '', #1816 ) ;
#3532 = FACE_OUTER_BOUND ( 'NONE', #1514, .T. ) ;
#3533 = SURFACE_SIDE_STYLE ('',( #2673 ) ) ;
#3534 = FILL_AREA_STYLE ('',( #751 ) ) ;
#3535 = ORIENTED_EDGE ( 'NONE', *, *, #1903, .F. ) ;
#3536 = AXIS2_PLACEMENT_3D ( 'NONE', #1314, #804, #2986 ) ;
#3537 = ORIENTED_EDGE ( 'NONE', *, *, #1452, .F. ) ;
#3538 = VECTOR ( 'NONE', #2854, 1000.000000000000000 ) ;
#3539 = AXIS2_PLACEMENT_3D ( 'NONE', #3067, #3034, #2814 ) ;
#3540 = AXIS2_PLACEMENT_3D ( 'NONE', #1502, #964, #1301 ) ;
#3541 = EDGE_CURVE ( 'NONE', #2144, #2555, #1737, .T. ) ;
#3542 = FILL_AREA_STYLE_COLOUR ( '', #1708 ) ;
#3543 = SURFACE_STYLE_FILL_AREA ( #1867 ) ;
#3544 = ORIENTED_EDGE ( 'NONE', *, *, #1677, .T. ) ;
#3545 = VECTOR ( 'NONE', #2792, 1000.000000000000000 ) ;
#3546 = STYLED_ITEM ( 'NONE', ( #1450 ), #2513 ) ;
#3547 = SURFACE_STYLE_FILL_AREA ( #3510 ) ;
#3548 = EDGE_CURVE ( 'NONE', #3351, #3246, #1110, .T. ) ;
#3549 = VECTOR ( 'NONE', #2134, 1000.000000000000000 ) ;
#3550 =( LENGTH_UNIT ( ) NAMED_UNIT ( * ) SI_UNIT ( .MILLI., .METRE. ) );
#3551 = COLOUR_RGB ( '',0.7529411764705882248, 0.7529411764705882248, 0.7529411764705882248 ) ;
#3552 = CARTESIAN_POINT ( 'NONE',  ( -0.9300000000000212541, 2.855000000000011084, -3.129999999999987903 ) ) ;
#3553 = CARTESIAN_POINT ( 'NONE',  ( 3.429999999999978844, 2.855000000000011973, -3.130000000000018989 ) ) ;
#3554 = CARTESIAN_POINT ( 'NONE',  ( 1.569999999999983409, -3.399999999999987921, -2.530000000000001137 ) ) ;
#3555 = LINE ( 'NONE', #1065, #3005 ) ;
#3556 = COLOUR_RGB ( '',0.7529411764705882248, 0.7529411764705882248, 0.7529411764705882248 ) ;
#3557 = VERTEX_POINT ( 'NONE', #3040 ) ;
#3558 =( LENGTH_UNIT ( ) NAMED_UNIT ( * ) SI_UNIT ( .MILLI., .METRE. ) );
#3559 = DIRECTION ( 'NONE',  ( 0.000000000000000000, 3.627765757092197324E-15, -1.000000000000000000 ) ) ;
#3560 =( NAMED_UNIT ( * ) PLANE_ANGLE_UNIT ( ) SI_UNIT ( $, .RADIAN. ) );
#3561 = ORIENTED_EDGE ( 'NONE', *, *, #563, .T. ) ;
#3562 = VERTEX_POINT ( 'NONE', #1671 ) ;
#3563 = SURFACE_STYLE_USAGE ( .BOTH. , #493 ) ;
#3564 = CARTESIAN_POINT ( 'NONE',  ( 5.299999999999967848, 2.551923788646675462, -5.750000000000032863 ) ) ;
#3565 = ORIENTED_EDGE ( 'NONE', *, *, #3253, .F. ) ;
ENDSEC;
END-ISO-10303-21;
