ISO-10303-21;
HEADER;
FILE_DESCRIPTION(('KiCad electronic assembly'),'2;1');
FILE_NAME('main-board-3D.step','2026-09-25T20:44:33',('Pcbnew'),('Kicad'
    ),'Open CASCADE STEP processor 7.8','KiCad to STEP converter',
  'Unknown');
FILE_SCHEMA(('AUTOMOTIVE_DESIGN { 1 0 10303 214 1 1 1 1 }'));
ENDSEC;
DATA;
#1 = APPLICATION_PROTOCOL_DEFINITION('international standard',
  'automotive_design',2000,#2);
#2 = APPLICATION_CONTEXT(
  'core data for automotive mechanical design processes');
#3 = SHAPE_DEFINITION_REPRESENTATION(#4,#10);
#4 = PRODUCT_DEFINITION_SHAPE('','',#5);
#5 = PRODUCT_DEFINITION('design','',#6,#9);
#6 = PRODUCT_DEFINITION_FORMATION('','',#7);
#7 = PRODUCT('main-board-3D 1','main-board-3D 1','',(#8));
#8 = PRODUCT_CONTEXT('',#2,'mechanical');
#9 = PRODUCT_DEFINITION_CONTEXT('part definition',#2,'design');
#10 = SHAPE_REPRESENTATION('',(#11,#15,#19,#23,#27,#31,#35,#39,#43,#47,
    #51,#55,#59,#63,#67,#71,#75,#79,#83,#87,#91,#95,#99,#103,#107,#111,
    #115,#119,#123,#127,#131,#135,#139,#143,#147,#151,#155,#159,#163,
    #167,#171,#175),#179);
#11 = AXIS2_PLACEMENT_3D('',#12,#13,#14);
#12 = CARTESIAN_POINT('',(0.,0.,0.));
#13 = DIRECTION('',(0.,0.,1.));
#14 = DIRECTION('',(1.,0.,-0.));
#15 = AXIS2_PLACEMENT_3D('',#16,#17,#18);
#16 = CARTESIAN_POINT('',(140.625,-86.805,1.595));
#17 = DIRECTION('',(0.,0.,1.));
#18 = DIRECTION('',(1.,0.,0.));
#19 = AXIS2_PLACEMENT_3D('',#20,#21,#22);
#20 = CARTESIAN_POINT('',(157.565,-105.895,1.595));
#21 = DIRECTION('',(0.,0.,1.));
#22 = DIRECTION('',(1.,0.,0.));
#23 = AXIS2_PLACEMENT_3D('',#24,#25,#26);
#24 = CARTESIAN_POINT('',(144.975,-89.315,1.595));
#25 = DIRECTION('',(0.,0.,1.));
#26 = DIRECTION('',(1.,0.,0.));
#27 = AXIS2_PLACEMENT_3D('',#28,#29,#30);
#28 = CARTESIAN_POINT('',(144.975,-74.255,1.595));
#29 = DIRECTION('',(0.,0.,1.));
#30 = DIRECTION('',(1.,0.,0.));
#31 = AXIS2_PLACEMENT_3D('',#32,#33,#34);
#32 = CARTESIAN_POINT('',(140.625,-74.255,1.595));
#33 = DIRECTION('',(0.,0.,1.));
#34 = DIRECTION('',(1.,0.,0.));
#35 = AXIS2_PLACEMENT_3D('',#36,#37,#38);
#36 = CARTESIAN_POINT('',(140.625,-84.295,1.595));
#37 = DIRECTION('',(0.,0.,1.));
#38 = DIRECTION('',(1.,0.,0.));
#39 = AXIS2_PLACEMENT_3D('',#40,#41,#42);
#40 = CARTESIAN_POINT('',(140.625,-89.315,1.595));
#41 = DIRECTION('',(0.,0.,1.));
#42 = DIRECTION('',(1.,0.,0.));
#43 = AXIS2_PLACEMENT_3D('',#44,#45,#46);
#44 = CARTESIAN_POINT('',(163.525,-80.525,1.595));
#45 = DIRECTION('',(0.,0.,1.));
#46 = DIRECTION('',(1.,0.,0.));
#47 = AXIS2_PLACEMENT_3D('',#48,#49,#50);
#48 = CARTESIAN_POINT('',(153.905,-74.505,1.595));
#49 = DIRECTION('',(0.,0.,1.));
#50 = DIRECTION('',(1.,0.,0.));
#51 = AXIS2_PLACEMENT_3D('',#52,#53,#54);
#52 = CARTESIAN_POINT('',(158.715,-77.515,1.595));
#53 = DIRECTION('',(0.,0.,1.));
#54 = DIRECTION('',(1.,0.,0.));
#55 = AXIS2_PLACEMENT_3D('',#56,#57,#58);
#56 = CARTESIAN_POINT('',(149.325,-76.765,1.595));
#57 = DIRECTION('',(0.,0.,1.));
#58 = DIRECTION('',(1.,0.,0.));
#59 = AXIS2_PLACEMENT_3D('',#60,#61,#62);
#60 = CARTESIAN_POINT('',(163.525,-77.515,1.595));
#61 = DIRECTION('',(0.,0.,1.));
#62 = DIRECTION('',(1.,0.,0.));
#63 = AXIS2_PLACEMENT_3D('',#64,#65,#66);
#64 = CARTESIAN_POINT('',(163.525,-74.505,1.595));
#65 = DIRECTION('',(0.,0.,1.));
#66 = DIRECTION('',(1.,0.,0.));
#67 = AXIS2_PLACEMENT_3D('',#68,#69,#70);
#68 = CARTESIAN_POINT('',(149.325,-74.255,1.595));
#69 = DIRECTION('',(0.,0.,1.));
#70 = DIRECTION('',(1.,0.,0.));
#71 = AXIS2_PLACEMENT_3D('',#72,#73,#74);
#72 = CARTESIAN_POINT('',(157.565,-111.795,1.595));
#73 = DIRECTION('',(0.,0.,1.));
#74 = DIRECTION('',(1.,0.,0.));
#75 = AXIS2_PLACEMENT_3D('',#76,#77,#78);
#76 = CARTESIAN_POINT('',(140.625,-79.275,1.595));
#77 = DIRECTION('',(0.,0.,1.));
#78 = DIRECTION('',(1.,0.,0.));
#79 = AXIS2_PLACEMENT_3D('',#80,#81,#82);
#80 = CARTESIAN_POINT('',(144.975,-91.825,1.595));
#81 = DIRECTION('',(0.,0.,1.));
#82 = DIRECTION('',(1.,0.,0.));
#83 = AXIS2_PLACEMENT_3D('',#84,#85,#86);
#84 = CARTESIAN_POINT('',(140.625,-81.785,1.595));
#85 = DIRECTION('',(0.,0.,1.));
#86 = DIRECTION('',(1.,0.,0.));
#87 = AXIS2_PLACEMENT_3D('',#88,#89,#90);
#88 = CARTESIAN_POINT('',(163.525,-83.535,1.595));
#89 = DIRECTION('',(0.,0.,1.));
#90 = DIRECTION('',(1.,0.,0.));
#91 = AXIS2_PLACEMENT_3D('',#92,#93,#94);
#92 = CARTESIAN_POINT('',(153.905,-86.545,1.595));
#93 = DIRECTION('',(0.,0.,1.));
#94 = DIRECTION('',(1.,0.,0.));
#95 = AXIS2_PLACEMENT_3D('',#96,#97,#98);
#96 = CARTESIAN_POINT('',(158.715,-80.525,1.595));
#97 = DIRECTION('',(0.,0.,1.));
#98 = DIRECTION('',(1.,0.,0.));
#99 = AXIS2_PLACEMENT_3D('',#100,#101,#102);
#100 = CARTESIAN_POINT('',(158.715,-86.545,1.595));
#101 = DIRECTION('',(0.,0.,1.));
#102 = DIRECTION('',(1.,0.,0.));
#103 = AXIS2_PLACEMENT_3D('',#104,#105,#106);
#104 = CARTESIAN_POINT('',(152.615,-106.82,1.595));
#105 = DIRECTION('',(0.,0.,1.));
#106 = DIRECTION('',(1.,0.,0.));
#107 = AXIS2_PLACEMENT_3D('',#108,#109,#110);
#108 = CARTESIAN_POINT('',(149.325,-79.275,1.595));
#109 = DIRECTION('',(0.,0.,1.));
#110 = DIRECTION('',(1.,0.,0.));
#111 = AXIS2_PLACEMENT_3D('',#112,#113,#114);
#112 = CARTESIAN_POINT('',(153.905,-77.515,1.595));
#113 = DIRECTION('',(0.,0.,1.));
#114 = DIRECTION('',(1.,0.,0.));
#115 = AXIS2_PLACEMENT_3D('',#116,#117,#118);
#116 = CARTESIAN_POINT('',(153.905,-80.525,1.595));
#117 = DIRECTION('',(0.,0.,1.));
#118 = DIRECTION('',(1.,0.,0.));
#119 = AXIS2_PLACEMENT_3D('',#120,#121,#122);
#120 = CARTESIAN_POINT('',(144.975,-84.295,1.595));
#121 = DIRECTION('',(0.,0.,1.));
#122 = DIRECTION('',(1.,0.,0.));
#123 = AXIS2_PLACEMENT_3D('',#124,#125,#126);
#124 = CARTESIAN_POINT('',(144.975,-81.785,1.595));
#125 = DIRECTION('',(0.,0.,1.));
#126 = DIRECTION('',(1.,0.,0.));
#127 = AXIS2_PLACEMENT_3D('',#128,#129,#130);
#128 = CARTESIAN_POINT('',(157.565,-108.845,1.595));
#129 = DIRECTION('',(0.,0.,1.));
#130 = DIRECTION('',(1.,0.,0.));
#131 = AXIS2_PLACEMENT_3D('',#132,#133,#134);
#132 = CARTESIAN_POINT('',(149.325,-84.295,1.595));
#133 = DIRECTION('',(0.,0.,1.));
#134 = DIRECTION('',(1.,0.,0.));
#135 = AXIS2_PLACEMENT_3D('',#136,#137,#138);
#136 = CARTESIAN_POINT('',(152.615,-111.445,1.595));
#137 = DIRECTION('',(0.,0.,1.));
#138 = DIRECTION('',(1.,0.,0.));
#139 = AXIS2_PLACEMENT_3D('',#140,#141,#142);
#140 = CARTESIAN_POINT('',(158.715,-74.505,1.595));
#141 = DIRECTION('',(0.,0.,1.));
#142 = DIRECTION('',(1.,0.,0.));
#143 = AXIS2_PLACEMENT_3D('',#144,#145,#146);
#144 = CARTESIAN_POINT('',(149.325,-81.785,1.595));
#145 = DIRECTION('',(0.,0.,1.));
#146 = DIRECTION('',(1.,0.,0.));
#147 = AXIS2_PLACEMENT_3D('',#148,#149,#150);
#148 = CARTESIAN_POINT('',(140.625,-76.765,1.595));
#149 = DIRECTION('',(0.,0.,1.));
#150 = DIRECTION('',(1.,0.,0.));
#151 = AXIS2_PLACEMENT_3D('',#152,#153,#154);
#152 = CARTESIAN_POINT('',(153.905,-83.535,1.595));
#153 = DIRECTION('',(0.,0.,1.));
#154 = DIRECTION('',(1.,0.,0.));
#155 = AXIS2_PLACEMENT_3D('',#156,#157,#158);
#156 = CARTESIAN_POINT('',(158.715,-89.555,1.595));
#157 = DIRECTION('',(0.,0.,1.));
#158 = DIRECTION('',(1.,0.,0.));
#159 = AXIS2_PLACEMENT_3D('',#160,#161,#162);
#160 = CARTESIAN_POINT('',(144.975,-86.805,1.595));
#161 = DIRECTION('',(0.,0.,1.));
#162 = DIRECTION('',(1.,0.,0.));
#163 = AXIS2_PLACEMENT_3D('',#164,#165,#166);
#164 = CARTESIAN_POINT('',(140.625,-91.825,1.595));
#165 = DIRECTION('',(0.,0.,1.));
#166 = DIRECTION('',(1.,0.,0.));
#167 = AXIS2_PLACEMENT_3D('',#168,#169,#170);
#168 = CARTESIAN_POINT('',(153.905,-89.555,1.595));
#169 = DIRECTION('',(0.,0.,1.));
#170 = DIRECTION('',(1.,0.,0.));
#171 = AXIS2_PLACEMENT_3D('',#172,#173,#174);
#172 = CARTESIAN_POINT('',(158.715,-83.535,1.595));
#173 = DIRECTION('',(0.,0.,1.));
#174 = DIRECTION('',(1.,0.,0.));
#175 = AXIS2_PLACEMENT_3D('',#176,#177,#178);
#176 = CARTESIAN_POINT('',(0.,0.,0.));
#177 = DIRECTION('',(0.,0.,1.));
#178 = DIRECTION('',(1.,0.,-0.));
#179 = ( GEOMETRIC_REPRESENTATION_CONTEXT(3) 
GLOBAL_UNCERTAINTY_ASSIGNED_CONTEXT((#183)) GLOBAL_UNIT_ASSIGNED_CONTEXT
((#180,#181,#182)) REPRESENTATION_CONTEXT('Context #1',
  '3D Context with UNIT and UNCERTAINTY') );
#180 = ( LENGTH_UNIT() NAMED_UNIT(*) SI_UNIT(.MILLI.,.METRE.) );
#181 = ( NAMED_UNIT(*) PLANE_ANGLE_UNIT() SI_UNIT($,.RADIAN.) );
#182 = ( NAMED_UNIT(*) SI_UNIT($,.STERADIAN.) SOLID_ANGLE_UNIT() );
#183 = UNCERTAINTY_MEASURE_WITH_UNIT(LENGTH_MEASURE(1.E-07),#180,
  'distance_accuracy_value','confusion accuracy');
#184 = PRODUCT_RELATED_PRODUCT_CATEGORY('part',$,(#7));
#185 = SHAPE_DEFINITION_REPRESENTATION(#186,#192);
#186 = PRODUCT_DEFINITION_SHAPE('','',#187);
#187 = PRODUCT_DEFINITION('design','',#188,#191);
#188 = PRODUCT_DEFINITION_FORMATION('','',#189);
#189 = PRODUCT('C_0603_1608Metric','C_0603_1608Metric','',(#190));
#190 = PRODUCT_CONTEXT('',#2,'mechanical');
#191 = PRODUCT_DEFINITION_CONTEXT('part definition',#2,'design');
#192 = SHAPE_REPRESENTATION('',(#11,#193),#197);
#193 = AXIS2_PLACEMENT_3D('',#194,#195,#196);
#194 = CARTESIAN_POINT('',(0.,0.,0.));
#195 = DIRECTION('',(0.,0.,1.));
#196 = DIRECTION('',(1.,0.,-0.));
#197 = ( GEOMETRIC_REPRESENTATION_CONTEXT(3) 
GLOBAL_UNCERTAINTY_ASSIGNED_CONTEXT((#201)) GLOBAL_UNIT_ASSIGNED_CONTEXT
((#198,#199,#200)) REPRESENTATION_CONTEXT('Context #1',
  '3D Context with UNIT and UNCERTAINTY') );
#198 = ( LENGTH_UNIT() NAMED_UNIT(*) SI_UNIT(.MILLI.,.METRE.) );
#199 = ( NAMED_UNIT(*) PLANE_ANGLE_UNIT() SI_UNIT($,.RADIAN.) );
#200 = ( NAMED_UNIT(*) SI_UNIT($,.STERADIAN.) SOLID_ANGLE_UNIT() );
#201 = UNCERTAINTY_MEASURE_WITH_UNIT(LENGTH_MEASURE(1.E-07),#198,
  'distance_accuracy_value','confusion accuracy');
#202 = CONTEXT_DEPENDENT_SHAPE_REPRESENTATION(#203,#205);
#203 = ( REPRESENTATION_RELATIONSHIP('','',#192,#10) 
REPRESENTATION_RELATIONSHIP_WITH_TRANSFORMATION(#204) 
SHAPE_REPRESENTATION_RELATIONSHIP() );
#204 = ITEM_DEFINED_TRANSFORMATION('','',#11,#15);
#205 = PRODUCT_DEFINITION_SHAPE('Placement','Placement of an item',#206
  );
#206 = NEXT_ASSEMBLY_USAGE_OCCURRENCE('2','C17','',#5,#187,$);
#207 = PRODUCT_RELATED_PRODUCT_CATEGORY('part',$,(#189));
#208 = SHAPE_DEFINITION_REPRESENTATION(#209,#215);
#209 = PRODUCT_DEFINITION_SHAPE('','',#210);
#210 = PRODUCT_DEFINITION('design','',#211,#214);
#211 = PRODUCT_DEFINITION_FORMATION('','',#212);
#212 = PRODUCT('C_0603_1608Metric','C_0603_1608Metric','',(#213));
#213 = PRODUCT_CONTEXT('',#2,'mechanical');
#214 = PRODUCT_DEFINITION_CONTEXT('part definition',#2,'design');
#215 = ADVANCED_BREP_SHAPE_REPRESENTATION('',(#11,#216),#1070);
#216 = MANIFOLD_SOLID_BREP('',#217);
#217 = CLOSED_SHELL('',(#218,#294,#325,#350,#375,#399,#423,#448,#473,
    #490,#576,#608,#632,#657,#681,#706,#730,#755,#772,#858,#889,#914,
    #939,#963,#987,#1012,#1037,#1054));
#218 = ADVANCED_FACE('',(#219),#289,.F.);
#219 = FACE_BOUND('',#220,.F.);
#220 = EDGE_LOOP('',(#221,#231,#240,#248,#257,#265,#274,#282));
#221 = ORIENTED_EDGE('',*,*,#222,.F.);
#222 = EDGE_CURVE('',#223,#225,#227,.T.);
#223 = VERTEX_POINT('',#224);
#224 = CARTESIAN_POINT('',(-0.8,-0.4,3.E-02));
#225 = VERTEX_POINT('',#226);
#226 = CARTESIAN_POINT('',(-0.8,-0.4,0.77));
#227 = LINE('',#228,#229);
#228 = CARTESIAN_POINT('',(-0.8,-0.4,0.));
#229 = VECTOR('',#230,1.);
#230 = DIRECTION('',(0.,0.,1.));
#231 = ORIENTED_EDGE('',*,*,#232,.T.);
#232 = EDGE_CURVE('',#223,#233,#235,.T.);
#233 = VERTEX_POINT('',#234);
#234 = CARTESIAN_POINT('',(-0.8,-0.37,0.));
#235 = CIRCLE('',#236,3.E-02);
#236 = AXIS2_PLACEMENT_3D('',#237,#238,#239);
#237 = CARTESIAN_POINT('',(-0.8,-0.37,3.E-02));
#238 = DIRECTION('',(1.,0.,-0.));
#239 = DIRECTION('',(0.,0.,1.));
#240 = ORIENTED_EDGE('',*,*,#241,.T.);
#241 = EDGE_CURVE('',#233,#242,#244,.T.);
#242 = VERTEX_POINT('',#243);
#243 = CARTESIAN_POINT('',(-0.8,0.37,0.));
#244 = LINE('',#245,#246);
#245 = CARTESIAN_POINT('',(-0.8,-0.4,0.));
#246 = VECTOR('',#247,1.);
#247 = DIRECTION('',(0.,1.,0.));
#248 = ORIENTED_EDGE('',*,*,#249,.F.);
#249 = EDGE_CURVE('',#250,#242,#252,.T.);
#250 = VERTEX_POINT('',#251);
#251 = CARTESIAN_POINT('',(-0.8,0.4,3.E-02));
#252 = CIRCLE('',#253,3.E-02);
#253 = AXIS2_PLACEMENT_3D('',#254,#255,#256);
#254 = CARTESIAN_POINT('',(-0.8,0.37,3.E-02));
#255 = DIRECTION('',(-1.,0.,0.));
#256 = DIRECTION('',(0.,0.,1.));
#257 = ORIENTED_EDGE('',*,*,#258,.T.);
#258 = EDGE_CURVE('',#250,#259,#261,.T.);
#259 = VERTEX_POINT('',#260);
#260 = CARTESIAN_POINT('',(-0.8,0.4,0.77));
#261 = LINE('',#262,#263);
#262 = CARTESIAN_POINT('',(-0.8,0.4,0.));
#263 = VECTOR('',#264,1.);
#264 = DIRECTION('',(0.,0.,1.));
#265 = ORIENTED_EDGE('',*,*,#266,.T.);
#266 = EDGE_CURVE('',#259,#267,#269,.T.);
#267 = VERTEX_POINT('',#268);
#268 = CARTESIAN_POINT('',(-0.8,0.37,0.8));
#269 = CIRCLE('',#270,3.E-02);
#270 = AXIS2_PLACEMENT_3D('',#271,#272,#273);
#271 = CARTESIAN_POINT('',(-0.8,0.37,0.77));
#272 = DIRECTION('',(1.,0.,-0.));
#273 = DIRECTION('',(0.,0.,1.));
#274 = ORIENTED_EDGE('',*,*,#275,.F.);
#275 = EDGE_CURVE('',#276,#267,#278,.T.);
#276 = VERTEX_POINT('',#277);
#277 = CARTESIAN_POINT('',(-0.8,-0.37,0.8));
#278 = LINE('',#279,#280);
#279 = CARTESIAN_POINT('',(-0.8,-0.4,0.8));
#280 = VECTOR('',#281,1.);
#281 = DIRECTION('',(0.,1.,0.));
#282 = ORIENTED_EDGE('',*,*,#283,.F.);
#283 = EDGE_CURVE('',#225,#276,#284,.T.);
#284 = CIRCLE('',#285,3.E-02);
#285 = AXIS2_PLACEMENT_3D('',#286,#287,#288);
#286 = CARTESIAN_POINT('',(-0.8,-0.37,0.77));
#287 = DIRECTION('',(-1.,0.,0.));
#288 = DIRECTION('',(0.,0.,1.));
#289 = PLANE('',#290);
#290 = AXIS2_PLACEMENT_3D('',#291,#292,#293);
#291 = CARTESIAN_POINT('',(-0.8,-0.4,0.));
#292 = DIRECTION('',(1.,0.,0.));
#293 = DIRECTION('',(0.,0.,1.));
#294 = ADVANCED_FACE('',(#295),#320,.F.);
#295 = FACE_BOUND('',#296,.F.);
#296 = EDGE_LOOP('',(#297,#307,#313,#314));
#297 = ORIENTED_EDGE('',*,*,#298,.F.);
#298 = EDGE_CURVE('',#299,#301,#303,.T.);
#299 = VERTEX_POINT('',#300);
#300 = CARTESIAN_POINT('',(-0.5,-0.4,3.E-02));
#301 = VERTEX_POINT('',#302);
#302 = CARTESIAN_POINT('',(-0.5,-0.4,0.77));
#303 = LINE('',#304,#305);
#304 = CARTESIAN_POINT('',(-0.5,-0.4,0.));
#305 = VECTOR('',#306,1.);
#306 = DIRECTION('',(0.,0.,1.));
#307 = ORIENTED_EDGE('',*,*,#308,.F.);
#308 = EDGE_CURVE('',#223,#299,#309,.T.);
#309 = LINE('',#310,#311);
#310 = CARTESIAN_POINT('',(-0.8,-0.4,3.E-02));
#311 = VECTOR('',#312,1.);
#312 = DIRECTION('',(1.,0.,0.));
#313 = ORIENTED_EDGE('',*,*,#222,.T.);
#314 = ORIENTED_EDGE('',*,*,#315,.T.);
#315 = EDGE_CURVE('',#225,#301,#316,.T.);
#316 = LINE('',#317,#318);
#317 = CARTESIAN_POINT('',(-0.8,-0.4,0.77));
#318 = VECTOR('',#319,1.);
#319 = DIRECTION('',(1.,0.,0.));
#320 = PLANE('',#321);
#321 = AXIS2_PLACEMENT_3D('',#322,#323,#324);
#322 = CARTESIAN_POINT('',(-0.8,-0.4,0.));
#323 = DIRECTION('',(0.,1.,0.));
#324 = DIRECTION('',(0.,-0.,1.));
#325 = ADVANCED_FACE('',(#326),#345,.T.);
#326 = FACE_BOUND('',#327,.T.);
#327 = EDGE_LOOP('',(#328,#329,#337,#344));
#328 = ORIENTED_EDGE('',*,*,#232,.T.);
#329 = ORIENTED_EDGE('',*,*,#330,.T.);
#330 = EDGE_CURVE('',#233,#331,#333,.T.);
#331 = VERTEX_POINT('',#332);
#332 = CARTESIAN_POINT('',(-0.5,-0.37,0.));
#333 = LINE('',#334,#335);
#334 = CARTESIAN_POINT('',(-0.8,-0.37,0.));
#335 = VECTOR('',#336,1.);
#336 = DIRECTION('',(1.,0.,0.));
#337 = ORIENTED_EDGE('',*,*,#338,.F.);
#338 = EDGE_CURVE('',#299,#331,#339,.T.);
#339 = CIRCLE('',#340,3.E-02);
#340 = AXIS2_PLACEMENT_3D('',#341,#342,#343);
#341 = CARTESIAN_POINT('',(-0.5,-0.37,3.E-02));
#342 = DIRECTION('',(1.,0.,-0.));
#343 = DIRECTION('',(0.,0.,1.));
#344 = ORIENTED_EDGE('',*,*,#308,.F.);
#345 = CYLINDRICAL_SURFACE('',#346,3.E-02);
#346 = AXIS2_PLACEMENT_3D('',#347,#348,#349);
#347 = CARTESIAN_POINT('',(-0.8,-0.37,3.E-02));
#348 = DIRECTION('',(1.,0.,0.));
#349 = DIRECTION('',(0.,-1.,0.));
#350 = ADVANCED_FACE('',(#351),#370,.T.);
#351 = FACE_BOUND('',#352,.T.);
#352 = EDGE_LOOP('',(#353,#354,#363,#369));
#353 = ORIENTED_EDGE('',*,*,#315,.T.);
#354 = ORIENTED_EDGE('',*,*,#355,.T.);
#355 = EDGE_CURVE('',#301,#356,#358,.T.);
#356 = VERTEX_POINT('',#357);
#357 = CARTESIAN_POINT('',(-0.5,-0.37,0.8));
#358 = CIRCLE('',#359,3.E-02);
#359 = AXIS2_PLACEMENT_3D('',#360,#361,#362);
#360 = CARTESIAN_POINT('',(-0.5,-0.37,0.77));
#361 = DIRECTION('',(-1.,0.,0.));
#362 = DIRECTION('',(0.,0.,1.));
#363 = ORIENTED_EDGE('',*,*,#364,.F.);
#364 = EDGE_CURVE('',#276,#356,#365,.T.);
#365 = LINE('',#366,#367);
#366 = CARTESIAN_POINT('',(-0.8,-0.37,0.8));
#367 = VECTOR('',#368,1.);
#368 = DIRECTION('',(1.,0.,0.));
#369 = ORIENTED_EDGE('',*,*,#283,.F.);
#370 = CYLINDRICAL_SURFACE('',#371,3.E-02);
#371 = AXIS2_PLACEMENT_3D('',#372,#373,#374);
#372 = CARTESIAN_POINT('',(-0.8,-0.37,0.77));
#373 = DIRECTION('',(1.,0.,0.));
#374 = DIRECTION('',(0.,-1.,0.));
#375 = ADVANCED_FACE('',(#376),#394,.F.);
#376 = FACE_BOUND('',#377,.F.);
#377 = EDGE_LOOP('',(#378,#379,#380,#388));
#378 = ORIENTED_EDGE('',*,*,#241,.F.);
#379 = ORIENTED_EDGE('',*,*,#330,.T.);
#380 = ORIENTED_EDGE('',*,*,#381,.T.);
#381 = EDGE_CURVE('',#331,#382,#384,.T.);
#382 = VERTEX_POINT('',#383);
#383 = CARTESIAN_POINT('',(-0.5,0.37,0.));
#384 = LINE('',#385,#386);
#385 = CARTESIAN_POINT('',(-0.5,-0.4,0.));
#386 = VECTOR('',#387,1.);
#387 = DIRECTION('',(0.,1.,0.));
#388 = ORIENTED_EDGE('',*,*,#389,.F.);
#389 = EDGE_CURVE('',#242,#382,#390,.T.);
#390 = LINE('',#391,#392);
#391 = CARTESIAN_POINT('',(-0.8,0.37,0.));
#392 = VECTOR('',#393,1.);
#393 = DIRECTION('',(1.,0.,0.));
#394 = PLANE('',#395);
#395 = AXIS2_PLACEMENT_3D('',#396,#397,#398);
#396 = CARTESIAN_POINT('',(-0.8,-0.4,0.));
#397 = DIRECTION('',(0.,0.,1.));
#398 = DIRECTION('',(1.,0.,-0.));
#399 = ADVANCED_FACE('',(#400),#418,.T.);
#400 = FACE_BOUND('',#401,.T.);
#401 = EDGE_LOOP('',(#402,#403,#404,#412));
#402 = ORIENTED_EDGE('',*,*,#275,.F.);
#403 = ORIENTED_EDGE('',*,*,#364,.T.);
#404 = ORIENTED_EDGE('',*,*,#405,.T.);
#405 = EDGE_CURVE('',#356,#406,#408,.T.);
#406 = VERTEX_POINT('',#407);
#407 = CARTESIAN_POINT('',(-0.5,0.37,0.8));
#408 = LINE('',#409,#410);
#409 = CARTESIAN_POINT('',(-0.5,-0.4,0.8));
#410 = VECTOR('',#411,1.);
#411 = DIRECTION('',(0.,1.,0.));
#412 = ORIENTED_EDGE('',*,*,#413,.F.);
#413 = EDGE_CURVE('',#267,#406,#414,.T.);
#414 = LINE('',#415,#416);
#415 = CARTESIAN_POINT('',(-0.8,0.37,0.8));
#416 = VECTOR('',#417,1.);
#417 = DIRECTION('',(1.,0.,0.));
#418 = PLANE('',#419);
#419 = AXIS2_PLACEMENT_3D('',#420,#421,#422);
#420 = CARTESIAN_POINT('',(-0.8,-0.4,0.8));
#421 = DIRECTION('',(0.,0.,1.));
#422 = DIRECTION('',(1.,0.,-0.));
#423 = ADVANCED_FACE('',(#424),#443,.T.);
#424 = FACE_BOUND('',#425,.T.);
#425 = EDGE_LOOP('',(#426,#434,#441,#442));
#426 = ORIENTED_EDGE('',*,*,#427,.T.);
#427 = EDGE_CURVE('',#250,#428,#430,.T.);
#428 = VERTEX_POINT('',#429);
#429 = CARTESIAN_POINT('',(-0.5,0.4,3.E-02));
#430 = LINE('',#431,#432);
#431 = CARTESIAN_POINT('',(-0.8,0.4,3.E-02));
#432 = VECTOR('',#433,1.);
#433 = DIRECTION('',(1.,0.,0.));
#434 = ORIENTED_EDGE('',*,*,#435,.T.);
#435 = EDGE_CURVE('',#428,#382,#436,.T.);
#436 = CIRCLE('',#437,3.E-02);
#437 = AXIS2_PLACEMENT_3D('',#438,#439,#440);
#438 = CARTESIAN_POINT('',(-0.5,0.37,3.E-02));
#439 = DIRECTION('',(-1.,0.,0.));
#440 = DIRECTION('',(0.,0.,1.));
#441 = ORIENTED_EDGE('',*,*,#389,.F.);
#442 = ORIENTED_EDGE('',*,*,#249,.F.);
#443 = CYLINDRICAL_SURFACE('',#444,3.E-02);
#444 = AXIS2_PLACEMENT_3D('',#445,#446,#447);
#445 = CARTESIAN_POINT('',(-0.8,0.37,3.E-02));
#446 = DIRECTION('',(1.,0.,0.));
#447 = DIRECTION('',(-0.,1.,0.));
#448 = ADVANCED_FACE('',(#449),#468,.T.);
#449 = FACE_BOUND('',#450,.T.);
#450 = EDGE_LOOP('',(#451,#452,#453,#462));
#451 = ORIENTED_EDGE('',*,*,#266,.T.);
#452 = ORIENTED_EDGE('',*,*,#413,.T.);
#453 = ORIENTED_EDGE('',*,*,#454,.F.);
#454 = EDGE_CURVE('',#455,#406,#457,.T.);
#455 = VERTEX_POINT('',#456);
#456 = CARTESIAN_POINT('',(-0.5,0.4,0.77));
#457 = CIRCLE('',#458,3.E-02);
#458 = AXIS2_PLACEMENT_3D('',#459,#460,#461);
#459 = CARTESIAN_POINT('',(-0.5,0.37,0.77));
#460 = DIRECTION('',(1.,0.,-0.));
#461 = DIRECTION('',(0.,0.,1.));
#462 = ORIENTED_EDGE('',*,*,#463,.F.);
#463 = EDGE_CURVE('',#259,#455,#464,.T.);
#464 = LINE('',#465,#466);
#465 = CARTESIAN_POINT('',(-0.8,0.4,0.77));
#466 = VECTOR('',#467,1.);
#467 = DIRECTION('',(1.,0.,0.));
#468 = CYLINDRICAL_SURFACE('',#469,3.E-02);
#469 = AXIS2_PLACEMENT_3D('',#470,#471,#472);
#470 = CARTESIAN_POINT('',(-0.8,0.37,0.77));
#471 = DIRECTION('',(1.,0.,0.));
#472 = DIRECTION('',(-0.,1.,0.));
#473 = ADVANCED_FACE('',(#474),#485,.T.);
#474 = FACE_BOUND('',#475,.T.);
#475 = EDGE_LOOP('',(#476,#482,#483,#484));
#476 = ORIENTED_EDGE('',*,*,#477,.F.);
#477 = EDGE_CURVE('',#428,#455,#478,.T.);
#478 = LINE('',#479,#480);
#479 = CARTESIAN_POINT('',(-0.5,0.4,0.));
#480 = VECTOR('',#481,1.);
#481 = DIRECTION('',(0.,0.,1.));
#482 = ORIENTED_EDGE('',*,*,#427,.F.);
#483 = ORIENTED_EDGE('',*,*,#258,.T.);
#484 = ORIENTED_EDGE('',*,*,#463,.T.);
#485 = PLANE('',#486);
#486 = AXIS2_PLACEMENT_3D('',#487,#488,#489);
#487 = CARTESIAN_POINT('',(-0.8,0.4,0.));
#488 = DIRECTION('',(0.,1.,0.));
#489 = DIRECTION('',(0.,-0.,1.));
#490 = ADVANCED_FACE('',(#491,#501),#571,.T.);
#491 = FACE_BOUND('',#492,.T.);
#492 = EDGE_LOOP('',(#493,#494,#495,#496,#497,#498,#499,#500));
#493 = ORIENTED_EDGE('',*,*,#298,.F.);
#494 = ORIENTED_EDGE('',*,*,#338,.T.);
#495 = ORIENTED_EDGE('',*,*,#381,.T.);
#496 = ORIENTED_EDGE('',*,*,#435,.F.);
#497 = ORIENTED_EDGE('',*,*,#477,.T.);
#498 = ORIENTED_EDGE('',*,*,#454,.T.);
#499 = ORIENTED_EDGE('',*,*,#405,.F.);
#500 = ORIENTED_EDGE('',*,*,#355,.F.);
#501 = FACE_BOUND('',#502,.T.);
#502 = EDGE_LOOP('',(#503,#514,#522,#531,#539,#548,#556,#565));
#503 = ORIENTED_EDGE('',*,*,#504,.F.);
#504 = EDGE_CURVE('',#505,#507,#509,.T.);
#505 = VERTEX_POINT('',#506);
#506 = CARTESIAN_POINT('',(-0.5,-0.37,6.E-02));
#507 = VERTEX_POINT('',#508);
#508 = CARTESIAN_POINT('',(-0.5,-0.34,3.E-02));
#509 = CIRCLE('',#510,3.E-02);
#510 = AXIS2_PLACEMENT_3D('',#511,#512,#513);
#511 = CARTESIAN_POINT('',(-0.5,-0.34,6.E-02));
#512 = DIRECTION('',(1.,0.,-0.));
#513 = DIRECTION('',(0.,0.,1.));
#514 = ORIENTED_EDGE('',*,*,#515,.T.);
#515 = EDGE_CURVE('',#505,#516,#518,.T.);
#516 = VERTEX_POINT('',#517);
#517 = CARTESIAN_POINT('',(-0.5,-0.37,0.74));
#518 = LINE('',#519,#520);
#519 = CARTESIAN_POINT('',(-0.5,-0.37,3.E-02));
#520 = VECTOR('',#521,1.);
#521 = DIRECTION('',(0.,0.,1.));
#522 = ORIENTED_EDGE('',*,*,#523,.T.);
#523 = EDGE_CURVE('',#516,#524,#526,.T.);
#524 = VERTEX_POINT('',#525);
#525 = CARTESIAN_POINT('',(-0.5,-0.34,0.77));
#526 = CIRCLE('',#527,3.E-02);
#527 = AXIS2_PLACEMENT_3D('',#528,#529,#530);
#528 = CARTESIAN_POINT('',(-0.5,-0.34,0.74));
#529 = DIRECTION('',(-1.,0.,0.));
#530 = DIRECTION('',(0.,0.,1.));
#531 = ORIENTED_EDGE('',*,*,#532,.T.);
#532 = EDGE_CURVE('',#524,#533,#535,.T.);
#533 = VERTEX_POINT('',#534);
#534 = CARTESIAN_POINT('',(-0.5,0.34,0.77));
#535 = LINE('',#536,#537);
#536 = CARTESIAN_POINT('',(-0.5,-0.37,0.77));
#537 = VECTOR('',#538,1.);
#538 = DIRECTION('',(0.,1.,0.));
#539 = ORIENTED_EDGE('',*,*,#540,.F.);
#540 = EDGE_CURVE('',#541,#533,#543,.T.);
#541 = VERTEX_POINT('',#542);
#542 = CARTESIAN_POINT('',(-0.5,0.37,0.74));
#543 = CIRCLE('',#544,3.E-02);
#544 = AXIS2_PLACEMENT_3D('',#545,#546,#547);
#545 = CARTESIAN_POINT('',(-0.5,0.34,0.74));
#546 = DIRECTION('',(1.,0.,-0.));
#547 = DIRECTION('',(0.,0.,1.));
#548 = ORIENTED_EDGE('',*,*,#549,.F.);
#549 = EDGE_CURVE('',#550,#541,#552,.T.);
#550 = VERTEX_POINT('',#551);
#551 = CARTESIAN_POINT('',(-0.5,0.37,6.E-02));
#552 = LINE('',#553,#554);
#553 = CARTESIAN_POINT('',(-0.5,0.37,3.E-02));
#554 = VECTOR('',#555,1.);
#555 = DIRECTION('',(0.,0.,1.));
#556 = ORIENTED_EDGE('',*,*,#557,.T.);
#557 = EDGE_CURVE('',#550,#558,#560,.T.);
#558 = VERTEX_POINT('',#559);
#559 = CARTESIAN_POINT('',(-0.5,0.34,3.E-02));
#560 = CIRCLE('',#561,3.E-02);
#561 = AXIS2_PLACEMENT_3D('',#562,#563,#564);
#562 = CARTESIAN_POINT('',(-0.5,0.34,6.E-02));
#563 = DIRECTION('',(-1.,0.,0.));
#564 = DIRECTION('',(0.,0.,1.));
#565 = ORIENTED_EDGE('',*,*,#566,.F.);
#566 = EDGE_CURVE('',#507,#558,#567,.T.);
#567 = LINE('',#568,#569);
#568 = CARTESIAN_POINT('',(-0.5,-0.37,3.E-02));
#569 = VECTOR('',#570,1.);
#570 = DIRECTION('',(0.,1.,0.));
#571 = PLANE('',#572);
#572 = AXIS2_PLACEMENT_3D('',#573,#574,#575);
#573 = CARTESIAN_POINT('',(-0.5,-0.4,0.));
#574 = DIRECTION('',(1.,0.,0.));
#575 = DIRECTION('',(0.,0.,1.));
#576 = ADVANCED_FACE('',(#577),#603,.T.);
#577 = FACE_BOUND('',#578,.T.);
#578 = EDGE_LOOP('',(#579,#580,#588,#597));
#579 = ORIENTED_EDGE('',*,*,#504,.T.);
#580 = ORIENTED_EDGE('',*,*,#581,.T.);
#581 = EDGE_CURVE('',#507,#582,#584,.T.);
#582 = VERTEX_POINT('',#583);
#583 = CARTESIAN_POINT('',(0.5,-0.34,3.E-02));
#584 = LINE('',#585,#586);
#585 = CARTESIAN_POINT('',(-0.5,-0.34,3.E-02));
#586 = VECTOR('',#587,1.);
#587 = DIRECTION('',(1.,0.,0.));
#588 = ORIENTED_EDGE('',*,*,#589,.F.);
#589 = EDGE_CURVE('',#590,#582,#592,.T.);
#590 = VERTEX_POINT('',#591);
#591 = CARTESIAN_POINT('',(0.5,-0.37,6.E-02));
#592 = CIRCLE('',#593,3.E-02);
#593 = AXIS2_PLACEMENT_3D('',#594,#595,#596);
#594 = CARTESIAN_POINT('',(0.5,-0.34,6.E-02));
#595 = DIRECTION('',(1.,0.,-0.));
#596 = DIRECTION('',(0.,0.,1.));
#597 = ORIENTED_EDGE('',*,*,#598,.F.);
#598 = EDGE_CURVE('',#505,#590,#599,.T.);
#599 = LINE('',#600,#601);
#600 = CARTESIAN_POINT('',(-0.5,-0.37,6.E-02));
#601 = VECTOR('',#602,1.);
#602 = DIRECTION('',(1.,0.,0.));
#603 = CYLINDRICAL_SURFACE('',#604,3.E-02);
#604 = AXIS2_PLACEMENT_3D('',#605,#606,#607);
#605 = CARTESIAN_POINT('',(-0.5,-0.34,6.E-02));
#606 = DIRECTION('',(1.,0.,0.));
#607 = DIRECTION('',(0.,-1.,0.));
#608 = ADVANCED_FACE('',(#609),#627,.F.);
#609 = FACE_BOUND('',#610,.F.);
#610 = EDGE_LOOP('',(#611,#612,#613,#621));
#611 = ORIENTED_EDGE('',*,*,#566,.F.);
#612 = ORIENTED_EDGE('',*,*,#581,.T.);
#613 = ORIENTED_EDGE('',*,*,#614,.T.);
#614 = EDGE_CURVE('',#582,#615,#617,.T.);
#615 = VERTEX_POINT('',#616);
#616 = CARTESIAN_POINT('',(0.5,0.34,3.E-02));
#617 = LINE('',#618,#619);
#618 = CARTESIAN_POINT('',(0.5,-0.37,3.E-02));
#619 = VECTOR('',#620,1.);
#620 = DIRECTION('',(0.,1.,0.));
#621 = ORIENTED_EDGE('',*,*,#622,.F.);
#622 = EDGE_CURVE('',#558,#615,#623,.T.);
#623 = LINE('',#624,#625);
#624 = CARTESIAN_POINT('',(-0.5,0.34,3.E-02));
#625 = VECTOR('',#626,1.);
#626 = DIRECTION('',(1.,0.,0.));
#627 = PLANE('',#628);
#628 = AXIS2_PLACEMENT_3D('',#629,#630,#631);
#629 = CARTESIAN_POINT('',(-0.5,-0.37,3.E-02));
#630 = DIRECTION('',(0.,0.,1.));
#631 = DIRECTION('',(1.,0.,-0.));
#632 = ADVANCED_FACE('',(#633),#652,.T.);
#633 = FACE_BOUND('',#634,.T.);
#634 = EDGE_LOOP('',(#635,#643,#650,#651));
#635 = ORIENTED_EDGE('',*,*,#636,.T.);
#636 = EDGE_CURVE('',#550,#637,#639,.T.);
#637 = VERTEX_POINT('',#638);
#638 = CARTESIAN_POINT('',(0.5,0.37,6.E-02));
#639 = LINE('',#640,#641);
#640 = CARTESIAN_POINT('',(-0.5,0.37,6.E-02));
#641 = VECTOR('',#642,1.);
#642 = DIRECTION('',(1.,0.,0.));
#643 = ORIENTED_EDGE('',*,*,#644,.T.);
#644 = EDGE_CURVE('',#637,#615,#645,.T.);
#645 = CIRCLE('',#646,3.E-02);
#646 = AXIS2_PLACEMENT_3D('',#647,#648,#649);
#647 = CARTESIAN_POINT('',(0.5,0.34,6.E-02));
#648 = DIRECTION('',(-1.,0.,0.));
#649 = DIRECTION('',(0.,0.,1.));
#650 = ORIENTED_EDGE('',*,*,#622,.F.);
#651 = ORIENTED_EDGE('',*,*,#557,.F.);
#652 = CYLINDRICAL_SURFACE('',#653,3.E-02);
#653 = AXIS2_PLACEMENT_3D('',#654,#655,#656);
#654 = CARTESIAN_POINT('',(-0.5,0.34,6.E-02));
#655 = DIRECTION('',(1.,0.,0.));
#656 = DIRECTION('',(-0.,1.,0.));
#657 = ADVANCED_FACE('',(#658),#676,.T.);
#658 = FACE_BOUND('',#659,.T.);
#659 = EDGE_LOOP('',(#660,#668,#669,#670));
#660 = ORIENTED_EDGE('',*,*,#661,.F.);
#661 = EDGE_CURVE('',#637,#662,#664,.T.);
#662 = VERTEX_POINT('',#663);
#663 = CARTESIAN_POINT('',(0.5,0.37,0.74));
#664 = LINE('',#665,#666);
#665 = CARTESIAN_POINT('',(0.5,0.37,3.E-02));
#666 = VECTOR('',#667,1.);
#667 = DIRECTION('',(0.,0.,1.));
#668 = ORIENTED_EDGE('',*,*,#636,.F.);
#669 = ORIENTED_EDGE('',*,*,#549,.T.);
#670 = ORIENTED_EDGE('',*,*,#671,.T.);
#671 = EDGE_CURVE('',#541,#662,#672,.T.);
#672 = LINE('',#673,#674);
#673 = CARTESIAN_POINT('',(-0.5,0.37,0.74));
#674 = VECTOR('',#675,1.);
#675 = DIRECTION('',(1.,0.,0.));
#676 = PLANE('',#677);
#677 = AXIS2_PLACEMENT_3D('',#678,#679,#680);
#678 = CARTESIAN_POINT('',(-0.5,0.37,3.E-02));
#679 = DIRECTION('',(0.,1.,0.));
#680 = DIRECTION('',(0.,-0.,1.));
#681 = ADVANCED_FACE('',(#682),#701,.T.);
#682 = FACE_BOUND('',#683,.T.);
#683 = EDGE_LOOP('',(#684,#685,#693,#700));
#684 = ORIENTED_EDGE('',*,*,#540,.T.);
#685 = ORIENTED_EDGE('',*,*,#686,.T.);
#686 = EDGE_CURVE('',#533,#687,#689,.T.);
#687 = VERTEX_POINT('',#688);
#688 = CARTESIAN_POINT('',(0.5,0.34,0.77));
#689 = LINE('',#690,#691);
#690 = CARTESIAN_POINT('',(-0.5,0.34,0.77));
#691 = VECTOR('',#692,1.);
#692 = DIRECTION('',(1.,0.,0.));
#693 = ORIENTED_EDGE('',*,*,#694,.F.);
#694 = EDGE_CURVE('',#662,#687,#695,.T.);
#695 = CIRCLE('',#696,3.E-02);
#696 = AXIS2_PLACEMENT_3D('',#697,#698,#699);
#697 = CARTESIAN_POINT('',(0.5,0.34,0.74));
#698 = DIRECTION('',(1.,0.,-0.));
#699 = DIRECTION('',(0.,0.,1.));
#700 = ORIENTED_EDGE('',*,*,#671,.F.);
#701 = CYLINDRICAL_SURFACE('',#702,3.E-02);
#702 = AXIS2_PLACEMENT_3D('',#703,#704,#705);
#703 = CARTESIAN_POINT('',(-0.5,0.34,0.74));
#704 = DIRECTION('',(1.,0.,0.));
#705 = DIRECTION('',(-0.,1.,0.));
#706 = ADVANCED_FACE('',(#707),#725,.T.);
#707 = FACE_BOUND('',#708,.T.);
#708 = EDGE_LOOP('',(#709,#710,#718,#724));
#709 = ORIENTED_EDGE('',*,*,#532,.F.);
#710 = ORIENTED_EDGE('',*,*,#711,.T.);
#711 = EDGE_CURVE('',#524,#712,#714,.T.);
#712 = VERTEX_POINT('',#713);
#713 = CARTESIAN_POINT('',(0.5,-0.34,0.77));
#714 = LINE('',#715,#716);
#715 = CARTESIAN_POINT('',(-0.5,-0.34,0.77));
#716 = VECTOR('',#717,1.);
#717 = DIRECTION('',(1.,0.,0.));
#718 = ORIENTED_EDGE('',*,*,#719,.T.);
#719 = EDGE_CURVE('',#712,#687,#720,.T.);
#720 = LINE('',#721,#722);
#721 = CARTESIAN_POINT('',(0.5,-0.37,0.77));
#722 = VECTOR('',#723,1.);
#723 = DIRECTION('',(0.,1.,0.));
#724 = ORIENTED_EDGE('',*,*,#686,.F.);
#725 = PLANE('',#726);
#726 = AXIS2_PLACEMENT_3D('',#727,#728,#729);
#727 = CARTESIAN_POINT('',(-0.5,-0.37,0.77));
#728 = DIRECTION('',(0.,0.,1.));
#729 = DIRECTION('',(1.,0.,-0.));
#730 = ADVANCED_FACE('',(#731),#750,.T.);
#731 = FACE_BOUND('',#732,.T.);
#732 = EDGE_LOOP('',(#733,#741,#748,#749));
#733 = ORIENTED_EDGE('',*,*,#734,.T.);
#734 = EDGE_CURVE('',#516,#735,#737,.T.);
#735 = VERTEX_POINT('',#736);
#736 = CARTESIAN_POINT('',(0.5,-0.37,0.74));
#737 = LINE('',#738,#739);
#738 = CARTESIAN_POINT('',(-0.5,-0.37,0.74));
#739 = VECTOR('',#740,1.);
#740 = DIRECTION('',(1.,0.,0.));
#741 = ORIENTED_EDGE('',*,*,#742,.T.);
#742 = EDGE_CURVE('',#735,#712,#743,.T.);
#743 = CIRCLE('',#744,3.E-02);
#744 = AXIS2_PLACEMENT_3D('',#745,#746,#747);
#745 = CARTESIAN_POINT('',(0.5,-0.34,0.74));
#746 = DIRECTION('',(-1.,0.,0.));
#747 = DIRECTION('',(0.,0.,1.));
#748 = ORIENTED_EDGE('',*,*,#711,.F.);
#749 = ORIENTED_EDGE('',*,*,#523,.F.);
#750 = CYLINDRICAL_SURFACE('',#751,3.E-02);
#751 = AXIS2_PLACEMENT_3D('',#752,#753,#754);
#752 = CARTESIAN_POINT('',(-0.5,-0.34,0.74));
#753 = DIRECTION('',(1.,0.,0.));
#754 = DIRECTION('',(0.,-1.,0.));
#755 = ADVANCED_FACE('',(#756),#767,.F.);
#756 = FACE_BOUND('',#757,.F.);
#757 = EDGE_LOOP('',(#758,#764,#765,#766));
#758 = ORIENTED_EDGE('',*,*,#759,.F.);
#759 = EDGE_CURVE('',#590,#735,#760,.T.);
#760 = LINE('',#761,#762);
#761 = CARTESIAN_POINT('',(0.5,-0.37,3.E-02));
#762 = VECTOR('',#763,1.);
#763 = DIRECTION('',(0.,0.,1.));
#764 = ORIENTED_EDGE('',*,*,#598,.F.);
#765 = ORIENTED_EDGE('',*,*,#515,.T.);
#766 = ORIENTED_EDGE('',*,*,#734,.T.);
#767 = PLANE('',#768);
#768 = AXIS2_PLACEMENT_3D('',#769,#770,#771);
#769 = CARTESIAN_POINT('',(-0.5,-0.37,3.E-02));
#770 = DIRECTION('',(0.,1.,0.));
#771 = DIRECTION('',(0.,-0.,1.));
#772 = ADVANCED_FACE('',(#773,#843),#853,.F.);
#773 = FACE_BOUND('',#774,.F.);
#774 = EDGE_LOOP('',(#775,#785,#794,#802,#811,#819,#828,#836));
#775 = ORIENTED_EDGE('',*,*,#776,.F.);
#776 = EDGE_CURVE('',#777,#779,#781,.T.);
#777 = VERTEX_POINT('',#778);
#778 = CARTESIAN_POINT('',(0.5,-0.4,3.E-02));
#779 = VERTEX_POINT('',#780);
#780 = CARTESIAN_POINT('',(0.5,-0.4,0.77));
#781 = LINE('',#782,#783);
#782 = CARTESIAN_POINT('',(0.5,-0.4,0.));
#783 = VECTOR('',#784,1.);
#784 = DIRECTION('',(0.,0.,1.));
#785 = ORIENTED_EDGE('',*,*,#786,.T.);
#786 = EDGE_CURVE('',#777,#787,#789,.T.);
#787 = VERTEX_POINT('',#788);
#788 = CARTESIAN_POINT('',(0.5,-0.37,0.));
#789 = CIRCLE('',#790,3.E-02);
#790 = AXIS2_PLACEMENT_3D('',#791,#792,#793);
#791 = CARTESIAN_POINT('',(0.5,-0.37,3.E-02));
#792 = DIRECTION('',(1.,0.,-0.));
#793 = DIRECTION('',(0.,0.,1.));
#794 = ORIENTED_EDGE('',*,*,#795,.T.);
#795 = EDGE_CURVE('',#787,#796,#798,.T.);
#796 = VERTEX_POINT('',#797);
#797 = CARTESIAN_POINT('',(0.5,0.37,0.));
#798 = LINE('',#799,#800);
#799 = CARTESIAN_POINT('',(0.5,-0.4,0.));
#800 = VECTOR('',#801,1.);
#801 = DIRECTION('',(0.,1.,0.));
#802 = ORIENTED_EDGE('',*,*,#803,.F.);
#803 = EDGE_CURVE('',#804,#796,#806,.T.);
#804 = VERTEX_POINT('',#805);
#805 = CARTESIAN_POINT('',(0.5,0.4,3.E-02));
#806 = CIRCLE('',#807,3.E-02);
#807 = AXIS2_PLACEMENT_3D('',#808,#809,#810);
#808 = CARTESIAN_POINT('',(0.5,0.37,3.E-02));
#809 = DIRECTION('',(-1.,0.,0.));
#810 = DIRECTION('',(0.,0.,1.));
#811 = ORIENTED_EDGE('',*,*,#812,.T.);
#812 = EDGE_CURVE('',#804,#813,#815,.T.);
#813 = VERTEX_POINT('',#814);
#814 = CARTESIAN_POINT('',(0.5,0.4,0.77));
#815 = LINE('',#816,#817);
#816 = CARTESIAN_POINT('',(0.5,0.4,0.));
#817 = VECTOR('',#818,1.);
#818 = DIRECTION('',(0.,0.,1.));
#819 = ORIENTED_EDGE('',*,*,#820,.T.);
#820 = EDGE_CURVE('',#813,#821,#823,.T.);
#821 = VERTEX_POINT('',#822);
#822 = CARTESIAN_POINT('',(0.5,0.37,0.8));
#823 = CIRCLE('',#824,3.E-02);
#824 = AXIS2_PLACEMENT_3D('',#825,#826,#827);
#825 = CARTESIAN_POINT('',(0.5,0.37,0.77));
#826 = DIRECTION('',(1.,0.,-0.));
#827 = DIRECTION('',(0.,0.,1.));
#828 = ORIENTED_EDGE('',*,*,#829,.F.);
#829 = EDGE_CURVE('',#830,#821,#832,.T.);
#830 = VERTEX_POINT('',#831);
#831 = CARTESIAN_POINT('',(0.5,-0.37,0.8));
#832 = LINE('',#833,#834);
#833 = CARTESIAN_POINT('',(0.5,-0.4,0.8));
#834 = VECTOR('',#835,1.);
#835 = DIRECTION('',(0.,1.,0.));
#836 = ORIENTED_EDGE('',*,*,#837,.F.);
#837 = EDGE_CURVE('',#779,#830,#838,.T.);
#838 = CIRCLE('',#839,3.E-02);
#839 = AXIS2_PLACEMENT_3D('',#840,#841,#842);
#840 = CARTESIAN_POINT('',(0.5,-0.37,0.77));
#841 = DIRECTION('',(-1.,0.,0.));
#842 = DIRECTION('',(0.,0.,1.));
#843 = FACE_BOUND('',#844,.F.);
#844 = EDGE_LOOP('',(#845,#846,#847,#848,#849,#850,#851,#852));
#845 = ORIENTED_EDGE('',*,*,#589,.F.);
#846 = ORIENTED_EDGE('',*,*,#759,.T.);
#847 = ORIENTED_EDGE('',*,*,#742,.T.);
#848 = ORIENTED_EDGE('',*,*,#719,.T.);
#849 = ORIENTED_EDGE('',*,*,#694,.F.);
#850 = ORIENTED_EDGE('',*,*,#661,.F.);
#851 = ORIENTED_EDGE('',*,*,#644,.T.);
#852 = ORIENTED_EDGE('',*,*,#614,.F.);
#853 = PLANE('',#854);
#854 = AXIS2_PLACEMENT_3D('',#855,#856,#857);
#855 = CARTESIAN_POINT('',(0.5,-0.4,0.));
#856 = DIRECTION('',(1.,0.,0.));
#857 = DIRECTION('',(0.,0.,1.));
#858 = ADVANCED_FACE('',(#859),#884,.F.);
#859 = FACE_BOUND('',#860,.F.);
#860 = EDGE_LOOP('',(#861,#871,#877,#878));
#861 = ORIENTED_EDGE('',*,*,#862,.F.);
#862 = EDGE_CURVE('',#863,#865,#867,.T.);
#863 = VERTEX_POINT('',#864);
#864 = CARTESIAN_POINT('',(0.8,-0.4,3.E-02));
#865 = VERTEX_POINT('',#866);
#866 = CARTESIAN_POINT('',(0.8,-0.4,0.77));
#867 = LINE('',#868,#869);
#868 = CARTESIAN_POINT('',(0.8,-0.4,0.));
#869 = VECTOR('',#870,1.);
#870 = DIRECTION('',(0.,0.,1.));
#871 = ORIENTED_EDGE('',*,*,#872,.F.);
#872 = EDGE_CURVE('',#777,#863,#873,.T.);
#873 = LINE('',#874,#875);
#874 = CARTESIAN_POINT('',(0.5,-0.4,3.E-02));
#875 = VECTOR('',#876,1.);
#876 = DIRECTION('',(1.,0.,0.));
#877 = ORIENTED_EDGE('',*,*,#776,.T.);
#878 = ORIENTED_EDGE('',*,*,#879,.T.);
#879 = EDGE_CURVE('',#779,#865,#880,.T.);
#880 = LINE('',#881,#882);
#881 = CARTESIAN_POINT('',(0.5,-0.4,0.77));
#882 = VECTOR('',#883,1.);
#883 = DIRECTION('',(1.,0.,0.));
#884 = PLANE('',#885);
#885 = AXIS2_PLACEMENT_3D('',#886,#887,#888);
#886 = CARTESIAN_POINT('',(0.5,-0.4,0.));
#887 = DIRECTION('',(0.,1.,0.));
#888 = DIRECTION('',(0.,-0.,1.));
#889 = ADVANCED_FACE('',(#890),#909,.T.);
#890 = FACE_BOUND('',#891,.T.);
#891 = EDGE_LOOP('',(#892,#893,#901,#908));
#892 = ORIENTED_EDGE('',*,*,#786,.T.);
#893 = ORIENTED_EDGE('',*,*,#894,.T.);
#894 = EDGE_CURVE('',#787,#895,#897,.T.);
#895 = VERTEX_POINT('',#896);
#896 = CARTESIAN_POINT('',(0.8,-0.37,0.));
#897 = LINE('',#898,#899);
#898 = CARTESIAN_POINT('',(0.5,-0.37,0.));
#899 = VECTOR('',#900,1.);
#900 = DIRECTION('',(1.,0.,0.));
#901 = ORIENTED_EDGE('',*,*,#902,.F.);
#902 = EDGE_CURVE('',#863,#895,#903,.T.);
#903 = CIRCLE('',#904,3.E-02);
#904 = AXIS2_PLACEMENT_3D('',#905,#906,#907);
#905 = CARTESIAN_POINT('',(0.8,-0.37,3.E-02));
#906 = DIRECTION('',(1.,0.,-0.));
#907 = DIRECTION('',(0.,0.,1.));
#908 = ORIENTED_EDGE('',*,*,#872,.F.);
#909 = CYLINDRICAL_SURFACE('',#910,3.E-02);
#910 = AXIS2_PLACEMENT_3D('',#911,#912,#913);
#911 = CARTESIAN_POINT('',(0.5,-0.37,3.E-02));
#912 = DIRECTION('',(1.,0.,0.));
#913 = DIRECTION('',(0.,-1.,0.));
#914 = ADVANCED_FACE('',(#915),#934,.T.);
#915 = FACE_BOUND('',#916,.T.);
#916 = EDGE_LOOP('',(#917,#918,#927,#933));
#917 = ORIENTED_EDGE('',*,*,#879,.T.);
#918 = ORIENTED_EDGE('',*,*,#919,.T.);
#919 = EDGE_CURVE('',#865,#920,#922,.T.);
#920 = VERTEX_POINT('',#921);
#921 = CARTESIAN_POINT('',(0.8,-0.37,0.8));
#922 = CIRCLE('',#923,3.E-02);
#923 = AXIS2_PLACEMENT_3D('',#924,#925,#926);
#924 = CARTESIAN_POINT('',(0.8,-0.37,0.77));
#925 = DIRECTION('',(-1.,0.,0.));
#926 = DIRECTION('',(0.,0.,1.));
#927 = ORIENTED_EDGE('',*,*,#928,.F.);
#928 = EDGE_CURVE('',#830,#920,#929,.T.);
#929 = LINE('',#930,#931);
#930 = CARTESIAN_POINT('',(0.5,-0.37,0.8));
#931 = VECTOR('',#932,1.);
#932 = DIRECTION('',(1.,0.,0.));
#933 = ORIENTED_EDGE('',*,*,#837,.F.);
#934 = CYLINDRICAL_SURFACE('',#935,3.E-02);
#935 = AXIS2_PLACEMENT_3D('',#936,#937,#938);
#936 = CARTESIAN_POINT('',(0.5,-0.37,0.77));
#937 = DIRECTION('',(1.,0.,0.));
#938 = DIRECTION('',(0.,-1.,0.));
#939 = ADVANCED_FACE('',(#940),#958,.F.);
#940 = FACE_BOUND('',#941,.F.);
#941 = EDGE_LOOP('',(#942,#943,#944,#952));
#942 = ORIENTED_EDGE('',*,*,#795,.F.);
#943 = ORIENTED_EDGE('',*,*,#894,.T.);
#944 = ORIENTED_EDGE('',*,*,#945,.T.);
#945 = EDGE_CURVE('',#895,#946,#948,.T.);
#946 = VERTEX_POINT('',#947);
#947 = CARTESIAN_POINT('',(0.8,0.37,0.));
#948 = LINE('',#949,#950);
#949 = CARTESIAN_POINT('',(0.8,-0.4,0.));
#950 = VECTOR('',#951,1.);
#951 = DIRECTION('',(0.,1.,0.));
#952 = ORIENTED_EDGE('',*,*,#953,.F.);
#953 = EDGE_CURVE('',#796,#946,#954,.T.);
#954 = LINE('',#955,#956);
#955 = CARTESIAN_POINT('',(0.5,0.37,0.));
#956 = VECTOR('',#957,1.);
#957 = DIRECTION('',(1.,0.,0.));
#958 = PLANE('',#959);
#959 = AXIS2_PLACEMENT_3D('',#960,#961,#962);
#960 = CARTESIAN_POINT('',(0.5,-0.4,0.));
#961 = DIRECTION('',(0.,0.,1.));
#962 = DIRECTION('',(1.,0.,-0.));
#963 = ADVANCED_FACE('',(#964),#982,.T.);
#964 = FACE_BOUND('',#965,.T.);
#965 = EDGE_LOOP('',(#966,#967,#968,#976));
#966 = ORIENTED_EDGE('',*,*,#829,.F.);
#967 = ORIENTED_EDGE('',*,*,#928,.T.);
#968 = ORIENTED_EDGE('',*,*,#969,.T.);
#969 = EDGE_CURVE('',#920,#970,#972,.T.);
#970 = VERTEX_POINT('',#971);
#971 = CARTESIAN_POINT('',(0.8,0.37,0.8));
#972 = LINE('',#973,#974);
#973 = CARTESIAN_POINT('',(0.8,-0.4,0.8));
#974 = VECTOR('',#975,1.);
#975 = DIRECTION('',(0.,1.,0.));
#976 = ORIENTED_EDGE('',*,*,#977,.F.);
#977 = EDGE_CURVE('',#821,#970,#978,.T.);
#978 = LINE('',#979,#980);
#979 = CARTESIAN_POINT('',(0.5,0.37,0.8));
#980 = VECTOR('',#981,1.);
#981 = DIRECTION('',(1.,0.,0.));
#982 = PLANE('',#983);
#983 = AXIS2_PLACEMENT_3D('',#984,#985,#986);
#984 = CARTESIAN_POINT('',(0.5,-0.4,0.8));
#985 = DIRECTION('',(0.,0.,1.));
#986 = DIRECTION('',(1.,0.,-0.));
#987 = ADVANCED_FACE('',(#988),#1007,.T.);
#988 = FACE_BOUND('',#989,.T.);
#989 = EDGE_LOOP('',(#990,#998,#1005,#1006));
#990 = ORIENTED_EDGE('',*,*,#991,.T.);
#991 = EDGE_CURVE('',#804,#992,#994,.T.);
#992 = VERTEX_POINT('',#993);
#993 = CARTESIAN_POINT('',(0.8,0.4,3.E-02));
#994 = LINE('',#995,#996);
#995 = CARTESIAN_POINT('',(0.5,0.4,3.E-02));
#996 = VECTOR('',#997,1.);
#997 = DIRECTION('',(1.,0.,0.));
#998 = ORIENTED_EDGE('',*,*,#999,.T.);
#999 = EDGE_CURVE('',#992,#946,#1000,.T.);
#1000 = CIRCLE('',#1001,3.E-02);
#1001 = AXIS2_PLACEMENT_3D('',#1002,#1003,#1004);
#1002 = CARTESIAN_POINT('',(0.8,0.37,3.E-02));
#1003 = DIRECTION('',(-1.,0.,0.));
#1004 = DIRECTION('',(0.,0.,1.));
#1005 = ORIENTED_EDGE('',*,*,#953,.F.);
#1006 = ORIENTED_EDGE('',*,*,#803,.F.);
#1007 = CYLINDRICAL_SURFACE('',#1008,3.E-02);
#1008 = AXIS2_PLACEMENT_3D('',#1009,#1010,#1011);
#1009 = CARTESIAN_POINT('',(0.5,0.37,3.E-02));
#1010 = DIRECTION('',(1.,0.,0.));
#1011 = DIRECTION('',(-0.,1.,0.));
#1012 = ADVANCED_FACE('',(#1013),#1032,.T.);
#1013 = FACE_BOUND('',#1014,.T.);
#1014 = EDGE_LOOP('',(#1015,#1016,#1017,#1026));
#1015 = ORIENTED_EDGE('',*,*,#820,.T.);
#1016 = ORIENTED_EDGE('',*,*,#977,.T.);
#1017 = ORIENTED_EDGE('',*,*,#1018,.F.);
#1018 = EDGE_CURVE('',#1019,#970,#1021,.T.);
#1019 = VERTEX_POINT('',#1020);
#1020 = CARTESIAN_POINT('',(0.8,0.4,0.77));
#1021 = CIRCLE('',#1022,3.E-02);
#1022 = AXIS2_PLACEMENT_3D('',#1023,#1024,#1025);
#1023 = CARTESIAN_POINT('',(0.8,0.37,0.77));
#1024 = DIRECTION('',(1.,0.,-0.));
#1025 = DIRECTION('',(0.,0.,1.));
#1026 = ORIENTED_EDGE('',*,*,#1027,.F.);
#1027 = EDGE_CURVE('',#813,#1019,#1028,.T.);
#1028 = LINE('',#1029,#1030);
#1029 = CARTESIAN_POINT('',(0.5,0.4,0.77));
#1030 = VECTOR('',#1031,1.);
#1031 = DIRECTION('',(1.,0.,0.));
#1032 = CYLINDRICAL_SURFACE('',#1033,3.E-02);
#1033 = AXIS2_PLACEMENT_3D('',#1034,#1035,#1036);
#1034 = CARTESIAN_POINT('',(0.5,0.37,0.77));
#1035 = DIRECTION('',(1.,0.,0.));
#1036 = DIRECTION('',(-0.,1.,0.));
#1037 = ADVANCED_FACE('',(#1038),#1049,.T.);
#1038 = FACE_BOUND('',#1039,.T.);
#1039 = EDGE_LOOP('',(#1040,#1046,#1047,#1048));
#1040 = ORIENTED_EDGE('',*,*,#1041,.F.);
#1041 = EDGE_CURVE('',#992,#1019,#1042,.T.);
#1042 = LINE('',#1043,#1044);
#1043 = CARTESIAN_POINT('',(0.8,0.4,0.));
#1044 = VECTOR('',#1045,1.);
#1045 = DIRECTION('',(0.,0.,1.));
#1046 = ORIENTED_EDGE('',*,*,#991,.F.);
#1047 = ORIENTED_EDGE('',*,*,#812,.T.);
#1048 = ORIENTED_EDGE('',*,*,#1027,.T.);
#1049 = PLANE('',#1050);
#1050 = AXIS2_PLACEMENT_3D('',#1051,#1052,#1053);
#1051 = CARTESIAN_POINT('',(0.5,0.4,0.));
#1052 = DIRECTION('',(0.,1.,0.));
#1053 = DIRECTION('',(0.,-0.,1.));
#1054 = ADVANCED_FACE('',(#1055),#1065,.T.);
#1055 = FACE_BOUND('',#1056,.T.);
#1056 = EDGE_LOOP('',(#1057,#1058,#1059,#1060,#1061,#1062,#1063,#1064));
#1057 = ORIENTED_EDGE('',*,*,#862,.F.);
#1058 = ORIENTED_EDGE('',*,*,#902,.T.);
#1059 = ORIENTED_EDGE('',*,*,#945,.T.);
#1060 = ORIENTED_EDGE('',*,*,#999,.F.);
#1061 = ORIENTED_EDGE('',*,*,#1041,.T.);
#1062 = ORIENTED_EDGE('',*,*,#1018,.T.);
#1063 = ORIENTED_EDGE('',*,*,#969,.F.);
#1064 = ORIENTED_EDGE('',*,*,#919,.F.);
#1065 = PLANE('',#1066);
#1066 = AXIS2_PLACEMENT_3D('',#1067,#1068,#1069);
#1067 = CARTESIAN_POINT('',(0.8,-0.4,0.));
#1068 = DIRECTION('',(1.,0.,0.));
#1069 = DIRECTION('',(0.,0.,1.));
#1070 = ( GEOMETRIC_REPRESENTATION_CONTEXT(3) 
GLOBAL_UNCERTAINTY_ASSIGNED_CONTEXT((#1074)) 
GLOBAL_UNIT_ASSIGNED_CONTEXT((#1071,#1072,#1073)) REPRESENTATION_CONTEXT
('Context #1','3D Context with UNIT and UNCERTAINTY') );
#1071 = ( LENGTH_UNIT() NAMED_UNIT(*) SI_UNIT(.MILLI.,.METRE.) );
#1072 = ( NAMED_UNIT(*) PLANE_ANGLE_UNIT() SI_UNIT($,.RADIAN.) );
#1073 = ( NAMED_UNIT(*) SI_UNIT($,.STERADIAN.) SOLID_ANGLE_UNIT() );
#1074 = UNCERTAINTY_MEASURE_WITH_UNIT(LENGTH_MEASURE(1.E-07),#1071,
  'distance_accuracy_value','confusion accuracy');
#1075 = CONTEXT_DEPENDENT_SHAPE_REPRESENTATION(#1076,#1078);
#1076 = ( REPRESENTATION_RELATIONSHIP('','',#215,#192) 
REPRESENTATION_RELATIONSHIP_WITH_TRANSFORMATION(#1077) 
SHAPE_REPRESENTATION_RELATIONSHIP() );
#1077 = ITEM_DEFINED_TRANSFORMATION('','',#11,#193);
#1078 = PRODUCT_DEFINITION_SHAPE('Placement','Placement of an item',
  #1079);
#1079 = NEXT_ASSEMBLY_USAGE_OCCURRENCE('1','=>[0:1:1:3]','',#187,#210,$
  );
#1080 = PRODUCT_RELATED_PRODUCT_CATEGORY('part',$,(#212));
#1081 = SHAPE_DEFINITION_REPRESENTATION(#1082,#1088);
#1082 = PRODUCT_DEFINITION_SHAPE('','',#1083);
#1083 = PRODUCT_DEFINITION('design','',#1084,#1087);
#1084 = PRODUCT_DEFINITION_FORMATION('','',#1085);
#1085 = PRODUCT('R_0805_2012Metric','R_0805_2012Metric','',(#1086));
#1086 = PRODUCT_CONTEXT('',#2,'mechanical');
#1087 = PRODUCT_DEFINITION_CONTEXT('part definition',#2,'design');
#1088 = SHAPE_REPRESENTATION('',(#11,#1089),#1093);
#1089 = AXIS2_PLACEMENT_3D('',#1090,#1091,#1092);
#1090 = CARTESIAN_POINT('',(0.,0.,0.));
#1091 = DIRECTION('',(0.,0.,1.));
#1092 = DIRECTION('',(1.,0.,-0.));
#1093 = ( GEOMETRIC_REPRESENTATION_CONTEXT(3) 
GLOBAL_UNCERTAINTY_ASSIGNED_CONTEXT((#1097)) 
GLOBAL_UNIT_ASSIGNED_CONTEXT((#1094,#1095,#1096)) REPRESENTATION_CONTEXT
('Context #1','3D Context with UNIT and UNCERTAINTY') );
#1094 = ( LENGTH_UNIT() NAMED_UNIT(*) SI_UNIT(.MILLI.,.METRE.) );
#1095 = ( NAMED_UNIT(*) PLANE_ANGLE_UNIT() SI_UNIT($,.RADIAN.) );
#1096 = ( NAMED_UNIT(*) SI_UNIT($,.STERADIAN.) SOLID_ANGLE_UNIT() );
#1097 = UNCERTAINTY_MEASURE_WITH_UNIT(LENGTH_MEASURE(1.E-07),#1094,
  'distance_accuracy_value','confusion accuracy');
#1098 = CONTEXT_DEPENDENT_SHAPE_REPRESENTATION(#1099,#1101);
#1099 = ( REPRESENTATION_RELATIONSHIP('','',#1088,#10) 
REPRESENTATION_RELATIONSHIP_WITH_TRANSFORMATION(#1100) 
SHAPE_REPRESENTATION_RELATIONSHIP() );
#1100 = ITEM_DEFINED_TRANSFORMATION('','',#11,#19);
#1101 = PRODUCT_DEFINITION_SHAPE('Placement','Placement of an item',
  #1102);
#1102 = NEXT_ASSEMBLY_USAGE_OCCURRENCE('4','R1','',#5,#1083,$);
#1103 = PRODUCT_RELATED_PRODUCT_CATEGORY('part',$,(#1085));
#1104 = SHAPE_DEFINITION_REPRESENTATION(#1105,#1111);
#1105 = PRODUCT_DEFINITION_SHAPE('','',#1106);
#1106 = PRODUCT_DEFINITION('design','',#1107,#1110);
#1107 = PRODUCT_DEFINITION_FORMATION('','',#1108);
#1108 = PRODUCT('R_0805_2012Metric','R_0805_2012Metric','',(#1109));
#1109 = PRODUCT_CONTEXT('',#2,'mechanical');
#1110 = PRODUCT_DEFINITION_CONTEXT('part definition',#2,'design');
#1111 = ADVANCED_BREP_SHAPE_REPRESENTATION('',(#11,#1112),#1902);
#1112 = MANIFOLD_SOLID_BREP('',#1113);
#1113 = CLOSED_SHELL('',(#1114,#1154,#1237,#1262,#1287,#1354,#1371,#1388
    ,#1437,#1454,#1471,#1520,#1537,#1606,#1637,#1661,#1730,#1754,#1771,
    #1788,#1805,#1822,#1839,#1856,#1873,#1890));
#1114 = ADVANCED_FACE('',(#1115),#1149,.F.);
#1115 = FACE_BOUND('',#1116,.F.);
#1116 = EDGE_LOOP('',(#1117,#1127,#1135,#1143));
#1117 = ORIENTED_EDGE('',*,*,#1118,.F.);
#1118 = EDGE_CURVE('',#1119,#1121,#1123,.T.);
#1119 = VERTEX_POINT('',#1120);
#1120 = CARTESIAN_POINT('',(-1.,-0.6,4.5E-02));
#1121 = VERTEX_POINT('',#1122);
#1122 = CARTESIAN_POINT('',(-1.,-0.6,0.405));
#1123 = LINE('',#1124,#1125);
#1124 = CARTESIAN_POINT('',(-1.,-0.6,0.));
#1125 = VECTOR('',#1126,1.);
#1126 = DIRECTION('',(0.,0.,1.));
#1127 = ORIENTED_EDGE('',*,*,#1128,.T.);
#1128 = EDGE_CURVE('',#1119,#1129,#1131,.T.);
#1129 = VERTEX_POINT('',#1130);
#1130 = CARTESIAN_POINT('',(-1.,0.6,4.5E-02));
#1131 = LINE('',#1132,#1133);
#1132 = CARTESIAN_POINT('',(-1.,-0.6,4.5E-02));
#1133 = VECTOR('',#1134,1.);
#1134 = DIRECTION('',(0.,1.,0.));
#1135 = ORIENTED_EDGE('',*,*,#1136,.T.);
#1136 = EDGE_CURVE('',#1129,#1137,#1139,.T.);
#1137 = VERTEX_POINT('',#1138);
#1138 = CARTESIAN_POINT('',(-1.,0.6,0.405));
#1139 = LINE('',#1140,#1141);
#1140 = CARTESIAN_POINT('',(-1.,0.6,0.));
#1141 = VECTOR('',#1142,1.);
#1142 = DIRECTION('',(0.,0.,1.));
#1143 = ORIENTED_EDGE('',*,*,#1144,.F.);
#1144 = EDGE_CURVE('',#1121,#1137,#1145,.T.);
#1145 = LINE('',#1146,#1147);
#1146 = CARTESIAN_POINT('',(-1.,-0.6,0.405));
#1147 = VECTOR('',#1148,1.);
#1148 = DIRECTION('',(0.,1.,0.));
#1149 = PLANE('',#1150);
#1150 = AXIS2_PLACEMENT_3D('',#1151,#1152,#1153);
#1151 = CARTESIAN_POINT('',(-1.,-0.6,0.));
#1152 = DIRECTION('',(1.,0.,0.));
#1153 = DIRECTION('',(0.,0.,1.));
#1154 = ADVANCED_FACE('',(#1155),#1232,.F.);
#1155 = FACE_BOUND('',#1156,.F.);
#1156 = EDGE_LOOP('',(#1157,#1167,#1174,#1175,#1184,#1192,#1201,#1209,
    #1217,#1225));
#1157 = ORIENTED_EDGE('',*,*,#1158,.F.);
#1158 = EDGE_CURVE('',#1159,#1161,#1163,.T.);
#1159 = VERTEX_POINT('',#1160);
#1160 = CARTESIAN_POINT('',(-0.955,-0.6,-2.775557561563E-17));
#1161 = VERTEX_POINT('',#1162);
#1162 = CARTESIAN_POINT('',(-0.745,-0.6,-2.775557561563E-17));
#1163 = LINE('',#1164,#1165);
#1164 = CARTESIAN_POINT('',(-1.,-0.6,0.));
#1165 = VECTOR('',#1166,1.);
#1166 = DIRECTION('',(1.,0.,0.));
#1167 = ORIENTED_EDGE('',*,*,#1168,.F.);
#1168 = EDGE_CURVE('',#1119,#1159,#1169,.T.);
#1169 = CIRCLE('',#1170,4.5E-02);
#1170 = AXIS2_PLACEMENT_3D('',#1171,#1172,#1173);
#1171 = CARTESIAN_POINT('',(-0.955,-0.6,4.5E-02));
#1172 = DIRECTION('',(0.,-1.,0.));
#1173 = DIRECTION('',(0.,0.,1.));
#1174 = ORIENTED_EDGE('',*,*,#1118,.T.);
#1175 = ORIENTED_EDGE('',*,*,#1176,.T.);
#1176 = EDGE_CURVE('',#1121,#1177,#1179,.T.);
#1177 = VERTEX_POINT('',#1178);
#1178 = CARTESIAN_POINT('',(-0.955,-0.6,0.45));
#1179 = CIRCLE('',#1180,4.5E-02);
#1180 = AXIS2_PLACEMENT_3D('',#1181,#1182,#1183);
#1181 = CARTESIAN_POINT('',(-0.955,-0.6,0.405));
#1182 = DIRECTION('',(0.,1.,0.));
#1183 = DIRECTION('',(0.,-0.,1.));
#1184 = ORIENTED_EDGE('',*,*,#1185,.T.);
#1185 = EDGE_CURVE('',#1177,#1186,#1188,.T.);
#1186 = VERTEX_POINT('',#1187);
#1187 = CARTESIAN_POINT('',(-0.745,-0.6,0.45));
#1188 = LINE('',#1189,#1190);
#1189 = CARTESIAN_POINT('',(-1.,-0.6,0.45));
#1190 = VECTOR('',#1191,1.);
#1191 = DIRECTION('',(1.,0.,0.));
#1192 = ORIENTED_EDGE('',*,*,#1193,.F.);
#1193 = EDGE_CURVE('',#1194,#1186,#1196,.T.);
#1194 = VERTEX_POINT('',#1195);
#1195 = CARTESIAN_POINT('',(-0.7,-0.6,0.405));
#1196 = CIRCLE('',#1197,4.5E-02);
#1197 = AXIS2_PLACEMENT_3D('',#1198,#1199,#1200);
#1198 = CARTESIAN_POINT('',(-0.745,-0.6,0.405));
#1199 = DIRECTION('',(0.,-1.,0.));
#1200 = DIRECTION('',(0.,0.,1.));
#1201 = ORIENTED_EDGE('',*,*,#1202,.F.);
#1202 = EDGE_CURVE('',#1203,#1194,#1205,.T.);
#1203 = VERTEX_POINT('',#1204);
#1204 = CARTESIAN_POINT('',(-0.955,-0.6,0.405));
#1205 = LINE('',#1206,#1207);
#1206 = CARTESIAN_POINT('',(-0.955,-0.6,0.405));
#1207 = VECTOR('',#1208,1.);
#1208 = DIRECTION('',(1.,0.,0.));
#1209 = ORIENTED_EDGE('',*,*,#1210,.F.);
#1210 = EDGE_CURVE('',#1211,#1203,#1213,.T.);
#1211 = VERTEX_POINT('',#1212);
#1212 = CARTESIAN_POINT('',(-0.955,-0.6,4.5E-02));
#1213 = LINE('',#1214,#1215);
#1214 = CARTESIAN_POINT('',(-0.955,-0.6,4.5E-02));
#1215 = VECTOR('',#1216,1.);
#1216 = DIRECTION('',(0.,0.,1.));
#1217 = ORIENTED_EDGE('',*,*,#1218,.T.);
#1218 = EDGE_CURVE('',#1211,#1219,#1221,.T.);
#1219 = VERTEX_POINT('',#1220);
#1220 = CARTESIAN_POINT('',(-0.7,-0.6,4.5E-02));
#1221 = LINE('',#1222,#1223);
#1222 = CARTESIAN_POINT('',(-0.955,-0.6,4.5E-02));
#1223 = VECTOR('',#1224,1.);
#1224 = DIRECTION('',(1.,0.,0.));
#1225 = ORIENTED_EDGE('',*,*,#1226,.T.);
#1226 = EDGE_CURVE('',#1219,#1161,#1227,.T.);
#1227 = CIRCLE('',#1228,4.5E-02);
#1228 = AXIS2_PLACEMENT_3D('',#1229,#1230,#1231);
#1229 = CARTESIAN_POINT('',(-0.745,-0.6,4.5E-02));
#1230 = DIRECTION('',(0.,1.,0.));
#1231 = DIRECTION('',(0.,-0.,1.));
#1232 = PLANE('',#1233);
#1233 = AXIS2_PLACEMENT_3D('',#1234,#1235,#1236);
#1234 = CARTESIAN_POINT('',(-1.,-0.6,0.));
#1235 = DIRECTION('',(0.,1.,0.));
#1236 = DIRECTION('',(0.,-0.,1.));
#1237 = ADVANCED_FACE('',(#1238),#1257,.T.);
#1238 = FACE_BOUND('',#1239,.T.);
#1239 = EDGE_LOOP('',(#1240,#1241,#1250,#1256));
#1240 = ORIENTED_EDGE('',*,*,#1128,.T.);
#1241 = ORIENTED_EDGE('',*,*,#1242,.T.);
#1242 = EDGE_CURVE('',#1129,#1243,#1245,.T.);
#1243 = VERTEX_POINT('',#1244);
#1244 = CARTESIAN_POINT('',(-0.955,0.6,-2.775557561563E-17));
#1245 = CIRCLE('',#1246,4.5E-02);
#1246 = AXIS2_PLACEMENT_3D('',#1247,#1248,#1249);
#1247 = CARTESIAN_POINT('',(-0.955,0.6,4.5E-02));
#1248 = DIRECTION('',(0.,-1.,0.));
#1249 = DIRECTION('',(0.,0.,1.));
#1250 = ORIENTED_EDGE('',*,*,#1251,.F.);
#1251 = EDGE_CURVE('',#1159,#1243,#1252,.T.);
#1252 = LINE('',#1253,#1254);
#1253 = CARTESIAN_POINT('',(-0.955,-0.6,-2.775557561563E-17));
#1254 = VECTOR('',#1255,1.);
#1255 = DIRECTION('',(0.,1.,0.));
#1256 = ORIENTED_EDGE('',*,*,#1168,.F.);
#1257 = CYLINDRICAL_SURFACE('',#1258,4.5E-02);
#1258 = AXIS2_PLACEMENT_3D('',#1259,#1260,#1261);
#1259 = CARTESIAN_POINT('',(-0.955,-0.6,4.5E-02));
#1260 = DIRECTION('',(0.,1.,0.));
#1261 = DIRECTION('',(-1.,0.,0.));
#1262 = ADVANCED_FACE('',(#1263),#1282,.T.);
#1263 = FACE_BOUND('',#1264,.T.);
#1264 = EDGE_LOOP('',(#1265,#1266,#1274,#1281));
#1265 = ORIENTED_EDGE('',*,*,#1176,.T.);
#1266 = ORIENTED_EDGE('',*,*,#1267,.T.);
#1267 = EDGE_CURVE('',#1177,#1268,#1270,.T.);
#1268 = VERTEX_POINT('',#1269);
#1269 = CARTESIAN_POINT('',(-0.955,0.6,0.45));
#1270 = LINE('',#1271,#1272);
#1271 = CARTESIAN_POINT('',(-0.955,-0.6,0.45));
#1272 = VECTOR('',#1273,1.);
#1273 = DIRECTION('',(0.,1.,0.));
#1274 = ORIENTED_EDGE('',*,*,#1275,.F.);
#1275 = EDGE_CURVE('',#1137,#1268,#1276,.T.);
#1276 = CIRCLE('',#1277,4.5E-02);
#1277 = AXIS2_PLACEMENT_3D('',#1278,#1279,#1280);
#1278 = CARTESIAN_POINT('',(-0.955,0.6,0.405));
#1279 = DIRECTION('',(0.,1.,0.));
#1280 = DIRECTION('',(0.,-0.,1.));
#1281 = ORIENTED_EDGE('',*,*,#1144,.F.);
#1282 = CYLINDRICAL_SURFACE('',#1283,4.5E-02);
#1283 = AXIS2_PLACEMENT_3D('',#1284,#1285,#1286);
#1284 = CARTESIAN_POINT('',(-0.955,-0.6,0.405));
#1285 = DIRECTION('',(0.,1.,0.));
#1286 = DIRECTION('',(-1.,0.,0.));
#1287 = ADVANCED_FACE('',(#1288),#1349,.T.);
#1288 = FACE_BOUND('',#1289,.T.);
#1289 = EDGE_LOOP('',(#1290,#1298,#1299,#1300,#1301,#1309,#1318,#1326,
    #1334,#1342));
#1290 = ORIENTED_EDGE('',*,*,#1291,.F.);
#1291 = EDGE_CURVE('',#1243,#1292,#1294,.T.);
#1292 = VERTEX_POINT('',#1293);
#1293 = CARTESIAN_POINT('',(-0.745,0.6,-2.775557561563E-17));
#1294 = LINE('',#1295,#1296);
#1295 = CARTESIAN_POINT('',(-1.,0.6,0.));
#1296 = VECTOR('',#1297,1.);
#1297 = DIRECTION('',(1.,0.,0.));
#1298 = ORIENTED_EDGE('',*,*,#1242,.F.);
#1299 = ORIENTED_EDGE('',*,*,#1136,.T.);
#1300 = ORIENTED_EDGE('',*,*,#1275,.T.);
#1301 = ORIENTED_EDGE('',*,*,#1302,.T.);
#1302 = EDGE_CURVE('',#1268,#1303,#1305,.T.);
#1303 = VERTEX_POINT('',#1304);
#1304 = CARTESIAN_POINT('',(-0.745,0.6,0.45));
#1305 = LINE('',#1306,#1307);
#1306 = CARTESIAN_POINT('',(-1.,0.6,0.45));
#1307 = VECTOR('',#1308,1.);
#1308 = DIRECTION('',(1.,0.,0.));
#1309 = ORIENTED_EDGE('',*,*,#1310,.F.);
#1310 = EDGE_CURVE('',#1311,#1303,#1313,.T.);
#1311 = VERTEX_POINT('',#1312);
#1312 = CARTESIAN_POINT('',(-0.7,0.6,0.405));
#1313 = CIRCLE('',#1314,4.5E-02);
#1314 = AXIS2_PLACEMENT_3D('',#1315,#1316,#1317);
#1315 = CARTESIAN_POINT('',(-0.745,0.6,0.405));
#1316 = DIRECTION('',(0.,-1.,0.));
#1317 = DIRECTION('',(0.,0.,1.));
#1318 = ORIENTED_EDGE('',*,*,#1319,.F.);
#1319 = EDGE_CURVE('',#1320,#1311,#1322,.T.);
#1320 = VERTEX_POINT('',#1321);
#1321 = CARTESIAN_POINT('',(-0.955,0.6,0.405));
#1322 = LINE('',#1323,#1324);
#1323 = CARTESIAN_POINT('',(-0.955,0.6,0.405));
#1324 = VECTOR('',#1325,1.);
#1325 = DIRECTION('',(1.,0.,0.));
#1326 = ORIENTED_EDGE('',*,*,#1327,.F.);
#1327 = EDGE_CURVE('',#1328,#1320,#1330,.T.);
#1328 = VERTEX_POINT('',#1329);
#1329 = CARTESIAN_POINT('',(-0.955,0.6,4.5E-02));
#1330 = LINE('',#1331,#1332);
#1331 = CARTESIAN_POINT('',(-0.955,0.6,4.5E-02));
#1332 = VECTOR('',#1333,1.);
#1333 = DIRECTION('',(0.,0.,1.));
#1334 = ORIENTED_EDGE('',*,*,#1335,.T.);
#1335 = EDGE_CURVE('',#1328,#1336,#1338,.T.);
#1336 = VERTEX_POINT('',#1337);
#1337 = CARTESIAN_POINT('',(-0.7,0.6,4.5E-02));
#1338 = LINE('',#1339,#1340);
#1339 = CARTESIAN_POINT('',(-0.955,0.6,4.5E-02));
#1340 = VECTOR('',#1341,1.);
#1341 = DIRECTION('',(1.,0.,0.));
#1342 = ORIENTED_EDGE('',*,*,#1343,.T.);
#1343 = EDGE_CURVE('',#1336,#1292,#1344,.T.);
#1344 = CIRCLE('',#1345,4.5E-02);
#1345 = AXIS2_PLACEMENT_3D('',#1346,#1347,#1348);
#1346 = CARTESIAN_POINT('',(-0.745,0.6,4.5E-02));
#1347 = DIRECTION('',(0.,1.,0.));
#1348 = DIRECTION('',(0.,-0.,1.));
#1349 = PLANE('',#1350);
#1350 = AXIS2_PLACEMENT_3D('',#1351,#1352,#1353);
#1351 = CARTESIAN_POINT('',(-1.,0.6,0.));
#1352 = DIRECTION('',(0.,1.,0.));
#1353 = DIRECTION('',(0.,-0.,1.));
#1354 = ADVANCED_FACE('',(#1355),#1366,.F.);
#1355 = FACE_BOUND('',#1356,.F.);
#1356 = EDGE_LOOP('',(#1357,#1358,#1359,#1360));
#1357 = ORIENTED_EDGE('',*,*,#1291,.F.);
#1358 = ORIENTED_EDGE('',*,*,#1251,.F.);
#1359 = ORIENTED_EDGE('',*,*,#1158,.T.);
#1360 = ORIENTED_EDGE('',*,*,#1361,.T.);
#1361 = EDGE_CURVE('',#1161,#1292,#1362,.T.);
#1362 = LINE('',#1363,#1364);
#1363 = CARTESIAN_POINT('',(-0.745,-0.6,-2.775557561563E-17));
#1364 = VECTOR('',#1365,1.);
#1365 = DIRECTION('',(0.,1.,0.));
#1366 = PLANE('',#1367);
#1367 = AXIS2_PLACEMENT_3D('',#1368,#1369,#1370);
#1368 = CARTESIAN_POINT('',(-1.,-0.6,0.));
#1369 = DIRECTION('',(0.,0.,1.));
#1370 = DIRECTION('',(1.,0.,-0.));
#1371 = ADVANCED_FACE('',(#1372),#1383,.T.);
#1372 = FACE_BOUND('',#1373,.T.);
#1373 = EDGE_LOOP('',(#1374,#1375,#1376,#1377));
#1374 = ORIENTED_EDGE('',*,*,#1226,.T.);
#1375 = ORIENTED_EDGE('',*,*,#1361,.T.);
#1376 = ORIENTED_EDGE('',*,*,#1343,.F.);
#1377 = ORIENTED_EDGE('',*,*,#1378,.F.);
#1378 = EDGE_CURVE('',#1219,#1336,#1379,.T.);
#1379 = LINE('',#1380,#1381);
#1380 = CARTESIAN_POINT('',(-0.7,-0.6,4.5E-02));
#1381 = VECTOR('',#1382,1.);
#1382 = DIRECTION('',(0.,1.,0.));
#1383 = CYLINDRICAL_SURFACE('',#1384,4.5E-02);
#1384 = AXIS2_PLACEMENT_3D('',#1385,#1386,#1387);
#1385 = CARTESIAN_POINT('',(-0.745,-0.6,4.5E-02));
#1386 = DIRECTION('',(0.,1.,0.));
#1387 = DIRECTION('',(1.,0.,0.));
#1388 = ADVANCED_FACE('',(#1389),#1432,.F.);
#1389 = FACE_BOUND('',#1390,.F.);
#1390 = EDGE_LOOP('',(#1391,#1392,#1393,#1394,#1402,#1410,#1418,#1426));
#1391 = ORIENTED_EDGE('',*,*,#1218,.F.);
#1392 = ORIENTED_EDGE('',*,*,#1210,.T.);
#1393 = ORIENTED_EDGE('',*,*,#1202,.T.);
#1394 = ORIENTED_EDGE('',*,*,#1395,.T.);
#1395 = EDGE_CURVE('',#1194,#1396,#1398,.T.);
#1396 = VERTEX_POINT('',#1397);
#1397 = CARTESIAN_POINT('',(0.7,-0.6,0.405));
#1398 = LINE('',#1399,#1400);
#1399 = CARTESIAN_POINT('',(-0.7,-0.6,0.405));
#1400 = VECTOR('',#1401,1.);
#1401 = DIRECTION('',(1.,0.,0.));
#1402 = ORIENTED_EDGE('',*,*,#1403,.T.);
#1403 = EDGE_CURVE('',#1396,#1404,#1406,.T.);
#1404 = VERTEX_POINT('',#1405);
#1405 = CARTESIAN_POINT('',(0.955,-0.6,0.405));
#1406 = LINE('',#1407,#1408);
#1407 = CARTESIAN_POINT('',(-0.955,-0.6,0.405));
#1408 = VECTOR('',#1409,1.);
#1409 = DIRECTION('',(1.,0.,0.));
#1410 = ORIENTED_EDGE('',*,*,#1411,.F.);
#1411 = EDGE_CURVE('',#1412,#1404,#1414,.T.);
#1412 = VERTEX_POINT('',#1413);
#1413 = CARTESIAN_POINT('',(0.955,-0.6,4.5E-02));
#1414 = LINE('',#1415,#1416);
#1415 = CARTESIAN_POINT('',(0.955,-0.6,4.5E-02));
#1416 = VECTOR('',#1417,1.);
#1417 = DIRECTION('',(0.,0.,1.));
#1418 = ORIENTED_EDGE('',*,*,#1419,.F.);
#1419 = EDGE_CURVE('',#1420,#1412,#1422,.T.);
#1420 = VERTEX_POINT('',#1421);
#1421 = CARTESIAN_POINT('',(0.7,-0.6,4.5E-02));
#1422 = LINE('',#1423,#1424);
#1423 = CARTESIAN_POINT('',(-0.955,-0.6,4.5E-02));
#1424 = VECTOR('',#1425,1.);
#1425 = DIRECTION('',(1.,0.,0.));
#1426 = ORIENTED_EDGE('',*,*,#1427,.F.);
#1427 = EDGE_CURVE('',#1219,#1420,#1428,.T.);
#1428 = LINE('',#1429,#1430);
#1429 = CARTESIAN_POINT('',(-0.955,-0.6,4.5E-02));
#1430 = VECTOR('',#1431,1.);
#1431 = DIRECTION('',(1.,0.,0.));
#1432 = PLANE('',#1433);
#1433 = AXIS2_PLACEMENT_3D('',#1434,#1435,#1436);
#1434 = CARTESIAN_POINT('',(-0.955,-0.6,4.5E-02));
#1435 = DIRECTION('',(0.,1.,0.));
#1436 = DIRECTION('',(0.,-0.,1.));
#1437 = ADVANCED_FACE('',(#1438),#1449,.T.);
#1438 = FACE_BOUND('',#1439,.T.);
#1439 = EDGE_LOOP('',(#1440,#1441,#1442,#1443));
#1440 = ORIENTED_EDGE('',*,*,#1302,.F.);
#1441 = ORIENTED_EDGE('',*,*,#1267,.F.);
#1442 = ORIENTED_EDGE('',*,*,#1185,.T.);
#1443 = ORIENTED_EDGE('',*,*,#1444,.T.);
#1444 = EDGE_CURVE('',#1186,#1303,#1445,.T.);
#1445 = LINE('',#1446,#1447);
#1446 = CARTESIAN_POINT('',(-0.745,-0.6,0.45));
#1447 = VECTOR('',#1448,1.);
#1448 = DIRECTION('',(0.,1.,0.));
#1449 = PLANE('',#1450);
#1450 = AXIS2_PLACEMENT_3D('',#1451,#1452,#1453);
#1451 = CARTESIAN_POINT('',(-1.,-0.6,0.45));
#1452 = DIRECTION('',(0.,0.,1.));
#1453 = DIRECTION('',(1.,0.,-0.));
#1454 = ADVANCED_FACE('',(#1455),#1466,.T.);
#1455 = FACE_BOUND('',#1456,.T.);
#1456 = EDGE_LOOP('',(#1457,#1463,#1464,#1465));
#1457 = ORIENTED_EDGE('',*,*,#1458,.T.);
#1458 = EDGE_CURVE('',#1194,#1311,#1459,.T.);
#1459 = LINE('',#1460,#1461);
#1460 = CARTESIAN_POINT('',(-0.7,-0.6,0.405));
#1461 = VECTOR('',#1462,1.);
#1462 = DIRECTION('',(0.,1.,0.));
#1463 = ORIENTED_EDGE('',*,*,#1310,.T.);
#1464 = ORIENTED_EDGE('',*,*,#1444,.F.);
#1465 = ORIENTED_EDGE('',*,*,#1193,.F.);
#1466 = CYLINDRICAL_SURFACE('',#1467,4.5E-02);
#1467 = AXIS2_PLACEMENT_3D('',#1468,#1469,#1470);
#1468 = CARTESIAN_POINT('',(-0.745,-0.6,0.405));
#1469 = DIRECTION('',(0.,1.,0.));
#1470 = DIRECTION('',(1.,0.,0.));
#1471 = ADVANCED_FACE('',(#1472),#1515,.T.);
#1472 = FACE_BOUND('',#1473,.T.);
#1473 = EDGE_LOOP('',(#1474,#1475,#1476,#1477,#1485,#1493,#1501,#1509));
#1474 = ORIENTED_EDGE('',*,*,#1335,.F.);
#1475 = ORIENTED_EDGE('',*,*,#1327,.T.);
#1476 = ORIENTED_EDGE('',*,*,#1319,.T.);
#1477 = ORIENTED_EDGE('',*,*,#1478,.T.);
#1478 = EDGE_CURVE('',#1311,#1479,#1481,.T.);
#1479 = VERTEX_POINT('',#1480);
#1480 = CARTESIAN_POINT('',(0.7,0.6,0.405));
#1481 = LINE('',#1482,#1483);
#1482 = CARTESIAN_POINT('',(-0.7,0.6,0.405));
#1483 = VECTOR('',#1484,1.);
#1484 = DIRECTION('',(1.,0.,0.));
#1485 = ORIENTED_EDGE('',*,*,#1486,.T.);
#1486 = EDGE_CURVE('',#1479,#1487,#1489,.T.);
#1487 = VERTEX_POINT('',#1488);
#1488 = CARTESIAN_POINT('',(0.955,0.6,0.405));
#1489 = LINE('',#1490,#1491);
#1490 = CARTESIAN_POINT('',(-0.955,0.6,0.405));
#1491 = VECTOR('',#1492,1.);
#1492 = DIRECTION('',(1.,0.,0.));
#1493 = ORIENTED_EDGE('',*,*,#1494,.F.);
#1494 = EDGE_CURVE('',#1495,#1487,#1497,.T.);
#1495 = VERTEX_POINT('',#1496);
#1496 = CARTESIAN_POINT('',(0.955,0.6,4.5E-02));
#1497 = LINE('',#1498,#1499);
#1498 = CARTESIAN_POINT('',(0.955,0.6,4.5E-02));
#1499 = VECTOR('',#1500,1.);
#1500 = DIRECTION('',(0.,0.,1.));
#1501 = ORIENTED_EDGE('',*,*,#1502,.F.);
#1502 = EDGE_CURVE('',#1503,#1495,#1505,.T.);
#1503 = VERTEX_POINT('',#1504);
#1504 = CARTESIAN_POINT('',(0.7,0.6,4.5E-02));
#1505 = LINE('',#1506,#1507);
#1506 = CARTESIAN_POINT('',(-0.955,0.6,4.5E-02));
#1507 = VECTOR('',#1508,1.);
#1508 = DIRECTION('',(1.,0.,0.));
#1509 = ORIENTED_EDGE('',*,*,#1510,.F.);
#1510 = EDGE_CURVE('',#1336,#1503,#1511,.T.);
#1511 = LINE('',#1512,#1513);
#1512 = CARTESIAN_POINT('',(-0.955,0.6,4.5E-02));
#1513 = VECTOR('',#1514,1.);
#1514 = DIRECTION('',(1.,0.,0.));
#1515 = PLANE('',#1516);
#1516 = AXIS2_PLACEMENT_3D('',#1517,#1518,#1519);
#1517 = CARTESIAN_POINT('',(-0.955,0.6,4.5E-02));
#1518 = DIRECTION('',(0.,1.,0.));
#1519 = DIRECTION('',(0.,-0.,1.));
#1520 = ADVANCED_FACE('',(#1521),#1532,.F.);
#1521 = FACE_BOUND('',#1522,.F.);
#1522 = EDGE_LOOP('',(#1523,#1524,#1525,#1531));
#1523 = ORIENTED_EDGE('',*,*,#1378,.F.);
#1524 = ORIENTED_EDGE('',*,*,#1427,.T.);
#1525 = ORIENTED_EDGE('',*,*,#1526,.T.);
#1526 = EDGE_CURVE('',#1420,#1503,#1527,.T.);
#1527 = LINE('',#1528,#1529);
#1528 = CARTESIAN_POINT('',(0.7,-0.6,4.5E-02));
#1529 = VECTOR('',#1530,1.);
#1530 = DIRECTION('',(0.,1.,0.));
#1531 = ORIENTED_EDGE('',*,*,#1510,.F.);
#1532 = PLANE('',#1533);
#1533 = AXIS2_PLACEMENT_3D('',#1534,#1535,#1536);
#1534 = CARTESIAN_POINT('',(-0.955,-0.6,4.5E-02));
#1535 = DIRECTION('',(0.,0.,1.));
#1536 = DIRECTION('',(1.,0.,-0.));
#1537 = ADVANCED_FACE('',(#1538),#1601,.F.);
#1538 = FACE_BOUND('',#1539,.F.);
#1539 = EDGE_LOOP('',(#1540,#1550,#1557,#1558,#1559,#1560,#1569,#1577,
    #1586,#1594));
#1540 = ORIENTED_EDGE('',*,*,#1541,.F.);
#1541 = EDGE_CURVE('',#1542,#1544,#1546,.T.);
#1542 = VERTEX_POINT('',#1543);
#1543 = CARTESIAN_POINT('',(0.745,-0.6,-2.775557561563E-17));
#1544 = VERTEX_POINT('',#1545);
#1545 = CARTESIAN_POINT('',(0.955,-0.6,-2.775557561563E-17));
#1546 = LINE('',#1547,#1548);
#1547 = CARTESIAN_POINT('',(0.7,-0.6,0.));
#1548 = VECTOR('',#1549,1.);
#1549 = DIRECTION('',(1.,0.,0.));
#1550 = ORIENTED_EDGE('',*,*,#1551,.F.);
#1551 = EDGE_CURVE('',#1420,#1542,#1552,.T.);
#1552 = CIRCLE('',#1553,4.5E-02);
#1553 = AXIS2_PLACEMENT_3D('',#1554,#1555,#1556);
#1554 = CARTESIAN_POINT('',(0.745,-0.6,4.5E-02));
#1555 = DIRECTION('',(0.,-1.,0.));
#1556 = DIRECTION('',(0.,0.,1.));
#1557 = ORIENTED_EDGE('',*,*,#1419,.T.);
#1558 = ORIENTED_EDGE('',*,*,#1411,.T.);
#1559 = ORIENTED_EDGE('',*,*,#1403,.F.);
#1560 = ORIENTED_EDGE('',*,*,#1561,.T.);
#1561 = EDGE_CURVE('',#1396,#1562,#1564,.T.);
#1562 = VERTEX_POINT('',#1563);
#1563 = CARTESIAN_POINT('',(0.745,-0.6,0.45));
#1564 = CIRCLE('',#1565,4.5E-02);
#1565 = AXIS2_PLACEMENT_3D('',#1566,#1567,#1568);
#1566 = CARTESIAN_POINT('',(0.745,-0.6,0.405));
#1567 = DIRECTION('',(0.,1.,0.));
#1568 = DIRECTION('',(0.,-0.,1.));
#1569 = ORIENTED_EDGE('',*,*,#1570,.T.);
#1570 = EDGE_CURVE('',#1562,#1571,#1573,.T.);
#1571 = VERTEX_POINT('',#1572);
#1572 = CARTESIAN_POINT('',(0.955,-0.6,0.45));
#1573 = LINE('',#1574,#1575);
#1574 = CARTESIAN_POINT('',(0.7,-0.6,0.45));
#1575 = VECTOR('',#1576,1.);
#1576 = DIRECTION('',(1.,0.,0.));
#1577 = ORIENTED_EDGE('',*,*,#1578,.F.);
#1578 = EDGE_CURVE('',#1579,#1571,#1581,.T.);
#1579 = VERTEX_POINT('',#1580);
#1580 = CARTESIAN_POINT('',(1.,-0.6,0.405));
#1581 = CIRCLE('',#1582,4.5E-02);
#1582 = AXIS2_PLACEMENT_3D('',#1583,#1584,#1585);
#1583 = CARTESIAN_POINT('',(0.955,-0.6,0.405));
#1584 = DIRECTION('',(0.,-1.,0.));
#1585 = DIRECTION('',(0.,0.,1.));
#1586 = ORIENTED_EDGE('',*,*,#1587,.F.);
#1587 = EDGE_CURVE('',#1588,#1579,#1590,.T.);
#1588 = VERTEX_POINT('',#1589);
#1589 = CARTESIAN_POINT('',(1.,-0.6,4.5E-02));
#1590 = LINE('',#1591,#1592);
#1591 = CARTESIAN_POINT('',(1.,-0.6,0.));
#1592 = VECTOR('',#1593,1.);
#1593 = DIRECTION('',(0.,0.,1.));
#1594 = ORIENTED_EDGE('',*,*,#1595,.T.);
#1595 = EDGE_CURVE('',#1588,#1544,#1596,.T.);
#1596 = CIRCLE('',#1597,4.5E-02);
#1597 = AXIS2_PLACEMENT_3D('',#1598,#1599,#1600);
#1598 = CARTESIAN_POINT('',(0.955,-0.6,4.5E-02));
#1599 = DIRECTION('',(0.,1.,0.));
#1600 = DIRECTION('',(0.,-0.,1.));
#1601 = PLANE('',#1602);
#1602 = AXIS2_PLACEMENT_3D('',#1603,#1604,#1605);
#1603 = CARTESIAN_POINT('',(0.7,-0.6,0.));
#1604 = DIRECTION('',(0.,1.,0.));
#1605 = DIRECTION('',(0.,-0.,1.));
#1606 = ADVANCED_FACE('',(#1607),#1632,.F.);
#1607 = FACE_BOUND('',#1608,.F.);
#1608 = EDGE_LOOP('',(#1609,#1610,#1618,#1626));
#1609 = ORIENTED_EDGE('',*,*,#1395,.F.);
#1610 = ORIENTED_EDGE('',*,*,#1611,.T.);
#1611 = EDGE_CURVE('',#1194,#1612,#1614,.T.);
#1612 = VERTEX_POINT('',#1613);
#1613 = CARTESIAN_POINT('',(-0.7,-0.6,0.45));
#1614 = LINE('',#1615,#1616);
#1615 = CARTESIAN_POINT('',(-0.7,-0.6,0.405));
#1616 = VECTOR('',#1617,1.);
#1617 = DIRECTION('',(0.,0.,1.));
#1618 = ORIENTED_EDGE('',*,*,#1619,.T.);
#1619 = EDGE_CURVE('',#1612,#1620,#1622,.T.);
#1620 = VERTEX_POINT('',#1621);
#1621 = CARTESIAN_POINT('',(0.7,-0.6,0.45));
#1622 = LINE('',#1623,#1624);
#1623 = CARTESIAN_POINT('',(-0.7,-0.6,0.45));
#1624 = VECTOR('',#1625,1.);
#1625 = DIRECTION('',(1.,0.,0.));
#1626 = ORIENTED_EDGE('',*,*,#1627,.F.);
#1627 = EDGE_CURVE('',#1396,#1620,#1628,.T.);
#1628 = LINE('',#1629,#1630);
#1629 = CARTESIAN_POINT('',(0.7,-0.6,0.405));
#1630 = VECTOR('',#1631,1.);
#1631 = DIRECTION('',(0.,0.,1.));
#1632 = PLANE('',#1633);
#1633 = AXIS2_PLACEMENT_3D('',#1634,#1635,#1636);
#1634 = CARTESIAN_POINT('',(-0.7,-0.6,0.405));
#1635 = DIRECTION('',(0.,1.,0.));
#1636 = DIRECTION('',(0.,-0.,1.));
#1637 = ADVANCED_FACE('',(#1638),#1656,.F.);
#1638 = FACE_BOUND('',#1639,.F.);
#1639 = EDGE_LOOP('',(#1640,#1641,#1642,#1650));
#1640 = ORIENTED_EDGE('',*,*,#1611,.F.);
#1641 = ORIENTED_EDGE('',*,*,#1458,.T.);
#1642 = ORIENTED_EDGE('',*,*,#1643,.T.);
#1643 = EDGE_CURVE('',#1311,#1644,#1646,.T.);
#1644 = VERTEX_POINT('',#1645);
#1645 = CARTESIAN_POINT('',(-0.7,0.6,0.45));
#1646 = LINE('',#1647,#1648);
#1647 = CARTESIAN_POINT('',(-0.7,0.6,0.405));
#1648 = VECTOR('',#1649,1.);
#1649 = DIRECTION('',(0.,0.,1.));
#1650 = ORIENTED_EDGE('',*,*,#1651,.F.);
#1651 = EDGE_CURVE('',#1612,#1644,#1652,.T.);
#1652 = LINE('',#1653,#1654);
#1653 = CARTESIAN_POINT('',(-0.7,-0.6,0.45));
#1654 = VECTOR('',#1655,1.);
#1655 = DIRECTION('',(0.,1.,0.));
#1656 = PLANE('',#1657);
#1657 = AXIS2_PLACEMENT_3D('',#1658,#1659,#1660);
#1658 = CARTESIAN_POINT('',(-0.7,-0.6,0.405));
#1659 = DIRECTION('',(1.,0.,0.));
#1660 = DIRECTION('',(0.,0.,1.));
#1661 = ADVANCED_FACE('',(#1662),#1725,.T.);
#1662 = FACE_BOUND('',#1663,.T.);
#1663 = EDGE_LOOP('',(#1664,#1674,#1681,#1682,#1683,#1684,#1693,#1701,
    #1710,#1718));
#1664 = ORIENTED_EDGE('',*,*,#1665,.F.);
#1665 = EDGE_CURVE('',#1666,#1668,#1670,.T.);
#1666 = VERTEX_POINT('',#1667);
#1667 = CARTESIAN_POINT('',(0.745,0.6,-2.775557561563E-17));
#1668 = VERTEX_POINT('',#1669);
#1669 = CARTESIAN_POINT('',(0.955,0.6,-2.775557561563E-17));
#1670 = LINE('',#1671,#1672);
#1671 = CARTESIAN_POINT('',(0.7,0.6,0.));
#1672 = VECTOR('',#1673,1.);
#1673 = DIRECTION('',(1.,0.,0.));
#1674 = ORIENTED_EDGE('',*,*,#1675,.F.);
#1675 = EDGE_CURVE('',#1503,#1666,#1676,.T.);
#1676 = CIRCLE('',#1677,4.5E-02);
#1677 = AXIS2_PLACEMENT_3D('',#1678,#1679,#1680);
#1678 = CARTESIAN_POINT('',(0.745,0.6,4.5E-02));
#1679 = DIRECTION('',(0.,-1.,0.));
#1680 = DIRECTION('',(0.,0.,1.));
#1681 = ORIENTED_EDGE('',*,*,#1502,.T.);
#1682 = ORIENTED_EDGE('',*,*,#1494,.T.);
#1683 = ORIENTED_EDGE('',*,*,#1486,.F.);
#1684 = ORIENTED_EDGE('',*,*,#1685,.T.);
#1685 = EDGE_CURVE('',#1479,#1686,#1688,.T.);
#1686 = VERTEX_POINT('',#1687);
#1687 = CARTESIAN_POINT('',(0.745,0.6,0.45));
#1688 = CIRCLE('',#1689,4.5E-02);
#1689 = AXIS2_PLACEMENT_3D('',#1690,#1691,#1692);
#1690 = CARTESIAN_POINT('',(0.745,0.6,0.405));
#1691 = DIRECTION('',(0.,1.,0.));
#1692 = DIRECTION('',(0.,-0.,1.));
#1693 = ORIENTED_EDGE('',*,*,#1694,.T.);
#1694 = EDGE_CURVE('',#1686,#1695,#1697,.T.);
#1695 = VERTEX_POINT('',#1696);
#1696 = CARTESIAN_POINT('',(0.955,0.6,0.45));
#1697 = LINE('',#1698,#1699);
#1698 = CARTESIAN_POINT('',(0.7,0.6,0.45));
#1699 = VECTOR('',#1700,1.);
#1700 = DIRECTION('',(1.,0.,0.));
#1701 = ORIENTED_EDGE('',*,*,#1702,.F.);
#1702 = EDGE_CURVE('',#1703,#1695,#1705,.T.);
#1703 = VERTEX_POINT('',#1704);
#1704 = CARTESIAN_POINT('',(1.,0.6,0.405));
#1705 = CIRCLE('',#1706,4.5E-02);
#1706 = AXIS2_PLACEMENT_3D('',#1707,#1708,#1709);
#1707 = CARTESIAN_POINT('',(0.955,0.6,0.405));
#1708 = DIRECTION('',(0.,-1.,0.));
#1709 = DIRECTION('',(0.,0.,1.));
#1710 = ORIENTED_EDGE('',*,*,#1711,.F.);
#1711 = EDGE_CURVE('',#1712,#1703,#1714,.T.);
#1712 = VERTEX_POINT('',#1713);
#1713 = CARTESIAN_POINT('',(1.,0.6,4.5E-02));
#1714 = LINE('',#1715,#1716);
#1715 = CARTESIAN_POINT('',(1.,0.6,0.));
#1716 = VECTOR('',#1717,1.);
#1717 = DIRECTION('',(0.,0.,1.));
#1718 = ORIENTED_EDGE('',*,*,#1719,.T.);
#1719 = EDGE_CURVE('',#1712,#1668,#1720,.T.);
#1720 = CIRCLE('',#1721,4.5E-02);
#1721 = AXIS2_PLACEMENT_3D('',#1722,#1723,#1724);
#1722 = CARTESIAN_POINT('',(0.955,0.6,4.5E-02));
#1723 = DIRECTION('',(0.,1.,0.));
#1724 = DIRECTION('',(0.,-0.,1.));
#1725 = PLANE('',#1726);
#1726 = AXIS2_PLACEMENT_3D('',#1727,#1728,#1729);
#1727 = CARTESIAN_POINT('',(0.7,0.6,0.));
#1728 = DIRECTION('',(0.,1.,0.));
#1729 = DIRECTION('',(0.,-0.,1.));
#1730 = ADVANCED_FACE('',(#1731),#1749,.T.);
#1731 = FACE_BOUND('',#1732,.T.);
#1732 = EDGE_LOOP('',(#1733,#1734,#1735,#1743));
#1733 = ORIENTED_EDGE('',*,*,#1478,.F.);
#1734 = ORIENTED_EDGE('',*,*,#1643,.T.);
#1735 = ORIENTED_EDGE('',*,*,#1736,.T.);
#1736 = EDGE_CURVE('',#1644,#1737,#1739,.T.);
#1737 = VERTEX_POINT('',#1738);
#1738 = CARTESIAN_POINT('',(0.7,0.6,0.45));
#1739 = LINE('',#1740,#1741);
#1740 = CARTESIAN_POINT('',(-0.7,0.6,0.45));
#1741 = VECTOR('',#1742,1.);
#1742 = DIRECTION('',(1.,0.,0.));
#1743 = ORIENTED_EDGE('',*,*,#1744,.F.);
#1744 = EDGE_CURVE('',#1479,#1737,#1745,.T.);
#1745 = LINE('',#1746,#1747);
#1746 = CARTESIAN_POINT('',(0.7,0.6,0.405));
#1747 = VECTOR('',#1748,1.);
#1748 = DIRECTION('',(0.,0.,1.));
#1749 = PLANE('',#1750);
#1750 = AXIS2_PLACEMENT_3D('',#1751,#1752,#1753);
#1751 = CARTESIAN_POINT('',(-0.7,0.6,0.405));
#1752 = DIRECTION('',(0.,1.,0.));
#1753 = DIRECTION('',(0.,-0.,1.));
#1754 = ADVANCED_FACE('',(#1755),#1766,.T.);
#1755 = FACE_BOUND('',#1756,.T.);
#1756 = EDGE_LOOP('',(#1757,#1758,#1759,#1765));
#1757 = ORIENTED_EDGE('',*,*,#1526,.T.);
#1758 = ORIENTED_EDGE('',*,*,#1675,.T.);
#1759 = ORIENTED_EDGE('',*,*,#1760,.F.);
#1760 = EDGE_CURVE('',#1542,#1666,#1761,.T.);
#1761 = LINE('',#1762,#1763);
#1762 = CARTESIAN_POINT('',(0.745,-0.6,-2.775557561563E-17));
#1763 = VECTOR('',#1764,1.);
#1764 = DIRECTION('',(0.,1.,0.));
#1765 = ORIENTED_EDGE('',*,*,#1551,.F.);
#1766 = CYLINDRICAL_SURFACE('',#1767,4.5E-02);
#1767 = AXIS2_PLACEMENT_3D('',#1768,#1769,#1770);
#1768 = CARTESIAN_POINT('',(0.745,-0.6,4.5E-02));
#1769 = DIRECTION('',(0.,1.,0.));
#1770 = DIRECTION('',(-1.,0.,0.));
#1771 = ADVANCED_FACE('',(#1772),#1783,.F.);
#1772 = FACE_BOUND('',#1773,.F.);
#1773 = EDGE_LOOP('',(#1774,#1775,#1776,#1777));
#1774 = ORIENTED_EDGE('',*,*,#1665,.F.);
#1775 = ORIENTED_EDGE('',*,*,#1760,.F.);
#1776 = ORIENTED_EDGE('',*,*,#1541,.T.);
#1777 = ORIENTED_EDGE('',*,*,#1778,.T.);
#1778 = EDGE_CURVE('',#1544,#1668,#1779,.T.);
#1779 = LINE('',#1780,#1781);
#1780 = CARTESIAN_POINT('',(0.955,-0.6,-2.775557561563E-17));
#1781 = VECTOR('',#1782,1.);
#1782 = DIRECTION('',(0.,1.,0.));
#1783 = PLANE('',#1784);
#1784 = AXIS2_PLACEMENT_3D('',#1785,#1786,#1787);
#1785 = CARTESIAN_POINT('',(0.7,-0.6,0.));
#1786 = DIRECTION('',(0.,0.,1.));
#1787 = DIRECTION('',(1.,0.,-0.));
#1788 = ADVANCED_FACE('',(#1789),#1800,.T.);
#1789 = FACE_BOUND('',#1790,.T.);
#1790 = EDGE_LOOP('',(#1791,#1792,#1793,#1794));
#1791 = ORIENTED_EDGE('',*,*,#1595,.T.);
#1792 = ORIENTED_EDGE('',*,*,#1778,.T.);
#1793 = ORIENTED_EDGE('',*,*,#1719,.F.);
#1794 = ORIENTED_EDGE('',*,*,#1795,.F.);
#1795 = EDGE_CURVE('',#1588,#1712,#1796,.T.);
#1796 = LINE('',#1797,#1798);
#1797 = CARTESIAN_POINT('',(1.,-0.6,4.5E-02));
#1798 = VECTOR('',#1799,1.);
#1799 = DIRECTION('',(0.,1.,0.));
#1800 = CYLINDRICAL_SURFACE('',#1801,4.5E-02);
#1801 = AXIS2_PLACEMENT_3D('',#1802,#1803,#1804);
#1802 = CARTESIAN_POINT('',(0.955,-0.6,4.5E-02));
#1803 = DIRECTION('',(0.,1.,0.));
#1804 = DIRECTION('',(1.,0.,0.));
#1805 = ADVANCED_FACE('',(#1806),#1817,.T.);
#1806 = FACE_BOUND('',#1807,.T.);
#1807 = EDGE_LOOP('',(#1808,#1809,#1810,#1811));
#1808 = ORIENTED_EDGE('',*,*,#1587,.F.);
#1809 = ORIENTED_EDGE('',*,*,#1795,.T.);
#1810 = ORIENTED_EDGE('',*,*,#1711,.T.);
#1811 = ORIENTED_EDGE('',*,*,#1812,.F.);
#1812 = EDGE_CURVE('',#1579,#1703,#1813,.T.);
#1813 = LINE('',#1814,#1815);
#1814 = CARTESIAN_POINT('',(1.,-0.6,0.405));
#1815 = VECTOR('',#1816,1.);
#1816 = DIRECTION('',(0.,1.,0.));
#1817 = PLANE('',#1818);
#1818 = AXIS2_PLACEMENT_3D('',#1819,#1820,#1821);
#1819 = CARTESIAN_POINT('',(1.,-0.6,0.));
#1820 = DIRECTION('',(1.,0.,0.));
#1821 = DIRECTION('',(0.,0.,1.));
#1822 = ADVANCED_FACE('',(#1823),#1834,.T.);
#1823 = FACE_BOUND('',#1824,.T.);
#1824 = EDGE_LOOP('',(#1825,#1826,#1827,#1833));
#1825 = ORIENTED_EDGE('',*,*,#1812,.T.);
#1826 = ORIENTED_EDGE('',*,*,#1702,.T.);
#1827 = ORIENTED_EDGE('',*,*,#1828,.F.);
#1828 = EDGE_CURVE('',#1571,#1695,#1829,.T.);
#1829 = LINE('',#1830,#1831);
#1830 = CARTESIAN_POINT('',(0.955,-0.6,0.45));
#1831 = VECTOR('',#1832,1.);
#1832 = DIRECTION('',(0.,1.,0.));
#1833 = ORIENTED_EDGE('',*,*,#1578,.F.);
#1834 = CYLINDRICAL_SURFACE('',#1835,4.5E-02);
#1835 = AXIS2_PLACEMENT_3D('',#1836,#1837,#1838);
#1836 = CARTESIAN_POINT('',(0.955,-0.6,0.405));
#1837 = DIRECTION('',(0.,1.,0.));
#1838 = DIRECTION('',(1.,0.,0.));
#1839 = ADVANCED_FACE('',(#1840),#1851,.T.);
#1840 = FACE_BOUND('',#1841,.T.);
#1841 = EDGE_LOOP('',(#1842,#1843,#1849,#1850));
#1842 = ORIENTED_EDGE('',*,*,#1694,.F.);
#1843 = ORIENTED_EDGE('',*,*,#1844,.F.);
#1844 = EDGE_CURVE('',#1562,#1686,#1845,.T.);
#1845 = LINE('',#1846,#1847);
#1846 = CARTESIAN_POINT('',(0.745,-0.6,0.45));
#1847 = VECTOR('',#1848,1.);
#1848 = DIRECTION('',(0.,1.,0.));
#1849 = ORIENTED_EDGE('',*,*,#1570,.T.);
#1850 = ORIENTED_EDGE('',*,*,#1828,.T.);
#1851 = PLANE('',#1852);
#1852 = AXIS2_PLACEMENT_3D('',#1853,#1854,#1855);
#1853 = CARTESIAN_POINT('',(0.7,-0.6,0.45));
#1854 = DIRECTION('',(0.,0.,1.));
#1855 = DIRECTION('',(1.,0.,-0.));
#1856 = ADVANCED_FACE('',(#1857),#1868,.T.);
#1857 = FACE_BOUND('',#1858,.T.);
#1858 = EDGE_LOOP('',(#1859,#1860,#1861,#1862));
#1859 = ORIENTED_EDGE('',*,*,#1561,.T.);
#1860 = ORIENTED_EDGE('',*,*,#1844,.T.);
#1861 = ORIENTED_EDGE('',*,*,#1685,.F.);
#1862 = ORIENTED_EDGE('',*,*,#1863,.F.);
#1863 = EDGE_CURVE('',#1396,#1479,#1864,.T.);
#1864 = LINE('',#1865,#1866);
#1865 = CARTESIAN_POINT('',(0.7,-0.6,0.405));
#1866 = VECTOR('',#1867,1.);
#1867 = DIRECTION('',(0.,1.,0.));
#1868 = CYLINDRICAL_SURFACE('',#1869,4.5E-02);
#1869 = AXIS2_PLACEMENT_3D('',#1870,#1871,#1872);
#1870 = CARTESIAN_POINT('',(0.745,-0.6,0.405));
#1871 = DIRECTION('',(0.,1.,0.));
#1872 = DIRECTION('',(-1.,0.,0.));
#1873 = ADVANCED_FACE('',(#1874),#1885,.T.);
#1874 = FACE_BOUND('',#1875,.T.);
#1875 = EDGE_LOOP('',(#1876,#1877,#1878,#1879));
#1876 = ORIENTED_EDGE('',*,*,#1627,.F.);
#1877 = ORIENTED_EDGE('',*,*,#1863,.T.);
#1878 = ORIENTED_EDGE('',*,*,#1744,.T.);
#1879 = ORIENTED_EDGE('',*,*,#1880,.F.);
#1880 = EDGE_CURVE('',#1620,#1737,#1881,.T.);
#1881 = LINE('',#1882,#1883);
#1882 = CARTESIAN_POINT('',(0.7,-0.6,0.45));
#1883 = VECTOR('',#1884,1.);
#1884 = DIRECTION('',(0.,1.,0.));
#1885 = PLANE('',#1886);
#1886 = AXIS2_PLACEMENT_3D('',#1887,#1888,#1889);
#1887 = CARTESIAN_POINT('',(0.7,-0.6,0.405));
#1888 = DIRECTION('',(1.,0.,0.));
#1889 = DIRECTION('',(0.,0.,1.));
#1890 = ADVANCED_FACE('',(#1891),#1897,.T.);
#1891 = FACE_BOUND('',#1892,.T.);
#1892 = EDGE_LOOP('',(#1893,#1894,#1895,#1896));
#1893 = ORIENTED_EDGE('',*,*,#1651,.F.);
#1894 = ORIENTED_EDGE('',*,*,#1619,.T.);
#1895 = ORIENTED_EDGE('',*,*,#1880,.T.);
#1896 = ORIENTED_EDGE('',*,*,#1736,.F.);
#1897 = PLANE('',#1898);
#1898 = AXIS2_PLACEMENT_3D('',#1899,#1900,#1901);
#1899 = CARTESIAN_POINT('',(-0.7,-0.6,0.45));
#1900 = DIRECTION('',(0.,0.,1.));
#1901 = DIRECTION('',(1.,0.,-0.));
#1902 = ( GEOMETRIC_REPRESENTATION_CONTEXT(3) 
GLOBAL_UNCERTAINTY_ASSIGNED_CONTEXT((#1906)) 
GLOBAL_UNIT_ASSIGNED_CONTEXT((#1903,#1904,#1905)) REPRESENTATION_CONTEXT
('Context #1','3D Context with UNIT and UNCERTAINTY') );
#1903 = ( LENGTH_UNIT() NAMED_UNIT(*) SI_UNIT(.MILLI.,.METRE.) );
#1904 = ( NAMED_UNIT(*) PLANE_ANGLE_UNIT() SI_UNIT($,.RADIAN.) );
#1905 = ( NAMED_UNIT(*) SI_UNIT($,.STERADIAN.) SOLID_ANGLE_UNIT() );
#1906 = UNCERTAINTY_MEASURE_WITH_UNIT(LENGTH_MEASURE(1.E-07),#1903,
  'distance_accuracy_value','confusion accuracy');
#1907 = CONTEXT_DEPENDENT_SHAPE_REPRESENTATION(#1908,#1910);
#1908 = ( REPRESENTATION_RELATIONSHIP('','',#1111,#1088) 
REPRESENTATION_RELATIONSHIP_WITH_TRANSFORMATION(#1909) 
SHAPE_REPRESENTATION_RELATIONSHIP() );
#1909 = ITEM_DEFINED_TRANSFORMATION('','',#11,#1089);
#1910 = PRODUCT_DEFINITION_SHAPE('Placement','Placement of an item',
  #1911);
#1911 = NEXT_ASSEMBLY_USAGE_OCCURRENCE('3','=>[0:1:1:5]','',#1083,#1106,
  $);
#1912 = PRODUCT_RELATED_PRODUCT_CATEGORY('part',$,(#1108));
#1913 = SHAPE_DEFINITION_REPRESENTATION(#1914,#1920);
#1914 = PRODUCT_DEFINITION_SHAPE('','',#1915);
#1915 = PRODUCT_DEFINITION('design','',#1916,#1919);
#1916 = PRODUCT_DEFINITION_FORMATION('','',#1917);
#1917 = PRODUCT('R_0603_1608Metric','R_0603_1608Metric','',(#1918));
#1918 = PRODUCT_CONTEXT('',#2,'mechanical');
#1919 = PRODUCT_DEFINITION_CONTEXT('part definition',#2,'design');
#1920 = SHAPE_REPRESENTATION('',(#11,#1921),#1925);
#1921 = AXIS2_PLACEMENT_3D('',#1922,#1923,#1924);
#1922 = CARTESIAN_POINT('',(0.,0.,0.));
#1923 = DIRECTION('',(0.,0.,1.));
#1924 = DIRECTION('',(1.,0.,-0.));
#1925 = ( GEOMETRIC_REPRESENTATION_CONTEXT(3) 
GLOBAL_UNCERTAINTY_ASSIGNED_CONTEXT((#1929)) 
GLOBAL_UNIT_ASSIGNED_CONTEXT((#1926,#1927,#1928)) REPRESENTATION_CONTEXT
('Context #1','3D Context with UNIT and UNCERTAINTY') );
#1926 = ( LENGTH_UNIT() NAMED_UNIT(*) SI_UNIT(.MILLI.,.METRE.) );
#1927 = ( NAMED_UNIT(*) PLANE_ANGLE_UNIT() SI_UNIT($,.RADIAN.) );
#1928 = ( NAMED_UNIT(*) SI_UNIT($,.STERADIAN.) SOLID_ANGLE_UNIT() );
#1929 = UNCERTAINTY_MEASURE_WITH_UNIT(LENGTH_MEASURE(1.E-07),#1926,
  'distance_accuracy_value','confusion accuracy');
#1930 = CONTEXT_DEPENDENT_SHAPE_REPRESENTATION(#1931,#1933);
#1931 = ( REPRESENTATION_RELATIONSHIP('','',#1920,#10) 
REPRESENTATION_RELATIONSHIP_WITH_TRANSFORMATION(#1932) 
SHAPE_REPRESENTATION_RELATIONSHIP() );
#1932 = ITEM_DEFINED_TRANSFORMATION('','',#11,#23);
#1933 = PRODUCT_DEFINITION_SHAPE('Placement','Placement of an item',
  #1934);
#1934 = NEXT_ASSEMBLY_USAGE_OCCURRENCE('6','R9','',#5,#1915,$);
#1935 = PRODUCT_RELATED_PRODUCT_CATEGORY('part',$,(#1917));
#1936 = SHAPE_DEFINITION_REPRESENTATION(#1937,#1943);
#1937 = PRODUCT_DEFINITION_SHAPE('','',#1938);
#1938 = PRODUCT_DEFINITION('design','',#1939,#1942);
#1939 = PRODUCT_DEFINITION_FORMATION('','',#1940);
#1940 = PRODUCT('R_0603_1608Metric','R_0603_1608Metric','',(#1941));
#1941 = PRODUCT_CONTEXT('',#2,'mechanical');
#1942 = PRODUCT_DEFINITION_CONTEXT('part definition',#2,'design');
#1943 = ADVANCED_BREP_SHAPE_REPRESENTATION('',(#11,#1944),#2734);
#1944 = MANIFOLD_SOLID_BREP('',#1945);
#1945 = CLOSED_SHELL('',(#1946,#1986,#2069,#2094,#2119,#2186,#2203,#2220
    ,#2269,#2286,#2303,#2352,#2369,#2438,#2469,#2493,#2562,#2586,#2603,
    #2620,#2637,#2654,#2671,#2688,#2705,#2722));
#1946 = ADVANCED_FACE('',(#1947),#1981,.F.);
#1947 = FACE_BOUND('',#1948,.F.);
#1948 = EDGE_LOOP('',(#1949,#1959,#1967,#1975));
#1949 = ORIENTED_EDGE('',*,*,#1950,.F.);
#1950 = EDGE_CURVE('',#1951,#1953,#1955,.T.);
#1951 = VERTEX_POINT('',#1952);
#1952 = CARTESIAN_POINT('',(-0.8,-0.4,4.5E-02));
#1953 = VERTEX_POINT('',#1954);
#1954 = CARTESIAN_POINT('',(-0.8,-0.4,0.405));
#1955 = LINE('',#1956,#1957);
#1956 = CARTESIAN_POINT('',(-0.8,-0.4,0.));
#1957 = VECTOR('',#1958,1.);
#1958 = DIRECTION('',(0.,0.,1.));
#1959 = ORIENTED_EDGE('',*,*,#1960,.T.);
#1960 = EDGE_CURVE('',#1951,#1961,#1963,.T.);
#1961 = VERTEX_POINT('',#1962);
#1962 = CARTESIAN_POINT('',(-0.8,0.4,4.5E-02));
#1963 = LINE('',#1964,#1965);
#1964 = CARTESIAN_POINT('',(-0.8,-0.4,4.5E-02));
#1965 = VECTOR('',#1966,1.);
#1966 = DIRECTION('',(0.,1.,0.));
#1967 = ORIENTED_EDGE('',*,*,#1968,.T.);
#1968 = EDGE_CURVE('',#1961,#1969,#1971,.T.);
#1969 = VERTEX_POINT('',#1970);
#1970 = CARTESIAN_POINT('',(-0.8,0.4,0.405));
#1971 = LINE('',#1972,#1973);
#1972 = CARTESIAN_POINT('',(-0.8,0.4,0.));
#1973 = VECTOR('',#1974,1.);
#1974 = DIRECTION('',(0.,0.,1.));
#1975 = ORIENTED_EDGE('',*,*,#1976,.F.);
#1976 = EDGE_CURVE('',#1953,#1969,#1977,.T.);
#1977 = LINE('',#1978,#1979);
#1978 = CARTESIAN_POINT('',(-0.8,-0.4,0.405));
#1979 = VECTOR('',#1980,1.);
#1980 = DIRECTION('',(0.,1.,0.));
#1981 = PLANE('',#1982);
#1982 = AXIS2_PLACEMENT_3D('',#1983,#1984,#1985);
#1983 = CARTESIAN_POINT('',(-0.8,-0.4,0.));
#1984 = DIRECTION('',(1.,0.,0.));
#1985 = DIRECTION('',(0.,0.,1.));
#1986 = ADVANCED_FACE('',(#1987),#2064,.F.);
#1987 = FACE_BOUND('',#1988,.F.);
#1988 = EDGE_LOOP('',(#1989,#1999,#2006,#2007,#2016,#2024,#2033,#2041,
    #2049,#2057));
#1989 = ORIENTED_EDGE('',*,*,#1990,.F.);
#1990 = EDGE_CURVE('',#1991,#1993,#1995,.T.);
#1991 = VERTEX_POINT('',#1992);
#1992 = CARTESIAN_POINT('',(-0.755,-0.4,-2.775557561563E-17));
#1993 = VERTEX_POINT('',#1994);
#1994 = CARTESIAN_POINT('',(-0.545,-0.4,-2.775557561563E-17));
#1995 = LINE('',#1996,#1997);
#1996 = CARTESIAN_POINT('',(-0.8,-0.4,0.));
#1997 = VECTOR('',#1998,1.);
#1998 = DIRECTION('',(1.,0.,0.));
#1999 = ORIENTED_EDGE('',*,*,#2000,.F.);
#2000 = EDGE_CURVE('',#1951,#1991,#2001,.T.);
#2001 = CIRCLE('',#2002,4.5E-02);
#2002 = AXIS2_PLACEMENT_3D('',#2003,#2004,#2005);
#2003 = CARTESIAN_POINT('',(-0.755,-0.4,4.5E-02));
#2004 = DIRECTION('',(0.,-1.,0.));
#2005 = DIRECTION('',(0.,0.,1.));
#2006 = ORIENTED_EDGE('',*,*,#1950,.T.);
#2007 = ORIENTED_EDGE('',*,*,#2008,.T.);
#2008 = EDGE_CURVE('',#1953,#2009,#2011,.T.);
#2009 = VERTEX_POINT('',#2010);
#2010 = CARTESIAN_POINT('',(-0.755,-0.4,0.45));
#2011 = CIRCLE('',#2012,4.5E-02);
#2012 = AXIS2_PLACEMENT_3D('',#2013,#2014,#2015);
#2013 = CARTESIAN_POINT('',(-0.755,-0.4,0.405));
#2014 = DIRECTION('',(0.,1.,0.));
#2015 = DIRECTION('',(0.,-0.,1.));
#2016 = ORIENTED_EDGE('',*,*,#2017,.T.);
#2017 = EDGE_CURVE('',#2009,#2018,#2020,.T.);
#2018 = VERTEX_POINT('',#2019);
#2019 = CARTESIAN_POINT('',(-0.545,-0.4,0.45));
#2020 = LINE('',#2021,#2022);
#2021 = CARTESIAN_POINT('',(-0.8,-0.4,0.45));
#2022 = VECTOR('',#2023,1.);
#2023 = DIRECTION('',(1.,0.,0.));
#2024 = ORIENTED_EDGE('',*,*,#2025,.F.);
#2025 = EDGE_CURVE('',#2026,#2018,#2028,.T.);
#2026 = VERTEX_POINT('',#2027);
#2027 = CARTESIAN_POINT('',(-0.5,-0.4,0.405));
#2028 = CIRCLE('',#2029,4.5E-02);
#2029 = AXIS2_PLACEMENT_3D('',#2030,#2031,#2032);
#2030 = CARTESIAN_POINT('',(-0.545,-0.4,0.405));
#2031 = DIRECTION('',(0.,-1.,0.));
#2032 = DIRECTION('',(0.,0.,1.));
#2033 = ORIENTED_EDGE('',*,*,#2034,.F.);
#2034 = EDGE_CURVE('',#2035,#2026,#2037,.T.);
#2035 = VERTEX_POINT('',#2036);
#2036 = CARTESIAN_POINT('',(-0.755,-0.4,0.405));
#2037 = LINE('',#2038,#2039);
#2038 = CARTESIAN_POINT('',(-0.755,-0.4,0.405));
#2039 = VECTOR('',#2040,1.);
#2040 = DIRECTION('',(1.,0.,0.));
#2041 = ORIENTED_EDGE('',*,*,#2042,.F.);
#2042 = EDGE_CURVE('',#2043,#2035,#2045,.T.);
#2043 = VERTEX_POINT('',#2044);
#2044 = CARTESIAN_POINT('',(-0.755,-0.4,4.5E-02));
#2045 = LINE('',#2046,#2047);
#2046 = CARTESIAN_POINT('',(-0.755,-0.4,4.5E-02));
#2047 = VECTOR('',#2048,1.);
#2048 = DIRECTION('',(0.,0.,1.));
#2049 = ORIENTED_EDGE('',*,*,#2050,.T.);
#2050 = EDGE_CURVE('',#2043,#2051,#2053,.T.);
#2051 = VERTEX_POINT('',#2052);
#2052 = CARTESIAN_POINT('',(-0.5,-0.4,4.5E-02));
#2053 = LINE('',#2054,#2055);
#2054 = CARTESIAN_POINT('',(-0.755,-0.4,4.5E-02));
#2055 = VECTOR('',#2056,1.);
#2056 = DIRECTION('',(1.,0.,0.));
#2057 = ORIENTED_EDGE('',*,*,#2058,.T.);
#2058 = EDGE_CURVE('',#2051,#1993,#2059,.T.);
#2059 = CIRCLE('',#2060,4.5E-02);
#2060 = AXIS2_PLACEMENT_3D('',#2061,#2062,#2063);
#2061 = CARTESIAN_POINT('',(-0.545,-0.4,4.5E-02));
#2062 = DIRECTION('',(0.,1.,0.));
#2063 = DIRECTION('',(0.,-0.,1.));
#2064 = PLANE('',#2065);
#2065 = AXIS2_PLACEMENT_3D('',#2066,#2067,#2068);
#2066 = CARTESIAN_POINT('',(-0.8,-0.4,0.));
#2067 = DIRECTION('',(0.,1.,0.));
#2068 = DIRECTION('',(0.,-0.,1.));
#2069 = ADVANCED_FACE('',(#2070),#2089,.T.);
#2070 = FACE_BOUND('',#2071,.T.);
#2071 = EDGE_LOOP('',(#2072,#2073,#2082,#2088));
#2072 = ORIENTED_EDGE('',*,*,#1960,.T.);
#2073 = ORIENTED_EDGE('',*,*,#2074,.T.);
#2074 = EDGE_CURVE('',#1961,#2075,#2077,.T.);
#2075 = VERTEX_POINT('',#2076);
#2076 = CARTESIAN_POINT('',(-0.755,0.4,-2.775557561563E-17));
#2077 = CIRCLE('',#2078,4.5E-02);
#2078 = AXIS2_PLACEMENT_3D('',#2079,#2080,#2081);
#2079 = CARTESIAN_POINT('',(-0.755,0.4,4.5E-02));
#2080 = DIRECTION('',(0.,-1.,0.));
#2081 = DIRECTION('',(0.,0.,1.));
#2082 = ORIENTED_EDGE('',*,*,#2083,.F.);
#2083 = EDGE_CURVE('',#1991,#2075,#2084,.T.);
#2084 = LINE('',#2085,#2086);
#2085 = CARTESIAN_POINT('',(-0.755,-0.4,-2.775557561563E-17));
#2086 = VECTOR('',#2087,1.);
#2087 = DIRECTION('',(0.,1.,0.));
#2088 = ORIENTED_EDGE('',*,*,#2000,.F.);
#2089 = CYLINDRICAL_SURFACE('',#2090,4.5E-02);
#2090 = AXIS2_PLACEMENT_3D('',#2091,#2092,#2093);
#2091 = CARTESIAN_POINT('',(-0.755,-0.4,4.5E-02));
#2092 = DIRECTION('',(0.,1.,0.));
#2093 = DIRECTION('',(-1.,0.,0.));
#2094 = ADVANCED_FACE('',(#2095),#2114,.T.);
#2095 = FACE_BOUND('',#2096,.T.);
#2096 = EDGE_LOOP('',(#2097,#2098,#2106,#2113));
#2097 = ORIENTED_EDGE('',*,*,#2008,.T.);
#2098 = ORIENTED_EDGE('',*,*,#2099,.T.);
#2099 = EDGE_CURVE('',#2009,#2100,#2102,.T.);
#2100 = VERTEX_POINT('',#2101);
#2101 = CARTESIAN_POINT('',(-0.755,0.4,0.45));
#2102 = LINE('',#2103,#2104);
#2103 = CARTESIAN_POINT('',(-0.755,-0.4,0.45));
#2104 = VECTOR('',#2105,1.);
#2105 = DIRECTION('',(0.,1.,0.));
#2106 = ORIENTED_EDGE('',*,*,#2107,.F.);
#2107 = EDGE_CURVE('',#1969,#2100,#2108,.T.);
#2108 = CIRCLE('',#2109,4.5E-02);
#2109 = AXIS2_PLACEMENT_3D('',#2110,#2111,#2112);
#2110 = CARTESIAN_POINT('',(-0.755,0.4,0.405));
#2111 = DIRECTION('',(0.,1.,0.));
#2112 = DIRECTION('',(0.,-0.,1.));
#2113 = ORIENTED_EDGE('',*,*,#1976,.F.);
#2114 = CYLINDRICAL_SURFACE('',#2115,4.5E-02);
#2115 = AXIS2_PLACEMENT_3D('',#2116,#2117,#2118);
#2116 = CARTESIAN_POINT('',(-0.755,-0.4,0.405));
#2117 = DIRECTION('',(0.,1.,0.));
#2118 = DIRECTION('',(-1.,0.,0.));
#2119 = ADVANCED_FACE('',(#2120),#2181,.T.);
#2120 = FACE_BOUND('',#2121,.T.);
#2121 = EDGE_LOOP('',(#2122,#2130,#2131,#2132,#2133,#2141,#2150,#2158,
    #2166,#2174));
#2122 = ORIENTED_EDGE('',*,*,#2123,.F.);
#2123 = EDGE_CURVE('',#2075,#2124,#2126,.T.);
#2124 = VERTEX_POINT('',#2125);
#2125 = CARTESIAN_POINT('',(-0.545,0.4,-2.775557561563E-17));
#2126 = LINE('',#2127,#2128);
#2127 = CARTESIAN_POINT('',(-0.8,0.4,0.));
#2128 = VECTOR('',#2129,1.);
#2129 = DIRECTION('',(1.,0.,0.));
#2130 = ORIENTED_EDGE('',*,*,#2074,.F.);
#2131 = ORIENTED_EDGE('',*,*,#1968,.T.);
#2132 = ORIENTED_EDGE('',*,*,#2107,.T.);
#2133 = ORIENTED_EDGE('',*,*,#2134,.T.);
#2134 = EDGE_CURVE('',#2100,#2135,#2137,.T.);
#2135 = VERTEX_POINT('',#2136);
#2136 = CARTESIAN_POINT('',(-0.545,0.4,0.45));
#2137 = LINE('',#2138,#2139);
#2138 = CARTESIAN_POINT('',(-0.8,0.4,0.45));
#2139 = VECTOR('',#2140,1.);
#2140 = DIRECTION('',(1.,0.,0.));
#2141 = ORIENTED_EDGE('',*,*,#2142,.F.);
#2142 = EDGE_CURVE('',#2143,#2135,#2145,.T.);
#2143 = VERTEX_POINT('',#2144);
#2144 = CARTESIAN_POINT('',(-0.5,0.4,0.405));
#2145 = CIRCLE('',#2146,4.5E-02);
#2146 = AXIS2_PLACEMENT_3D('',#2147,#2148,#2149);
#2147 = CARTESIAN_POINT('',(-0.545,0.4,0.405));
#2148 = DIRECTION('',(0.,-1.,0.));
#2149 = DIRECTION('',(0.,0.,1.));
#2150 = ORIENTED_EDGE('',*,*,#2151,.F.);
#2151 = EDGE_CURVE('',#2152,#2143,#2154,.T.);
#2152 = VERTEX_POINT('',#2153);
#2153 = CARTESIAN_POINT('',(-0.755,0.4,0.405));
#2154 = LINE('',#2155,#2156);
#2155 = CARTESIAN_POINT('',(-0.755,0.4,0.405));
#2156 = VECTOR('',#2157,1.);
#2157 = DIRECTION('',(1.,0.,0.));
#2158 = ORIENTED_EDGE('',*,*,#2159,.F.);
#2159 = EDGE_CURVE('',#2160,#2152,#2162,.T.);
#2160 = VERTEX_POINT('',#2161);
#2161 = CARTESIAN_POINT('',(-0.755,0.4,4.5E-02));
#2162 = LINE('',#2163,#2164);
#2163 = CARTESIAN_POINT('',(-0.755,0.4,4.5E-02));
#2164 = VECTOR('',#2165,1.);
#2165 = DIRECTION('',(0.,0.,1.));
#2166 = ORIENTED_EDGE('',*,*,#2167,.T.);
#2167 = EDGE_CURVE('',#2160,#2168,#2170,.T.);
#2168 = VERTEX_POINT('',#2169);
#2169 = CARTESIAN_POINT('',(-0.5,0.4,4.5E-02));
#2170 = LINE('',#2171,#2172);
#2171 = CARTESIAN_POINT('',(-0.755,0.4,4.5E-02));
#2172 = VECTOR('',#2173,1.);
#2173 = DIRECTION('',(1.,0.,0.));
#2174 = ORIENTED_EDGE('',*,*,#2175,.T.);
#2175 = EDGE_CURVE('',#2168,#2124,#2176,.T.);
#2176 = CIRCLE('',#2177,4.5E-02);
#2177 = AXIS2_PLACEMENT_3D('',#2178,#2179,#2180);
#2178 = CARTESIAN_POINT('',(-0.545,0.4,4.5E-02));
#2179 = DIRECTION('',(0.,1.,0.));
#2180 = DIRECTION('',(0.,-0.,1.));
#2181 = PLANE('',#2182);
#2182 = AXIS2_PLACEMENT_3D('',#2183,#2184,#2185);
#2183 = CARTESIAN_POINT('',(-0.8,0.4,0.));
#2184 = DIRECTION('',(0.,1.,0.));
#2185 = DIRECTION('',(0.,-0.,1.));
#2186 = ADVANCED_FACE('',(#2187),#2198,.F.);
#2187 = FACE_BOUND('',#2188,.F.);
#2188 = EDGE_LOOP('',(#2189,#2190,#2191,#2192));
#2189 = ORIENTED_EDGE('',*,*,#2123,.F.);
#2190 = ORIENTED_EDGE('',*,*,#2083,.F.);
#2191 = ORIENTED_EDGE('',*,*,#1990,.T.);
#2192 = ORIENTED_EDGE('',*,*,#2193,.T.);
#2193 = EDGE_CURVE('',#1993,#2124,#2194,.T.);
#2194 = LINE('',#2195,#2196);
#2195 = CARTESIAN_POINT('',(-0.545,-0.4,-2.775557561563E-17));
#2196 = VECTOR('',#2197,1.);
#2197 = DIRECTION('',(0.,1.,0.));
#2198 = PLANE('',#2199);
#2199 = AXIS2_PLACEMENT_3D('',#2200,#2201,#2202);
#2200 = CARTESIAN_POINT('',(-0.8,-0.4,0.));
#2201 = DIRECTION('',(0.,0.,1.));
#2202 = DIRECTION('',(1.,0.,-0.));
#2203 = ADVANCED_FACE('',(#2204),#2215,.T.);
#2204 = FACE_BOUND('',#2205,.T.);
#2205 = EDGE_LOOP('',(#2206,#2207,#2208,#2209));
#2206 = ORIENTED_EDGE('',*,*,#2058,.T.);
#2207 = ORIENTED_EDGE('',*,*,#2193,.T.);
#2208 = ORIENTED_EDGE('',*,*,#2175,.F.);
#2209 = ORIENTED_EDGE('',*,*,#2210,.F.);
#2210 = EDGE_CURVE('',#2051,#2168,#2211,.T.);
#2211 = LINE('',#2212,#2213);
#2212 = CARTESIAN_POINT('',(-0.5,-0.4,4.5E-02));
#2213 = VECTOR('',#2214,1.);
#2214 = DIRECTION('',(0.,1.,0.));
#2215 = CYLINDRICAL_SURFACE('',#2216,4.5E-02);
#2216 = AXIS2_PLACEMENT_3D('',#2217,#2218,#2219);
#2217 = CARTESIAN_POINT('',(-0.545,-0.4,4.5E-02));
#2218 = DIRECTION('',(0.,1.,0.));
#2219 = DIRECTION('',(1.,0.,0.));
#2220 = ADVANCED_FACE('',(#2221),#2264,.F.);
#2221 = FACE_BOUND('',#2222,.F.);
#2222 = EDGE_LOOP('',(#2223,#2224,#2225,#2226,#2234,#2242,#2250,#2258));
#2223 = ORIENTED_EDGE('',*,*,#2050,.F.);
#2224 = ORIENTED_EDGE('',*,*,#2042,.T.);
#2225 = ORIENTED_EDGE('',*,*,#2034,.T.);
#2226 = ORIENTED_EDGE('',*,*,#2227,.T.);
#2227 = EDGE_CURVE('',#2026,#2228,#2230,.T.);
#2228 = VERTEX_POINT('',#2229);
#2229 = CARTESIAN_POINT('',(0.5,-0.4,0.405));
#2230 = LINE('',#2231,#2232);
#2231 = CARTESIAN_POINT('',(-0.5,-0.4,0.405));
#2232 = VECTOR('',#2233,1.);
#2233 = DIRECTION('',(1.,0.,0.));
#2234 = ORIENTED_EDGE('',*,*,#2235,.T.);
#2235 = EDGE_CURVE('',#2228,#2236,#2238,.T.);
#2236 = VERTEX_POINT('',#2237);
#2237 = CARTESIAN_POINT('',(0.755,-0.4,0.405));
#2238 = LINE('',#2239,#2240);
#2239 = CARTESIAN_POINT('',(-0.755,-0.4,0.405));
#2240 = VECTOR('',#2241,1.);
#2241 = DIRECTION('',(1.,0.,0.));
#2242 = ORIENTED_EDGE('',*,*,#2243,.F.);
#2243 = EDGE_CURVE('',#2244,#2236,#2246,.T.);
#2244 = VERTEX_POINT('',#2245);
#2245 = CARTESIAN_POINT('',(0.755,-0.4,4.5E-02));
#2246 = LINE('',#2247,#2248);
#2247 = CARTESIAN_POINT('',(0.755,-0.4,4.5E-02));
#2248 = VECTOR('',#2249,1.);
#2249 = DIRECTION('',(0.,0.,1.));
#2250 = ORIENTED_EDGE('',*,*,#2251,.F.);
#2251 = EDGE_CURVE('',#2252,#2244,#2254,.T.);
#2252 = VERTEX_POINT('',#2253);
#2253 = CARTESIAN_POINT('',(0.5,-0.4,4.5E-02));
#2254 = LINE('',#2255,#2256);
#2255 = CARTESIAN_POINT('',(-0.755,-0.4,4.5E-02));
#2256 = VECTOR('',#2257,1.);
#2257 = DIRECTION('',(1.,0.,0.));
#2258 = ORIENTED_EDGE('',*,*,#2259,.F.);
#2259 = EDGE_CURVE('',#2051,#2252,#2260,.T.);
#2260 = LINE('',#2261,#2262);
#2261 = CARTESIAN_POINT('',(-0.755,-0.4,4.5E-02));
#2262 = VECTOR('',#2263,1.);
#2263 = DIRECTION('',(1.,0.,0.));
#2264 = PLANE('',#2265);
#2265 = AXIS2_PLACEMENT_3D('',#2266,#2267,#2268);
#2266 = CARTESIAN_POINT('',(-0.755,-0.4,4.5E-02));
#2267 = DIRECTION('',(0.,1.,0.));
#2268 = DIRECTION('',(0.,-0.,1.));
#2269 = ADVANCED_FACE('',(#2270),#2281,.T.);
#2270 = FACE_BOUND('',#2271,.T.);
#2271 = EDGE_LOOP('',(#2272,#2273,#2274,#2275));
#2272 = ORIENTED_EDGE('',*,*,#2134,.F.);
#2273 = ORIENTED_EDGE('',*,*,#2099,.F.);
#2274 = ORIENTED_EDGE('',*,*,#2017,.T.);
#2275 = ORIENTED_EDGE('',*,*,#2276,.T.);
#2276 = EDGE_CURVE('',#2018,#2135,#2277,.T.);
#2277 = LINE('',#2278,#2279);
#2278 = CARTESIAN_POINT('',(-0.545,-0.4,0.45));
#2279 = VECTOR('',#2280,1.);
#2280 = DIRECTION('',(0.,1.,0.));
#2281 = PLANE('',#2282);
#2282 = AXIS2_PLACEMENT_3D('',#2283,#2284,#2285);
#2283 = CARTESIAN_POINT('',(-0.8,-0.4,0.45));
#2284 = DIRECTION('',(0.,0.,1.));
#2285 = DIRECTION('',(1.,0.,-0.));
#2286 = ADVANCED_FACE('',(#2287),#2298,.T.);
#2287 = FACE_BOUND('',#2288,.T.);
#2288 = EDGE_LOOP('',(#2289,#2295,#2296,#2297));
#2289 = ORIENTED_EDGE('',*,*,#2290,.T.);
#2290 = EDGE_CURVE('',#2026,#2143,#2291,.T.);
#2291 = LINE('',#2292,#2293);
#2292 = CARTESIAN_POINT('',(-0.5,-0.4,0.405));
#2293 = VECTOR('',#2294,1.);
#2294 = DIRECTION('',(0.,1.,0.));
#2295 = ORIENTED_EDGE('',*,*,#2142,.T.);
#2296 = ORIENTED_EDGE('',*,*,#2276,.F.);
#2297 = ORIENTED_EDGE('',*,*,#2025,.F.);
#2298 = CYLINDRICAL_SURFACE('',#2299,4.5E-02);
#2299 = AXIS2_PLACEMENT_3D('',#2300,#2301,#2302);
#2300 = CARTESIAN_POINT('',(-0.545,-0.4,0.405));
#2301 = DIRECTION('',(0.,1.,0.));
#2302 = DIRECTION('',(1.,0.,0.));
#2303 = ADVANCED_FACE('',(#2304),#2347,.T.);
#2304 = FACE_BOUND('',#2305,.T.);
#2305 = EDGE_LOOP('',(#2306,#2307,#2308,#2309,#2317,#2325,#2333,#2341));
#2306 = ORIENTED_EDGE('',*,*,#2167,.F.);
#2307 = ORIENTED_EDGE('',*,*,#2159,.T.);
#2308 = ORIENTED_EDGE('',*,*,#2151,.T.);
#2309 = ORIENTED_EDGE('',*,*,#2310,.T.);
#2310 = EDGE_CURVE('',#2143,#2311,#2313,.T.);
#2311 = VERTEX_POINT('',#2312);
#2312 = CARTESIAN_POINT('',(0.5,0.4,0.405));
#2313 = LINE('',#2314,#2315);
#2314 = CARTESIAN_POINT('',(-0.5,0.4,0.405));
#2315 = VECTOR('',#2316,1.);
#2316 = DIRECTION('',(1.,0.,0.));
#2317 = ORIENTED_EDGE('',*,*,#2318,.T.);
#2318 = EDGE_CURVE('',#2311,#2319,#2321,.T.);
#2319 = VERTEX_POINT('',#2320);
#2320 = CARTESIAN_POINT('',(0.755,0.4,0.405));
#2321 = LINE('',#2322,#2323);
#2322 = CARTESIAN_POINT('',(-0.755,0.4,0.405));
#2323 = VECTOR('',#2324,1.);
#2324 = DIRECTION('',(1.,0.,0.));
#2325 = ORIENTED_EDGE('',*,*,#2326,.F.);
#2326 = EDGE_CURVE('',#2327,#2319,#2329,.T.);
#2327 = VERTEX_POINT('',#2328);
#2328 = CARTESIAN_POINT('',(0.755,0.4,4.5E-02));
#2329 = LINE('',#2330,#2331);
#2330 = CARTESIAN_POINT('',(0.755,0.4,4.5E-02));
#2331 = VECTOR('',#2332,1.);
#2332 = DIRECTION('',(0.,0.,1.));
#2333 = ORIENTED_EDGE('',*,*,#2334,.F.);
#2334 = EDGE_CURVE('',#2335,#2327,#2337,.T.);
#2335 = VERTEX_POINT('',#2336);
#2336 = CARTESIAN_POINT('',(0.5,0.4,4.5E-02));
#2337 = LINE('',#2338,#2339);
#2338 = CARTESIAN_POINT('',(-0.755,0.4,4.5E-02));
#2339 = VECTOR('',#2340,1.);
#2340 = DIRECTION('',(1.,0.,0.));
#2341 = ORIENTED_EDGE('',*,*,#2342,.F.);
#2342 = EDGE_CURVE('',#2168,#2335,#2343,.T.);
#2343 = LINE('',#2344,#2345);
#2344 = CARTESIAN_POINT('',(-0.755,0.4,4.5E-02));
#2345 = VECTOR('',#2346,1.);
#2346 = DIRECTION('',(1.,0.,0.));
#2347 = PLANE('',#2348);
#2348 = AXIS2_PLACEMENT_3D('',#2349,#2350,#2351);
#2349 = CARTESIAN_POINT('',(-0.755,0.4,4.5E-02));
#2350 = DIRECTION('',(0.,1.,0.));
#2351 = DIRECTION('',(0.,-0.,1.));
#2352 = ADVANCED_FACE('',(#2353),#2364,.F.);
#2353 = FACE_BOUND('',#2354,.F.);
#2354 = EDGE_LOOP('',(#2355,#2356,#2357,#2363));
#2355 = ORIENTED_EDGE('',*,*,#2210,.F.);
#2356 = ORIENTED_EDGE('',*,*,#2259,.T.);
#2357 = ORIENTED_EDGE('',*,*,#2358,.T.);
#2358 = EDGE_CURVE('',#2252,#2335,#2359,.T.);
#2359 = LINE('',#2360,#2361);
#2360 = CARTESIAN_POINT('',(0.5,-0.4,4.5E-02));
#2361 = VECTOR('',#2362,1.);
#2362 = DIRECTION('',(0.,1.,0.));
#2363 = ORIENTED_EDGE('',*,*,#2342,.F.);
#2364 = PLANE('',#2365);
#2365 = AXIS2_PLACEMENT_3D('',#2366,#2367,#2368);
#2366 = CARTESIAN_POINT('',(-0.755,-0.4,4.5E-02));
#2367 = DIRECTION('',(0.,0.,1.));
#2368 = DIRECTION('',(1.,0.,-0.));
#2369 = ADVANCED_FACE('',(#2370),#2433,.F.);
#2370 = FACE_BOUND('',#2371,.F.);
#2371 = EDGE_LOOP('',(#2372,#2382,#2389,#2390,#2391,#2392,#2401,#2409,
    #2418,#2426));
#2372 = ORIENTED_EDGE('',*,*,#2373,.F.);
#2373 = EDGE_CURVE('',#2374,#2376,#2378,.T.);
#2374 = VERTEX_POINT('',#2375);
#2375 = CARTESIAN_POINT('',(0.545,-0.4,-2.775557561563E-17));
#2376 = VERTEX_POINT('',#2377);
#2377 = CARTESIAN_POINT('',(0.755,-0.4,-2.775557561563E-17));
#2378 = LINE('',#2379,#2380);
#2379 = CARTESIAN_POINT('',(0.5,-0.4,0.));
#2380 = VECTOR('',#2381,1.);
#2381 = DIRECTION('',(1.,0.,0.));
#2382 = ORIENTED_EDGE('',*,*,#2383,.F.);
#2383 = EDGE_CURVE('',#2252,#2374,#2384,.T.);
#2384 = CIRCLE('',#2385,4.5E-02);
#2385 = AXIS2_PLACEMENT_3D('',#2386,#2387,#2388);
#2386 = CARTESIAN_POINT('',(0.545,-0.4,4.5E-02));
#2387 = DIRECTION('',(0.,-1.,0.));
#2388 = DIRECTION('',(0.,0.,1.));
#2389 = ORIENTED_EDGE('',*,*,#2251,.T.);
#2390 = ORIENTED_EDGE('',*,*,#2243,.T.);
#2391 = ORIENTED_EDGE('',*,*,#2235,.F.);
#2392 = ORIENTED_EDGE('',*,*,#2393,.T.);
#2393 = EDGE_CURVE('',#2228,#2394,#2396,.T.);
#2394 = VERTEX_POINT('',#2395);
#2395 = CARTESIAN_POINT('',(0.545,-0.4,0.45));
#2396 = CIRCLE('',#2397,4.5E-02);
#2397 = AXIS2_PLACEMENT_3D('',#2398,#2399,#2400);
#2398 = CARTESIAN_POINT('',(0.545,-0.4,0.405));
#2399 = DIRECTION('',(0.,1.,0.));
#2400 = DIRECTION('',(0.,-0.,1.));
#2401 = ORIENTED_EDGE('',*,*,#2402,.T.);
#2402 = EDGE_CURVE('',#2394,#2403,#2405,.T.);
#2403 = VERTEX_POINT('',#2404);
#2404 = CARTESIAN_POINT('',(0.755,-0.4,0.45));
#2405 = LINE('',#2406,#2407);
#2406 = CARTESIAN_POINT('',(0.5,-0.4,0.45));
#2407 = VECTOR('',#2408,1.);
#2408 = DIRECTION('',(1.,0.,0.));
#2409 = ORIENTED_EDGE('',*,*,#2410,.F.);
#2410 = EDGE_CURVE('',#2411,#2403,#2413,.T.);
#2411 = VERTEX_POINT('',#2412);
#2412 = CARTESIAN_POINT('',(0.8,-0.4,0.405));
#2413 = CIRCLE('',#2414,4.5E-02);
#2414 = AXIS2_PLACEMENT_3D('',#2415,#2416,#2417);
#2415 = CARTESIAN_POINT('',(0.755,-0.4,0.405));
#2416 = DIRECTION('',(0.,-1.,0.));
#2417 = DIRECTION('',(0.,0.,1.));
#2418 = ORIENTED_EDGE('',*,*,#2419,.F.);
#2419 = EDGE_CURVE('',#2420,#2411,#2422,.T.);
#2420 = VERTEX_POINT('',#2421);
#2421 = CARTESIAN_POINT('',(0.8,-0.4,4.5E-02));
#2422 = LINE('',#2423,#2424);
#2423 = CARTESIAN_POINT('',(0.8,-0.4,0.));
#2424 = VECTOR('',#2425,1.);
#2425 = DIRECTION('',(0.,0.,1.));
#2426 = ORIENTED_EDGE('',*,*,#2427,.T.);
#2427 = EDGE_CURVE('',#2420,#2376,#2428,.T.);
#2428 = CIRCLE('',#2429,4.5E-02);
#2429 = AXIS2_PLACEMENT_3D('',#2430,#2431,#2432);
#2430 = CARTESIAN_POINT('',(0.755,-0.4,4.5E-02));
#2431 = DIRECTION('',(0.,1.,0.));
#2432 = DIRECTION('',(0.,-0.,1.));
#2433 = PLANE('',#2434);
#2434 = AXIS2_PLACEMENT_3D('',#2435,#2436,#2437);
#2435 = CARTESIAN_POINT('',(0.5,-0.4,0.));
#2436 = DIRECTION('',(0.,1.,0.));
#2437 = DIRECTION('',(0.,-0.,1.));
#2438 = ADVANCED_FACE('',(#2439),#2464,.F.);
#2439 = FACE_BOUND('',#2440,.F.);
#2440 = EDGE_LOOP('',(#2441,#2442,#2450,#2458));
#2441 = ORIENTED_EDGE('',*,*,#2227,.F.);
#2442 = ORIENTED_EDGE('',*,*,#2443,.T.);
#2443 = EDGE_CURVE('',#2026,#2444,#2446,.T.);
#2444 = VERTEX_POINT('',#2445);
#2445 = CARTESIAN_POINT('',(-0.5,-0.4,0.45));
#2446 = LINE('',#2447,#2448);
#2447 = CARTESIAN_POINT('',(-0.5,-0.4,0.405));
#2448 = VECTOR('',#2449,1.);
#2449 = DIRECTION('',(0.,0.,1.));
#2450 = ORIENTED_EDGE('',*,*,#2451,.T.);
#2451 = EDGE_CURVE('',#2444,#2452,#2454,.T.);
#2452 = VERTEX_POINT('',#2453);
#2453 = CARTESIAN_POINT('',(0.5,-0.4,0.45));
#2454 = LINE('',#2455,#2456);
#2455 = CARTESIAN_POINT('',(-0.5,-0.4,0.45));
#2456 = VECTOR('',#2457,1.);
#2457 = DIRECTION('',(1.,0.,0.));
#2458 = ORIENTED_EDGE('',*,*,#2459,.F.);
#2459 = EDGE_CURVE('',#2228,#2452,#2460,.T.);
#2460 = LINE('',#2461,#2462);
#2461 = CARTESIAN_POINT('',(0.5,-0.4,0.405));
#2462 = VECTOR('',#2463,1.);
#2463 = DIRECTION('',(0.,0.,1.));
#2464 = PLANE('',#2465);
#2465 = AXIS2_PLACEMENT_3D('',#2466,#2467,#2468);
#2466 = CARTESIAN_POINT('',(-0.5,-0.4,0.405));
#2467 = DIRECTION('',(0.,1.,0.));
#2468 = DIRECTION('',(0.,-0.,1.));
#2469 = ADVANCED_FACE('',(#2470),#2488,.F.);
#2470 = FACE_BOUND('',#2471,.F.);
#2471 = EDGE_LOOP('',(#2472,#2473,#2474,#2482));
#2472 = ORIENTED_EDGE('',*,*,#2443,.F.);
#2473 = ORIENTED_EDGE('',*,*,#2290,.T.);
#2474 = ORIENTED_EDGE('',*,*,#2475,.T.);
#2475 = EDGE_CURVE('',#2143,#2476,#2478,.T.);
#2476 = VERTEX_POINT('',#2477);
#2477 = CARTESIAN_POINT('',(-0.5,0.4,0.45));
#2478 = LINE('',#2479,#2480);
#2479 = CARTESIAN_POINT('',(-0.5,0.4,0.405));
#2480 = VECTOR('',#2481,1.);
#2481 = DIRECTION('',(0.,0.,1.));
#2482 = ORIENTED_EDGE('',*,*,#2483,.F.);
#2483 = EDGE_CURVE('',#2444,#2476,#2484,.T.);
#2484 = LINE('',#2485,#2486);
#2485 = CARTESIAN_POINT('',(-0.5,-0.4,0.45));
#2486 = VECTOR('',#2487,1.);
#2487 = DIRECTION('',(0.,1.,0.));
#2488 = PLANE('',#2489);
#2489 = AXIS2_PLACEMENT_3D('',#2490,#2491,#2492);
#2490 = CARTESIAN_POINT('',(-0.5,-0.4,0.405));
#2491 = DIRECTION('',(1.,0.,0.));
#2492 = DIRECTION('',(0.,0.,1.));
#2493 = ADVANCED_FACE('',(#2494),#2557,.T.);
#2494 = FACE_BOUND('',#2495,.T.);
#2495 = EDGE_LOOP('',(#2496,#2506,#2513,#2514,#2515,#2516,#2525,#2533,
    #2542,#2550));
#2496 = ORIENTED_EDGE('',*,*,#2497,.F.);
#2497 = EDGE_CURVE('',#2498,#2500,#2502,.T.);
#2498 = VERTEX_POINT('',#2499);
#2499 = CARTESIAN_POINT('',(0.545,0.4,-2.775557561563E-17));
#2500 = VERTEX_POINT('',#2501);
#2501 = CARTESIAN_POINT('',(0.755,0.4,-2.775557561563E-17));
#2502 = LINE('',#2503,#2504);
#2503 = CARTESIAN_POINT('',(0.5,0.4,0.));
#2504 = VECTOR('',#2505,1.);
#2505 = DIRECTION('',(1.,0.,0.));
#2506 = ORIENTED_EDGE('',*,*,#2507,.F.);
#2507 = EDGE_CURVE('',#2335,#2498,#2508,.T.);
#2508 = CIRCLE('',#2509,4.5E-02);
#2509 = AXIS2_PLACEMENT_3D('',#2510,#2511,#2512);
#2510 = CARTESIAN_POINT('',(0.545,0.4,4.5E-02));
#2511 = DIRECTION('',(0.,-1.,0.));
#2512 = DIRECTION('',(0.,0.,1.));
#2513 = ORIENTED_EDGE('',*,*,#2334,.T.);
#2514 = ORIENTED_EDGE('',*,*,#2326,.T.);
#2515 = ORIENTED_EDGE('',*,*,#2318,.F.);
#2516 = ORIENTED_EDGE('',*,*,#2517,.T.);
#2517 = EDGE_CURVE('',#2311,#2518,#2520,.T.);
#2518 = VERTEX_POINT('',#2519);
#2519 = CARTESIAN_POINT('',(0.545,0.4,0.45));
#2520 = CIRCLE('',#2521,4.5E-02);
#2521 = AXIS2_PLACEMENT_3D('',#2522,#2523,#2524);
#2522 = CARTESIAN_POINT('',(0.545,0.4,0.405));
#2523 = DIRECTION('',(0.,1.,0.));
#2524 = DIRECTION('',(0.,-0.,1.));
#2525 = ORIENTED_EDGE('',*,*,#2526,.T.);
#2526 = EDGE_CURVE('',#2518,#2527,#2529,.T.);
#2527 = VERTEX_POINT('',#2528);
#2528 = CARTESIAN_POINT('',(0.755,0.4,0.45));
#2529 = LINE('',#2530,#2531);
#2530 = CARTESIAN_POINT('',(0.5,0.4,0.45));
#2531 = VECTOR('',#2532,1.);
#2532 = DIRECTION('',(1.,0.,0.));
#2533 = ORIENTED_EDGE('',*,*,#2534,.F.);
#2534 = EDGE_CURVE('',#2535,#2527,#2537,.T.);
#2535 = VERTEX_POINT('',#2536);
#2536 = CARTESIAN_POINT('',(0.8,0.4,0.405));
#2537 = CIRCLE('',#2538,4.5E-02);
#2538 = AXIS2_PLACEMENT_3D('',#2539,#2540,#2541);
#2539 = CARTESIAN_POINT('',(0.755,0.4,0.405));
#2540 = DIRECTION('',(0.,-1.,0.));
#2541 = DIRECTION('',(0.,0.,1.));
#2542 = ORIENTED_EDGE('',*,*,#2543,.F.);
#2543 = EDGE_CURVE('',#2544,#2535,#2546,.T.);
#2544 = VERTEX_POINT('',#2545);
#2545 = CARTESIAN_POINT('',(0.8,0.4,4.5E-02));
#2546 = LINE('',#2547,#2548);
#2547 = CARTESIAN_POINT('',(0.8,0.4,0.));
#2548 = VECTOR('',#2549,1.);
#2549 = DIRECTION('',(0.,0.,1.));
#2550 = ORIENTED_EDGE('',*,*,#2551,.T.);
#2551 = EDGE_CURVE('',#2544,#2500,#2552,.T.);
#2552 = CIRCLE('',#2553,4.5E-02);
#2553 = AXIS2_PLACEMENT_3D('',#2554,#2555,#2556);
#2554 = CARTESIAN_POINT('',(0.755,0.4,4.5E-02));
#2555 = DIRECTION('',(0.,1.,0.));
#2556 = DIRECTION('',(0.,-0.,1.));
#2557 = PLANE('',#2558);
#2558 = AXIS2_PLACEMENT_3D('',#2559,#2560,#2561);
#2559 = CARTESIAN_POINT('',(0.5,0.4,0.));
#2560 = DIRECTION('',(0.,1.,0.));
#2561 = DIRECTION('',(0.,-0.,1.));
#2562 = ADVANCED_FACE('',(#2563),#2581,.T.);
#2563 = FACE_BOUND('',#2564,.T.);
#2564 = EDGE_LOOP('',(#2565,#2566,#2567,#2575));
#2565 = ORIENTED_EDGE('',*,*,#2310,.F.);
#2566 = ORIENTED_EDGE('',*,*,#2475,.T.);
#2567 = ORIENTED_EDGE('',*,*,#2568,.T.);
#2568 = EDGE_CURVE('',#2476,#2569,#2571,.T.);
#2569 = VERTEX_POINT('',#2570);
#2570 = CARTESIAN_POINT('',(0.5,0.4,0.45));
#2571 = LINE('',#2572,#2573);
#2572 = CARTESIAN_POINT('',(-0.5,0.4,0.45));
#2573 = VECTOR('',#2574,1.);
#2574 = DIRECTION('',(1.,0.,0.));
#2575 = ORIENTED_EDGE('',*,*,#2576,.F.);
#2576 = EDGE_CURVE('',#2311,#2569,#2577,.T.);
#2577 = LINE('',#2578,#2579);
#2578 = CARTESIAN_POINT('',(0.5,0.4,0.405));
#2579 = VECTOR('',#2580,1.);
#2580 = DIRECTION('',(0.,0.,1.));
#2581 = PLANE('',#2582);
#2582 = AXIS2_PLACEMENT_3D('',#2583,#2584,#2585);
#2583 = CARTESIAN_POINT('',(-0.5,0.4,0.405));
#2584 = DIRECTION('',(0.,1.,0.));
#2585 = DIRECTION('',(0.,-0.,1.));
#2586 = ADVANCED_FACE('',(#2587),#2598,.T.);
#2587 = FACE_BOUND('',#2588,.T.);
#2588 = EDGE_LOOP('',(#2589,#2590,#2591,#2597));
#2589 = ORIENTED_EDGE('',*,*,#2358,.T.);
#2590 = ORIENTED_EDGE('',*,*,#2507,.T.);
#2591 = ORIENTED_EDGE('',*,*,#2592,.F.);
#2592 = EDGE_CURVE('',#2374,#2498,#2593,.T.);
#2593 = LINE('',#2594,#2595);
#2594 = CARTESIAN_POINT('',(0.545,-0.4,-2.775557561563E-17));
#2595 = VECTOR('',#2596,1.);
#2596 = DIRECTION('',(0.,1.,0.));
#2597 = ORIENTED_EDGE('',*,*,#2383,.F.);
#2598 = CYLINDRICAL_SURFACE('',#2599,4.5E-02);
#2599 = AXIS2_PLACEMENT_3D('',#2600,#2601,#2602);
#2600 = CARTESIAN_POINT('',(0.545,-0.4,4.5E-02));
#2601 = DIRECTION('',(0.,1.,0.));
#2602 = DIRECTION('',(-1.,0.,0.));
#2603 = ADVANCED_FACE('',(#2604),#2615,.F.);
#2604 = FACE_BOUND('',#2605,.F.);
#2605 = EDGE_LOOP('',(#2606,#2607,#2608,#2609));
#2606 = ORIENTED_EDGE('',*,*,#2497,.F.);
#2607 = ORIENTED_EDGE('',*,*,#2592,.F.);
#2608 = ORIENTED_EDGE('',*,*,#2373,.T.);
#2609 = ORIENTED_EDGE('',*,*,#2610,.T.);
#2610 = EDGE_CURVE('',#2376,#2500,#2611,.T.);
#2611 = LINE('',#2612,#2613);
#2612 = CARTESIAN_POINT('',(0.755,-0.4,-2.775557561563E-17));
#2613 = VECTOR('',#2614,1.);
#2614 = DIRECTION('',(0.,1.,0.));
#2615 = PLANE('',#2616);
#2616 = AXIS2_PLACEMENT_3D('',#2617,#2618,#2619);
#2617 = CARTESIAN_POINT('',(0.5,-0.4,0.));
#2618 = DIRECTION('',(0.,0.,1.));
#2619 = DIRECTION('',(1.,0.,-0.));
#2620 = ADVANCED_FACE('',(#2621),#2632,.T.);
#2621 = FACE_BOUND('',#2622,.T.);
#2622 = EDGE_LOOP('',(#2623,#2624,#2625,#2626));
#2623 = ORIENTED_EDGE('',*,*,#2427,.T.);
#2624 = ORIENTED_EDGE('',*,*,#2610,.T.);
#2625 = ORIENTED_EDGE('',*,*,#2551,.F.);
#2626 = ORIENTED_EDGE('',*,*,#2627,.F.);
#2627 = EDGE_CURVE('',#2420,#2544,#2628,.T.);
#2628 = LINE('',#2629,#2630);
#2629 = CARTESIAN_POINT('',(0.8,-0.4,4.5E-02));
#2630 = VECTOR('',#2631,1.);
#2631 = DIRECTION('',(0.,1.,0.));
#2632 = CYLINDRICAL_SURFACE('',#2633,4.5E-02);
#2633 = AXIS2_PLACEMENT_3D('',#2634,#2635,#2636);
#2634 = CARTESIAN_POINT('',(0.755,-0.4,4.5E-02));
#2635 = DIRECTION('',(0.,1.,0.));
#2636 = DIRECTION('',(1.,0.,0.));
#2637 = ADVANCED_FACE('',(#2638),#2649,.T.);
#2638 = FACE_BOUND('',#2639,.T.);
#2639 = EDGE_LOOP('',(#2640,#2641,#2642,#2643));
#2640 = ORIENTED_EDGE('',*,*,#2419,.F.);
#2641 = ORIENTED_EDGE('',*,*,#2627,.T.);
#2642 = ORIENTED_EDGE('',*,*,#2543,.T.);
#2643 = ORIENTED_EDGE('',*,*,#2644,.F.);
#2644 = EDGE_CURVE('',#2411,#2535,#2645,.T.);
#2645 = LINE('',#2646,#2647);
#2646 = CARTESIAN_POINT('',(0.8,-0.4,0.405));
#2647 = VECTOR('',#2648,1.);
#2648 = DIRECTION('',(0.,1.,0.));
#2649 = PLANE('',#2650);
#2650 = AXIS2_PLACEMENT_3D('',#2651,#2652,#2653);
#2651 = CARTESIAN_POINT('',(0.8,-0.4,0.));
#2652 = DIRECTION('',(1.,0.,0.));
#2653 = DIRECTION('',(0.,0.,1.));
#2654 = ADVANCED_FACE('',(#2655),#2666,.T.);
#2655 = FACE_BOUND('',#2656,.T.);
#2656 = EDGE_LOOP('',(#2657,#2658,#2659,#2665));
#2657 = ORIENTED_EDGE('',*,*,#2644,.T.);
#2658 = ORIENTED_EDGE('',*,*,#2534,.T.);
#2659 = ORIENTED_EDGE('',*,*,#2660,.F.);
#2660 = EDGE_CURVE('',#2403,#2527,#2661,.T.);
#2661 = LINE('',#2662,#2663);
#2662 = CARTESIAN_POINT('',(0.755,-0.4,0.45));
#2663 = VECTOR('',#2664,1.);
#2664 = DIRECTION('',(0.,1.,0.));
#2665 = ORIENTED_EDGE('',*,*,#2410,.F.);
#2666 = CYLINDRICAL_SURFACE('',#2667,4.5E-02);
#2667 = AXIS2_PLACEMENT_3D('',#2668,#2669,#2670);
#2668 = CARTESIAN_POINT('',(0.755,-0.4,0.405));
#2669 = DIRECTION('',(0.,1.,0.));
#2670 = DIRECTION('',(1.,0.,0.));
#2671 = ADVANCED_FACE('',(#2672),#2683,.T.);
#2672 = FACE_BOUND('',#2673,.T.);
#2673 = EDGE_LOOP('',(#2674,#2675,#2681,#2682));
#2674 = ORIENTED_EDGE('',*,*,#2526,.F.);
#2675 = ORIENTED_EDGE('',*,*,#2676,.F.);
#2676 = EDGE_CURVE('',#2394,#2518,#2677,.T.);
#2677 = LINE('',#2678,#2679);
#2678 = CARTESIAN_POINT('',(0.545,-0.4,0.45));
#2679 = VECTOR('',#2680,1.);
#2680 = DIRECTION('',(0.,1.,0.));
#2681 = ORIENTED_EDGE('',*,*,#2402,.T.);
#2682 = ORIENTED_EDGE('',*,*,#2660,.T.);
#2683 = PLANE('',#2684);
#2684 = AXIS2_PLACEMENT_3D('',#2685,#2686,#2687);
#2685 = CARTESIAN_POINT('',(0.5,-0.4,0.45));
#2686 = DIRECTION('',(0.,0.,1.));
#2687 = DIRECTION('',(1.,0.,-0.));
#2688 = ADVANCED_FACE('',(#2689),#2700,.T.);
#2689 = FACE_BOUND('',#2690,.T.);
#2690 = EDGE_LOOP('',(#2691,#2692,#2693,#2694));
#2691 = ORIENTED_EDGE('',*,*,#2393,.T.);
#2692 = ORIENTED_EDGE('',*,*,#2676,.T.);
#2693 = ORIENTED_EDGE('',*,*,#2517,.F.);
#2694 = ORIENTED_EDGE('',*,*,#2695,.F.);
#2695 = EDGE_CURVE('',#2228,#2311,#2696,.T.);
#2696 = LINE('',#2697,#2698);
#2697 = CARTESIAN_POINT('',(0.5,-0.4,0.405));
#2698 = VECTOR('',#2699,1.);
#2699 = DIRECTION('',(0.,1.,0.));
#2700 = CYLINDRICAL_SURFACE('',#2701,4.5E-02);
#2701 = AXIS2_PLACEMENT_3D('',#2702,#2703,#2704);
#2702 = CARTESIAN_POINT('',(0.545,-0.4,0.405));
#2703 = DIRECTION('',(0.,1.,0.));
#2704 = DIRECTION('',(-1.,0.,0.));
#2705 = ADVANCED_FACE('',(#2706),#2717,.T.);
#2706 = FACE_BOUND('',#2707,.T.);
#2707 = EDGE_LOOP('',(#2708,#2709,#2710,#2711));
#2708 = ORIENTED_EDGE('',*,*,#2459,.F.);
#2709 = ORIENTED_EDGE('',*,*,#2695,.T.);
#2710 = ORIENTED_EDGE('',*,*,#2576,.T.);
#2711 = ORIENTED_EDGE('',*,*,#2712,.F.);
#2712 = EDGE_CURVE('',#2452,#2569,#2713,.T.);
#2713 = LINE('',#2714,#2715);
#2714 = CARTESIAN_POINT('',(0.5,-0.4,0.45));
#2715 = VECTOR('',#2716,1.);
#2716 = DIRECTION('',(0.,1.,0.));
#2717 = PLANE('',#2718);
#2718 = AXIS2_PLACEMENT_3D('',#2719,#2720,#2721);
#2719 = CARTESIAN_POINT('',(0.5,-0.4,0.405));
#2720 = DIRECTION('',(1.,0.,0.));
#2721 = DIRECTION('',(0.,0.,1.));
#2722 = ADVANCED_FACE('',(#2723),#2729,.T.);
#2723 = FACE_BOUND('',#2724,.T.);
#2724 = EDGE_LOOP('',(#2725,#2726,#2727,#2728));
#2725 = ORIENTED_EDGE('',*,*,#2483,.F.);
#2726 = ORIENTED_EDGE('',*,*,#2451,.T.);
#2727 = ORIENTED_EDGE('',*,*,#2712,.T.);
#2728 = ORIENTED_EDGE('',*,*,#2568,.F.);
#2729 = PLANE('',#2730);
#2730 = AXIS2_PLACEMENT_3D('',#2731,#2732,#2733);
#2731 = CARTESIAN_POINT('',(-0.5,-0.4,0.45));
#2732 = DIRECTION('',(0.,0.,1.));
#2733 = DIRECTION('',(1.,0.,-0.));
#2734 = ( GEOMETRIC_REPRESENTATION_CONTEXT(3) 
GLOBAL_UNCERTAINTY_ASSIGNED_CONTEXT((#2738)) 
GLOBAL_UNIT_ASSIGNED_CONTEXT((#2735,#2736,#2737)) REPRESENTATION_CONTEXT
('Context #1','3D Context with UNIT and UNCERTAINTY') );
#2735 = ( LENGTH_UNIT() NAMED_UNIT(*) SI_UNIT(.MILLI.,.METRE.) );
#2736 = ( NAMED_UNIT(*) PLANE_ANGLE_UNIT() SI_UNIT($,.RADIAN.) );
#2737 = ( NAMED_UNIT(*) SI_UNIT($,.STERADIAN.) SOLID_ANGLE_UNIT() );
#2738 = UNCERTAINTY_MEASURE_WITH_UNIT(LENGTH_MEASURE(1.E-07),#2735,
  'distance_accuracy_value','confusion accuracy');
#2739 = CONTEXT_DEPENDENT_SHAPE_REPRESENTATION(#2740,#2742);
#2740 = ( REPRESENTATION_RELATIONSHIP('','',#1943,#1920) 
REPRESENTATION_RELATIONSHIP_WITH_TRANSFORMATION(#2741) 
SHAPE_REPRESENTATION_RELATIONSHIP() );
#2741 = ITEM_DEFINED_TRANSFORMATION('','',#11,#1921);
#2742 = PRODUCT_DEFINITION_SHAPE('Placement','Placement of an item',
  #2743);
#2743 = NEXT_ASSEMBLY_USAGE_OCCURRENCE('5','=>[0:1:1:7]','',#1915,#1938,
  $);
#2744 = PRODUCT_RELATED_PRODUCT_CATEGORY('part',$,(#1940));
#2745 = CONTEXT_DEPENDENT_SHAPE_REPRESENTATION(#2746,#2748);
#2746 = ( REPRESENTATION_RELATIONSHIP('','',#192,#10) 
REPRESENTATION_RELATIONSHIP_WITH_TRANSFORMATION(#2747) 
SHAPE_REPRESENTATION_RELATIONSHIP() );
#2747 = ITEM_DEFINED_TRANSFORMATION('','',#11,#27);
#2748 = PRODUCT_DEFINITION_SHAPE('Placement','Placement of an item',
  #2749);
#2749 = NEXT_ASSEMBLY_USAGE_OCCURRENCE('7','C23','',#5,#187,$);
#2750 = CONTEXT_DEPENDENT_SHAPE_REPRESENTATION(#2751,#2753);
#2751 = ( REPRESENTATION_RELATIONSHIP('','',#192,#10) 
REPRESENTATION_RELATIONSHIP_WITH_TRANSFORMATION(#2752) 
SHAPE_REPRESENTATION_RELATIONSHIP() );
#2752 = ITEM_DEFINED_TRANSFORMATION('','',#11,#31);
#2753 = PRODUCT_DEFINITION_SHAPE('Placement','Placement of an item',
  #2754);
#2754 = NEXT_ASSEMBLY_USAGE_OCCURRENCE('8','C8','',#5,#187,$);
#2755 = CONTEXT_DEPENDENT_SHAPE_REPRESENTATION(#2756,#2758);
#2756 = ( REPRESENTATION_RELATIONSHIP('','',#192,#10) 
REPRESENTATION_RELATIONSHIP_WITH_TRANSFORMATION(#2757) 
SHAPE_REPRESENTATION_RELATIONSHIP() );
#2757 = ITEM_DEFINED_TRANSFORMATION('','',#11,#35);
#2758 = PRODUCT_DEFINITION_SHAPE('Placement','Placement of an item',
  #2759);
#2759 = NEXT_ASSEMBLY_USAGE_OCCURRENCE('9','C15','',#5,#187,$);
#2760 = CONTEXT_DEPENDENT_SHAPE_REPRESENTATION(#2761,#2763);
#2761 = ( REPRESENTATION_RELATIONSHIP('','',#192,#10) 
REPRESENTATION_RELATIONSHIP_WITH_TRANSFORMATION(#2762) 
SHAPE_REPRESENTATION_RELATIONSHIP() );
#2762 = ITEM_DEFINED_TRANSFORMATION('','',#11,#39);
#2763 = PRODUCT_DEFINITION_SHAPE('Placement','Placement of an item',
  #2764);
#2764 = NEXT_ASSEMBLY_USAGE_OCCURRENCE('10','C21','',#5,#187,$);
#2765 = SHAPE_DEFINITION_REPRESENTATION(#2766,#2772);
#2766 = PRODUCT_DEFINITION_SHAPE('','',#2767);
#2767 = PRODUCT_DEFINITION('design','',#2768,#2771);
#2768 = PRODUCT_DEFINITION_FORMATION('','',#2769);
#2769 = PRODUCT('C_0805_2012Metric','C_0805_2012Metric','',(#2770));
#2770 = PRODUCT_CONTEXT('',#2,'mechanical');
#2771 = PRODUCT_DEFINITION_CONTEXT('part definition',#2,'design');
#2772 = SHAPE_REPRESENTATION('',(#11,#2773),#2777);
#2773 = AXIS2_PLACEMENT_3D('',#2774,#2775,#2776);
#2774 = CARTESIAN_POINT('',(0.,0.,0.));
#2775 = DIRECTION('',(0.,0.,1.));
#2776 = DIRECTION('',(1.,0.,-0.));
#2777 = ( GEOMETRIC_REPRESENTATION_CONTEXT(3) 
GLOBAL_UNCERTAINTY_ASSIGNED_CONTEXT((#2781)) 
GLOBAL_UNIT_ASSIGNED_CONTEXT((#2778,#2779,#2780)) REPRESENTATION_CONTEXT
('Context #1','3D Context with UNIT and UNCERTAINTY') );
#2778 = ( LENGTH_UNIT() NAMED_UNIT(*) SI_UNIT(.MILLI.,.METRE.) );
#2779 = ( NAMED_UNIT(*) PLANE_ANGLE_UNIT() SI_UNIT($,.RADIAN.) );
#2780 = ( NAMED_UNIT(*) SI_UNIT($,.STERADIAN.) SOLID_ANGLE_UNIT() );
#2781 = UNCERTAINTY_MEASURE_WITH_UNIT(LENGTH_MEASURE(1.E-07),#2778,
  'distance_accuracy_value','confusion accuracy');
#2782 = CONTEXT_DEPENDENT_SHAPE_REPRESENTATION(#2783,#2785);
#2783 = ( REPRESENTATION_RELATIONSHIP('','',#2772,#10) 
REPRESENTATION_RELATIONSHIP_WITH_TRANSFORMATION(#2784) 
SHAPE_REPRESENTATION_RELATIONSHIP() );
#2784 = ITEM_DEFINED_TRANSFORMATION('','',#11,#43);
#2785 = PRODUCT_DEFINITION_SHAPE('Placement','Placement of an item',
  #2786);
#2786 = NEXT_ASSEMBLY_USAGE_OCCURRENCE('12','C25','',#5,#2767,$);
#2787 = PRODUCT_RELATED_PRODUCT_CATEGORY('part',$,(#2769));
#2788 = SHAPE_DEFINITION_REPRESENTATION(#2789,#2795);
#2789 = PRODUCT_DEFINITION_SHAPE('','',#2790);
#2790 = PRODUCT_DEFINITION('design','',#2791,#2794);
#2791 = PRODUCT_DEFINITION_FORMATION('','',#2792);
#2792 = PRODUCT('C_0805_2012Metric','C_0805_2012Metric','',(#2793));
#2793 = PRODUCT_CONTEXT('',#2,'mechanical');
#2794 = PRODUCT_DEFINITION_CONTEXT('part definition',#2,'design');
#2795 = ADVANCED_BREP_SHAPE_REPRESENTATION('',(#11,#2796),#3650);
#2796 = MANIFOLD_SOLID_BREP('',#2797);
#2797 = CLOSED_SHELL('',(#2798,#2874,#2905,#2930,#2955,#2979,#3003,#3028
    ,#3053,#3070,#3156,#3188,#3212,#3237,#3261,#3286,#3310,#3335,#3352,
    #3438,#3469,#3494,#3519,#3543,#3567,#3592,#3617,#3634));
#2798 = ADVANCED_FACE('',(#2799),#2869,.F.);
#2799 = FACE_BOUND('',#2800,.F.);
#2800 = EDGE_LOOP('',(#2801,#2811,#2820,#2828,#2837,#2845,#2854,#2862));
#2801 = ORIENTED_EDGE('',*,*,#2802,.F.);
#2802 = EDGE_CURVE('',#2803,#2805,#2807,.T.);
#2803 = VERTEX_POINT('',#2804);
#2804 = CARTESIAN_POINT('',(-1.,-0.625,4.E-02));
#2805 = VERTEX_POINT('',#2806);
#2806 = CARTESIAN_POINT('',(-1.,-0.625,1.21));
#2807 = LINE('',#2808,#2809);
#2808 = CARTESIAN_POINT('',(-1.,-0.625,0.));
#2809 = VECTOR('',#2810,1.);
#2810 = DIRECTION('',(0.,0.,1.));
#2811 = ORIENTED_EDGE('',*,*,#2812,.T.);
#2812 = EDGE_CURVE('',#2803,#2813,#2815,.T.);
#2813 = VERTEX_POINT('',#2814);
#2814 = CARTESIAN_POINT('',(-1.,-0.585,0.));
#2815 = CIRCLE('',#2816,4.E-02);
#2816 = AXIS2_PLACEMENT_3D('',#2817,#2818,#2819);
#2817 = CARTESIAN_POINT('',(-1.,-0.585,4.E-02));
#2818 = DIRECTION('',(1.,0.,-0.));
#2819 = DIRECTION('',(0.,0.,1.));
#2820 = ORIENTED_EDGE('',*,*,#2821,.T.);
#2821 = EDGE_CURVE('',#2813,#2822,#2824,.T.);
#2822 = VERTEX_POINT('',#2823);
#2823 = CARTESIAN_POINT('',(-1.,0.585,0.));
#2824 = LINE('',#2825,#2826);
#2825 = CARTESIAN_POINT('',(-1.,-0.625,0.));
#2826 = VECTOR('',#2827,1.);
#2827 = DIRECTION('',(0.,1.,0.));
#2828 = ORIENTED_EDGE('',*,*,#2829,.F.);
#2829 = EDGE_CURVE('',#2830,#2822,#2832,.T.);
#2830 = VERTEX_POINT('',#2831);
#2831 = CARTESIAN_POINT('',(-1.,0.625,4.E-02));
#2832 = CIRCLE('',#2833,4.E-02);
#2833 = AXIS2_PLACEMENT_3D('',#2834,#2835,#2836);
#2834 = CARTESIAN_POINT('',(-1.,0.585,4.E-02));
#2835 = DIRECTION('',(-1.,0.,0.));
#2836 = DIRECTION('',(0.,0.,1.));
#2837 = ORIENTED_EDGE('',*,*,#2838,.T.);
#2838 = EDGE_CURVE('',#2830,#2839,#2841,.T.);
#2839 = VERTEX_POINT('',#2840);
#2840 = CARTESIAN_POINT('',(-1.,0.625,1.21));
#2841 = LINE('',#2842,#2843);
#2842 = CARTESIAN_POINT('',(-1.,0.625,0.));
#2843 = VECTOR('',#2844,1.);
#2844 = DIRECTION('',(0.,0.,1.));
#2845 = ORIENTED_EDGE('',*,*,#2846,.T.);
#2846 = EDGE_CURVE('',#2839,#2847,#2849,.T.);
#2847 = VERTEX_POINT('',#2848);
#2848 = CARTESIAN_POINT('',(-1.,0.585,1.25));
#2849 = CIRCLE('',#2850,4.E-02);
#2850 = AXIS2_PLACEMENT_3D('',#2851,#2852,#2853);
#2851 = CARTESIAN_POINT('',(-1.,0.585,1.21));
#2852 = DIRECTION('',(1.,0.,-0.));
#2853 = DIRECTION('',(0.,0.,1.));
#2854 = ORIENTED_EDGE('',*,*,#2855,.F.);
#2855 = EDGE_CURVE('',#2856,#2847,#2858,.T.);
#2856 = VERTEX_POINT('',#2857);
#2857 = CARTESIAN_POINT('',(-1.,-0.585,1.25));
#2858 = LINE('',#2859,#2860);
#2859 = CARTESIAN_POINT('',(-1.,-0.625,1.25));
#2860 = VECTOR('',#2861,1.);
#2861 = DIRECTION('',(0.,1.,0.));
#2862 = ORIENTED_EDGE('',*,*,#2863,.F.);
#2863 = EDGE_CURVE('',#2805,#2856,#2864,.T.);
#2864 = CIRCLE('',#2865,4.E-02);
#2865 = AXIS2_PLACEMENT_3D('',#2866,#2867,#2868);
#2866 = CARTESIAN_POINT('',(-1.,-0.585,1.21));
#2867 = DIRECTION('',(-1.,0.,0.));
#2868 = DIRECTION('',(0.,0.,1.));
#2869 = PLANE('',#2870);
#2870 = AXIS2_PLACEMENT_3D('',#2871,#2872,#2873);
#2871 = CARTESIAN_POINT('',(-1.,-0.625,0.));
#2872 = DIRECTION('',(1.,0.,0.));
#2873 = DIRECTION('',(0.,0.,1.));
#2874 = ADVANCED_FACE('',(#2875),#2900,.F.);
#2875 = FACE_BOUND('',#2876,.F.);
#2876 = EDGE_LOOP('',(#2877,#2887,#2893,#2894));
#2877 = ORIENTED_EDGE('',*,*,#2878,.F.);
#2878 = EDGE_CURVE('',#2879,#2881,#2883,.T.);
#2879 = VERTEX_POINT('',#2880);
#2880 = CARTESIAN_POINT('',(-0.6,-0.625,4.E-02));
#2881 = VERTEX_POINT('',#2882);
#2882 = CARTESIAN_POINT('',(-0.6,-0.625,1.21));
#2883 = LINE('',#2884,#2885);
#2884 = CARTESIAN_POINT('',(-0.6,-0.625,0.));
#2885 = VECTOR('',#2886,1.);
#2886 = DIRECTION('',(0.,0.,1.));
#2887 = ORIENTED_EDGE('',*,*,#2888,.F.);
#2888 = EDGE_CURVE('',#2803,#2879,#2889,.T.);
#2889 = LINE('',#2890,#2891);
#2890 = CARTESIAN_POINT('',(-1.,-0.625,4.E-02));
#2891 = VECTOR('',#2892,1.);
#2892 = DIRECTION('',(1.,0.,0.));
#2893 = ORIENTED_EDGE('',*,*,#2802,.T.);
#2894 = ORIENTED_EDGE('',*,*,#2895,.T.);
#2895 = EDGE_CURVE('',#2805,#2881,#2896,.T.);
#2896 = LINE('',#2897,#2898);
#2897 = CARTESIAN_POINT('',(-1.,-0.625,1.21));
#2898 = VECTOR('',#2899,1.);
#2899 = DIRECTION('',(1.,0.,0.));
#2900 = PLANE('',#2901);
#2901 = AXIS2_PLACEMENT_3D('',#2902,#2903,#2904);
#2902 = CARTESIAN_POINT('',(-1.,-0.625,0.));
#2903 = DIRECTION('',(0.,1.,0.));
#2904 = DIRECTION('',(0.,-0.,1.));
#2905 = ADVANCED_FACE('',(#2906),#2925,.T.);
#2906 = FACE_BOUND('',#2907,.T.);
#2907 = EDGE_LOOP('',(#2908,#2909,#2917,#2924));
#2908 = ORIENTED_EDGE('',*,*,#2812,.T.);
#2909 = ORIENTED_EDGE('',*,*,#2910,.T.);
#2910 = EDGE_CURVE('',#2813,#2911,#2913,.T.);
#2911 = VERTEX_POINT('',#2912);
#2912 = CARTESIAN_POINT('',(-0.6,-0.585,0.));
#2913 = LINE('',#2914,#2915);
#2914 = CARTESIAN_POINT('',(-1.,-0.585,0.));
#2915 = VECTOR('',#2916,1.);
#2916 = DIRECTION('',(1.,0.,0.));
#2917 = ORIENTED_EDGE('',*,*,#2918,.F.);
#2918 = EDGE_CURVE('',#2879,#2911,#2919,.T.);
#2919 = CIRCLE('',#2920,4.E-02);
#2920 = AXIS2_PLACEMENT_3D('',#2921,#2922,#2923);
#2921 = CARTESIAN_POINT('',(-0.6,-0.585,4.E-02));
#2922 = DIRECTION('',(1.,0.,-0.));
#2923 = DIRECTION('',(0.,0.,1.));
#2924 = ORIENTED_EDGE('',*,*,#2888,.F.);
#2925 = CYLINDRICAL_SURFACE('',#2926,4.E-02);
#2926 = AXIS2_PLACEMENT_3D('',#2927,#2928,#2929);
#2927 = CARTESIAN_POINT('',(-1.,-0.585,4.E-02));
#2928 = DIRECTION('',(1.,0.,0.));
#2929 = DIRECTION('',(0.,-1.,0.));
#2930 = ADVANCED_FACE('',(#2931),#2950,.T.);
#2931 = FACE_BOUND('',#2932,.T.);
#2932 = EDGE_LOOP('',(#2933,#2934,#2943,#2949));
#2933 = ORIENTED_EDGE('',*,*,#2895,.T.);
#2934 = ORIENTED_EDGE('',*,*,#2935,.T.);
#2935 = EDGE_CURVE('',#2881,#2936,#2938,.T.);
#2936 = VERTEX_POINT('',#2937);
#2937 = CARTESIAN_POINT('',(-0.6,-0.585,1.25));
#2938 = CIRCLE('',#2939,4.E-02);
#2939 = AXIS2_PLACEMENT_3D('',#2940,#2941,#2942);
#2940 = CARTESIAN_POINT('',(-0.6,-0.585,1.21));
#2941 = DIRECTION('',(-1.,0.,0.));
#2942 = DIRECTION('',(0.,0.,1.));
#2943 = ORIENTED_EDGE('',*,*,#2944,.F.);
#2944 = EDGE_CURVE('',#2856,#2936,#2945,.T.);
#2945 = LINE('',#2946,#2947);
#2946 = CARTESIAN_POINT('',(-1.,-0.585,1.25));
#2947 = VECTOR('',#2948,1.);
#2948 = DIRECTION('',(1.,0.,0.));
#2949 = ORIENTED_EDGE('',*,*,#2863,.F.);
#2950 = CYLINDRICAL_SURFACE('',#2951,4.E-02);
#2951 = AXIS2_PLACEMENT_3D('',#2952,#2953,#2954);
#2952 = CARTESIAN_POINT('',(-1.,-0.585,1.21));
#2953 = DIRECTION('',(1.,0.,0.));
#2954 = DIRECTION('',(0.,-1.,0.));
#2955 = ADVANCED_FACE('',(#2956),#2974,.F.);
#2956 = FACE_BOUND('',#2957,.F.);
#2957 = EDGE_LOOP('',(#2958,#2959,#2960,#2968));
#2958 = ORIENTED_EDGE('',*,*,#2821,.F.);
#2959 = ORIENTED_EDGE('',*,*,#2910,.T.);
#2960 = ORIENTED_EDGE('',*,*,#2961,.T.);
#2961 = EDGE_CURVE('',#2911,#2962,#2964,.T.);
#2962 = VERTEX_POINT('',#2963);
#2963 = CARTESIAN_POINT('',(-0.6,0.585,0.));
#2964 = LINE('',#2965,#2966);
#2965 = CARTESIAN_POINT('',(-0.6,-0.625,0.));
#2966 = VECTOR('',#2967,1.);
#2967 = DIRECTION('',(0.,1.,0.));
#2968 = ORIENTED_EDGE('',*,*,#2969,.F.);
#2969 = EDGE_CURVE('',#2822,#2962,#2970,.T.);
#2970 = LINE('',#2971,#2972);
#2971 = CARTESIAN_POINT('',(-1.,0.585,0.));
#2972 = VECTOR('',#2973,1.);
#2973 = DIRECTION('',(1.,0.,0.));
#2974 = PLANE('',#2975);
#2975 = AXIS2_PLACEMENT_3D('',#2976,#2977,#2978);
#2976 = CARTESIAN_POINT('',(-1.,-0.625,0.));
#2977 = DIRECTION('',(0.,0.,1.));
#2978 = DIRECTION('',(1.,0.,-0.));
#2979 = ADVANCED_FACE('',(#2980),#2998,.T.);
#2980 = FACE_BOUND('',#2981,.T.);
#2981 = EDGE_LOOP('',(#2982,#2983,#2984,#2992));
#2982 = ORIENTED_EDGE('',*,*,#2855,.F.);
#2983 = ORIENTED_EDGE('',*,*,#2944,.T.);
#2984 = ORIENTED_EDGE('',*,*,#2985,.T.);
#2985 = EDGE_CURVE('',#2936,#2986,#2988,.T.);
#2986 = VERTEX_POINT('',#2987);
#2987 = CARTESIAN_POINT('',(-0.6,0.585,1.25));
#2988 = LINE('',#2989,#2990);
#2989 = CARTESIAN_POINT('',(-0.6,-0.625,1.25));
#2990 = VECTOR('',#2991,1.);
#2991 = DIRECTION('',(0.,1.,0.));
#2992 = ORIENTED_EDGE('',*,*,#2993,.F.);
#2993 = EDGE_CURVE('',#2847,#2986,#2994,.T.);
#2994 = LINE('',#2995,#2996);
#2995 = CARTESIAN_POINT('',(-1.,0.585,1.25));
#2996 = VECTOR('',#2997,1.);
#2997 = DIRECTION('',(1.,0.,0.));
#2998 = PLANE('',#2999);
#2999 = AXIS2_PLACEMENT_3D('',#3000,#3001,#3002);
#3000 = CARTESIAN_POINT('',(-1.,-0.625,1.25));
#3001 = DIRECTION('',(0.,0.,1.));
#3002 = DIRECTION('',(1.,0.,-0.));
#3003 = ADVANCED_FACE('',(#3004),#3023,.T.);
#3004 = FACE_BOUND('',#3005,.T.);
#3005 = EDGE_LOOP('',(#3006,#3014,#3021,#3022));
#3006 = ORIENTED_EDGE('',*,*,#3007,.T.);
#3007 = EDGE_CURVE('',#2830,#3008,#3010,.T.);
#3008 = VERTEX_POINT('',#3009);
#3009 = CARTESIAN_POINT('',(-0.6,0.625,4.E-02));
#3010 = LINE('',#3011,#3012);
#3011 = CARTESIAN_POINT('',(-1.,0.625,4.E-02));
#3012 = VECTOR('',#3013,1.);
#3013 = DIRECTION('',(1.,0.,0.));
#3014 = ORIENTED_EDGE('',*,*,#3015,.T.);
#3015 = EDGE_CURVE('',#3008,#2962,#3016,.T.);
#3016 = CIRCLE('',#3017,4.E-02);
#3017 = AXIS2_PLACEMENT_3D('',#3018,#3019,#3020);
#3018 = CARTESIAN_POINT('',(-0.6,0.585,4.E-02));
#3019 = DIRECTION('',(-1.,0.,0.));
#3020 = DIRECTION('',(0.,0.,1.));
#3021 = ORIENTED_EDGE('',*,*,#2969,.F.);
#3022 = ORIENTED_EDGE('',*,*,#2829,.F.);
#3023 = CYLINDRICAL_SURFACE('',#3024,4.E-02);
#3024 = AXIS2_PLACEMENT_3D('',#3025,#3026,#3027);
#3025 = CARTESIAN_POINT('',(-1.,0.585,4.E-02));
#3026 = DIRECTION('',(1.,0.,0.));
#3027 = DIRECTION('',(-0.,1.,0.));
#3028 = ADVANCED_FACE('',(#3029),#3048,.T.);
#3029 = FACE_BOUND('',#3030,.T.);
#3030 = EDGE_LOOP('',(#3031,#3032,#3033,#3042));
#3031 = ORIENTED_EDGE('',*,*,#2846,.T.);
#3032 = ORIENTED_EDGE('',*,*,#2993,.T.);
#3033 = ORIENTED_EDGE('',*,*,#3034,.F.);
#3034 = EDGE_CURVE('',#3035,#2986,#3037,.T.);
#3035 = VERTEX_POINT('',#3036);
#3036 = CARTESIAN_POINT('',(-0.6,0.625,1.21));
#3037 = CIRCLE('',#3038,4.E-02);
#3038 = AXIS2_PLACEMENT_3D('',#3039,#3040,#3041);
#3039 = CARTESIAN_POINT('',(-0.6,0.585,1.21));
#3040 = DIRECTION('',(1.,0.,-0.));
#3041 = DIRECTION('',(0.,0.,1.));
#3042 = ORIENTED_EDGE('',*,*,#3043,.F.);
#3043 = EDGE_CURVE('',#2839,#3035,#3044,.T.);
#3044 = LINE('',#3045,#3046);
#3045 = CARTESIAN_POINT('',(-1.,0.625,1.21));
#3046 = VECTOR('',#3047,1.);
#3047 = DIRECTION('',(1.,0.,0.));
#3048 = CYLINDRICAL_SURFACE('',#3049,4.E-02);
#3049 = AXIS2_PLACEMENT_3D('',#3050,#3051,#3052);
#3050 = CARTESIAN_POINT('',(-1.,0.585,1.21));
#3051 = DIRECTION('',(1.,0.,0.));
#3052 = DIRECTION('',(-0.,1.,0.));
#3053 = ADVANCED_FACE('',(#3054),#3065,.T.);
#3054 = FACE_BOUND('',#3055,.T.);
#3055 = EDGE_LOOP('',(#3056,#3062,#3063,#3064));
#3056 = ORIENTED_EDGE('',*,*,#3057,.F.);
#3057 = EDGE_CURVE('',#3008,#3035,#3058,.T.);
#3058 = LINE('',#3059,#3060);
#3059 = CARTESIAN_POINT('',(-0.6,0.625,0.));
#3060 = VECTOR('',#3061,1.);
#3061 = DIRECTION('',(0.,0.,1.));
#3062 = ORIENTED_EDGE('',*,*,#3007,.F.);
#3063 = ORIENTED_EDGE('',*,*,#2838,.T.);
#3064 = ORIENTED_EDGE('',*,*,#3043,.T.);
#3065 = PLANE('',#3066);
#3066 = AXIS2_PLACEMENT_3D('',#3067,#3068,#3069);
#3067 = CARTESIAN_POINT('',(-1.,0.625,0.));
#3068 = DIRECTION('',(0.,1.,0.));
#3069 = DIRECTION('',(0.,-0.,1.));
#3070 = ADVANCED_FACE('',(#3071,#3081),#3151,.T.);
#3071 = FACE_BOUND('',#3072,.T.);
#3072 = EDGE_LOOP('',(#3073,#3074,#3075,#3076,#3077,#3078,#3079,#3080));
#3073 = ORIENTED_EDGE('',*,*,#2878,.F.);
#3074 = ORIENTED_EDGE('',*,*,#2918,.T.);
#3075 = ORIENTED_EDGE('',*,*,#2961,.T.);
#3076 = ORIENTED_EDGE('',*,*,#3015,.F.);
#3077 = ORIENTED_EDGE('',*,*,#3057,.T.);
#3078 = ORIENTED_EDGE('',*,*,#3034,.T.);
#3079 = ORIENTED_EDGE('',*,*,#2985,.F.);
#3080 = ORIENTED_EDGE('',*,*,#2935,.F.);
#3081 = FACE_BOUND('',#3082,.T.);
#3082 = EDGE_LOOP('',(#3083,#3094,#3102,#3111,#3119,#3128,#3136,#3145));
#3083 = ORIENTED_EDGE('',*,*,#3084,.F.);
#3084 = EDGE_CURVE('',#3085,#3087,#3089,.T.);
#3085 = VERTEX_POINT('',#3086);
#3086 = CARTESIAN_POINT('',(-0.6,-0.585,8.E-02));
#3087 = VERTEX_POINT('',#3088);
#3088 = CARTESIAN_POINT('',(-0.6,-0.545,4.E-02));
#3089 = CIRCLE('',#3090,4.E-02);
#3090 = AXIS2_PLACEMENT_3D('',#3091,#3092,#3093);
#3091 = CARTESIAN_POINT('',(-0.6,-0.545,8.E-02));
#3092 = DIRECTION('',(1.,0.,-0.));
#3093 = DIRECTION('',(0.,0.,1.));
#3094 = ORIENTED_EDGE('',*,*,#3095,.T.);
#3095 = EDGE_CURVE('',#3085,#3096,#3098,.T.);
#3096 = VERTEX_POINT('',#3097);
#3097 = CARTESIAN_POINT('',(-0.6,-0.585,1.17));
#3098 = LINE('',#3099,#3100);
#3099 = CARTESIAN_POINT('',(-0.6,-0.585,4.E-02));
#3100 = VECTOR('',#3101,1.);
#3101 = DIRECTION('',(0.,0.,1.));
#3102 = ORIENTED_EDGE('',*,*,#3103,.T.);
#3103 = EDGE_CURVE('',#3096,#3104,#3106,.T.);
#3104 = VERTEX_POINT('',#3105);
#3105 = CARTESIAN_POINT('',(-0.6,-0.545,1.21));
#3106 = CIRCLE('',#3107,4.E-02);
#3107 = AXIS2_PLACEMENT_3D('',#3108,#3109,#3110);
#3108 = CARTESIAN_POINT('',(-0.6,-0.545,1.17));
#3109 = DIRECTION('',(-1.,0.,0.));
#3110 = DIRECTION('',(0.,0.,1.));
#3111 = ORIENTED_EDGE('',*,*,#3112,.T.);
#3112 = EDGE_CURVE('',#3104,#3113,#3115,.T.);
#3113 = VERTEX_POINT('',#3114);
#3114 = CARTESIAN_POINT('',(-0.6,0.545,1.21));
#3115 = LINE('',#3116,#3117);
#3116 = CARTESIAN_POINT('',(-0.6,-0.585,1.21));
#3117 = VECTOR('',#3118,1.);
#3118 = DIRECTION('',(0.,1.,0.));
#3119 = ORIENTED_EDGE('',*,*,#3120,.F.);
#3120 = EDGE_CURVE('',#3121,#3113,#3123,.T.);
#3121 = VERTEX_POINT('',#3122);
#3122 = CARTESIAN_POINT('',(-0.6,0.585,1.17));
#3123 = CIRCLE('',#3124,4.E-02);
#3124 = AXIS2_PLACEMENT_3D('',#3125,#3126,#3127);
#3125 = CARTESIAN_POINT('',(-0.6,0.545,1.17));
#3126 = DIRECTION('',(1.,0.,-0.));
#3127 = DIRECTION('',(0.,0.,1.));
#3128 = ORIENTED_EDGE('',*,*,#3129,.F.);
#3129 = EDGE_CURVE('',#3130,#3121,#3132,.T.);
#3130 = VERTEX_POINT('',#3131);
#3131 = CARTESIAN_POINT('',(-0.6,0.585,8.E-02));
#3132 = LINE('',#3133,#3134);
#3133 = CARTESIAN_POINT('',(-0.6,0.585,4.E-02));
#3134 = VECTOR('',#3135,1.);
#3135 = DIRECTION('',(0.,0.,1.));
#3136 = ORIENTED_EDGE('',*,*,#3137,.T.);
#3137 = EDGE_CURVE('',#3130,#3138,#3140,.T.);
#3138 = VERTEX_POINT('',#3139);
#3139 = CARTESIAN_POINT('',(-0.6,0.545,4.E-02));
#3140 = CIRCLE('',#3141,4.E-02);
#3141 = AXIS2_PLACEMENT_3D('',#3142,#3143,#3144);
#3142 = CARTESIAN_POINT('',(-0.6,0.545,8.E-02));
#3143 = DIRECTION('',(-1.,0.,0.));
#3144 = DIRECTION('',(0.,0.,1.));
#3145 = ORIENTED_EDGE('',*,*,#3146,.F.);
#3146 = EDGE_CURVE('',#3087,#3138,#3147,.T.);
#3147 = LINE('',#3148,#3149);
#3148 = CARTESIAN_POINT('',(-0.6,-0.585,4.E-02));
#3149 = VECTOR('',#3150,1.);
#3150 = DIRECTION('',(0.,1.,0.));
#3151 = PLANE('',#3152);
#3152 = AXIS2_PLACEMENT_3D('',#3153,#3154,#3155);
#3153 = CARTESIAN_POINT('',(-0.6,-0.625,0.));
#3154 = DIRECTION('',(1.,0.,0.));
#3155 = DIRECTION('',(0.,0.,1.));
#3156 = ADVANCED_FACE('',(#3157),#3183,.T.);
#3157 = FACE_BOUND('',#3158,.T.);
#3158 = EDGE_LOOP('',(#3159,#3160,#3168,#3177));
#3159 = ORIENTED_EDGE('',*,*,#3084,.T.);
#3160 = ORIENTED_EDGE('',*,*,#3161,.T.);
#3161 = EDGE_CURVE('',#3087,#3162,#3164,.T.);
#3162 = VERTEX_POINT('',#3163);
#3163 = CARTESIAN_POINT('',(0.6,-0.545,4.E-02));
#3164 = LINE('',#3165,#3166);
#3165 = CARTESIAN_POINT('',(-0.6,-0.545,4.E-02));
#3166 = VECTOR('',#3167,1.);
#3167 = DIRECTION('',(1.,0.,0.));
#3168 = ORIENTED_EDGE('',*,*,#3169,.F.);
#3169 = EDGE_CURVE('',#3170,#3162,#3172,.T.);
#3170 = VERTEX_POINT('',#3171);
#3171 = CARTESIAN_POINT('',(0.6,-0.585,8.E-02));
#3172 = CIRCLE('',#3173,4.E-02);
#3173 = AXIS2_PLACEMENT_3D('',#3174,#3175,#3176);
#3174 = CARTESIAN_POINT('',(0.6,-0.545,8.E-02));
#3175 = DIRECTION('',(1.,0.,-0.));
#3176 = DIRECTION('',(0.,0.,1.));
#3177 = ORIENTED_EDGE('',*,*,#3178,.F.);
#3178 = EDGE_CURVE('',#3085,#3170,#3179,.T.);
#3179 = LINE('',#3180,#3181);
#3180 = CARTESIAN_POINT('',(-0.6,-0.585,8.E-02));
#3181 = VECTOR('',#3182,1.);
#3182 = DIRECTION('',(1.,0.,0.));
#3183 = CYLINDRICAL_SURFACE('',#3184,4.E-02);
#3184 = AXIS2_PLACEMENT_3D('',#3185,#3186,#3187);
#3185 = CARTESIAN_POINT('',(-0.6,-0.545,8.E-02));
#3186 = DIRECTION('',(1.,0.,0.));
#3187 = DIRECTION('',(0.,-1.,0.));
#3188 = ADVANCED_FACE('',(#3189),#3207,.F.);
#3189 = FACE_BOUND('',#3190,.F.);
#3190 = EDGE_LOOP('',(#3191,#3192,#3193,#3201));
#3191 = ORIENTED_EDGE('',*,*,#3146,.F.);
#3192 = ORIENTED_EDGE('',*,*,#3161,.T.);
#3193 = ORIENTED_EDGE('',*,*,#3194,.T.);
#3194 = EDGE_CURVE('',#3162,#3195,#3197,.T.);
#3195 = VERTEX_POINT('',#3196);
#3196 = CARTESIAN_POINT('',(0.6,0.545,4.E-02));
#3197 = LINE('',#3198,#3199);
#3198 = CARTESIAN_POINT('',(0.6,-0.585,4.E-02));
#3199 = VECTOR('',#3200,1.);
#3200 = DIRECTION('',(0.,1.,0.));
#3201 = ORIENTED_EDGE('',*,*,#3202,.F.);
#3202 = EDGE_CURVE('',#3138,#3195,#3203,.T.);
#3203 = LINE('',#3204,#3205);
#3204 = CARTESIAN_POINT('',(-0.6,0.545,4.E-02));
#3205 = VECTOR('',#3206,1.);
#3206 = DIRECTION('',(1.,0.,0.));
#3207 = PLANE('',#3208);
#3208 = AXIS2_PLACEMENT_3D('',#3209,#3210,#3211);
#3209 = CARTESIAN_POINT('',(-0.6,-0.585,4.E-02));
#3210 = DIRECTION('',(0.,0.,1.));
#3211 = DIRECTION('',(1.,0.,-0.));
#3212 = ADVANCED_FACE('',(#3213),#3232,.T.);
#3213 = FACE_BOUND('',#3214,.T.);
#3214 = EDGE_LOOP('',(#3215,#3223,#3230,#3231));
#3215 = ORIENTED_EDGE('',*,*,#3216,.T.);
#3216 = EDGE_CURVE('',#3130,#3217,#3219,.T.);
#3217 = VERTEX_POINT('',#3218);
#3218 = CARTESIAN_POINT('',(0.6,0.585,8.E-02));
#3219 = LINE('',#3220,#3221);
#3220 = CARTESIAN_POINT('',(-0.6,0.585,8.E-02));
#3221 = VECTOR('',#3222,1.);
#3222 = DIRECTION('',(1.,0.,0.));
#3223 = ORIENTED_EDGE('',*,*,#3224,.T.);
#3224 = EDGE_CURVE('',#3217,#3195,#3225,.T.);
#3225 = CIRCLE('',#3226,4.E-02);
#3226 = AXIS2_PLACEMENT_3D('',#3227,#3228,#3229);
#3227 = CARTESIAN_POINT('',(0.6,0.545,8.E-02));
#3228 = DIRECTION('',(-1.,0.,0.));
#3229 = DIRECTION('',(0.,0.,1.));
#3230 = ORIENTED_EDGE('',*,*,#3202,.F.);
#3231 = ORIENTED_EDGE('',*,*,#3137,.F.);
#3232 = CYLINDRICAL_SURFACE('',#3233,4.E-02);
#3233 = AXIS2_PLACEMENT_3D('',#3234,#3235,#3236);
#3234 = CARTESIAN_POINT('',(-0.6,0.545,8.E-02));
#3235 = DIRECTION('',(1.,0.,0.));
#3236 = DIRECTION('',(-0.,1.,0.));
#3237 = ADVANCED_FACE('',(#3238),#3256,.T.);
#3238 = FACE_BOUND('',#3239,.T.);
#3239 = EDGE_LOOP('',(#3240,#3248,#3249,#3250));
#3240 = ORIENTED_EDGE('',*,*,#3241,.F.);
#3241 = EDGE_CURVE('',#3217,#3242,#3244,.T.);
#3242 = VERTEX_POINT('',#3243);
#3243 = CARTESIAN_POINT('',(0.6,0.585,1.17));
#3244 = LINE('',#3245,#3246);
#3245 = CARTESIAN_POINT('',(0.6,0.585,4.E-02));
#3246 = VECTOR('',#3247,1.);
#3247 = DIRECTION('',(0.,0.,1.));
#3248 = ORIENTED_EDGE('',*,*,#3216,.F.);
#3249 = ORIENTED_EDGE('',*,*,#3129,.T.);
#3250 = ORIENTED_EDGE('',*,*,#3251,.T.);
#3251 = EDGE_CURVE('',#3121,#3242,#3252,.T.);
#3252 = LINE('',#3253,#3254);
#3253 = CARTESIAN_POINT('',(-0.6,0.585,1.17));
#3254 = VECTOR('',#3255,1.);
#3255 = DIRECTION('',(1.,0.,0.));
#3256 = PLANE('',#3257);
#3257 = AXIS2_PLACEMENT_3D('',#3258,#3259,#3260);
#3258 = CARTESIAN_POINT('',(-0.6,0.585,4.E-02));
#3259 = DIRECTION('',(0.,1.,0.));
#3260 = DIRECTION('',(0.,-0.,1.));
#3261 = ADVANCED_FACE('',(#3262),#3281,.T.);
#3262 = FACE_BOUND('',#3263,.T.);
#3263 = EDGE_LOOP('',(#3264,#3265,#3273,#3280));
#3264 = ORIENTED_EDGE('',*,*,#3120,.T.);
#3265 = ORIENTED_EDGE('',*,*,#3266,.T.);
#3266 = EDGE_CURVE('',#3113,#3267,#3269,.T.);
#3267 = VERTEX_POINT('',#3268);
#3268 = CARTESIAN_POINT('',(0.6,0.545,1.21));
#3269 = LINE('',#3270,#3271);
#3270 = CARTESIAN_POINT('',(-0.6,0.545,1.21));
#3271 = VECTOR('',#3272,1.);
#3272 = DIRECTION('',(1.,0.,0.));
#3273 = ORIENTED_EDGE('',*,*,#3274,.F.);
#3274 = EDGE_CURVE('',#3242,#3267,#3275,.T.);
#3275 = CIRCLE('',#3276,4.E-02);
#3276 = AXIS2_PLACEMENT_3D('',#3277,#3278,#3279);
#3277 = CARTESIAN_POINT('',(0.6,0.545,1.17));
#3278 = DIRECTION('',(1.,0.,-0.));
#3279 = DIRECTION('',(0.,0.,1.));
#3280 = ORIENTED_EDGE('',*,*,#3251,.F.);
#3281 = CYLINDRICAL_SURFACE('',#3282,4.E-02);
#3282 = AXIS2_PLACEMENT_3D('',#3283,#3284,#3285);
#3283 = CARTESIAN_POINT('',(-0.6,0.545,1.17));
#3284 = DIRECTION('',(1.,0.,0.));
#3285 = DIRECTION('',(-0.,1.,0.));
#3286 = ADVANCED_FACE('',(#3287),#3305,.T.);
#3287 = FACE_BOUND('',#3288,.T.);
#3288 = EDGE_LOOP('',(#3289,#3290,#3298,#3304));
#3289 = ORIENTED_EDGE('',*,*,#3112,.F.);
#3290 = ORIENTED_EDGE('',*,*,#3291,.T.);
#3291 = EDGE_CURVE('',#3104,#3292,#3294,.T.);
#3292 = VERTEX_POINT('',#3293);
#3293 = CARTESIAN_POINT('',(0.6,-0.545,1.21));
#3294 = LINE('',#3295,#3296);
#3295 = CARTESIAN_POINT('',(-0.6,-0.545,1.21));
#3296 = VECTOR('',#3297,1.);
#3297 = DIRECTION('',(1.,0.,0.));
#3298 = ORIENTED_EDGE('',*,*,#3299,.T.);
#3299 = EDGE_CURVE('',#3292,#3267,#3300,.T.);
#3300 = LINE('',#3301,#3302);
#3301 = CARTESIAN_POINT('',(0.6,-0.585,1.21));
#3302 = VECTOR('',#3303,1.);
#3303 = DIRECTION('',(0.,1.,0.));
#3304 = ORIENTED_EDGE('',*,*,#3266,.F.);
#3305 = PLANE('',#3306);
#3306 = AXIS2_PLACEMENT_3D('',#3307,#3308,#3309);
#3307 = CARTESIAN_POINT('',(-0.6,-0.585,1.21));
#3308 = DIRECTION('',(0.,0.,1.));
#3309 = DIRECTION('',(1.,0.,-0.));
#3310 = ADVANCED_FACE('',(#3311),#3330,.T.);
#3311 = FACE_BOUND('',#3312,.T.);
#3312 = EDGE_LOOP('',(#3313,#3321,#3328,#3329));
#3313 = ORIENTED_EDGE('',*,*,#3314,.T.);
#3314 = EDGE_CURVE('',#3096,#3315,#3317,.T.);
#3315 = VERTEX_POINT('',#3316);
#3316 = CARTESIAN_POINT('',(0.6,-0.585,1.17));
#3317 = LINE('',#3318,#3319);
#3318 = CARTESIAN_POINT('',(-0.6,-0.585,1.17));
#3319 = VECTOR('',#3320,1.);
#3320 = DIRECTION('',(1.,0.,0.));
#3321 = ORIENTED_EDGE('',*,*,#3322,.T.);
#3322 = EDGE_CURVE('',#3315,#3292,#3323,.T.);
#3323 = CIRCLE('',#3324,4.E-02);
#3324 = AXIS2_PLACEMENT_3D('',#3325,#3326,#3327);
#3325 = CARTESIAN_POINT('',(0.6,-0.545,1.17));
#3326 = DIRECTION('',(-1.,0.,0.));
#3327 = DIRECTION('',(0.,0.,1.));
#3328 = ORIENTED_EDGE('',*,*,#3291,.F.);
#3329 = ORIENTED_EDGE('',*,*,#3103,.F.);
#3330 = CYLINDRICAL_SURFACE('',#3331,4.E-02);
#3331 = AXIS2_PLACEMENT_3D('',#3332,#3333,#3334);
#3332 = CARTESIAN_POINT('',(-0.6,-0.545,1.17));
#3333 = DIRECTION('',(1.,0.,0.));
#3334 = DIRECTION('',(0.,-1.,0.));
#3335 = ADVANCED_FACE('',(#3336),#3347,.F.);
#3336 = FACE_BOUND('',#3337,.F.);
#3337 = EDGE_LOOP('',(#3338,#3344,#3345,#3346));
#3338 = ORIENTED_EDGE('',*,*,#3339,.F.);
#3339 = EDGE_CURVE('',#3170,#3315,#3340,.T.);
#3340 = LINE('',#3341,#3342);
#3341 = CARTESIAN_POINT('',(0.6,-0.585,4.E-02));
#3342 = VECTOR('',#3343,1.);
#3343 = DIRECTION('',(0.,0.,1.));
#3344 = ORIENTED_EDGE('',*,*,#3178,.F.);
#3345 = ORIENTED_EDGE('',*,*,#3095,.T.);
#3346 = ORIENTED_EDGE('',*,*,#3314,.T.);
#3347 = PLANE('',#3348);
#3348 = AXIS2_PLACEMENT_3D('',#3349,#3350,#3351);
#3349 = CARTESIAN_POINT('',(-0.6,-0.585,4.E-02));
#3350 = DIRECTION('',(0.,1.,0.));
#3351 = DIRECTION('',(0.,-0.,1.));
#3352 = ADVANCED_FACE('',(#3353,#3423),#3433,.F.);
#3353 = FACE_BOUND('',#3354,.F.);
#3354 = EDGE_LOOP('',(#3355,#3365,#3374,#3382,#3391,#3399,#3408,#3416));
#3355 = ORIENTED_EDGE('',*,*,#3356,.F.);
#3356 = EDGE_CURVE('',#3357,#3359,#3361,.T.);
#3357 = VERTEX_POINT('',#3358);
#3358 = CARTESIAN_POINT('',(0.6,-0.625,4.E-02));
#3359 = VERTEX_POINT('',#3360);
#3360 = CARTESIAN_POINT('',(0.6,-0.625,1.21));
#3361 = LINE('',#3362,#3363);
#3362 = CARTESIAN_POINT('',(0.6,-0.625,0.));
#3363 = VECTOR('',#3364,1.);
#3364 = DIRECTION('',(0.,0.,1.));
#3365 = ORIENTED_EDGE('',*,*,#3366,.T.);
#3366 = EDGE_CURVE('',#3357,#3367,#3369,.T.);
#3367 = VERTEX_POINT('',#3368);
#3368 = CARTESIAN_POINT('',(0.6,-0.585,0.));
#3369 = CIRCLE('',#3370,4.E-02);
#3370 = AXIS2_PLACEMENT_3D('',#3371,#3372,#3373);
#3371 = CARTESIAN_POINT('',(0.6,-0.585,4.E-02));
#3372 = DIRECTION('',(1.,0.,-0.));
#3373 = DIRECTION('',(0.,0.,1.));
#3374 = ORIENTED_EDGE('',*,*,#3375,.T.);
#3375 = EDGE_CURVE('',#3367,#3376,#3378,.T.);
#3376 = VERTEX_POINT('',#3377);
#3377 = CARTESIAN_POINT('',(0.6,0.585,0.));
#3378 = LINE('',#3379,#3380);
#3379 = CARTESIAN_POINT('',(0.6,-0.625,0.));
#3380 = VECTOR('',#3381,1.);
#3381 = DIRECTION('',(0.,1.,0.));
#3382 = ORIENTED_EDGE('',*,*,#3383,.F.);
#3383 = EDGE_CURVE('',#3384,#3376,#3386,.T.);
#3384 = VERTEX_POINT('',#3385);
#3385 = CARTESIAN_POINT('',(0.6,0.625,4.E-02));
#3386 = CIRCLE('',#3387,4.E-02);
#3387 = AXIS2_PLACEMENT_3D('',#3388,#3389,#3390);
#3388 = CARTESIAN_POINT('',(0.6,0.585,4.E-02));
#3389 = DIRECTION('',(-1.,0.,0.));
#3390 = DIRECTION('',(0.,0.,1.));
#3391 = ORIENTED_EDGE('',*,*,#3392,.T.);
#3392 = EDGE_CURVE('',#3384,#3393,#3395,.T.);
#3393 = VERTEX_POINT('',#3394);
#3394 = CARTESIAN_POINT('',(0.6,0.625,1.21));
#3395 = LINE('',#3396,#3397);
#3396 = CARTESIAN_POINT('',(0.6,0.625,0.));
#3397 = VECTOR('',#3398,1.);
#3398 = DIRECTION('',(0.,0.,1.));
#3399 = ORIENTED_EDGE('',*,*,#3400,.T.);
#3400 = EDGE_CURVE('',#3393,#3401,#3403,.T.);
#3401 = VERTEX_POINT('',#3402);
#3402 = CARTESIAN_POINT('',(0.6,0.585,1.25));
#3403 = CIRCLE('',#3404,4.E-02);
#3404 = AXIS2_PLACEMENT_3D('',#3405,#3406,#3407);
#3405 = CARTESIAN_POINT('',(0.6,0.585,1.21));
#3406 = DIRECTION('',(1.,0.,-0.));
#3407 = DIRECTION('',(0.,0.,1.));
#3408 = ORIENTED_EDGE('',*,*,#3409,.F.);
#3409 = EDGE_CURVE('',#3410,#3401,#3412,.T.);
#3410 = VERTEX_POINT('',#3411);
#3411 = CARTESIAN_POINT('',(0.6,-0.585,1.25));
#3412 = LINE('',#3413,#3414);
#3413 = CARTESIAN_POINT('',(0.6,-0.625,1.25));
#3414 = VECTOR('',#3415,1.);
#3415 = DIRECTION('',(0.,1.,0.));
#3416 = ORIENTED_EDGE('',*,*,#3417,.F.);
#3417 = EDGE_CURVE('',#3359,#3410,#3418,.T.);
#3418 = CIRCLE('',#3419,4.E-02);
#3419 = AXIS2_PLACEMENT_3D('',#3420,#3421,#3422);
#3420 = CARTESIAN_POINT('',(0.6,-0.585,1.21));
#3421 = DIRECTION('',(-1.,0.,0.));
#3422 = DIRECTION('',(0.,0.,1.));
#3423 = FACE_BOUND('',#3424,.F.);
#3424 = EDGE_LOOP('',(#3425,#3426,#3427,#3428,#3429,#3430,#3431,#3432));
#3425 = ORIENTED_EDGE('',*,*,#3169,.F.);
#3426 = ORIENTED_EDGE('',*,*,#3339,.T.);
#3427 = ORIENTED_EDGE('',*,*,#3322,.T.);
#3428 = ORIENTED_EDGE('',*,*,#3299,.T.);
#3429 = ORIENTED_EDGE('',*,*,#3274,.F.);
#3430 = ORIENTED_EDGE('',*,*,#3241,.F.);
#3431 = ORIENTED_EDGE('',*,*,#3224,.T.);
#3432 = ORIENTED_EDGE('',*,*,#3194,.F.);
#3433 = PLANE('',#3434);
#3434 = AXIS2_PLACEMENT_3D('',#3435,#3436,#3437);
#3435 = CARTESIAN_POINT('',(0.6,-0.625,0.));
#3436 = DIRECTION('',(1.,0.,0.));
#3437 = DIRECTION('',(0.,0.,1.));
#3438 = ADVANCED_FACE('',(#3439),#3464,.F.);
#3439 = FACE_BOUND('',#3440,.F.);
#3440 = EDGE_LOOP('',(#3441,#3451,#3457,#3458));
#3441 = ORIENTED_EDGE('',*,*,#3442,.F.);
#3442 = EDGE_CURVE('',#3443,#3445,#3447,.T.);
#3443 = VERTEX_POINT('',#3444);
#3444 = CARTESIAN_POINT('',(1.,-0.625,4.E-02));
#3445 = VERTEX_POINT('',#3446);
#3446 = CARTESIAN_POINT('',(1.,-0.625,1.21));
#3447 = LINE('',#3448,#3449);
#3448 = CARTESIAN_POINT('',(1.,-0.625,0.));
#3449 = VECTOR('',#3450,1.);
#3450 = DIRECTION('',(0.,0.,1.));
#3451 = ORIENTED_EDGE('',*,*,#3452,.F.);
#3452 = EDGE_CURVE('',#3357,#3443,#3453,.T.);
#3453 = LINE('',#3454,#3455);
#3454 = CARTESIAN_POINT('',(0.6,-0.625,4.E-02));
#3455 = VECTOR('',#3456,1.);
#3456 = DIRECTION('',(1.,0.,0.));
#3457 = ORIENTED_EDGE('',*,*,#3356,.T.);
#3458 = ORIENTED_EDGE('',*,*,#3459,.T.);
#3459 = EDGE_CURVE('',#3359,#3445,#3460,.T.);
#3460 = LINE('',#3461,#3462);
#3461 = CARTESIAN_POINT('',(0.6,-0.625,1.21));
#3462 = VECTOR('',#3463,1.);
#3463 = DIRECTION('',(1.,0.,0.));
#3464 = PLANE('',#3465);
#3465 = AXIS2_PLACEMENT_3D('',#3466,#3467,#3468);
#3466 = CARTESIAN_POINT('',(0.6,-0.625,0.));
#3467 = DIRECTION('',(0.,1.,0.));
#3468 = DIRECTION('',(0.,-0.,1.));
#3469 = ADVANCED_FACE('',(#3470),#3489,.T.);
#3470 = FACE_BOUND('',#3471,.T.);
#3471 = EDGE_LOOP('',(#3472,#3473,#3481,#3488));
#3472 = ORIENTED_EDGE('',*,*,#3366,.T.);
#3473 = ORIENTED_EDGE('',*,*,#3474,.T.);
#3474 = EDGE_CURVE('',#3367,#3475,#3477,.T.);
#3475 = VERTEX_POINT('',#3476);
#3476 = CARTESIAN_POINT('',(1.,-0.585,0.));
#3477 = LINE('',#3478,#3479);
#3478 = CARTESIAN_POINT('',(0.6,-0.585,0.));
#3479 = VECTOR('',#3480,1.);
#3480 = DIRECTION('',(1.,0.,0.));
#3481 = ORIENTED_EDGE('',*,*,#3482,.F.);
#3482 = EDGE_CURVE('',#3443,#3475,#3483,.T.);
#3483 = CIRCLE('',#3484,4.E-02);
#3484 = AXIS2_PLACEMENT_3D('',#3485,#3486,#3487);
#3485 = CARTESIAN_POINT('',(1.,-0.585,4.E-02));
#3486 = DIRECTION('',(1.,0.,-0.));
#3487 = DIRECTION('',(0.,0.,1.));
#3488 = ORIENTED_EDGE('',*,*,#3452,.F.);
#3489 = CYLINDRICAL_SURFACE('',#3490,4.E-02);
#3490 = AXIS2_PLACEMENT_3D('',#3491,#3492,#3493);
#3491 = CARTESIAN_POINT('',(0.6,-0.585,4.E-02));
#3492 = DIRECTION('',(1.,0.,0.));
#3493 = DIRECTION('',(0.,-1.,0.));
#3494 = ADVANCED_FACE('',(#3495),#3514,.T.);
#3495 = FACE_BOUND('',#3496,.T.);
#3496 = EDGE_LOOP('',(#3497,#3498,#3507,#3513));
#3497 = ORIENTED_EDGE('',*,*,#3459,.T.);
#3498 = ORIENTED_EDGE('',*,*,#3499,.T.);
#3499 = EDGE_CURVE('',#3445,#3500,#3502,.T.);
#3500 = VERTEX_POINT('',#3501);
#3501 = CARTESIAN_POINT('',(1.,-0.585,1.25));
#3502 = CIRCLE('',#3503,4.E-02);
#3503 = AXIS2_PLACEMENT_3D('',#3504,#3505,#3506);
#3504 = CARTESIAN_POINT('',(1.,-0.585,1.21));
#3505 = DIRECTION('',(-1.,0.,0.));
#3506 = DIRECTION('',(0.,0.,1.));
#3507 = ORIENTED_EDGE('',*,*,#3508,.F.);
#3508 = EDGE_CURVE('',#3410,#3500,#3509,.T.);
#3509 = LINE('',#3510,#3511);
#3510 = CARTESIAN_POINT('',(0.6,-0.585,1.25));
#3511 = VECTOR('',#3512,1.);
#3512 = DIRECTION('',(1.,0.,0.));
#3513 = ORIENTED_EDGE('',*,*,#3417,.F.);
#3514 = CYLINDRICAL_SURFACE('',#3515,4.E-02);
#3515 = AXIS2_PLACEMENT_3D('',#3516,#3517,#3518);
#3516 = CARTESIAN_POINT('',(0.6,-0.585,1.21));
#3517 = DIRECTION('',(1.,0.,0.));
#3518 = DIRECTION('',(0.,-1.,0.));
#3519 = ADVANCED_FACE('',(#3520),#3538,.F.);
#3520 = FACE_BOUND('',#3521,.F.);
#3521 = EDGE_LOOP('',(#3522,#3523,#3524,#3532));
#3522 = ORIENTED_EDGE('',*,*,#3375,.F.);
#3523 = ORIENTED_EDGE('',*,*,#3474,.T.);
#3524 = ORIENTED_EDGE('',*,*,#3525,.T.);
#3525 = EDGE_CURVE('',#3475,#3526,#3528,.T.);
#3526 = VERTEX_POINT('',#3527);
#3527 = CARTESIAN_POINT('',(1.,0.585,0.));
#3528 = LINE('',#3529,#3530);
#3529 = CARTESIAN_POINT('',(1.,-0.625,0.));
#3530 = VECTOR('',#3531,1.);
#3531 = DIRECTION('',(0.,1.,0.));
#3532 = ORIENTED_EDGE('',*,*,#3533,.F.);
#3533 = EDGE_CURVE('',#3376,#3526,#3534,.T.);
#3534 = LINE('',#3535,#3536);
#3535 = CARTESIAN_POINT('',(0.6,0.585,0.));
#3536 = VECTOR('',#3537,1.);
#3537 = DIRECTION('',(1.,0.,0.));
#3538 = PLANE('',#3539);
#3539 = AXIS2_PLACEMENT_3D('',#3540,#3541,#3542);
#3540 = CARTESIAN_POINT('',(0.6,-0.625,0.));
#3541 = DIRECTION('',(0.,0.,1.));
#3542 = DIRECTION('',(1.,0.,-0.));
#3543 = ADVANCED_FACE('',(#3544),#3562,.T.);
#3544 = FACE_BOUND('',#3545,.T.);
#3545 = EDGE_LOOP('',(#3546,#3547,#3548,#3556));
#3546 = ORIENTED_EDGE('',*,*,#3409,.F.);
#3547 = ORIENTED_EDGE('',*,*,#3508,.T.);
#3548 = ORIENTED_EDGE('',*,*,#3549,.T.);
#3549 = EDGE_CURVE('',#3500,#3550,#3552,.T.);
#3550 = VERTEX_POINT('',#3551);
#3551 = CARTESIAN_POINT('',(1.,0.585,1.25));
#3552 = LINE('',#3553,#3554);
#3553 = CARTESIAN_POINT('',(1.,-0.625,1.25));
#3554 = VECTOR('',#3555,1.);
#3555 = DIRECTION('',(0.,1.,0.));
#3556 = ORIENTED_EDGE('',*,*,#3557,.F.);
#3557 = EDGE_CURVE('',#3401,#3550,#3558,.T.);
#3558 = LINE('',#3559,#3560);
#3559 = CARTESIAN_POINT('',(0.6,0.585,1.25));
#3560 = VECTOR('',#3561,1.);
#3561 = DIRECTION('',(1.,0.,0.));
#3562 = PLANE('',#3563);
#3563 = AXIS2_PLACEMENT_3D('',#3564,#3565,#3566);
#3564 = CARTESIAN_POINT('',(0.6,-0.625,1.25));
#3565 = DIRECTION('',(0.,0.,1.));
#3566 = DIRECTION('',(1.,0.,-0.));
#3567 = ADVANCED_FACE('',(#3568),#3587,.T.);
#3568 = FACE_BOUND('',#3569,.T.);
#3569 = EDGE_LOOP('',(#3570,#3578,#3585,#3586));
#3570 = ORIENTED_EDGE('',*,*,#3571,.T.);
#3571 = EDGE_CURVE('',#3384,#3572,#3574,.T.);
#3572 = VERTEX_POINT('',#3573);
#3573 = CARTESIAN_POINT('',(1.,0.625,4.E-02));
#3574 = LINE('',#3575,#3576);
#3575 = CARTESIAN_POINT('',(0.6,0.625,4.E-02));
#3576 = VECTOR('',#3577,1.);
#3577 = DIRECTION('',(1.,0.,0.));
#3578 = ORIENTED_EDGE('',*,*,#3579,.T.);
#3579 = EDGE_CURVE('',#3572,#3526,#3580,.T.);
#3580 = CIRCLE('',#3581,4.E-02);
#3581 = AXIS2_PLACEMENT_3D('',#3582,#3583,#3584);
#3582 = CARTESIAN_POINT('',(1.,0.585,4.E-02));
#3583 = DIRECTION('',(-1.,0.,0.));
#3584 = DIRECTION('',(0.,0.,1.));
#3585 = ORIENTED_EDGE('',*,*,#3533,.F.);
#3586 = ORIENTED_EDGE('',*,*,#3383,.F.);
#3587 = CYLINDRICAL_SURFACE('',#3588,4.E-02);
#3588 = AXIS2_PLACEMENT_3D('',#3589,#3590,#3591);
#3589 = CARTESIAN_POINT('',(0.6,0.585,4.E-02));
#3590 = DIRECTION('',(1.,0.,0.));
#3591 = DIRECTION('',(-0.,1.,0.));
#3592 = ADVANCED_FACE('',(#3593),#3612,.T.);
#3593 = FACE_BOUND('',#3594,.T.);
#3594 = EDGE_LOOP('',(#3595,#3596,#3597,#3606));
#3595 = ORIENTED_EDGE('',*,*,#3400,.T.);
#3596 = ORIENTED_EDGE('',*,*,#3557,.T.);
#3597 = ORIENTED_EDGE('',*,*,#3598,.F.);
#3598 = EDGE_CURVE('',#3599,#3550,#3601,.T.);
#3599 = VERTEX_POINT('',#3600);
#3600 = CARTESIAN_POINT('',(1.,0.625,1.21));
#3601 = CIRCLE('',#3602,4.E-02);
#3602 = AXIS2_PLACEMENT_3D('',#3603,#3604,#3605);
#3603 = CARTESIAN_POINT('',(1.,0.585,1.21));
#3604 = DIRECTION('',(1.,0.,-0.));
#3605 = DIRECTION('',(0.,0.,1.));
#3606 = ORIENTED_EDGE('',*,*,#3607,.F.);
#3607 = EDGE_CURVE('',#3393,#3599,#3608,.T.);
#3608 = LINE('',#3609,#3610);
#3609 = CARTESIAN_POINT('',(0.6,0.625,1.21));
#3610 = VECTOR('',#3611,1.);
#3611 = DIRECTION('',(1.,0.,0.));
#3612 = CYLINDRICAL_SURFACE('',#3613,4.E-02);
#3613 = AXIS2_PLACEMENT_3D('',#3614,#3615,#3616);
#3614 = CARTESIAN_POINT('',(0.6,0.585,1.21));
#3615 = DIRECTION('',(1.,0.,0.));
#3616 = DIRECTION('',(-0.,1.,0.));
#3617 = ADVANCED_FACE('',(#3618),#3629,.T.);
#3618 = FACE_BOUND('',#3619,.T.);
#3619 = EDGE_LOOP('',(#3620,#3626,#3627,#3628));
#3620 = ORIENTED_EDGE('',*,*,#3621,.F.);
#3621 = EDGE_CURVE('',#3572,#3599,#3622,.T.);
#3622 = LINE('',#3623,#3624);
#3623 = CARTESIAN_POINT('',(1.,0.625,0.));
#3624 = VECTOR('',#3625,1.);
#3625 = DIRECTION('',(0.,0.,1.));
#3626 = ORIENTED_EDGE('',*,*,#3571,.F.);
#3627 = ORIENTED_EDGE('',*,*,#3392,.T.);
#3628 = ORIENTED_EDGE('',*,*,#3607,.T.);
#3629 = PLANE('',#3630);
#3630 = AXIS2_PLACEMENT_3D('',#3631,#3632,#3633);
#3631 = CARTESIAN_POINT('',(0.6,0.625,0.));
#3632 = DIRECTION('',(0.,1.,0.));
#3633 = DIRECTION('',(0.,-0.,1.));
#3634 = ADVANCED_FACE('',(#3635),#3645,.T.);
#3635 = FACE_BOUND('',#3636,.T.);
#3636 = EDGE_LOOP('',(#3637,#3638,#3639,#3640,#3641,#3642,#3643,#3644));
#3637 = ORIENTED_EDGE('',*,*,#3442,.F.);
#3638 = ORIENTED_EDGE('',*,*,#3482,.T.);
#3639 = ORIENTED_EDGE('',*,*,#3525,.T.);
#3640 = ORIENTED_EDGE('',*,*,#3579,.F.);
#3641 = ORIENTED_EDGE('',*,*,#3621,.T.);
#3642 = ORIENTED_EDGE('',*,*,#3598,.T.);
#3643 = ORIENTED_EDGE('',*,*,#3549,.F.);
#3644 = ORIENTED_EDGE('',*,*,#3499,.F.);
#3645 = PLANE('',#3646);
#3646 = AXIS2_PLACEMENT_3D('',#3647,#3648,#3649);
#3647 = CARTESIAN_POINT('',(1.,-0.625,0.));
#3648 = DIRECTION('',(1.,0.,0.));
#3649 = DIRECTION('',(0.,0.,1.));
#3650 = ( GEOMETRIC_REPRESENTATION_CONTEXT(3) 
GLOBAL_UNCERTAINTY_ASSIGNED_CONTEXT((#3654)) 
GLOBAL_UNIT_ASSIGNED_CONTEXT((#3651,#3652,#3653)) REPRESENTATION_CONTEXT
('Context #1','3D Context with UNIT and UNCERTAINTY') );
#3651 = ( LENGTH_UNIT() NAMED_UNIT(*) SI_UNIT(.MILLI.,.METRE.) );
#3652 = ( NAMED_UNIT(*) PLANE_ANGLE_UNIT() SI_UNIT($,.RADIAN.) );
#3653 = ( NAMED_UNIT(*) SI_UNIT($,.STERADIAN.) SOLID_ANGLE_UNIT() );
#3654 = UNCERTAINTY_MEASURE_WITH_UNIT(LENGTH_MEASURE(1.E-07),#3651,
  'distance_accuracy_value','confusion accuracy');
#3655 = CONTEXT_DEPENDENT_SHAPE_REPRESENTATION(#3656,#3658);
#3656 = ( REPRESENTATION_RELATIONSHIP('','',#2795,#2772) 
REPRESENTATION_RELATIONSHIP_WITH_TRANSFORMATION(#3657) 
SHAPE_REPRESENTATION_RELATIONSHIP() );
#3657 = ITEM_DEFINED_TRANSFORMATION('','',#11,#2773);
#3658 = PRODUCT_DEFINITION_SHAPE('Placement','Placement of an item',
  #3659);
#3659 = NEXT_ASSEMBLY_USAGE_OCCURRENCE('11','=>[0:1:1:9]','',#2767,#2790
  ,$);
#3660 = PRODUCT_RELATED_PRODUCT_CATEGORY('part',$,(#2792));
#3661 = CONTEXT_DEPENDENT_SHAPE_REPRESENTATION(#3662,#3664);
#3662 = ( REPRESENTATION_RELATIONSHIP('','',#2772,#10) 
REPRESENTATION_RELATIONSHIP_WITH_TRANSFORMATION(#3663) 
SHAPE_REPRESENTATION_RELATIONSHIP() );
#3663 = ITEM_DEFINED_TRANSFORMATION('','',#11,#47);
#3664 = PRODUCT_DEFINITION_SHAPE('Placement','Placement of an item',
  #3665);
#3665 = NEXT_ASSEMBLY_USAGE_OCCURRENCE('13','C1','',#5,#2767,$);
#3666 = CONTEXT_DEPENDENT_SHAPE_REPRESENTATION(#3667,#3669);
#3667 = ( REPRESENTATION_RELATIONSHIP('','',#2772,#10) 
REPRESENTATION_RELATIONSHIP_WITH_TRANSFORMATION(#3668) 
SHAPE_REPRESENTATION_RELATIONSHIP() );
#3668 = ITEM_DEFINED_TRANSFORMATION('','',#11,#51);
#3669 = PRODUCT_DEFINITION_SHAPE('Placement','Placement of an item',
  #3670);
#3670 = NEXT_ASSEMBLY_USAGE_OCCURRENCE('14','C10','',#5,#2767,$);
#3671 = CONTEXT_DEPENDENT_SHAPE_REPRESENTATION(#3672,#3674);
#3672 = ( REPRESENTATION_RELATIONSHIP('','',#1920,#10) 
REPRESENTATION_RELATIONSHIP_WITH_TRANSFORMATION(#3673) 
SHAPE_REPRESENTATION_RELATIONSHIP() );
#3673 = ITEM_DEFINED_TRANSFORMATION('','',#11,#55);
#3674 = PRODUCT_DEFINITION_SHAPE('Placement','Placement of an item',
  #3675);
#3675 = NEXT_ASSEMBLY_USAGE_OCCURRENCE('15','R12','',#5,#1915,$);
#3676 = CONTEXT_DEPENDENT_SHAPE_REPRESENTATION(#3677,#3679);
#3677 = ( REPRESENTATION_RELATIONSHIP('','',#2772,#10) 
REPRESENTATION_RELATIONSHIP_WITH_TRANSFORMATION(#3678) 
SHAPE_REPRESENTATION_RELATIONSHIP() );
#3678 = ITEM_DEFINED_TRANSFORMATION('','',#11,#59);
#3679 = PRODUCT_DEFINITION_SHAPE('Placement','Placement of an item',
  #3680);
#3680 = NEXT_ASSEMBLY_USAGE_OCCURRENCE('16','C24','',#5,#2767,$);
#3681 = CONTEXT_DEPENDENT_SHAPE_REPRESENTATION(#3682,#3684);
#3682 = ( REPRESENTATION_RELATIONSHIP('','',#2772,#10) 
REPRESENTATION_RELATIONSHIP_WITH_TRANSFORMATION(#3683) 
SHAPE_REPRESENTATION_RELATIONSHIP() );
#3683 = ITEM_DEFINED_TRANSFORMATION('','',#11,#63);
#3684 = PRODUCT_DEFINITION_SHAPE('Placement','Placement of an item',
  #3685);
#3685 = NEXT_ASSEMBLY_USAGE_OCCURRENCE('17','C19','',#5,#2767,$);
#3686 = CONTEXT_DEPENDENT_SHAPE_REPRESENTATION(#3687,#3689);
#3687 = ( REPRESENTATION_RELATIONSHIP('','',#1920,#10) 
REPRESENTATION_RELATIONSHIP_WITH_TRANSFORMATION(#3688) 
SHAPE_REPRESENTATION_RELATIONSHIP() );
#3688 = ITEM_DEFINED_TRANSFORMATION('','',#11,#67);
#3689 = PRODUCT_DEFINITION_SHAPE('Placement','Placement of an item',
  #3690);
#3690 = NEXT_ASSEMBLY_USAGE_OCCURRENCE('18','R11','',#5,#1915,$);
#3691 = CONTEXT_DEPENDENT_SHAPE_REPRESENTATION(#3692,#3694);
#3692 = ( REPRESENTATION_RELATIONSHIP('','',#1088,#10) 
REPRESENTATION_RELATIONSHIP_WITH_TRANSFORMATION(#3693) 
SHAPE_REPRESENTATION_RELATIONSHIP() );
#3693 = ITEM_DEFINED_TRANSFORMATION('','',#11,#71);
#3694 = PRODUCT_DEFINITION_SHAPE('Placement','Placement of an item',
  #3695);
#3695 = NEXT_ASSEMBLY_USAGE_OCCURRENCE('19','R3','',#5,#1083,$);
#3696 = CONTEXT_DEPENDENT_SHAPE_REPRESENTATION(#3697,#3699);
#3697 = ( REPRESENTATION_RELATIONSHIP('','',#192,#10) 
REPRESENTATION_RELATIONSHIP_WITH_TRANSFORMATION(#3698) 
SHAPE_REPRESENTATION_RELATIONSHIP() );
#3698 = ITEM_DEFINED_TRANSFORMATION('','',#11,#75);
#3699 = PRODUCT_DEFINITION_SHAPE('Placement','Placement of an item',
  #3700);
#3700 = NEXT_ASSEMBLY_USAGE_OCCURRENCE('20','C13','',#5,#187,$);
#3701 = CONTEXT_DEPENDENT_SHAPE_REPRESENTATION(#3702,#3704);
#3702 = ( REPRESENTATION_RELATIONSHIP('','',#1920,#10) 
REPRESENTATION_RELATIONSHIP_WITH_TRANSFORMATION(#3703) 
SHAPE_REPRESENTATION_RELATIONSHIP() );
#3703 = ITEM_DEFINED_TRANSFORMATION('','',#11,#79);
#3704 = PRODUCT_DEFINITION_SHAPE('Placement','Placement of an item',
  #3705);
#3705 = NEXT_ASSEMBLY_USAGE_OCCURRENCE('21','R10','',#5,#1915,$);
#3706 = CONTEXT_DEPENDENT_SHAPE_REPRESENTATION(#3707,#3709);
#3707 = ( REPRESENTATION_RELATIONSHIP('','',#192,#10) 
REPRESENTATION_RELATIONSHIP_WITH_TRANSFORMATION(#3708) 
SHAPE_REPRESENTATION_RELATIONSHIP() );
#3708 = ITEM_DEFINED_TRANSFORMATION('','',#11,#83);
#3709 = PRODUCT_DEFINITION_SHAPE('Placement','Placement of an item',
  #3710);
#3710 = NEXT_ASSEMBLY_USAGE_OCCURRENCE('22','C14','',#5,#187,$);
#3711 = CONTEXT_DEPENDENT_SHAPE_REPRESENTATION(#3712,#3714);
#3712 = ( REPRESENTATION_RELATIONSHIP('','',#2772,#10) 
REPRESENTATION_RELATIONSHIP_WITH_TRANSFORMATION(#3713) 
SHAPE_REPRESENTATION_RELATIONSHIP() );
#3713 = ITEM_DEFINED_TRANSFORMATION('','',#11,#87);
#3714 = PRODUCT_DEFINITION_SHAPE('Placement','Placement of an item',
  #3715);
#3715 = NEXT_ASSEMBLY_USAGE_OCCURRENCE('23','C26','',#5,#2767,$);
#3716 = CONTEXT_DEPENDENT_SHAPE_REPRESENTATION(#3717,#3719);
#3717 = ( REPRESENTATION_RELATIONSHIP('','',#2772,#10) 
REPRESENTATION_RELATIONSHIP_WITH_TRANSFORMATION(#3718) 
SHAPE_REPRESENTATION_RELATIONSHIP() );
#3718 = ITEM_DEFINED_TRANSFORMATION('','',#11,#91);
#3719 = PRODUCT_DEFINITION_SHAPE('Placement','Placement of an item',
  #3720);
#3720 = NEXT_ASSEMBLY_USAGE_OCCURRENCE('24','C5','',#5,#2767,$);
#3721 = CONTEXT_DEPENDENT_SHAPE_REPRESENTATION(#3722,#3724);
#3722 = ( REPRESENTATION_RELATIONSHIP('','',#2772,#10) 
REPRESENTATION_RELATIONSHIP_WITH_TRANSFORMATION(#3723) 
SHAPE_REPRESENTATION_RELATIONSHIP() );
#3723 = ITEM_DEFINED_TRANSFORMATION('','',#11,#95);
#3724 = PRODUCT_DEFINITION_SHAPE('Placement','Placement of an item',
  #3725);
#3725 = NEXT_ASSEMBLY_USAGE_OCCURRENCE('25','C11','',#5,#2767,$);
#3726 = CONTEXT_DEPENDENT_SHAPE_REPRESENTATION(#3727,#3729);
#3727 = ( REPRESENTATION_RELATIONSHIP('','',#2772,#10) 
REPRESENTATION_RELATIONSHIP_WITH_TRANSFORMATION(#3728) 
SHAPE_REPRESENTATION_RELATIONSHIP() );
#3728 = ITEM_DEFINED_TRANSFORMATION('','',#11,#99);
#3729 = PRODUCT_DEFINITION_SHAPE('Placement','Placement of an item',
  #3730);
#3730 = NEXT_ASSEMBLY_USAGE_OCCURRENCE('26','C16','',#5,#2767,$);
#3731 = SHAPE_DEFINITION_REPRESENTATION(#3732,#3738);
#3732 = PRODUCT_DEFINITION_SHAPE('','',#3733);
#3733 = PRODUCT_DEFINITION('design','',#3734,#3737);
#3734 = PRODUCT_DEFINITION_FORMATION('','',#3735);
#3735 = PRODUCT('TSOT-23-6','TSOT-23-6','',(#3736));
#3736 = PRODUCT_CONTEXT('',#2,'mechanical');
#3737 = PRODUCT_DEFINITION_CONTEXT('part definition',#2,'design');
#3738 = SHAPE_REPRESENTATION('',(#11,#3739),#3743);
#3739 = AXIS2_PLACEMENT_3D('',#3740,#3741,#3742);
#3740 = CARTESIAN_POINT('',(0.,0.,0.));
#3741 = DIRECTION('',(0.,0.,1.));
#3742 = DIRECTION('',(1.,0.,-0.));
#3743 = ( GEOMETRIC_REPRESENTATION_CONTEXT(3) 
GLOBAL_UNCERTAINTY_ASSIGNED_CONTEXT((#3747)) 
GLOBAL_UNIT_ASSIGNED_CONTEXT((#3744,#3745,#3746)) REPRESENTATION_CONTEXT
('Context #1','3D Context with UNIT and UNCERTAINTY') );
#3744 = ( LENGTH_UNIT() NAMED_UNIT(*) SI_UNIT(.MILLI.,.METRE.) );
#3745 = ( NAMED_UNIT(*) PLANE_ANGLE_UNIT() SI_UNIT($,.RADIAN.) );
#3746 = ( NAMED_UNIT(*) SI_UNIT($,.STERADIAN.) SOLID_ANGLE_UNIT() );
#3747 = UNCERTAINTY_MEASURE_WITH_UNIT(LENGTH_MEASURE(1.E-07),#3744,
  'distance_accuracy_value','confusion accuracy');
#3748 = CONTEXT_DEPENDENT_SHAPE_REPRESENTATION(#3749,#3751);
#3749 = ( REPRESENTATION_RELATIONSHIP('','',#3738,#10) 
REPRESENTATION_RELATIONSHIP_WITH_TRANSFORMATION(#3750) 
SHAPE_REPRESENTATION_RELATIONSHIP() );
#3750 = ITEM_DEFINED_TRANSFORMATION('','',#11,#103);
#3751 = PRODUCT_DEFINITION_SHAPE('Placement','Placement of an item',
  #3752);
#3752 = NEXT_ASSEMBLY_USAGE_OCCURRENCE('28','U2','',#5,#3733,$);
#3753 = PRODUCT_RELATED_PRODUCT_CATEGORY('part',$,(#3735));
#3754 = SHAPE_DEFINITION_REPRESENTATION(#3755,#3761);
#3755 = PRODUCT_DEFINITION_SHAPE('','',#3756);
#3756 = PRODUCT_DEFINITION('design','',#3757,#3760);
#3757 = PRODUCT_DEFINITION_FORMATION('','',#3758);
#3758 = PRODUCT('TSOT-23-6','TSOT-23-6','',(#3759));
#3759 = PRODUCT_CONTEXT('',#2,'mechanical');
#3760 = PRODUCT_DEFINITION_CONTEXT('part definition',#2,'design');
#3761 = ADVANCED_BREP_SHAPE_REPRESENTATION('',(#11,#3762),#7298);
#3762 = MANIFOLD_SOLID_BREP('',#3763);
#3763 = CLOSED_SHELL('',(#3764,#3802,#3865,#3888,#3917,#3940,#4011,#4082
    ,#4105,#4128,#4145,#4168,#4256,#4272,#4302,#4333,#4364,#4395,#4426,
    #4457,#4474,#4491,#4522,#4553,#4584,#4615,#4646,#4676,#4699,#4722,
    #4739,#4784,#4854,#4877,#4900,#4923,#4994,#5032,#5081,#5173,#5198,
    #5282,#5304,#5396,#5421,#5505,#5522,#5607,#5632,#5709,#5794,#5819,
    #5896,#5913,#6005,#6030,#6114,#6136,#6228,#6253,#6337,#6354,#6373,
    #6392,#6438,#6454,#6473,#6492,#6508,#6525,#6537,#6554,#6571,#6588,
    #6605,#6622,#6639,#6656,#6668,#6685,#6702,#6719,#6736,#6753,#6770,
    #6787,#6799,#6816,#6833,#6850,#6867,#6884,#6901,#6913,#6930,#6947,
    #6964,#6981,#6998,#7015,#7027,#7044,#7061,#7078,#7095,#7112,#7129,
    #7146,#7158,#7175,#7192,#7209,#7226,#7243,#7260,#7277,#7289));
#3764 = ADVANCED_FACE('',(#3765),#3797,.F.);
#3765 = FACE_BOUND('',#3766,.F.);
#3766 = EDGE_LOOP('',(#3767,#3777,#3784,#3792));
#3767 = ORIENTED_EDGE('',*,*,#3768,.T.);
#3768 = EDGE_CURVE('',#3769,#3771,#3773,.T.);
#3769 = VERTEX_POINT('',#3770);
#3770 = CARTESIAN_POINT('',(-0.680405353927,1.400810707854,0.1));
#3771 = VERTEX_POINT('',#3772);
#3772 = CARTESIAN_POINT('',(0.680405353927,1.400810707854,0.1));
#3773 = LINE('',#3774,#3775);
#3774 = CARTESIAN_POINT('',(-0.680405353927,1.400810707854,0.1));
#3775 = VECTOR('',#3776,1.);
#3776 = DIRECTION('',(1.,1.110223024625E-16,0.));
#3777 = ORIENTED_EDGE('',*,*,#3778,.T.);
#3778 = EDGE_CURVE('',#3771,#3779,#3781,.T.);
#3779 = VERTEX_POINT('',#3780);
#3780 = CARTESIAN_POINT('',(0.705,1.45,0.45));
#3781 = B_SPLINE_CURVE_WITH_KNOTS('',1,(#3782,#3783),.UNSPECIFIED.,.F.,
  .F.,(2,2),(0.,1.),.PIECEWISE_BEZIER_KNOTS.);
#3782 = CARTESIAN_POINT('',(0.680405353927,1.400810707854,0.1));
#3783 = CARTESIAN_POINT('',(0.705,1.45,0.45));
#3784 = ORIENTED_EDGE('',*,*,#3785,.F.);
#3785 = EDGE_CURVE('',#3786,#3779,#3788,.T.);
#3786 = VERTEX_POINT('',#3787);
#3787 = CARTESIAN_POINT('',(-0.705,1.45,0.45));
#3788 = LINE('',#3789,#3790);
#3789 = CARTESIAN_POINT('',(-0.705,1.45,0.45));
#3790 = VECTOR('',#3791,1.);
#3791 = DIRECTION('',(1.,1.110223024625E-16,0.));
#3792 = ORIENTED_EDGE('',*,*,#3793,.F.);
#3793 = EDGE_CURVE('',#3769,#3786,#3794,.T.);
#3794 = B_SPLINE_CURVE_WITH_KNOTS('',1,(#3795,#3796),.UNSPECIFIED.,.F.,
  .F.,(2,2),(0.,1.),.PIECEWISE_BEZIER_KNOTS.);
#3795 = CARTESIAN_POINT('',(-0.680405353927,1.400810707854,0.1));
#3796 = CARTESIAN_POINT('',(-0.705,1.45,0.45));
#3797 = B_SPLINE_SURFACE_WITH_KNOTS('',1,1,(
    (#3798,#3799)
    ,(#3800,#3801
    )),.UNSPECIFIED.,.F.,.F.,.F.,(2,2),(2,2),(0.,1.41),(0.,1.),
  .PIECEWISE_BEZIER_KNOTS.);
#3798 = CARTESIAN_POINT('',(-0.680405353927,1.400810707854,0.1));
#3799 = CARTESIAN_POINT('',(-0.705,1.45,0.45));
#3800 = CARTESIAN_POINT('',(0.680405353927,1.400810707854,0.1));
#3801 = CARTESIAN_POINT('',(0.705,1.45,0.45));
#3802 = ADVANCED_FACE('',(#3803),#3860,.F.);
#3803 = FACE_BOUND('',#3804,.T.);
#3804 = EDGE_LOOP('',(#3805,#3806,#3814,#3822,#3830,#3838,#3846,#3854));
#3805 = ORIENTED_EDGE('',*,*,#3768,.T.);
#3806 = ORIENTED_EDGE('',*,*,#3807,.T.);
#3807 = EDGE_CURVE('',#3771,#3808,#3810,.T.);
#3808 = VERTEX_POINT('',#3809);
#3809 = CARTESIAN_POINT('',(0.750810707854,1.330405353927,0.1));
#3810 = LINE('',#3811,#3812);
#3811 = CARTESIAN_POINT('',(0.680405353927,1.400810707854,0.1));
#3812 = VECTOR('',#3813,1.);
#3813 = DIRECTION('',(0.707106781187,-0.707106781187,0.));
#3814 = ORIENTED_EDGE('',*,*,#3815,.T.);
#3815 = EDGE_CURVE('',#3808,#3816,#3818,.T.);
#3816 = VERTEX_POINT('',#3817);
#3817 = CARTESIAN_POINT('',(0.750810707854,-1.330405353927,0.1));
#3818 = LINE('',#3819,#3820);
#3819 = CARTESIAN_POINT('',(0.750810707854,1.330405353927,0.1));
#3820 = VECTOR('',#3821,1.);
#3821 = DIRECTION('',(1.110223024625E-16,-1.,0.));
#3822 = ORIENTED_EDGE('',*,*,#3823,.T.);
#3823 = EDGE_CURVE('',#3816,#3824,#3826,.T.);
#3824 = VERTEX_POINT('',#3825);
#3825 = CARTESIAN_POINT('',(0.680405353927,-1.400810707854,0.1));
#3826 = LINE('',#3827,#3828);
#3827 = CARTESIAN_POINT('',(0.750810707854,-1.330405353927,0.1));
#3828 = VECTOR('',#3829,1.);
#3829 = DIRECTION('',(-0.707106781187,-0.707106781187,0.));
#3830 = ORIENTED_EDGE('',*,*,#3831,.T.);
#3831 = EDGE_CURVE('',#3824,#3832,#3834,.T.);
#3832 = VERTEX_POINT('',#3833);
#3833 = CARTESIAN_POINT('',(-0.680405353927,-1.400810707854,0.1));
#3834 = LINE('',#3835,#3836);
#3835 = CARTESIAN_POINT('',(0.680405353927,-1.400810707854,0.1));
#3836 = VECTOR('',#3837,1.);
#3837 = DIRECTION('',(-1.,-1.110223024625E-16,0.));
#3838 = ORIENTED_EDGE('',*,*,#3839,.T.);
#3839 = EDGE_CURVE('',#3832,#3840,#3842,.T.);
#3840 = VERTEX_POINT('',#3841);
#3841 = CARTESIAN_POINT('',(-0.750810707854,-1.330405353927,0.1));
#3842 = LINE('',#3843,#3844);
#3843 = CARTESIAN_POINT('',(-0.680405353927,-1.400810707854,0.1));
#3844 = VECTOR('',#3845,1.);
#3845 = DIRECTION('',(-0.707106781187,0.707106781187,0.));
#3846 = ORIENTED_EDGE('',*,*,#3847,.T.);
#3847 = EDGE_CURVE('',#3840,#3848,#3850,.T.);
#3848 = VERTEX_POINT('',#3849);
#3849 = CARTESIAN_POINT('',(-0.750810707854,1.330405353927,0.1));
#3850 = LINE('',#3851,#3852);
#3851 = CARTESIAN_POINT('',(-0.750810707854,-1.330405353927,0.1));
#3852 = VECTOR('',#3853,1.);
#3853 = DIRECTION('',(-1.110223024625E-16,1.,0.));
#3854 = ORIENTED_EDGE('',*,*,#3855,.T.);
#3855 = EDGE_CURVE('',#3848,#3769,#3856,.T.);
#3856 = LINE('',#3857,#3858);
#3857 = CARTESIAN_POINT('',(-0.750810707854,1.330405353927,0.1));
#3858 = VECTOR('',#3859,1.);
#3859 = DIRECTION('',(0.707106781187,0.707106781187,0.));
#3860 = PLANE('',#3861);
#3861 = AXIS2_PLACEMENT_3D('',#3862,#3863,#3864);
#3862 = CARTESIAN_POINT('',(-0.680405353927,1.400810707854,0.1));
#3863 = DIRECTION('',(0.,0.,1.));
#3864 = DIRECTION('',(0.436909980015,-0.899505235873,0.));
#3865 = ADVANCED_FACE('',(#3866),#3883,.F.);
#3866 = FACE_BOUND('',#3867,.F.);
#3867 = EDGE_LOOP('',(#3868,#3869,#3876,#3882));
#3868 = ORIENTED_EDGE('',*,*,#3807,.T.);
#3869 = ORIENTED_EDGE('',*,*,#3870,.T.);
#3870 = EDGE_CURVE('',#3808,#3871,#3873,.T.);
#3871 = VERTEX_POINT('',#3872);
#3872 = CARTESIAN_POINT('',(0.8,1.355,0.45));
#3873 = B_SPLINE_CURVE_WITH_KNOTS('',1,(#3874,#3875),.UNSPECIFIED.,.F.,
  .F.,(2,2),(0.,1.),.PIECEWISE_BEZIER_KNOTS.);
#3874 = CARTESIAN_POINT('',(0.750810707854,1.330405353927,0.1));
#3875 = CARTESIAN_POINT('',(0.8,1.355,0.45));
#3876 = ORIENTED_EDGE('',*,*,#3877,.F.);
#3877 = EDGE_CURVE('',#3779,#3871,#3878,.T.);
#3878 = LINE('',#3879,#3880);
#3879 = CARTESIAN_POINT('',(0.705,1.45,0.45));
#3880 = VECTOR('',#3881,1.);
#3881 = DIRECTION('',(0.707106781187,-0.707106781187,0.));
#3882 = ORIENTED_EDGE('',*,*,#3778,.F.);
#3883 = B_SPLINE_SURFACE_WITH_KNOTS('',1,1,(
    (#3884,#3885)
    ,(#3886,#3887
    )),.UNSPECIFIED.,.F.,.F.,.F.,(2,2),(2,2),(0.,0.134350288425),(0.,1.)
  ,.PIECEWISE_BEZIER_KNOTS.);
#3884 = CARTESIAN_POINT('',(0.680405353927,1.400810707854,0.1));
#3885 = CARTESIAN_POINT('',(0.705,1.45,0.45));
#3886 = CARTESIAN_POINT('',(0.750810707854,1.330405353927,0.1));
#3887 = CARTESIAN_POINT('',(0.8,1.355,0.45));
#3888 = ADVANCED_FACE('',(#3889),#3912,.F.);
#3889 = FACE_BOUND('',#3890,.F.);
#3890 = EDGE_LOOP('',(#3891,#3892,#3899,#3907));
#3891 = ORIENTED_EDGE('',*,*,#3785,.T.);
#3892 = ORIENTED_EDGE('',*,*,#3893,.T.);
#3893 = EDGE_CURVE('',#3779,#3894,#3896,.T.);
#3894 = VERTEX_POINT('',#3895);
#3895 = CARTESIAN_POINT('',(0.705,1.45,0.6));
#3896 = B_SPLINE_CURVE_WITH_KNOTS('',1,(#3897,#3898),.UNSPECIFIED.,.F.,
  .F.,(2,2),(0.,1.),.PIECEWISE_BEZIER_KNOTS.);
#3897 = CARTESIAN_POINT('',(0.705,1.45,0.45));
#3898 = CARTESIAN_POINT('',(0.705,1.45,0.6));
#3899 = ORIENTED_EDGE('',*,*,#3900,.F.);
#3900 = EDGE_CURVE('',#3901,#3894,#3903,.T.);
#3901 = VERTEX_POINT('',#3902);
#3902 = CARTESIAN_POINT('',(-0.705,1.45,0.6));
#3903 = LINE('',#3904,#3905);
#3904 = CARTESIAN_POINT('',(-0.705,1.45,0.6));
#3905 = VECTOR('',#3906,1.);
#3906 = DIRECTION('',(1.,1.110223024625E-16,0.));
#3907 = ORIENTED_EDGE('',*,*,#3908,.F.);
#3908 = EDGE_CURVE('',#3786,#3901,#3909,.T.);
#3909 = B_SPLINE_CURVE_WITH_KNOTS('',1,(#3910,#3911),.UNSPECIFIED.,.F.,
  .F.,(2,2),(0.,1.),.PIECEWISE_BEZIER_KNOTS.);
#3910 = CARTESIAN_POINT('',(-0.705,1.45,0.45));
#3911 = CARTESIAN_POINT('',(-0.705,1.45,0.6));
#3912 = PLANE('',#3913);
#3913 = AXIS2_PLACEMENT_3D('',#3914,#3915,#3916);
#3914 = CARTESIAN_POINT('',(-0.705,1.45,0.6));
#3915 = DIRECTION('',(1.110223024625E-16,-1.,0.));
#3916 = DIRECTION('',(1.,1.110223024625E-16,0.));
#3917 = ADVANCED_FACE('',(#3918),#3935,.F.);
#3918 = FACE_BOUND('',#3919,.F.);
#3919 = EDGE_LOOP('',(#3920,#3921,#3922,#3930));
#3920 = ORIENTED_EDGE('',*,*,#3855,.T.);
#3921 = ORIENTED_EDGE('',*,*,#3793,.T.);
#3922 = ORIENTED_EDGE('',*,*,#3923,.F.);
#3923 = EDGE_CURVE('',#3924,#3786,#3926,.T.);
#3924 = VERTEX_POINT('',#3925);
#3925 = CARTESIAN_POINT('',(-0.8,1.355,0.45));
#3926 = LINE('',#3927,#3928);
#3927 = CARTESIAN_POINT('',(-0.8,1.355,0.45));
#3928 = VECTOR('',#3929,1.);
#3929 = DIRECTION('',(0.707106781187,0.707106781187,0.));
#3930 = ORIENTED_EDGE('',*,*,#3931,.F.);
#3931 = EDGE_CURVE('',#3848,#3924,#3932,.T.);
#3932 = B_SPLINE_CURVE_WITH_KNOTS('',1,(#3933,#3934),.UNSPECIFIED.,.F.,
  .F.,(2,2),(0.,1.),.PIECEWISE_BEZIER_KNOTS.);
#3933 = CARTESIAN_POINT('',(-0.750810707854,1.330405353927,0.1));
#3934 = CARTESIAN_POINT('',(-0.8,1.355,0.45));
#3935 = B_SPLINE_SURFACE_WITH_KNOTS('',1,1,(
    (#3936,#3937)
    ,(#3938,#3939
    )),.UNSPECIFIED.,.F.,.F.,.F.,(2,2),(2,2),(0.,0.134350288425),(0.,1.)
  ,.PIECEWISE_BEZIER_KNOTS.);
#3936 = CARTESIAN_POINT('',(-0.750810707854,1.330405353927,0.1));
#3937 = CARTESIAN_POINT('',(-0.8,1.355,0.45));
#3938 = CARTESIAN_POINT('',(-0.680405353927,1.400810707854,0.1));
#3939 = CARTESIAN_POINT('',(-0.705,1.45,0.45));
#3940 = ADVANCED_FACE('',(#3941),#4006,.F.);
#3941 = FACE_BOUND('',#3942,.F.);
#3942 = EDGE_LOOP('',(#3943,#3944,#3945,#3953,#3961,#3969,#3977,#3985,
    #3993,#4001));
#3943 = ORIENTED_EDGE('',*,*,#3847,.T.);
#3944 = ORIENTED_EDGE('',*,*,#3931,.T.);
#3945 = ORIENTED_EDGE('',*,*,#3946,.F.);
#3946 = EDGE_CURVE('',#3947,#3924,#3949,.T.);
#3947 = VERTEX_POINT('',#3948);
#3948 = CARTESIAN_POINT('',(-0.8,1.125,0.45));
#3949 = LINE('',#3950,#3951);
#3950 = CARTESIAN_POINT('',(-0.8,-1.355,0.45));
#3951 = VECTOR('',#3952,1.);
#3952 = DIRECTION('',(-1.110223024625E-16,1.,0.));
#3953 = ORIENTED_EDGE('',*,*,#3954,.F.);
#3954 = EDGE_CURVE('',#3955,#3947,#3957,.T.);
#3955 = VERTEX_POINT('',#3956);
#3956 = CARTESIAN_POINT('',(-0.8,0.775,0.45));
#3957 = LINE('',#3958,#3959);
#3958 = CARTESIAN_POINT('',(-0.8,-1.355,0.45));
#3959 = VECTOR('',#3960,1.);
#3960 = DIRECTION('',(-1.110223024625E-16,1.,0.));
#3961 = ORIENTED_EDGE('',*,*,#3962,.F.);
#3962 = EDGE_CURVE('',#3963,#3955,#3965,.T.);
#3963 = VERTEX_POINT('',#3964);
#3964 = CARTESIAN_POINT('',(-0.8,0.175,0.45));
#3965 = LINE('',#3966,#3967);
#3966 = CARTESIAN_POINT('',(-0.8,-1.355,0.45));
#3967 = VECTOR('',#3968,1.);
#3968 = DIRECTION('',(-1.110223024625E-16,1.,0.));
#3969 = ORIENTED_EDGE('',*,*,#3970,.F.);
#3970 = EDGE_CURVE('',#3971,#3963,#3973,.T.);
#3971 = VERTEX_POINT('',#3972);
#3972 = CARTESIAN_POINT('',(-0.8,-0.175,0.45));
#3973 = LINE('',#3974,#3975);
#3974 = CARTESIAN_POINT('',(-0.8,-1.355,0.45));
#3975 = VECTOR('',#3976,1.);
#3976 = DIRECTION('',(-1.110223024625E-16,1.,0.));
#3977 = ORIENTED_EDGE('',*,*,#3978,.F.);
#3978 = EDGE_CURVE('',#3979,#3971,#3981,.T.);
#3979 = VERTEX_POINT('',#3980);
#3980 = CARTESIAN_POINT('',(-0.8,-0.775,0.45));
#3981 = LINE('',#3982,#3983);
#3982 = CARTESIAN_POINT('',(-0.8,-1.355,0.45));
#3983 = VECTOR('',#3984,1.);
#3984 = DIRECTION('',(-1.110223024625E-16,1.,0.));
#3985 = ORIENTED_EDGE('',*,*,#3986,.F.);
#3986 = EDGE_CURVE('',#3987,#3979,#3989,.T.);
#3987 = VERTEX_POINT('',#3988);
#3988 = CARTESIAN_POINT('',(-0.8,-1.125,0.45));
#3989 = LINE('',#3990,#3991);
#3990 = CARTESIAN_POINT('',(-0.8,-1.355,0.45));
#3991 = VECTOR('',#3992,1.);
#3992 = DIRECTION('',(-1.110223024625E-16,1.,0.));
#3993 = ORIENTED_EDGE('',*,*,#3994,.F.);
#3994 = EDGE_CURVE('',#3995,#3987,#3997,.T.);
#3995 = VERTEX_POINT('',#3996);
#3996 = CARTESIAN_POINT('',(-0.8,-1.355,0.45));
#3997 = LINE('',#3998,#3999);
#3998 = CARTESIAN_POINT('',(-0.8,-1.355,0.45));
#3999 = VECTOR('',#4000,1.);
#4000 = DIRECTION('',(-1.110223024625E-16,1.,0.));
#4001 = ORIENTED_EDGE('',*,*,#4002,.F.);
#4002 = EDGE_CURVE('',#3840,#3995,#4003,.T.);
#4003 = B_SPLINE_CURVE_WITH_KNOTS('',1,(#4004,#4005),.UNSPECIFIED.,.F.,
  .F.,(2,2),(0.,1.),.PIECEWISE_BEZIER_KNOTS.);
#4004 = CARTESIAN_POINT('',(-0.750810707854,-1.330405353927,0.1));
#4005 = CARTESIAN_POINT('',(-0.8,-1.355,0.45));
#4006 = B_SPLINE_SURFACE_WITH_KNOTS('',1,1,(
    (#4007,#4008)
    ,(#4009,#4010
    )),.UNSPECIFIED.,.F.,.F.,.F.,(2,2),(2,2),(0.,2.71),(0.,1.),
  .PIECEWISE_BEZIER_KNOTS.);
#4007 = CARTESIAN_POINT('',(-0.750810707854,-1.330405353927,0.1));
#4008 = CARTESIAN_POINT('',(-0.8,-1.355,0.45));
#4009 = CARTESIAN_POINT('',(-0.750810707854,1.330405353927,0.1));
#4010 = CARTESIAN_POINT('',(-0.8,1.355,0.45));
#4011 = ADVANCED_FACE('',(#4012),#4077,.F.);
#4012 = FACE_BOUND('',#4013,.F.);
#4013 = EDGE_LOOP('',(#4014,#4015,#4022,#4030,#4038,#4046,#4054,#4062,
    #4070,#4076));
#4014 = ORIENTED_EDGE('',*,*,#3815,.T.);
#4015 = ORIENTED_EDGE('',*,*,#4016,.T.);
#4016 = EDGE_CURVE('',#3816,#4017,#4019,.T.);
#4017 = VERTEX_POINT('',#4018);
#4018 = CARTESIAN_POINT('',(0.8,-1.355,0.45));
#4019 = B_SPLINE_CURVE_WITH_KNOTS('',1,(#4020,#4021),.UNSPECIFIED.,.F.,
  .F.,(2,2),(0.,1.),.PIECEWISE_BEZIER_KNOTS.);
#4020 = CARTESIAN_POINT('',(0.750810707854,-1.330405353927,0.1));
#4021 = CARTESIAN_POINT('',(0.8,-1.355,0.45));
#4022 = ORIENTED_EDGE('',*,*,#4023,.F.);
#4023 = EDGE_CURVE('',#4024,#4017,#4026,.T.);
#4024 = VERTEX_POINT('',#4025);
#4025 = CARTESIAN_POINT('',(0.8,-1.125,0.45));
#4026 = LINE('',#4027,#4028);
#4027 = CARTESIAN_POINT('',(0.8,1.355,0.45));
#4028 = VECTOR('',#4029,1.);
#4029 = DIRECTION('',(1.110223024625E-16,-1.,0.));
#4030 = ORIENTED_EDGE('',*,*,#4031,.F.);
#4031 = EDGE_CURVE('',#4032,#4024,#4034,.T.);
#4032 = VERTEX_POINT('',#4033);
#4033 = CARTESIAN_POINT('',(0.8,-0.775,0.45));
#4034 = LINE('',#4035,#4036);
#4035 = CARTESIAN_POINT('',(0.8,1.355,0.45));
#4036 = VECTOR('',#4037,1.);
#4037 = DIRECTION('',(1.110223024625E-16,-1.,0.));
#4038 = ORIENTED_EDGE('',*,*,#4039,.F.);
#4039 = EDGE_CURVE('',#4040,#4032,#4042,.T.);
#4040 = VERTEX_POINT('',#4041);
#4041 = CARTESIAN_POINT('',(0.8,-0.175,0.45));
#4042 = LINE('',#4043,#4044);
#4043 = CARTESIAN_POINT('',(0.8,1.355,0.45));
#4044 = VECTOR('',#4045,1.);
#4045 = DIRECTION('',(1.110223024625E-16,-1.,0.));
#4046 = ORIENTED_EDGE('',*,*,#4047,.F.);
#4047 = EDGE_CURVE('',#4048,#4040,#4050,.T.);
#4048 = VERTEX_POINT('',#4049);
#4049 = CARTESIAN_POINT('',(0.8,0.175,0.45));
#4050 = LINE('',#4051,#4052);
#4051 = CARTESIAN_POINT('',(0.8,1.355,0.45));
#4052 = VECTOR('',#4053,1.);
#4053 = DIRECTION('',(1.110223024625E-16,-1.,0.));
#4054 = ORIENTED_EDGE('',*,*,#4055,.F.);
#4055 = EDGE_CURVE('',#4056,#4048,#4058,.T.);
#4056 = VERTEX_POINT('',#4057);
#4057 = CARTESIAN_POINT('',(0.8,0.775,0.45));
#4058 = LINE('',#4059,#4060);
#4059 = CARTESIAN_POINT('',(0.8,1.355,0.45));
#4060 = VECTOR('',#4061,1.);
#4061 = DIRECTION('',(1.110223024625E-16,-1.,0.));
#4062 = ORIENTED_EDGE('',*,*,#4063,.F.);
#4063 = EDGE_CURVE('',#4064,#4056,#4066,.T.);
#4064 = VERTEX_POINT('',#4065);
#4065 = CARTESIAN_POINT('',(0.8,1.125,0.45));
#4066 = LINE('',#4067,#4068);
#4067 = CARTESIAN_POINT('',(0.8,1.355,0.45));
#4068 = VECTOR('',#4069,1.);
#4069 = DIRECTION('',(1.110223024625E-16,-1.,0.));
#4070 = ORIENTED_EDGE('',*,*,#4071,.F.);
#4071 = EDGE_CURVE('',#3871,#4064,#4072,.T.);
#4072 = LINE('',#4073,#4074);
#4073 = CARTESIAN_POINT('',(0.8,1.355,0.45));
#4074 = VECTOR('',#4075,1.);
#4075 = DIRECTION('',(1.110223024625E-16,-1.,0.));
#4076 = ORIENTED_EDGE('',*,*,#3870,.F.);
#4077 = B_SPLINE_SURFACE_WITH_KNOTS('',1,1,(
    (#4078,#4079)
    ,(#4080,#4081
    )),.UNSPECIFIED.,.F.,.F.,.F.,(2,2),(2,2),(0.,2.71),(0.,1.),
  .PIECEWISE_BEZIER_KNOTS.);
#4078 = CARTESIAN_POINT('',(0.750810707854,1.330405353927,0.1));
#4079 = CARTESIAN_POINT('',(0.8,1.355,0.45));
#4080 = CARTESIAN_POINT('',(0.750810707854,-1.330405353927,0.1));
#4081 = CARTESIAN_POINT('',(0.8,-1.355,0.45));
#4082 = ADVANCED_FACE('',(#4083),#4100,.F.);
#4083 = FACE_BOUND('',#4084,.F.);
#4084 = EDGE_LOOP('',(#4085,#4086,#4087,#4095));
#4085 = ORIENTED_EDGE('',*,*,#3839,.T.);
#4086 = ORIENTED_EDGE('',*,*,#4002,.T.);
#4087 = ORIENTED_EDGE('',*,*,#4088,.F.);
#4088 = EDGE_CURVE('',#4089,#3995,#4091,.T.);
#4089 = VERTEX_POINT('',#4090);
#4090 = CARTESIAN_POINT('',(-0.705,-1.45,0.45));
#4091 = LINE('',#4092,#4093);
#4092 = CARTESIAN_POINT('',(-0.705,-1.45,0.45));
#4093 = VECTOR('',#4094,1.);
#4094 = DIRECTION('',(-0.707106781187,0.707106781187,0.));
#4095 = ORIENTED_EDGE('',*,*,#4096,.F.);
#4096 = EDGE_CURVE('',#3832,#4089,#4097,.T.);
#4097 = B_SPLINE_CURVE_WITH_KNOTS('',1,(#4098,#4099),.UNSPECIFIED.,.F.,
  .F.,(2,2),(0.,1.),.PIECEWISE_BEZIER_KNOTS.);
#4098 = CARTESIAN_POINT('',(-0.680405353927,-1.400810707854,0.1));
#4099 = CARTESIAN_POINT('',(-0.705,-1.45,0.45));
#4100 = B_SPLINE_SURFACE_WITH_KNOTS('',1,1,(
    (#4101,#4102)
    ,(#4103,#4104
    )),.UNSPECIFIED.,.F.,.F.,.F.,(2,2),(2,2),(0.,0.134350288425),(0.,1.)
  ,.PIECEWISE_BEZIER_KNOTS.);
#4101 = CARTESIAN_POINT('',(-0.680405353927,-1.400810707854,0.1));
#4102 = CARTESIAN_POINT('',(-0.705,-1.45,0.45));
#4103 = CARTESIAN_POINT('',(-0.750810707854,-1.330405353927,0.1));
#4104 = CARTESIAN_POINT('',(-0.8,-1.355,0.45));
#4105 = ADVANCED_FACE('',(#4106),#4123,.F.);
#4106 = FACE_BOUND('',#4107,.F.);
#4107 = EDGE_LOOP('',(#4108,#4109,#4116,#4122));
#4108 = ORIENTED_EDGE('',*,*,#3823,.T.);
#4109 = ORIENTED_EDGE('',*,*,#4110,.T.);
#4110 = EDGE_CURVE('',#3824,#4111,#4113,.T.);
#4111 = VERTEX_POINT('',#4112);
#4112 = CARTESIAN_POINT('',(0.705,-1.45,0.45));
#4113 = B_SPLINE_CURVE_WITH_KNOTS('',1,(#4114,#4115),.UNSPECIFIED.,.F.,
  .F.,(2,2),(0.,1.),.PIECEWISE_BEZIER_KNOTS.);
#4114 = CARTESIAN_POINT('',(0.680405353927,-1.400810707854,0.1));
#4115 = CARTESIAN_POINT('',(0.705,-1.45,0.45));
#4116 = ORIENTED_EDGE('',*,*,#4117,.F.);
#4117 = EDGE_CURVE('',#4017,#4111,#4118,.T.);
#4118 = LINE('',#4119,#4120);
#4119 = CARTESIAN_POINT('',(0.8,-1.355,0.45));
#4120 = VECTOR('',#4121,1.);
#4121 = DIRECTION('',(-0.707106781187,-0.707106781187,0.));
#4122 = ORIENTED_EDGE('',*,*,#4016,.F.);
#4123 = B_SPLINE_SURFACE_WITH_KNOTS('',1,1,(
    (#4124,#4125)
    ,(#4126,#4127
    )),.UNSPECIFIED.,.F.,.F.,.F.,(2,2),(2,2),(0.,0.134350288425),(0.,1.)
  ,.PIECEWISE_BEZIER_KNOTS.);
#4124 = CARTESIAN_POINT('',(0.750810707854,-1.330405353927,0.1));
#4125 = CARTESIAN_POINT('',(0.8,-1.355,0.45));
#4126 = CARTESIAN_POINT('',(0.680405353927,-1.400810707854,0.1));
#4127 = CARTESIAN_POINT('',(0.705,-1.45,0.45));
#4128 = ADVANCED_FACE('',(#4129),#4140,.F.);
#4129 = FACE_BOUND('',#4130,.F.);
#4130 = EDGE_LOOP('',(#4131,#4132,#4133,#4139));
#4131 = ORIENTED_EDGE('',*,*,#3831,.T.);
#4132 = ORIENTED_EDGE('',*,*,#4096,.T.);
#4133 = ORIENTED_EDGE('',*,*,#4134,.F.);
#4134 = EDGE_CURVE('',#4111,#4089,#4135,.T.);
#4135 = LINE('',#4136,#4137);
#4136 = CARTESIAN_POINT('',(0.705,-1.45,0.45));
#4137 = VECTOR('',#4138,1.);
#4138 = DIRECTION('',(-1.,-1.110223024625E-16,0.));
#4139 = ORIENTED_EDGE('',*,*,#4110,.F.);
#4140 = B_SPLINE_SURFACE_WITH_KNOTS('',1,1,(
    (#4141,#4142)
    ,(#4143,#4144
    )),.UNSPECIFIED.,.F.,.F.,.F.,(2,2),(2,2),(0.,1.41),(0.,1.),
  .PIECEWISE_BEZIER_KNOTS.);
#4141 = CARTESIAN_POINT('',(0.680405353927,-1.400810707854,0.1));
#4142 = CARTESIAN_POINT('',(0.705,-1.45,0.45));
#4143 = CARTESIAN_POINT('',(-0.680405353927,-1.400810707854,0.1));
#4144 = CARTESIAN_POINT('',(-0.705,-1.45,0.45));
#4145 = ADVANCED_FACE('',(#4146),#4163,.F.);
#4146 = FACE_BOUND('',#4147,.F.);
#4147 = EDGE_LOOP('',(#4148,#4149,#4156,#4162));
#4148 = ORIENTED_EDGE('',*,*,#3877,.T.);
#4149 = ORIENTED_EDGE('',*,*,#4150,.T.);
#4150 = EDGE_CURVE('',#3871,#4151,#4153,.T.);
#4151 = VERTEX_POINT('',#4152);
#4152 = CARTESIAN_POINT('',(0.8,1.355,0.6));
#4153 = B_SPLINE_CURVE_WITH_KNOTS('',1,(#4154,#4155),.UNSPECIFIED.,.F.,
  .F.,(2,2),(0.,1.),.PIECEWISE_BEZIER_KNOTS.);
#4154 = CARTESIAN_POINT('',(0.8,1.355,0.45));
#4155 = CARTESIAN_POINT('',(0.8,1.355,0.6));
#4156 = ORIENTED_EDGE('',*,*,#4157,.F.);
#4157 = EDGE_CURVE('',#3894,#4151,#4158,.T.);
#4158 = LINE('',#4159,#4160);
#4159 = CARTESIAN_POINT('',(0.705,1.45,0.6));
#4160 = VECTOR('',#4161,1.);
#4161 = DIRECTION('',(0.707106781187,-0.707106781187,0.));
#4162 = ORIENTED_EDGE('',*,*,#3893,.F.);
#4163 = PLANE('',#4164);
#4164 = AXIS2_PLACEMENT_3D('',#4165,#4166,#4167);
#4165 = CARTESIAN_POINT('',(0.705,1.45,0.6));
#4166 = DIRECTION('',(-0.707106781187,-0.707106781187,0.));
#4167 = DIRECTION('',(0.707106781187,-0.707106781187,0.));
#4168 = ADVANCED_FACE('',(#4169),#4251,.F.);
#4169 = FACE_BOUND('',#4170,.F.);
#4170 = EDGE_LOOP('',(#4171,#4179,#4180,#4181,#4189,#4197,#4205,#4213,
    #4221,#4229,#4237,#4245));
#4171 = ORIENTED_EDGE('',*,*,#4172,.T.);
#4172 = EDGE_CURVE('',#4173,#3901,#4175,.T.);
#4173 = VERTEX_POINT('',#4174);
#4174 = CARTESIAN_POINT('',(-0.8,1.355,0.6));
#4175 = LINE('',#4176,#4177);
#4176 = CARTESIAN_POINT('',(-0.8,1.355,0.6));
#4177 = VECTOR('',#4178,1.);
#4178 = DIRECTION('',(0.707106781187,0.707106781187,0.));
#4179 = ORIENTED_EDGE('',*,*,#3900,.T.);
#4180 = ORIENTED_EDGE('',*,*,#4157,.T.);
#4181 = ORIENTED_EDGE('',*,*,#4182,.T.);
#4182 = EDGE_CURVE('',#4151,#4183,#4185,.T.);
#4183 = VERTEX_POINT('',#4184);
#4184 = CARTESIAN_POINT('',(0.8,1.125,0.6));
#4185 = LINE('',#4186,#4187);
#4186 = CARTESIAN_POINT('',(0.8,1.355,0.6));
#4187 = VECTOR('',#4188,1.);
#4188 = DIRECTION('',(1.110223024625E-16,-1.,0.));
#4189 = ORIENTED_EDGE('',*,*,#4190,.T.);
#4190 = EDGE_CURVE('',#4183,#4191,#4193,.T.);
#4191 = VERTEX_POINT('',#4192);
#4192 = CARTESIAN_POINT('',(0.775,1.125,0.6));
#4193 = LINE('',#4194,#4195);
#4194 = CARTESIAN_POINT('',(0.85,1.125,0.6));
#4195 = VECTOR('',#4196,1.);
#4196 = DIRECTION('',(-1.,-1.110223024625E-16,0.));
#4197 = ORIENTED_EDGE('',*,*,#4198,.F.);
#4198 = EDGE_CURVE('',#4199,#4191,#4201,.T.);
#4199 = VERTEX_POINT('',#4200);
#4200 = CARTESIAN_POINT('',(0.775,1.3425,0.6));
#4201 = LINE('',#4202,#4203);
#4202 = CARTESIAN_POINT('',(0.775,1.3425,0.6));
#4203 = VECTOR('',#4204,1.);
#4204 = DIRECTION('',(1.110223024625E-16,-1.,0.));
#4205 = ORIENTED_EDGE('',*,*,#4206,.F.);
#4206 = EDGE_CURVE('',#4207,#4199,#4209,.T.);
#4207 = VERTEX_POINT('',#4208);
#4208 = CARTESIAN_POINT('',(0.6925,1.425,0.6));
#4209 = LINE('',#4210,#4211);
#4210 = CARTESIAN_POINT('',(0.6925,1.425,0.6));
#4211 = VECTOR('',#4212,1.);
#4212 = DIRECTION('',(0.707106781187,-0.707106781187,0.));
#4213 = ORIENTED_EDGE('',*,*,#4214,.F.);
#4214 = EDGE_CURVE('',#4215,#4207,#4217,.T.);
#4215 = VERTEX_POINT('',#4216);
#4216 = CARTESIAN_POINT('',(-0.6925,1.425,0.6));
#4217 = LINE('',#4218,#4219);
#4218 = CARTESIAN_POINT('',(-0.6925,1.425,0.6));
#4219 = VECTOR('',#4220,1.);
#4220 = DIRECTION('',(1.,1.110223024625E-16,0.));
#4221 = ORIENTED_EDGE('',*,*,#4222,.F.);
#4222 = EDGE_CURVE('',#4223,#4215,#4225,.T.);
#4223 = VERTEX_POINT('',#4224);
#4224 = CARTESIAN_POINT('',(-0.775,1.3425,0.6));
#4225 = LINE('',#4226,#4227);
#4226 = CARTESIAN_POINT('',(-0.775,1.3425,0.6));
#4227 = VECTOR('',#4228,1.);
#4228 = DIRECTION('',(0.707106781187,0.707106781187,0.));
#4229 = ORIENTED_EDGE('',*,*,#4230,.F.);
#4230 = EDGE_CURVE('',#4231,#4223,#4233,.T.);
#4231 = VERTEX_POINT('',#4232);
#4232 = CARTESIAN_POINT('',(-0.775,1.125,0.6));
#4233 = LINE('',#4234,#4235);
#4234 = CARTESIAN_POINT('',(-0.775,-1.3425,0.6));
#4235 = VECTOR('',#4236,1.);
#4236 = DIRECTION('',(-1.110223024625E-16,1.,0.));
#4237 = ORIENTED_EDGE('',*,*,#4238,.F.);
#4238 = EDGE_CURVE('',#4239,#4231,#4241,.T.);
#4239 = VERTEX_POINT('',#4240);
#4240 = CARTESIAN_POINT('',(-0.8,1.125,0.6));
#4241 = LINE('',#4242,#4243);
#4242 = CARTESIAN_POINT('',(-0.85,1.125,0.6));
#4243 = VECTOR('',#4244,1.);
#4244 = DIRECTION('',(1.,-1.144237745222E-17,0.));
#4245 = ORIENTED_EDGE('',*,*,#4246,.T.);
#4246 = EDGE_CURVE('',#4239,#4173,#4247,.T.);
#4247 = LINE('',#4248,#4249);
#4248 = CARTESIAN_POINT('',(-0.8,-1.355,0.6));
#4249 = VECTOR('',#4250,1.);
#4250 = DIRECTION('',(-1.110223024625E-16,1.,0.));
#4251 = PLANE('',#4252);
#4252 = AXIS2_PLACEMENT_3D('',#4253,#4254,#4255);
#4253 = CARTESIAN_POINT('',(-2.091417030376E-16,1.4375,0.6));
#4254 = DIRECTION('',(2.888762391192E-17,8.634073551009E-28,-1.));
#4255 = DIRECTION('',(1.,1.51922136901E-16,2.888762391192E-17));
#4256 = ADVANCED_FACE('',(#4257),#4267,.F.);
#4257 = FACE_BOUND('',#4258,.F.);
#4258 = EDGE_LOOP('',(#4259,#4260,#4261,#4262));
#4259 = ORIENTED_EDGE('',*,*,#3923,.T.);
#4260 = ORIENTED_EDGE('',*,*,#3908,.T.);
#4261 = ORIENTED_EDGE('',*,*,#4172,.F.);
#4262 = ORIENTED_EDGE('',*,*,#4263,.F.);
#4263 = EDGE_CURVE('',#3924,#4173,#4264,.T.);
#4264 = B_SPLINE_CURVE_WITH_KNOTS('',1,(#4265,#4266),.UNSPECIFIED.,.F.,
  .F.,(2,2),(0.,1.),.PIECEWISE_BEZIER_KNOTS.);
#4265 = CARTESIAN_POINT('',(-0.8,1.355,0.45));
#4266 = CARTESIAN_POINT('',(-0.8,1.355,0.6));
#4267 = PLANE('',#4268);
#4268 = AXIS2_PLACEMENT_3D('',#4269,#4270,#4271);
#4269 = CARTESIAN_POINT('',(-0.8,1.355,0.6));
#4270 = DIRECTION('',(0.707106781187,-0.707106781187,0.));
#4271 = DIRECTION('',(0.707106781187,0.707106781187,0.));
#4272 = ADVANCED_FACE('',(#4273),#4297,.F.);
#4273 = FACE_BOUND('',#4274,.F.);
#4274 = EDGE_LOOP('',(#4275,#4282,#4283,#4291));
#4275 = ORIENTED_EDGE('',*,*,#4276,.F.);
#4276 = EDGE_CURVE('',#3995,#4277,#4279,.T.);
#4277 = VERTEX_POINT('',#4278);
#4278 = CARTESIAN_POINT('',(-0.8,-1.355,0.6));
#4279 = B_SPLINE_CURVE_WITH_KNOTS('',1,(#4280,#4281),.UNSPECIFIED.,.F.,
  .F.,(2,2),(0.,1.),.PIECEWISE_BEZIER_KNOTS.);
#4280 = CARTESIAN_POINT('',(-0.8,-1.355,0.45));
#4281 = CARTESIAN_POINT('',(-0.8,-1.355,0.6));
#4282 = ORIENTED_EDGE('',*,*,#3994,.T.);
#4283 = ORIENTED_EDGE('',*,*,#4284,.T.);
#4284 = EDGE_CURVE('',#3987,#4285,#4287,.T.);
#4285 = VERTEX_POINT('',#4286);
#4286 = CARTESIAN_POINT('',(-0.8,-1.125,0.6));
#4287 = LINE('',#4288,#4289);
#4288 = CARTESIAN_POINT('',(-0.8,-1.125,0.441412655976));
#4289 = VECTOR('',#4290,1.);
#4290 = DIRECTION('',(0.,0.,1.));
#4291 = ORIENTED_EDGE('',*,*,#4292,.F.);
#4292 = EDGE_CURVE('',#4277,#4285,#4293,.T.);
#4293 = LINE('',#4294,#4295);
#4294 = CARTESIAN_POINT('',(-0.8,-1.355,0.6));
#4295 = VECTOR('',#4296,1.);
#4296 = DIRECTION('',(-1.110223024625E-16,1.,0.));
#4297 = PLANE('',#4298);
#4298 = AXIS2_PLACEMENT_3D('',#4299,#4300,#4301);
#4299 = CARTESIAN_POINT('',(-0.8,-1.355,0.6));
#4300 = DIRECTION('',(1.,1.110223024625E-16,0.));
#4301 = DIRECTION('',(-1.110223024625E-16,1.,0.));
#4302 = ADVANCED_FACE('',(#4303),#4328,.F.);
#4303 = FACE_BOUND('',#4304,.F.);
#4304 = EDGE_LOOP('',(#4305,#4313,#4314,#4322));
#4305 = ORIENTED_EDGE('',*,*,#4306,.F.);
#4306 = EDGE_CURVE('',#3987,#4307,#4309,.T.);
#4307 = VERTEX_POINT('',#4308);
#4308 = CARTESIAN_POINT('',(-0.85,-1.125,0.45));
#4309 = LINE('',#4310,#4311);
#4310 = CARTESIAN_POINT('',(-0.75,-1.125,0.45));
#4311 = VECTOR('',#4312,1.);
#4312 = DIRECTION('',(-1.,1.144237745222E-17,0.));
#4313 = ORIENTED_EDGE('',*,*,#3986,.T.);
#4314 = ORIENTED_EDGE('',*,*,#4315,.T.);
#4315 = EDGE_CURVE('',#3979,#4316,#4318,.T.);
#4316 = VERTEX_POINT('',#4317);
#4317 = CARTESIAN_POINT('',(-0.85,-0.775,0.45));
#4318 = LINE('',#4319,#4320);
#4319 = CARTESIAN_POINT('',(-0.75,-0.775,0.45));
#4320 = VECTOR('',#4321,1.);
#4321 = DIRECTION('',(-1.,1.144237745222E-17,0.));
#4322 = ORIENTED_EDGE('',*,*,#4323,.F.);
#4323 = EDGE_CURVE('',#4307,#4316,#4324,.T.);
#4324 = LINE('',#4325,#4326);
#4325 = CARTESIAN_POINT('',(-0.85,-1.125,0.45));
#4326 = VECTOR('',#4327,1.);
#4327 = DIRECTION('',(1.144237745222E-17,1.,0.));
#4328 = PLANE('',#4329);
#4329 = AXIS2_PLACEMENT_3D('',#4330,#4331,#4332);
#4330 = CARTESIAN_POINT('',(-0.75,-1.125,0.45));
#4331 = DIRECTION('',(0.,0.,1.));
#4332 = DIRECTION('',(-1.,1.144237745222E-17,0.));
#4333 = ADVANCED_FACE('',(#4334),#4359,.F.);
#4334 = FACE_BOUND('',#4335,.F.);
#4335 = EDGE_LOOP('',(#4336,#4344,#4345,#4353));
#4336 = ORIENTED_EDGE('',*,*,#4337,.F.);
#4337 = EDGE_CURVE('',#3979,#4338,#4340,.T.);
#4338 = VERTEX_POINT('',#4339);
#4339 = CARTESIAN_POINT('',(-0.8,-0.775,0.6));
#4340 = LINE('',#4341,#4342);
#4341 = CARTESIAN_POINT('',(-0.8,-0.775,0.441412655976));
#4342 = VECTOR('',#4343,1.);
#4343 = DIRECTION('',(0.,0.,1.));
#4344 = ORIENTED_EDGE('',*,*,#3978,.T.);
#4345 = ORIENTED_EDGE('',*,*,#4346,.T.);
#4346 = EDGE_CURVE('',#3971,#4347,#4349,.T.);
#4347 = VERTEX_POINT('',#4348);
#4348 = CARTESIAN_POINT('',(-0.8,-0.175,0.6));
#4349 = LINE('',#4350,#4351);
#4350 = CARTESIAN_POINT('',(-0.8,-0.175,0.441412655976));
#4351 = VECTOR('',#4352,1.);
#4352 = DIRECTION('',(0.,0.,1.));
#4353 = ORIENTED_EDGE('',*,*,#4354,.F.);
#4354 = EDGE_CURVE('',#4338,#4347,#4355,.T.);
#4355 = LINE('',#4356,#4357);
#4356 = CARTESIAN_POINT('',(-0.8,-1.355,0.6));
#4357 = VECTOR('',#4358,1.);
#4358 = DIRECTION('',(-1.110223024625E-16,1.,0.));
#4359 = PLANE('',#4360);
#4360 = AXIS2_PLACEMENT_3D('',#4361,#4362,#4363);
#4361 = CARTESIAN_POINT('',(-0.8,-1.355,0.6));
#4362 = DIRECTION('',(1.,1.110223024625E-16,0.));
#4363 = DIRECTION('',(-1.110223024625E-16,1.,0.));
#4364 = ADVANCED_FACE('',(#4365),#4390,.F.);
#4365 = FACE_BOUND('',#4366,.F.);
#4366 = EDGE_LOOP('',(#4367,#4375,#4376,#4384));
#4367 = ORIENTED_EDGE('',*,*,#4368,.F.);
#4368 = EDGE_CURVE('',#3971,#4369,#4371,.T.);
#4369 = VERTEX_POINT('',#4370);
#4370 = CARTESIAN_POINT('',(-0.85,-0.175,0.45));
#4371 = LINE('',#4372,#4373);
#4372 = CARTESIAN_POINT('',(-0.75,-0.175,0.45));
#4373 = VECTOR('',#4374,1.);
#4374 = DIRECTION('',(-1.,1.144237745222E-17,0.));
#4375 = ORIENTED_EDGE('',*,*,#3970,.T.);
#4376 = ORIENTED_EDGE('',*,*,#4377,.T.);
#4377 = EDGE_CURVE('',#3963,#4378,#4380,.T.);
#4378 = VERTEX_POINT('',#4379);
#4379 = CARTESIAN_POINT('',(-0.85,0.175,0.45));
#4380 = LINE('',#4381,#4382);
#4381 = CARTESIAN_POINT('',(-0.75,0.175,0.45));
#4382 = VECTOR('',#4383,1.);
#4383 = DIRECTION('',(-1.,1.144237745222E-17,0.));
#4384 = ORIENTED_EDGE('',*,*,#4385,.F.);
#4385 = EDGE_CURVE('',#4369,#4378,#4386,.T.);
#4386 = LINE('',#4387,#4388);
#4387 = CARTESIAN_POINT('',(-0.85,-0.175,0.45));
#4388 = VECTOR('',#4389,1.);
#4389 = DIRECTION('',(1.144237745222E-17,1.,0.));
#4390 = PLANE('',#4391);
#4391 = AXIS2_PLACEMENT_3D('',#4392,#4393,#4394);
#4392 = CARTESIAN_POINT('',(-0.75,-0.175,0.45));
#4393 = DIRECTION('',(0.,0.,1.));
#4394 = DIRECTION('',(-1.,1.144237745222E-17,0.));
#4395 = ADVANCED_FACE('',(#4396),#4421,.F.);
#4396 = FACE_BOUND('',#4397,.F.);
#4397 = EDGE_LOOP('',(#4398,#4406,#4407,#4415));
#4398 = ORIENTED_EDGE('',*,*,#4399,.F.);
#4399 = EDGE_CURVE('',#3963,#4400,#4402,.T.);
#4400 = VERTEX_POINT('',#4401);
#4401 = CARTESIAN_POINT('',(-0.8,0.175,0.6));
#4402 = LINE('',#4403,#4404);
#4403 = CARTESIAN_POINT('',(-0.8,0.175,0.441412655976));
#4404 = VECTOR('',#4405,1.);
#4405 = DIRECTION('',(0.,0.,1.));
#4406 = ORIENTED_EDGE('',*,*,#3962,.T.);
#4407 = ORIENTED_EDGE('',*,*,#4408,.T.);
#4408 = EDGE_CURVE('',#3955,#4409,#4411,.T.);
#4409 = VERTEX_POINT('',#4410);
#4410 = CARTESIAN_POINT('',(-0.8,0.775,0.6));
#4411 = LINE('',#4412,#4413);
#4412 = CARTESIAN_POINT('',(-0.8,0.775,0.441412655976));
#4413 = VECTOR('',#4414,1.);
#4414 = DIRECTION('',(0.,0.,1.));
#4415 = ORIENTED_EDGE('',*,*,#4416,.F.);
#4416 = EDGE_CURVE('',#4400,#4409,#4417,.T.);
#4417 = LINE('',#4418,#4419);
#4418 = CARTESIAN_POINT('',(-0.8,-1.355,0.6));
#4419 = VECTOR('',#4420,1.);
#4420 = DIRECTION('',(-1.110223024625E-16,1.,0.));
#4421 = PLANE('',#4422);
#4422 = AXIS2_PLACEMENT_3D('',#4423,#4424,#4425);
#4423 = CARTESIAN_POINT('',(-0.8,-1.355,0.6));
#4424 = DIRECTION('',(1.,1.110223024625E-16,0.));
#4425 = DIRECTION('',(-1.110223024625E-16,1.,0.));
#4426 = ADVANCED_FACE('',(#4427),#4452,.F.);
#4427 = FACE_BOUND('',#4428,.F.);
#4428 = EDGE_LOOP('',(#4429,#4437,#4438,#4446));
#4429 = ORIENTED_EDGE('',*,*,#4430,.F.);
#4430 = EDGE_CURVE('',#3955,#4431,#4433,.T.);
#4431 = VERTEX_POINT('',#4432);
#4432 = CARTESIAN_POINT('',(-0.85,0.775,0.45));
#4433 = LINE('',#4434,#4435);
#4434 = CARTESIAN_POINT('',(-0.75,0.775,0.45));
#4435 = VECTOR('',#4436,1.);
#4436 = DIRECTION('',(-1.,1.144237745222E-17,0.));
#4437 = ORIENTED_EDGE('',*,*,#3954,.T.);
#4438 = ORIENTED_EDGE('',*,*,#4439,.T.);
#4439 = EDGE_CURVE('',#3947,#4440,#4442,.T.);
#4440 = VERTEX_POINT('',#4441);
#4441 = CARTESIAN_POINT('',(-0.85,1.125,0.45));
#4442 = LINE('',#4443,#4444);
#4443 = CARTESIAN_POINT('',(-0.75,1.125,0.45));
#4444 = VECTOR('',#4445,1.);
#4445 = DIRECTION('',(-1.,1.144237745222E-17,0.));
#4446 = ORIENTED_EDGE('',*,*,#4447,.F.);
#4447 = EDGE_CURVE('',#4431,#4440,#4448,.T.);
#4448 = LINE('',#4449,#4450);
#4449 = CARTESIAN_POINT('',(-0.85,0.775,0.45));
#4450 = VECTOR('',#4451,1.);
#4451 = DIRECTION('',(1.144237745222E-17,1.,0.));
#4452 = PLANE('',#4453);
#4453 = AXIS2_PLACEMENT_3D('',#4454,#4455,#4456);
#4454 = CARTESIAN_POINT('',(-0.75,0.775,0.45));
#4455 = DIRECTION('',(0.,0.,1.));
#4456 = DIRECTION('',(-1.,1.144237745222E-17,0.));
#4457 = ADVANCED_FACE('',(#4458),#4469,.F.);
#4458 = FACE_BOUND('',#4459,.F.);
#4459 = EDGE_LOOP('',(#4460,#4466,#4467,#4468));
#4460 = ORIENTED_EDGE('',*,*,#4461,.F.);
#4461 = EDGE_CURVE('',#3947,#4239,#4462,.T.);
#4462 = LINE('',#4463,#4464);
#4463 = CARTESIAN_POINT('',(-0.8,1.125,0.441412655976));
#4464 = VECTOR('',#4465,1.);
#4465 = DIRECTION('',(0.,0.,1.));
#4466 = ORIENTED_EDGE('',*,*,#3946,.T.);
#4467 = ORIENTED_EDGE('',*,*,#4263,.T.);
#4468 = ORIENTED_EDGE('',*,*,#4246,.F.);
#4469 = PLANE('',#4470);
#4470 = AXIS2_PLACEMENT_3D('',#4471,#4472,#4473);
#4471 = CARTESIAN_POINT('',(-0.8,-1.355,0.6));
#4472 = DIRECTION('',(1.,1.110223024625E-16,0.));
#4473 = DIRECTION('',(-1.110223024625E-16,1.,0.));
#4474 = ADVANCED_FACE('',(#4475),#4486,.F.);
#4475 = FACE_BOUND('',#4476,.F.);
#4476 = EDGE_LOOP('',(#4477,#4478,#4479,#4485));
#4477 = ORIENTED_EDGE('',*,*,#4150,.F.);
#4478 = ORIENTED_EDGE('',*,*,#4071,.T.);
#4479 = ORIENTED_EDGE('',*,*,#4480,.T.);
#4480 = EDGE_CURVE('',#4064,#4183,#4481,.T.);
#4481 = LINE('',#4482,#4483);
#4482 = CARTESIAN_POINT('',(0.8,1.125,0.441412655976));
#4483 = VECTOR('',#4484,1.);
#4484 = DIRECTION('',(0.,0.,1.));
#4485 = ORIENTED_EDGE('',*,*,#4182,.F.);
#4486 = PLANE('',#4487);
#4487 = AXIS2_PLACEMENT_3D('',#4488,#4489,#4490);
#4488 = CARTESIAN_POINT('',(0.8,1.355,0.6));
#4489 = DIRECTION('',(-1.,-1.110223024625E-16,0.));
#4490 = DIRECTION('',(1.110223024625E-16,-1.,0.));
#4491 = ADVANCED_FACE('',(#4492),#4517,.F.);
#4492 = FACE_BOUND('',#4493,.F.);
#4493 = EDGE_LOOP('',(#4494,#4502,#4503,#4511));
#4494 = ORIENTED_EDGE('',*,*,#4495,.F.);
#4495 = EDGE_CURVE('',#4064,#4496,#4498,.T.);
#4496 = VERTEX_POINT('',#4497);
#4497 = CARTESIAN_POINT('',(0.85,1.125,0.45));
#4498 = LINE('',#4499,#4500);
#4499 = CARTESIAN_POINT('',(0.75,1.125,0.45));
#4500 = VECTOR('',#4501,1.);
#4501 = DIRECTION('',(1.,1.110223024625E-16,0.));
#4502 = ORIENTED_EDGE('',*,*,#4063,.T.);
#4503 = ORIENTED_EDGE('',*,*,#4504,.T.);
#4504 = EDGE_CURVE('',#4056,#4505,#4507,.T.);
#4505 = VERTEX_POINT('',#4506);
#4506 = CARTESIAN_POINT('',(0.85,0.775,0.45));
#4507 = LINE('',#4508,#4509);
#4508 = CARTESIAN_POINT('',(0.75,0.775,0.45));
#4509 = VECTOR('',#4510,1.);
#4510 = DIRECTION('',(1.,1.110223024625E-16,0.));
#4511 = ORIENTED_EDGE('',*,*,#4512,.F.);
#4512 = EDGE_CURVE('',#4496,#4505,#4513,.T.);
#4513 = LINE('',#4514,#4515);
#4514 = CARTESIAN_POINT('',(0.85,1.125,0.45));
#4515 = VECTOR('',#4516,1.);
#4516 = DIRECTION('',(1.110223024625E-16,-1.,0.));
#4517 = PLANE('',#4518);
#4518 = AXIS2_PLACEMENT_3D('',#4519,#4520,#4521);
#4519 = CARTESIAN_POINT('',(0.75,1.125,0.45));
#4520 = DIRECTION('',(0.,0.,1.));
#4521 = DIRECTION('',(1.,1.110223024625E-16,-0.));
#4522 = ADVANCED_FACE('',(#4523),#4548,.F.);
#4523 = FACE_BOUND('',#4524,.F.);
#4524 = EDGE_LOOP('',(#4525,#4533,#4534,#4542));
#4525 = ORIENTED_EDGE('',*,*,#4526,.F.);
#4526 = EDGE_CURVE('',#4056,#4527,#4529,.T.);
#4527 = VERTEX_POINT('',#4528);
#4528 = CARTESIAN_POINT('',(0.8,0.775,0.6));
#4529 = LINE('',#4530,#4531);
#4530 = CARTESIAN_POINT('',(0.8,0.775,0.441412655976));
#4531 = VECTOR('',#4532,1.);
#4532 = DIRECTION('',(0.,0.,1.));
#4533 = ORIENTED_EDGE('',*,*,#4055,.T.);
#4534 = ORIENTED_EDGE('',*,*,#4535,.T.);
#4535 = EDGE_CURVE('',#4048,#4536,#4538,.T.);
#4536 = VERTEX_POINT('',#4537);
#4537 = CARTESIAN_POINT('',(0.8,0.175,0.6));
#4538 = LINE('',#4539,#4540);
#4539 = CARTESIAN_POINT('',(0.8,0.175,0.441412655976));
#4540 = VECTOR('',#4541,1.);
#4541 = DIRECTION('',(0.,0.,1.));
#4542 = ORIENTED_EDGE('',*,*,#4543,.F.);
#4543 = EDGE_CURVE('',#4527,#4536,#4544,.T.);
#4544 = LINE('',#4545,#4546);
#4545 = CARTESIAN_POINT('',(0.8,1.355,0.6));
#4546 = VECTOR('',#4547,1.);
#4547 = DIRECTION('',(1.110223024625E-16,-1.,0.));
#4548 = PLANE('',#4549);
#4549 = AXIS2_PLACEMENT_3D('',#4550,#4551,#4552);
#4550 = CARTESIAN_POINT('',(0.8,1.355,0.6));
#4551 = DIRECTION('',(-1.,-1.110223024625E-16,0.));
#4552 = DIRECTION('',(1.110223024625E-16,-1.,0.));
#4553 = ADVANCED_FACE('',(#4554),#4579,.F.);
#4554 = FACE_BOUND('',#4555,.F.);
#4555 = EDGE_LOOP('',(#4556,#4564,#4565,#4573));
#4556 = ORIENTED_EDGE('',*,*,#4557,.F.);
#4557 = EDGE_CURVE('',#4048,#4558,#4560,.T.);
#4558 = VERTEX_POINT('',#4559);
#4559 = CARTESIAN_POINT('',(0.85,0.175,0.45));
#4560 = LINE('',#4561,#4562);
#4561 = CARTESIAN_POINT('',(0.75,0.175,0.45));
#4562 = VECTOR('',#4563,1.);
#4563 = DIRECTION('',(1.,1.110223024625E-16,0.));
#4564 = ORIENTED_EDGE('',*,*,#4047,.T.);
#4565 = ORIENTED_EDGE('',*,*,#4566,.T.);
#4566 = EDGE_CURVE('',#4040,#4567,#4569,.T.);
#4567 = VERTEX_POINT('',#4568);
#4568 = CARTESIAN_POINT('',(0.85,-0.175,0.45));
#4569 = LINE('',#4570,#4571);
#4570 = CARTESIAN_POINT('',(0.75,-0.175,0.45));
#4571 = VECTOR('',#4572,1.);
#4572 = DIRECTION('',(1.,1.110223024625E-16,0.));
#4573 = ORIENTED_EDGE('',*,*,#4574,.F.);
#4574 = EDGE_CURVE('',#4558,#4567,#4575,.T.);
#4575 = LINE('',#4576,#4577);
#4576 = CARTESIAN_POINT('',(0.85,0.175,0.45));
#4577 = VECTOR('',#4578,1.);
#4578 = DIRECTION('',(1.110223024625E-16,-1.,0.));
#4579 = PLANE('',#4580);
#4580 = AXIS2_PLACEMENT_3D('',#4581,#4582,#4583);
#4581 = CARTESIAN_POINT('',(0.75,0.175,0.45));
#4582 = DIRECTION('',(0.,0.,1.));
#4583 = DIRECTION('',(1.,1.110223024625E-16,-0.));
#4584 = ADVANCED_FACE('',(#4585),#4610,.F.);
#4585 = FACE_BOUND('',#4586,.F.);
#4586 = EDGE_LOOP('',(#4587,#4595,#4596,#4604));
#4587 = ORIENTED_EDGE('',*,*,#4588,.F.);
#4588 = EDGE_CURVE('',#4040,#4589,#4591,.T.);
#4589 = VERTEX_POINT('',#4590);
#4590 = CARTESIAN_POINT('',(0.8,-0.175,0.6));
#4591 = LINE('',#4592,#4593);
#4592 = CARTESIAN_POINT('',(0.8,-0.175,0.441412655976));
#4593 = VECTOR('',#4594,1.);
#4594 = DIRECTION('',(0.,0.,1.));
#4595 = ORIENTED_EDGE('',*,*,#4039,.T.);
#4596 = ORIENTED_EDGE('',*,*,#4597,.T.);
#4597 = EDGE_CURVE('',#4032,#4598,#4600,.T.);
#4598 = VERTEX_POINT('',#4599);
#4599 = CARTESIAN_POINT('',(0.8,-0.775,0.6));
#4600 = LINE('',#4601,#4602);
#4601 = CARTESIAN_POINT('',(0.8,-0.775,0.441412655976));
#4602 = VECTOR('',#4603,1.);
#4603 = DIRECTION('',(0.,0.,1.));
#4604 = ORIENTED_EDGE('',*,*,#4605,.F.);
#4605 = EDGE_CURVE('',#4589,#4598,#4606,.T.);
#4606 = LINE('',#4607,#4608);
#4607 = CARTESIAN_POINT('',(0.8,1.355,0.6));
#4608 = VECTOR('',#4609,1.);
#4609 = DIRECTION('',(1.110223024625E-16,-1.,0.));
#4610 = PLANE('',#4611);
#4611 = AXIS2_PLACEMENT_3D('',#4612,#4613,#4614);
#4612 = CARTESIAN_POINT('',(0.8,1.355,0.6));
#4613 = DIRECTION('',(-1.,-1.110223024625E-16,0.));
#4614 = DIRECTION('',(1.110223024625E-16,-1.,0.));
#4615 = ADVANCED_FACE('',(#4616),#4641,.F.);
#4616 = FACE_BOUND('',#4617,.F.);
#4617 = EDGE_LOOP('',(#4618,#4626,#4627,#4635));
#4618 = ORIENTED_EDGE('',*,*,#4619,.F.);
#4619 = EDGE_CURVE('',#4032,#4620,#4622,.T.);
#4620 = VERTEX_POINT('',#4621);
#4621 = CARTESIAN_POINT('',(0.85,-0.775,0.45));
#4622 = LINE('',#4623,#4624);
#4623 = CARTESIAN_POINT('',(0.75,-0.775,0.45));
#4624 = VECTOR('',#4625,1.);
#4625 = DIRECTION('',(1.,1.110223024625E-16,0.));
#4626 = ORIENTED_EDGE('',*,*,#4031,.T.);
#4627 = ORIENTED_EDGE('',*,*,#4628,.T.);
#4628 = EDGE_CURVE('',#4024,#4629,#4631,.T.);
#4629 = VERTEX_POINT('',#4630);
#4630 = CARTESIAN_POINT('',(0.85,-1.125,0.45));
#4631 = LINE('',#4632,#4633);
#4632 = CARTESIAN_POINT('',(0.75,-1.125,0.45));
#4633 = VECTOR('',#4634,1.);
#4634 = DIRECTION('',(1.,1.110223024625E-16,0.));
#4635 = ORIENTED_EDGE('',*,*,#4636,.F.);
#4636 = EDGE_CURVE('',#4620,#4629,#4637,.T.);
#4637 = LINE('',#4638,#4639);
#4638 = CARTESIAN_POINT('',(0.85,-0.775,0.45));
#4639 = VECTOR('',#4640,1.);
#4640 = DIRECTION('',(1.110223024625E-16,-1.,0.));
#4641 = PLANE('',#4642);
#4642 = AXIS2_PLACEMENT_3D('',#4643,#4644,#4645);
#4643 = CARTESIAN_POINT('',(0.75,-0.775,0.45));
#4644 = DIRECTION('',(0.,0.,1.));
#4645 = DIRECTION('',(1.,1.110223024625E-16,-0.));
#4646 = ADVANCED_FACE('',(#4647),#4671,.F.);
#4647 = FACE_BOUND('',#4648,.F.);
#4648 = EDGE_LOOP('',(#4649,#4657,#4658,#4665));
#4649 = ORIENTED_EDGE('',*,*,#4650,.F.);
#4650 = EDGE_CURVE('',#4024,#4651,#4653,.T.);
#4651 = VERTEX_POINT('',#4652);
#4652 = CARTESIAN_POINT('',(0.8,-1.125,0.6));
#4653 = LINE('',#4654,#4655);
#4654 = CARTESIAN_POINT('',(0.8,-1.125,0.441412655976));
#4655 = VECTOR('',#4656,1.);
#4656 = DIRECTION('',(0.,0.,1.));
#4657 = ORIENTED_EDGE('',*,*,#4023,.T.);
#4658 = ORIENTED_EDGE('',*,*,#4659,.T.);
#4659 = EDGE_CURVE('',#4017,#4660,#4662,.T.);
#4660 = VERTEX_POINT('',#4661);
#4661 = CARTESIAN_POINT('',(0.8,-1.355,0.6));
#4662 = B_SPLINE_CURVE_WITH_KNOTS('',1,(#4663,#4664),.UNSPECIFIED.,.F.,
  .F.,(2,2),(0.,1.),.PIECEWISE_BEZIER_KNOTS.);
#4663 = CARTESIAN_POINT('',(0.8,-1.355,0.45));
#4664 = CARTESIAN_POINT('',(0.8,-1.355,0.6));
#4665 = ORIENTED_EDGE('',*,*,#4666,.F.);
#4666 = EDGE_CURVE('',#4651,#4660,#4667,.T.);
#4667 = LINE('',#4668,#4669);
#4668 = CARTESIAN_POINT('',(0.8,1.355,0.6));
#4669 = VECTOR('',#4670,1.);
#4670 = DIRECTION('',(1.110223024625E-16,-1.,0.));
#4671 = PLANE('',#4672);
#4672 = AXIS2_PLACEMENT_3D('',#4673,#4674,#4675);
#4673 = CARTESIAN_POINT('',(0.8,1.355,0.6));
#4674 = DIRECTION('',(-1.,-1.110223024625E-16,0.));
#4675 = DIRECTION('',(1.110223024625E-16,-1.,0.));
#4676 = ADVANCED_FACE('',(#4677),#4694,.F.);
#4677 = FACE_BOUND('',#4678,.F.);
#4678 = EDGE_LOOP('',(#4679,#4680,#4681,#4689));
#4679 = ORIENTED_EDGE('',*,*,#4088,.T.);
#4680 = ORIENTED_EDGE('',*,*,#4276,.T.);
#4681 = ORIENTED_EDGE('',*,*,#4682,.F.);
#4682 = EDGE_CURVE('',#4683,#4277,#4685,.T.);
#4683 = VERTEX_POINT('',#4684);
#4684 = CARTESIAN_POINT('',(-0.705,-1.45,0.6));
#4685 = LINE('',#4686,#4687);
#4686 = CARTESIAN_POINT('',(-0.705,-1.45,0.6));
#4687 = VECTOR('',#4688,1.);
#4688 = DIRECTION('',(-0.707106781187,0.707106781187,0.));
#4689 = ORIENTED_EDGE('',*,*,#4690,.F.);
#4690 = EDGE_CURVE('',#4089,#4683,#4691,.T.);
#4691 = B_SPLINE_CURVE_WITH_KNOTS('',1,(#4692,#4693),.UNSPECIFIED.,.F.,
  .F.,(2,2),(0.,1.),.PIECEWISE_BEZIER_KNOTS.);
#4692 = CARTESIAN_POINT('',(-0.705,-1.45,0.45));
#4693 = CARTESIAN_POINT('',(-0.705,-1.45,0.6));
#4694 = PLANE('',#4695);
#4695 = AXIS2_PLACEMENT_3D('',#4696,#4697,#4698);
#4696 = CARTESIAN_POINT('',(-0.705,-1.45,0.6));
#4697 = DIRECTION('',(0.707106781187,0.707106781187,0.));
#4698 = DIRECTION('',(-0.707106781187,0.707106781187,0.));
#4699 = ADVANCED_FACE('',(#4700),#4717,.F.);
#4700 = FACE_BOUND('',#4701,.F.);
#4701 = EDGE_LOOP('',(#4702,#4703,#4710,#4716));
#4702 = ORIENTED_EDGE('',*,*,#4117,.T.);
#4703 = ORIENTED_EDGE('',*,*,#4704,.T.);
#4704 = EDGE_CURVE('',#4111,#4705,#4707,.T.);
#4705 = VERTEX_POINT('',#4706);
#4706 = CARTESIAN_POINT('',(0.705,-1.45,0.6));
#4707 = B_SPLINE_CURVE_WITH_KNOTS('',1,(#4708,#4709),.UNSPECIFIED.,.F.,
  .F.,(2,2),(0.,1.),.PIECEWISE_BEZIER_KNOTS.);
#4708 = CARTESIAN_POINT('',(0.705,-1.45,0.45));
#4709 = CARTESIAN_POINT('',(0.705,-1.45,0.6));
#4710 = ORIENTED_EDGE('',*,*,#4711,.F.);
#4711 = EDGE_CURVE('',#4660,#4705,#4712,.T.);
#4712 = LINE('',#4713,#4714);
#4713 = CARTESIAN_POINT('',(0.8,-1.355,0.6));
#4714 = VECTOR('',#4715,1.);
#4715 = DIRECTION('',(-0.707106781187,-0.707106781187,0.));
#4716 = ORIENTED_EDGE('',*,*,#4659,.F.);
#4717 = PLANE('',#4718);
#4718 = AXIS2_PLACEMENT_3D('',#4719,#4720,#4721);
#4719 = CARTESIAN_POINT('',(0.8,-1.355,0.6));
#4720 = DIRECTION('',(-0.707106781187,0.707106781187,0.));
#4721 = DIRECTION('',(-0.707106781187,-0.707106781187,0.));
#4722 = ADVANCED_FACE('',(#4723),#4734,.F.);
#4723 = FACE_BOUND('',#4724,.F.);
#4724 = EDGE_LOOP('',(#4725,#4726,#4727,#4733));
#4725 = ORIENTED_EDGE('',*,*,#4134,.T.);
#4726 = ORIENTED_EDGE('',*,*,#4690,.T.);
#4727 = ORIENTED_EDGE('',*,*,#4728,.F.);
#4728 = EDGE_CURVE('',#4705,#4683,#4729,.T.);
#4729 = LINE('',#4730,#4731);
#4730 = CARTESIAN_POINT('',(0.705,-1.45,0.6));
#4731 = VECTOR('',#4732,1.);
#4732 = DIRECTION('',(-1.,-1.110223024625E-16,0.));
#4733 = ORIENTED_EDGE('',*,*,#4704,.F.);
#4734 = PLANE('',#4735);
#4735 = AXIS2_PLACEMENT_3D('',#4736,#4737,#4738);
#4736 = CARTESIAN_POINT('',(0.705,-1.45,0.6));
#4737 = DIRECTION('',(-1.110223024625E-16,1.,0.));
#4738 = DIRECTION('',(-1.,-1.110223024625E-16,0.));
#4739 = ADVANCED_FACE('',(#4740),#4779,.F.);
#4740 = FACE_BOUND('',#4741,.F.);
#4741 = EDGE_LOOP('',(#4742,#4750,#4758,#4764,#4765,#4773));
#4742 = ORIENTED_EDGE('',*,*,#4743,.F.);
#4743 = EDGE_CURVE('',#4744,#4409,#4746,.T.);
#4744 = VERTEX_POINT('',#4745);
#4745 = CARTESIAN_POINT('',(-0.85,0.775,0.6));
#4746 = LINE('',#4747,#4748);
#4747 = CARTESIAN_POINT('',(-0.85,0.775,0.6));
#4748 = VECTOR('',#4749,1.);
#4749 = DIRECTION('',(1.,-1.144237745222E-17,0.));
#4750 = ORIENTED_EDGE('',*,*,#4751,.T.);
#4751 = EDGE_CURVE('',#4744,#4752,#4754,.T.);
#4752 = VERTEX_POINT('',#4753);
#4753 = CARTESIAN_POINT('',(-0.85,1.125,0.6));
#4754 = LINE('',#4755,#4756);
#4755 = CARTESIAN_POINT('',(-0.85,0.775,0.6));
#4756 = VECTOR('',#4757,1.);
#4757 = DIRECTION('',(1.144237745222E-17,1.,0.));
#4758 = ORIENTED_EDGE('',*,*,#4759,.T.);
#4759 = EDGE_CURVE('',#4752,#4239,#4760,.T.);
#4760 = LINE('',#4761,#4762);
#4761 = CARTESIAN_POINT('',(-0.85,1.125,0.6));
#4762 = VECTOR('',#4763,1.);
#4763 = DIRECTION('',(1.,-1.144237745222E-17,0.));
#4764 = ORIENTED_EDGE('',*,*,#4238,.T.);
#4765 = ORIENTED_EDGE('',*,*,#4766,.F.);
#4766 = EDGE_CURVE('',#4767,#4231,#4769,.T.);
#4767 = VERTEX_POINT('',#4768);
#4768 = CARTESIAN_POINT('',(-0.775,0.775,0.6));
#4769 = LINE('',#4770,#4771);
#4770 = CARTESIAN_POINT('',(-0.775,-1.3425,0.6));
#4771 = VECTOR('',#4772,1.);
#4772 = DIRECTION('',(-1.110223024625E-16,1.,0.));
#4773 = ORIENTED_EDGE('',*,*,#4774,.F.);
#4774 = EDGE_CURVE('',#4409,#4767,#4775,.T.);
#4775 = LINE('',#4776,#4777);
#4776 = CARTESIAN_POINT('',(-0.85,0.775,0.6));
#4777 = VECTOR('',#4778,1.);
#4778 = DIRECTION('',(1.,-1.144237745222E-17,0.));
#4779 = PLANE('',#4780);
#4780 = AXIS2_PLACEMENT_3D('',#4781,#4782,#4783);
#4781 = CARTESIAN_POINT('',(-0.85,0.775,0.6));
#4782 = DIRECTION('',(0.,0.,-1.));
#4783 = DIRECTION('',(1.,-1.144237745222E-17,0.));
#4784 = ADVANCED_FACE('',(#4785),#4849,.F.);
#4785 = FACE_BOUND('',#4786,.F.);
#4786 = EDGE_LOOP('',(#4787,#4797,#4805,#4813,#4821,#4827,#4828,#4829,
    #4836,#4844));
#4787 = ORIENTED_EDGE('',*,*,#4788,.T.);
#4788 = EDGE_CURVE('',#4789,#4791,#4793,.T.);
#4789 = VERTEX_POINT('',#4790);
#4790 = CARTESIAN_POINT('',(-0.775,-1.3425,0.6));
#4791 = VERTEX_POINT('',#4792);
#4792 = CARTESIAN_POINT('',(-0.775,-1.125,0.6));
#4793 = LINE('',#4794,#4795);
#4794 = CARTESIAN_POINT('',(-0.775,-1.3425,0.6));
#4795 = VECTOR('',#4796,1.);
#4796 = DIRECTION('',(-1.110223024625E-16,1.,0.));
#4797 = ORIENTED_EDGE('',*,*,#4798,.T.);
#4798 = EDGE_CURVE('',#4791,#4799,#4801,.T.);
#4799 = VERTEX_POINT('',#4800);
#4800 = CARTESIAN_POINT('',(-0.775,-0.775,0.6));
#4801 = LINE('',#4802,#4803);
#4802 = CARTESIAN_POINT('',(-0.775,-1.3425,0.6));
#4803 = VECTOR('',#4804,1.);
#4804 = DIRECTION('',(-1.110223024625E-16,1.,0.));
#4805 = ORIENTED_EDGE('',*,*,#4806,.T.);
#4806 = EDGE_CURVE('',#4799,#4807,#4809,.T.);
#4807 = VERTEX_POINT('',#4808);
#4808 = CARTESIAN_POINT('',(-0.775,-0.175,0.6));
#4809 = LINE('',#4810,#4811);
#4810 = CARTESIAN_POINT('',(-0.775,-1.3425,0.6));
#4811 = VECTOR('',#4812,1.);
#4812 = DIRECTION('',(-1.110223024625E-16,1.,0.));
#4813 = ORIENTED_EDGE('',*,*,#4814,.T.);
#4814 = EDGE_CURVE('',#4807,#4815,#4817,.T.);
#4815 = VERTEX_POINT('',#4816);
#4816 = CARTESIAN_POINT('',(-0.775,0.175,0.6));
#4817 = LINE('',#4818,#4819);
#4818 = CARTESIAN_POINT('',(-0.775,-1.3425,0.6));
#4819 = VECTOR('',#4820,1.);
#4820 = DIRECTION('',(-1.110223024625E-16,1.,0.));
#4821 = ORIENTED_EDGE('',*,*,#4822,.T.);
#4822 = EDGE_CURVE('',#4815,#4767,#4823,.T.);
#4823 = LINE('',#4824,#4825);
#4824 = CARTESIAN_POINT('',(-0.775,-1.3425,0.6));
#4825 = VECTOR('',#4826,1.);
#4826 = DIRECTION('',(-1.110223024625E-16,1.,0.));
#4827 = ORIENTED_EDGE('',*,*,#4766,.T.);
#4828 = ORIENTED_EDGE('',*,*,#4230,.T.);
#4829 = ORIENTED_EDGE('',*,*,#4830,.T.);
#4830 = EDGE_CURVE('',#4223,#4831,#4833,.T.);
#4831 = VERTEX_POINT('',#4832);
#4832 = CARTESIAN_POINT('',(-0.725810707854,1.317905353927,0.95));
#4833 = B_SPLINE_CURVE_WITH_KNOTS('',1,(#4834,#4835),.UNSPECIFIED.,.F.,
  .F.,(2,2),(0.,1.),.PIECEWISE_BEZIER_KNOTS.);
#4834 = CARTESIAN_POINT('',(-0.775,1.3425,0.6));
#4835 = CARTESIAN_POINT('',(-0.725810707854,1.317905353927,0.95));
#4836 = ORIENTED_EDGE('',*,*,#4837,.F.);
#4837 = EDGE_CURVE('',#4838,#4831,#4840,.T.);
#4838 = VERTEX_POINT('',#4839);
#4839 = CARTESIAN_POINT('',(-0.725810707854,-1.317905353927,0.95));
#4840 = LINE('',#4841,#4842);
#4841 = CARTESIAN_POINT('',(-0.725810707854,-1.317905353927,0.95));
#4842 = VECTOR('',#4843,1.);
#4843 = DIRECTION('',(-1.110223024625E-16,1.,0.));
#4844 = ORIENTED_EDGE('',*,*,#4845,.F.);
#4845 = EDGE_CURVE('',#4789,#4838,#4846,.T.);
#4846 = B_SPLINE_CURVE_WITH_KNOTS('',1,(#4847,#4848),.UNSPECIFIED.,.F.,
  .F.,(2,2),(0.,1.),.PIECEWISE_BEZIER_KNOTS.);
#4847 = CARTESIAN_POINT('',(-0.775,-1.3425,0.6));
#4848 = CARTESIAN_POINT('',(-0.725810707854,-1.317905353927,0.95));
#4849 = B_SPLINE_SURFACE_WITH_KNOTS('',1,1,(
    (#4850,#4851)
    ,(#4852,#4853
    )),.UNSPECIFIED.,.F.,.F.,.F.,(2,2),(2,2),(0.,2.685),(0.,1.),
  .PIECEWISE_BEZIER_KNOTS.);
#4850 = CARTESIAN_POINT('',(-0.775,-1.3425,0.6));
#4851 = CARTESIAN_POINT('',(-0.725810707854,-1.317905353927,0.95));
#4852 = CARTESIAN_POINT('',(-0.775,1.3425,0.6));
#4853 = CARTESIAN_POINT('',(-0.725810707854,1.317905353927,0.95));
#4854 = ADVANCED_FACE('',(#4855),#4872,.F.);
#4855 = FACE_BOUND('',#4856,.F.);
#4856 = EDGE_LOOP('',(#4857,#4858,#4865,#4871));
#4857 = ORIENTED_EDGE('',*,*,#4222,.T.);
#4858 = ORIENTED_EDGE('',*,*,#4859,.T.);
#4859 = EDGE_CURVE('',#4215,#4860,#4862,.T.);
#4860 = VERTEX_POINT('',#4861);
#4861 = CARTESIAN_POINT('',(-0.667905353927,1.375810707854,0.95));
#4862 = B_SPLINE_CURVE_WITH_KNOTS('',1,(#4863,#4864),.UNSPECIFIED.,.F.,
  .F.,(2,2),(0.,1.),.PIECEWISE_BEZIER_KNOTS.);
#4863 = CARTESIAN_POINT('',(-0.6925,1.425,0.6));
#4864 = CARTESIAN_POINT('',(-0.667905353927,1.375810707854,0.95));
#4865 = ORIENTED_EDGE('',*,*,#4866,.F.);
#4866 = EDGE_CURVE('',#4831,#4860,#4867,.T.);
#4867 = LINE('',#4868,#4869);
#4868 = CARTESIAN_POINT('',(-0.725810707854,1.317905353927,0.95));
#4869 = VECTOR('',#4870,1.);
#4870 = DIRECTION('',(0.707106781187,0.707106781187,0.));
#4871 = ORIENTED_EDGE('',*,*,#4830,.F.);
#4872 = B_SPLINE_SURFACE_WITH_KNOTS('',1,1,(
    (#4873,#4874)
    ,(#4875,#4876
    )),.UNSPECIFIED.,.F.,.F.,.F.,(2,2),(2,2),(0.,0.116672618896),(0.,1.)
  ,.PIECEWISE_BEZIER_KNOTS.);
#4873 = CARTESIAN_POINT('',(-0.775,1.3425,0.6));
#4874 = CARTESIAN_POINT('',(-0.725810707854,1.317905353927,0.95));
#4875 = CARTESIAN_POINT('',(-0.6925,1.425,0.6));
#4876 = CARTESIAN_POINT('',(-0.667905353927,1.375810707854,0.95));
#4877 = ADVANCED_FACE('',(#4878),#4895,.F.);
#4878 = FACE_BOUND('',#4879,.F.);
#4879 = EDGE_LOOP('',(#4880,#4881,#4888,#4894));
#4880 = ORIENTED_EDGE('',*,*,#4214,.T.);
#4881 = ORIENTED_EDGE('',*,*,#4882,.T.);
#4882 = EDGE_CURVE('',#4207,#4883,#4885,.T.);
#4883 = VERTEX_POINT('',#4884);
#4884 = CARTESIAN_POINT('',(0.667905353927,1.375810707854,0.95));
#4885 = B_SPLINE_CURVE_WITH_KNOTS('',1,(#4886,#4887),.UNSPECIFIED.,.F.,
  .F.,(2,2),(0.,1.),.PIECEWISE_BEZIER_KNOTS.);
#4886 = CARTESIAN_POINT('',(0.6925,1.425,0.6));
#4887 = CARTESIAN_POINT('',(0.667905353927,1.375810707854,0.95));
#4888 = ORIENTED_EDGE('',*,*,#4889,.F.);
#4889 = EDGE_CURVE('',#4860,#4883,#4890,.T.);
#4890 = LINE('',#4891,#4892);
#4891 = CARTESIAN_POINT('',(-0.667905353927,1.375810707854,0.95));
#4892 = VECTOR('',#4893,1.);
#4893 = DIRECTION('',(1.,1.110223024625E-16,0.));
#4894 = ORIENTED_EDGE('',*,*,#4859,.F.);
#4895 = B_SPLINE_SURFACE_WITH_KNOTS('',1,1,(
    (#4896,#4897)
    ,(#4898,#4899
    )),.UNSPECIFIED.,.F.,.F.,.F.,(2,2),(2,2),(0.,1.385),(0.,1.),
  .PIECEWISE_BEZIER_KNOTS.);
#4896 = CARTESIAN_POINT('',(-0.6925,1.425,0.6));
#4897 = CARTESIAN_POINT('',(-0.667905353927,1.375810707854,0.95));
#4898 = CARTESIAN_POINT('',(0.6925,1.425,0.6));
#4899 = CARTESIAN_POINT('',(0.667905353927,1.375810707854,0.95));
#4900 = ADVANCED_FACE('',(#4901),#4918,.F.);
#4901 = FACE_BOUND('',#4902,.F.);
#4902 = EDGE_LOOP('',(#4903,#4904,#4911,#4917));
#4903 = ORIENTED_EDGE('',*,*,#4206,.T.);
#4904 = ORIENTED_EDGE('',*,*,#4905,.T.);
#4905 = EDGE_CURVE('',#4199,#4906,#4908,.T.);
#4906 = VERTEX_POINT('',#4907);
#4907 = CARTESIAN_POINT('',(0.725810707854,1.317905353927,0.95));
#4908 = B_SPLINE_CURVE_WITH_KNOTS('',1,(#4909,#4910),.UNSPECIFIED.,.F.,
  .F.,(2,2),(0.,1.),.PIECEWISE_BEZIER_KNOTS.);
#4909 = CARTESIAN_POINT('',(0.775,1.3425,0.6));
#4910 = CARTESIAN_POINT('',(0.725810707854,1.317905353927,0.95));
#4911 = ORIENTED_EDGE('',*,*,#4912,.F.);
#4912 = EDGE_CURVE('',#4883,#4906,#4913,.T.);
#4913 = LINE('',#4914,#4915);
#4914 = CARTESIAN_POINT('',(0.667905353927,1.375810707854,0.95));
#4915 = VECTOR('',#4916,1.);
#4916 = DIRECTION('',(0.707106781187,-0.707106781187,0.));
#4917 = ORIENTED_EDGE('',*,*,#4882,.F.);
#4918 = B_SPLINE_SURFACE_WITH_KNOTS('',1,1,(
    (#4919,#4920)
    ,(#4921,#4922
    )),.UNSPECIFIED.,.F.,.F.,.F.,(2,2),(2,2),(0.,0.116672618896),(0.,1.)
  ,.PIECEWISE_BEZIER_KNOTS.);
#4919 = CARTESIAN_POINT('',(0.6925,1.425,0.6));
#4920 = CARTESIAN_POINT('',(0.667905353927,1.375810707854,0.95));
#4921 = CARTESIAN_POINT('',(0.775,1.3425,0.6));
#4922 = CARTESIAN_POINT('',(0.725810707854,1.317905353927,0.95));
#4923 = ADVANCED_FACE('',(#4924),#4989,.F.);
#4924 = FACE_BOUND('',#4925,.F.);
#4925 = EDGE_LOOP('',(#4926,#4927,#4935,#4943,#4951,#4959,#4967,#4975,
    #4982,#4988));
#4926 = ORIENTED_EDGE('',*,*,#4198,.T.);
#4927 = ORIENTED_EDGE('',*,*,#4928,.T.);
#4928 = EDGE_CURVE('',#4191,#4929,#4931,.T.);
#4929 = VERTEX_POINT('',#4930);
#4930 = CARTESIAN_POINT('',(0.775,0.775,0.6));
#4931 = LINE('',#4932,#4933);
#4932 = CARTESIAN_POINT('',(0.775,1.3425,0.6));
#4933 = VECTOR('',#4934,1.);
#4934 = DIRECTION('',(1.110223024625E-16,-1.,0.));
#4935 = ORIENTED_EDGE('',*,*,#4936,.T.);
#4936 = EDGE_CURVE('',#4929,#4937,#4939,.T.);
#4937 = VERTEX_POINT('',#4938);
#4938 = CARTESIAN_POINT('',(0.775,0.175,0.6));
#4939 = LINE('',#4940,#4941);
#4940 = CARTESIAN_POINT('',(0.775,1.3425,0.6));
#4941 = VECTOR('',#4942,1.);
#4942 = DIRECTION('',(1.110223024625E-16,-1.,0.));
#4943 = ORIENTED_EDGE('',*,*,#4944,.T.);
#4944 = EDGE_CURVE('',#4937,#4945,#4947,.T.);
#4945 = VERTEX_POINT('',#4946);
#4946 = CARTESIAN_POINT('',(0.775,-0.175,0.6));
#4947 = LINE('',#4948,#4949);
#4948 = CARTESIAN_POINT('',(0.775,1.3425,0.6));
#4949 = VECTOR('',#4950,1.);
#4950 = DIRECTION('',(1.110223024625E-16,-1.,0.));
#4951 = ORIENTED_EDGE('',*,*,#4952,.T.);
#4952 = EDGE_CURVE('',#4945,#4953,#4955,.T.);
#4953 = VERTEX_POINT('',#4954);
#4954 = CARTESIAN_POINT('',(0.775,-0.775,0.6));
#4955 = LINE('',#4956,#4957);
#4956 = CARTESIAN_POINT('',(0.775,1.3425,0.6));
#4957 = VECTOR('',#4958,1.);
#4958 = DIRECTION('',(1.110223024625E-16,-1.,0.));
#4959 = ORIENTED_EDGE('',*,*,#4960,.T.);
#4960 = EDGE_CURVE('',#4953,#4961,#4963,.T.);
#4961 = VERTEX_POINT('',#4962);
#4962 = CARTESIAN_POINT('',(0.775,-1.125,0.6));
#4963 = LINE('',#4964,#4965);
#4964 = CARTESIAN_POINT('',(0.775,1.3425,0.6));
#4965 = VECTOR('',#4966,1.);
#4966 = DIRECTION('',(1.110223024625E-16,-1.,0.));
#4967 = ORIENTED_EDGE('',*,*,#4968,.T.);
#4968 = EDGE_CURVE('',#4961,#4969,#4971,.T.);
#4969 = VERTEX_POINT('',#4970);
#4970 = CARTESIAN_POINT('',(0.775,-1.3425,0.6));
#4971 = LINE('',#4972,#4973);
#4972 = CARTESIAN_POINT('',(0.775,1.3425,0.6));
#4973 = VECTOR('',#4974,1.);
#4974 = DIRECTION('',(1.110223024625E-16,-1.,0.));
#4975 = ORIENTED_EDGE('',*,*,#4976,.T.);
#4976 = EDGE_CURVE('',#4969,#4977,#4979,.T.);
#4977 = VERTEX_POINT('',#4978);
#4978 = CARTESIAN_POINT('',(0.725810707854,-1.317905353927,0.95));
#4979 = B_SPLINE_CURVE_WITH_KNOTS('',1,(#4980,#4981),.UNSPECIFIED.,.F.,
  .F.,(2,2),(0.,1.),.PIECEWISE_BEZIER_KNOTS.);
#4980 = CARTESIAN_POINT('',(0.775,-1.3425,0.6));
#4981 = CARTESIAN_POINT('',(0.725810707854,-1.317905353927,0.95));
#4982 = ORIENTED_EDGE('',*,*,#4983,.F.);
#4983 = EDGE_CURVE('',#4906,#4977,#4984,.T.);
#4984 = LINE('',#4985,#4986);
#4985 = CARTESIAN_POINT('',(0.725810707854,1.317905353927,0.95));
#4986 = VECTOR('',#4987,1.);
#4987 = DIRECTION('',(1.110223024625E-16,-1.,0.));
#4988 = ORIENTED_EDGE('',*,*,#4905,.F.);
#4989 = B_SPLINE_SURFACE_WITH_KNOTS('',1,1,(
    (#4990,#4991)
    ,(#4992,#4993
    )),.UNSPECIFIED.,.F.,.F.,.F.,(2,2),(2,2),(0.,2.685),(0.,1.),
  .PIECEWISE_BEZIER_KNOTS.);
#4990 = CARTESIAN_POINT('',(0.775,1.3425,0.6));
#4991 = CARTESIAN_POINT('',(0.725810707854,1.317905353927,0.95));
#4992 = CARTESIAN_POINT('',(0.775,-1.3425,0.6));
#4993 = CARTESIAN_POINT('',(0.725810707854,-1.317905353927,0.95));
#4994 = ADVANCED_FACE('',(#4995),#5027,.F.);
#4995 = FACE_BOUND('',#4996,.F.);
#4996 = EDGE_LOOP('',(#4997,#5005,#5013,#5019,#5025,#5026));
#4997 = ORIENTED_EDGE('',*,*,#4998,.F.);
#4998 = EDGE_CURVE('',#4999,#4183,#5001,.T.);
#4999 = VERTEX_POINT('',#5000);
#5000 = CARTESIAN_POINT('',(0.85,1.125,0.6));
#5001 = LINE('',#5002,#5003);
#5002 = CARTESIAN_POINT('',(0.85,1.125,0.6));
#5003 = VECTOR('',#5004,1.);
#5004 = DIRECTION('',(-1.,-1.110223024625E-16,0.));
#5005 = ORIENTED_EDGE('',*,*,#5006,.T.);
#5006 = EDGE_CURVE('',#4999,#5007,#5009,.T.);
#5007 = VERTEX_POINT('',#5008);
#5008 = CARTESIAN_POINT('',(0.85,0.775,0.6));
#5009 = LINE('',#5010,#5011);
#5010 = CARTESIAN_POINT('',(0.85,1.125,0.6));
#5011 = VECTOR('',#5012,1.);
#5012 = DIRECTION('',(1.110223024625E-16,-1.,0.));
#5013 = ORIENTED_EDGE('',*,*,#5014,.T.);
#5014 = EDGE_CURVE('',#5007,#4527,#5015,.T.);
#5015 = LINE('',#5016,#5017);
#5016 = CARTESIAN_POINT('',(0.85,0.775,0.6));
#5017 = VECTOR('',#5018,1.);
#5018 = DIRECTION('',(-1.,-1.110223024625E-16,0.));
#5019 = ORIENTED_EDGE('',*,*,#5020,.T.);
#5020 = EDGE_CURVE('',#4527,#4929,#5021,.T.);
#5021 = LINE('',#5022,#5023);
#5022 = CARTESIAN_POINT('',(0.85,0.775,0.6));
#5023 = VECTOR('',#5024,1.);
#5024 = DIRECTION('',(-1.,-1.110223024625E-16,0.));
#5025 = ORIENTED_EDGE('',*,*,#4928,.F.);
#5026 = ORIENTED_EDGE('',*,*,#4190,.F.);
#5027 = PLANE('',#5028);
#5028 = AXIS2_PLACEMENT_3D('',#5029,#5030,#5031);
#5029 = CARTESIAN_POINT('',(0.85,1.125,0.6));
#5030 = DIRECTION('',(0.,0.,-1.));
#5031 = DIRECTION('',(-1.,-1.110223024625E-16,-0.));
#5032 = ADVANCED_FACE('',(#5033),#5076,.F.);
#5033 = FACE_BOUND('',#5034,.F.);
#5034 = EDGE_LOOP('',(#5035,#5036,#5042,#5043,#5051,#5059,#5065,#5066,
    #5072,#5073,#5074,#5075));
#5035 = ORIENTED_EDGE('',*,*,#4292,.T.);
#5036 = ORIENTED_EDGE('',*,*,#5037,.T.);
#5037 = EDGE_CURVE('',#4285,#4791,#5038,.T.);
#5038 = LINE('',#5039,#5040);
#5039 = CARTESIAN_POINT('',(-0.85,-1.125,0.6));
#5040 = VECTOR('',#5041,1.);
#5041 = DIRECTION('',(1.,-1.144237745222E-17,0.));
#5042 = ORIENTED_EDGE('',*,*,#4788,.F.);
#5043 = ORIENTED_EDGE('',*,*,#5044,.F.);
#5044 = EDGE_CURVE('',#5045,#4789,#5047,.T.);
#5045 = VERTEX_POINT('',#5046);
#5046 = CARTESIAN_POINT('',(-0.6925,-1.425,0.6));
#5047 = LINE('',#5048,#5049);
#5048 = CARTESIAN_POINT('',(-0.6925,-1.425,0.6));
#5049 = VECTOR('',#5050,1.);
#5050 = DIRECTION('',(-0.707106781187,0.707106781187,0.));
#5051 = ORIENTED_EDGE('',*,*,#5052,.F.);
#5052 = EDGE_CURVE('',#5053,#5045,#5055,.T.);
#5053 = VERTEX_POINT('',#5054);
#5054 = CARTESIAN_POINT('',(0.6925,-1.425,0.6));
#5055 = LINE('',#5056,#5057);
#5056 = CARTESIAN_POINT('',(0.6925,-1.425,0.6));
#5057 = VECTOR('',#5058,1.);
#5058 = DIRECTION('',(-1.,-1.110223024625E-16,0.));
#5059 = ORIENTED_EDGE('',*,*,#5060,.F.);
#5060 = EDGE_CURVE('',#4969,#5053,#5061,.T.);
#5061 = LINE('',#5062,#5063);
#5062 = CARTESIAN_POINT('',(0.775,-1.3425,0.6));
#5063 = VECTOR('',#5064,1.);
#5064 = DIRECTION('',(-0.707106781187,-0.707106781187,0.));
#5065 = ORIENTED_EDGE('',*,*,#4968,.F.);
#5066 = ORIENTED_EDGE('',*,*,#5067,.F.);
#5067 = EDGE_CURVE('',#4651,#4961,#5068,.T.);
#5068 = LINE('',#5069,#5070);
#5069 = CARTESIAN_POINT('',(0.85,-1.125,0.6));
#5070 = VECTOR('',#5071,1.);
#5071 = DIRECTION('',(-1.,-1.110223024625E-16,0.));
#5072 = ORIENTED_EDGE('',*,*,#4666,.T.);
#5073 = ORIENTED_EDGE('',*,*,#4711,.T.);
#5074 = ORIENTED_EDGE('',*,*,#4728,.T.);
#5075 = ORIENTED_EDGE('',*,*,#4682,.T.);
#5076 = PLANE('',#5077);
#5077 = AXIS2_PLACEMENT_3D('',#5078,#5079,#5080);
#5078 = CARTESIAN_POINT('',(-2.091417030376E-16,1.4375,0.6));
#5079 = DIRECTION('',(2.888762391192E-17,8.634073551009E-28,-1.));
#5080 = DIRECTION('',(1.,1.51922136901E-16,2.888762391192E-17));
#5081 = ADVANCED_FACE('',(#5082),#5168,.F.);
#5082 = FACE_BOUND('',#5083,.F.);
#5083 = EDGE_LOOP('',(#5084,#5085,#5086,#5095,#5103,#5112,#5120,#5128,
    #5136,#5145,#5153,#5162));
#5084 = ORIENTED_EDGE('',*,*,#4284,.F.);
#5085 = ORIENTED_EDGE('',*,*,#4306,.T.);
#5086 = ORIENTED_EDGE('',*,*,#5087,.T.);
#5087 = EDGE_CURVE('',#4307,#5088,#5090,.T.);
#5088 = VERTEX_POINT('',#5089);
#5089 = CARTESIAN_POINT('',(-0.948480775301,-1.125,0.367364817767));
#5090 = CIRCLE('',#5091,0.1);
#5091 = AXIS2_PLACEMENT_3D('',#5092,#5093,#5094);
#5092 = CARTESIAN_POINT('',(-0.85,-1.125,0.35));
#5093 = DIRECTION('',(-1.144237745222E-17,-1.,0.));
#5094 = DIRECTION('',(0.,0.,1.));
#5095 = ORIENTED_EDGE('',*,*,#5096,.T.);
#5096 = EDGE_CURVE('',#5088,#5097,#5099,.T.);
#5097 = VERTEX_POINT('',#5098);
#5098 = CARTESIAN_POINT('',(-0.971430759818,-1.125,0.206587955583));
#5099 = LINE('',#5100,#5101);
#5100 = CARTESIAN_POINT('',(-0.948480775301,-1.125,0.367364817767));
#5101 = VECTOR('',#5102,1.);
#5102 = DIRECTION('',(-0.14131190243,1.616944126098E-18,-0.989965123745)
  );
#5103 = ORIENTED_EDGE('',*,*,#5104,.T.);
#5104 = EDGE_CURVE('',#5097,#5105,#5107,.T.);
#5105 = VERTEX_POINT('',#5106);
#5106 = CARTESIAN_POINT('',(-1.217632698071,-1.125,5.551115123126E-17));
#5107 = CIRCLE('',#5108,0.25);
#5108 = AXIS2_PLACEMENT_3D('',#5109,#5110,#5111);
#5109 = CARTESIAN_POINT('',(-1.217632698071,-1.125,0.25));
#5110 = DIRECTION('',(1.144237745222E-17,1.,3.851859888774E-34));
#5111 = DIRECTION('',(0.984807753012,-1.126854202784E-17,-0.173648177667
    ));
#5112 = ORIENTED_EDGE('',*,*,#5113,.T.);
#5113 = EDGE_CURVE('',#5105,#5114,#5116,.T.);
#5114 = VERTEX_POINT('',#5115);
#5115 = CARTESIAN_POINT('',(-1.4,-1.125,5.551115123126E-17));
#5116 = LINE('',#5117,#5118);
#5117 = CARTESIAN_POINT('',(-1.217632698071,-1.125,5.551115123126E-17));
#5118 = VECTOR('',#5119,1.);
#5119 = DIRECTION('',(-1.,1.144237745222E-17,0.));
#5120 = ORIENTED_EDGE('',*,*,#5121,.T.);
#5121 = EDGE_CURVE('',#5114,#5122,#5124,.T.);
#5122 = VERTEX_POINT('',#5123);
#5123 = CARTESIAN_POINT('',(-1.4,-1.125,0.15));
#5124 = LINE('',#5125,#5126);
#5125 = CARTESIAN_POINT('',(-1.4,-1.125,5.551115123126E-17));
#5126 = VECTOR('',#5127,1.);
#5127 = DIRECTION('',(0.,0.,1.));
#5128 = ORIENTED_EDGE('',*,*,#5129,.T.);
#5129 = EDGE_CURVE('',#5122,#5130,#5132,.T.);
#5130 = VERTEX_POINT('',#5131);
#5131 = CARTESIAN_POINT('',(-1.217632698071,-1.125,0.15));
#5132 = LINE('',#5133,#5134);
#5133 = CARTESIAN_POINT('',(-1.4,-1.125,0.15));
#5134 = VECTOR('',#5135,1.);
#5135 = DIRECTION('',(1.,-1.144237745222E-17,0.));
#5136 = ORIENTED_EDGE('',*,*,#5137,.T.);
#5137 = EDGE_CURVE('',#5130,#5138,#5140,.T.);
#5138 = VERTEX_POINT('',#5139);
#5139 = CARTESIAN_POINT('',(-1.11915192277,-1.125,0.232635182233));
#5140 = CIRCLE('',#5141,0.1);
#5141 = AXIS2_PLACEMENT_3D('',#5142,#5143,#5144);
#5142 = CARTESIAN_POINT('',(-1.217632698071,-1.125,0.25));
#5143 = DIRECTION('',(-1.144237745222E-17,-1.,1.094764425254E-47));
#5144 = DIRECTION('',(-2.22044604925E-15,2.540718180781E-32,-1.));
#5145 = ORIENTED_EDGE('',*,*,#5146,.T.);
#5146 = EDGE_CURVE('',#5138,#5147,#5149,.T.);
#5147 = VERTEX_POINT('',#5148);
#5148 = CARTESIAN_POINT('',(-1.096201938253,-1.125,0.393412044417));
#5149 = LINE('',#5150,#5151);
#5150 = CARTESIAN_POINT('',(-1.11915192277,-1.125,0.232635182233));
#5151 = VECTOR('',#5152,1.);
#5152 = DIRECTION('',(0.14131190243,-1.616944126098E-18,0.989965123745)
  );
#5153 = ORIENTED_EDGE('',*,*,#5154,.T.);
#5154 = EDGE_CURVE('',#5147,#5155,#5157,.T.);
#5155 = VERTEX_POINT('',#5156);
#5156 = CARTESIAN_POINT('',(-0.85,-1.125,0.6));
#5157 = CIRCLE('',#5158,0.25);
#5158 = AXIS2_PLACEMENT_3D('',#5159,#5160,#5161);
#5159 = CARTESIAN_POINT('',(-0.85,-1.125,0.35));
#5160 = DIRECTION('',(1.144237745222E-17,1.,0.));
#5161 = DIRECTION('',(-0.984807753012,1.126854202784E-17,0.173648177667)
  );
#5162 = ORIENTED_EDGE('',*,*,#5163,.T.);
#5163 = EDGE_CURVE('',#5155,#4285,#5164,.T.);
#5164 = LINE('',#5165,#5166);
#5165 = CARTESIAN_POINT('',(-0.85,-1.125,0.6));
#5166 = VECTOR('',#5167,1.);
#5167 = DIRECTION('',(1.,-1.144237745222E-17,0.));
#5168 = PLANE('',#5169);
#5169 = AXIS2_PLACEMENT_3D('',#5170,#5171,#5172);
#5170 = CARTESIAN_POINT('',(-1.064349127789,-1.125,0.282825311951));
#5171 = DIRECTION('',(1.144237745222E-17,1.,0.));
#5172 = DIRECTION('',(0.,-0.,1.));
#5173 = ADVANCED_FACE('',(#5174),#5193,.F.);
#5174 = FACE_BOUND('',#5175,.F.);
#5175 = EDGE_LOOP('',(#5176,#5177,#5186,#5192));
#5176 = ORIENTED_EDGE('',*,*,#4323,.T.);
#5177 = ORIENTED_EDGE('',*,*,#5178,.T.);
#5178 = EDGE_CURVE('',#4316,#5179,#5181,.T.);
#5179 = VERTEX_POINT('',#5180);
#5180 = CARTESIAN_POINT('',(-0.948480775301,-0.775,0.367364817767));
#5181 = CIRCLE('',#5182,0.1);
#5182 = AXIS2_PLACEMENT_3D('',#5183,#5184,#5185);
#5183 = CARTESIAN_POINT('',(-0.85,-0.775,0.35));
#5184 = DIRECTION('',(-1.144237745222E-17,-1.,0.));
#5185 = DIRECTION('',(0.,0.,1.));
#5186 = ORIENTED_EDGE('',*,*,#5187,.F.);
#5187 = EDGE_CURVE('',#5088,#5179,#5188,.T.);
#5188 = LINE('',#5189,#5190);
#5189 = CARTESIAN_POINT('',(-0.948480775301,-1.125,0.367364817767));
#5190 = VECTOR('',#5191,1.);
#5191 = DIRECTION('',(1.144237745222E-17,1.,0.));
#5192 = ORIENTED_EDGE('',*,*,#5087,.F.);
#5193 = CYLINDRICAL_SURFACE('',#5194,0.1);
#5194 = AXIS2_PLACEMENT_3D('',#5195,#5196,#5197);
#5195 = CARTESIAN_POINT('',(-0.85,-1.125,0.35));
#5196 = DIRECTION('',(-1.144237745222E-17,-1.,0.));
#5197 = DIRECTION('',(0.,0.,1.));
#5198 = ADVANCED_FACE('',(#5199),#5277,.T.);
#5199 = FACE_BOUND('',#5200,.T.);
#5200 = EDGE_LOOP('',(#5201,#5202,#5203,#5204,#5212,#5221,#5229,#5237,
    #5245,#5254,#5262,#5271));
#5201 = ORIENTED_EDGE('',*,*,#4337,.F.);
#5202 = ORIENTED_EDGE('',*,*,#4315,.T.);
#5203 = ORIENTED_EDGE('',*,*,#5178,.T.);
#5204 = ORIENTED_EDGE('',*,*,#5205,.T.);
#5205 = EDGE_CURVE('',#5179,#5206,#5208,.T.);
#5206 = VERTEX_POINT('',#5207);
#5207 = CARTESIAN_POINT('',(-0.971430759818,-0.775,0.206587955583));
#5208 = LINE('',#5209,#5210);
#5209 = CARTESIAN_POINT('',(-0.948480775301,-0.775,0.367364817767));
#5210 = VECTOR('',#5211,1.);
#5211 = DIRECTION('',(-0.14131190243,1.616944126098E-18,-0.989965123745)
  );
#5212 = ORIENTED_EDGE('',*,*,#5213,.T.);
#5213 = EDGE_CURVE('',#5206,#5214,#5216,.T.);
#5214 = VERTEX_POINT('',#5215);
#5215 = CARTESIAN_POINT('',(-1.217632698071,-0.775,5.551115123126E-17));
#5216 = CIRCLE('',#5217,0.25);
#5217 = AXIS2_PLACEMENT_3D('',#5218,#5219,#5220);
#5218 = CARTESIAN_POINT('',(-1.217632698071,-0.775,0.25));
#5219 = DIRECTION('',(1.144237745222E-17,1.,3.851859888774E-34));
#5220 = DIRECTION('',(0.984807753012,-1.126854202784E-17,-0.173648177667
    ));
#5221 = ORIENTED_EDGE('',*,*,#5222,.T.);
#5222 = EDGE_CURVE('',#5214,#5223,#5225,.T.);
#5223 = VERTEX_POINT('',#5224);
#5224 = CARTESIAN_POINT('',(-1.4,-0.775,5.551115123126E-17));
#5225 = LINE('',#5226,#5227);
#5226 = CARTESIAN_POINT('',(-1.217632698071,-0.775,5.551115123126E-17));
#5227 = VECTOR('',#5228,1.);
#5228 = DIRECTION('',(-1.,1.144237745222E-17,0.));
#5229 = ORIENTED_EDGE('',*,*,#5230,.T.);
#5230 = EDGE_CURVE('',#5223,#5231,#5233,.T.);
#5231 = VERTEX_POINT('',#5232);
#5232 = CARTESIAN_POINT('',(-1.4,-0.775,0.15));
#5233 = LINE('',#5234,#5235);
#5234 = CARTESIAN_POINT('',(-1.4,-0.775,5.551115123126E-17));
#5235 = VECTOR('',#5236,1.);
#5236 = DIRECTION('',(0.,0.,1.));
#5237 = ORIENTED_EDGE('',*,*,#5238,.T.);
#5238 = EDGE_CURVE('',#5231,#5239,#5241,.T.);
#5239 = VERTEX_POINT('',#5240);
#5240 = CARTESIAN_POINT('',(-1.217632698071,-0.775,0.15));
#5241 = LINE('',#5242,#5243);
#5242 = CARTESIAN_POINT('',(-1.4,-0.775,0.15));
#5243 = VECTOR('',#5244,1.);
#5244 = DIRECTION('',(1.,-1.144237745222E-17,0.));
#5245 = ORIENTED_EDGE('',*,*,#5246,.T.);
#5246 = EDGE_CURVE('',#5239,#5247,#5249,.T.);
#5247 = VERTEX_POINT('',#5248);
#5248 = CARTESIAN_POINT('',(-1.11915192277,-0.775,0.232635182233));
#5249 = CIRCLE('',#5250,0.1);
#5250 = AXIS2_PLACEMENT_3D('',#5251,#5252,#5253);
#5251 = CARTESIAN_POINT('',(-1.217632698071,-0.775,0.25));
#5252 = DIRECTION('',(-1.144237745222E-17,-1.,1.094764425254E-47));
#5253 = DIRECTION('',(-2.22044604925E-15,2.540718180781E-32,-1.));
#5254 = ORIENTED_EDGE('',*,*,#5255,.T.);
#5255 = EDGE_CURVE('',#5247,#5256,#5258,.T.);
#5256 = VERTEX_POINT('',#5257);
#5257 = CARTESIAN_POINT('',(-1.096201938253,-0.775,0.393412044417));
#5258 = LINE('',#5259,#5260);
#5259 = CARTESIAN_POINT('',(-1.11915192277,-0.775,0.232635182233));
#5260 = VECTOR('',#5261,1.);
#5261 = DIRECTION('',(0.14131190243,-1.616944126098E-18,0.989965123745)
  );
#5262 = ORIENTED_EDGE('',*,*,#5263,.T.);
#5263 = EDGE_CURVE('',#5256,#5264,#5266,.T.);
#5264 = VERTEX_POINT('',#5265);
#5265 = CARTESIAN_POINT('',(-0.85,-0.775,0.6));
#5266 = CIRCLE('',#5267,0.25);
#5267 = AXIS2_PLACEMENT_3D('',#5268,#5269,#5270);
#5268 = CARTESIAN_POINT('',(-0.85,-0.775,0.35));
#5269 = DIRECTION('',(1.144237745222E-17,1.,0.));
#5270 = DIRECTION('',(-0.984807753012,1.126854202784E-17,0.173648177667)
  );
#5271 = ORIENTED_EDGE('',*,*,#5272,.T.);
#5272 = EDGE_CURVE('',#5264,#4338,#5273,.T.);
#5273 = LINE('',#5274,#5275);
#5274 = CARTESIAN_POINT('',(-0.85,-0.775,0.6));
#5275 = VECTOR('',#5276,1.);
#5276 = DIRECTION('',(1.,-1.144237745222E-17,0.));
#5277 = PLANE('',#5278);
#5278 = AXIS2_PLACEMENT_3D('',#5279,#5280,#5281);
#5279 = CARTESIAN_POINT('',(-1.064349127789,-0.775,0.282825311951));
#5280 = DIRECTION('',(1.144237745222E-17,1.,0.));
#5281 = DIRECTION('',(0.,-0.,1.));
#5282 = ADVANCED_FACE('',(#5283),#5299,.F.);
#5283 = FACE_BOUND('',#5284,.F.);
#5284 = EDGE_LOOP('',(#5285,#5286,#5292,#5293));
#5285 = ORIENTED_EDGE('',*,*,#4354,.T.);
#5286 = ORIENTED_EDGE('',*,*,#5287,.T.);
#5287 = EDGE_CURVE('',#4347,#4807,#5288,.T.);
#5288 = LINE('',#5289,#5290);
#5289 = CARTESIAN_POINT('',(-0.85,-0.175,0.6));
#5290 = VECTOR('',#5291,1.);
#5291 = DIRECTION('',(1.,-1.144237745222E-17,0.));
#5292 = ORIENTED_EDGE('',*,*,#4806,.F.);
#5293 = ORIENTED_EDGE('',*,*,#5294,.F.);
#5294 = EDGE_CURVE('',#4338,#4799,#5295,.T.);
#5295 = LINE('',#5296,#5297);
#5296 = CARTESIAN_POINT('',(-0.85,-0.775,0.6));
#5297 = VECTOR('',#5298,1.);
#5298 = DIRECTION('',(1.,-1.144237745222E-17,0.));
#5299 = PLANE('',#5300);
#5300 = AXIS2_PLACEMENT_3D('',#5301,#5302,#5303);
#5301 = CARTESIAN_POINT('',(-2.091417030376E-16,1.4375,0.6));
#5302 = DIRECTION('',(2.888762391192E-17,8.634073551009E-28,-1.));
#5303 = DIRECTION('',(1.,1.51922136901E-16,2.888762391192E-17));
#5304 = ADVANCED_FACE('',(#5305),#5391,.F.);
#5305 = FACE_BOUND('',#5306,.F.);
#5306 = EDGE_LOOP('',(#5307,#5308,#5309,#5318,#5326,#5335,#5343,#5351,
    #5359,#5368,#5376,#5385));
#5307 = ORIENTED_EDGE('',*,*,#4346,.F.);
#5308 = ORIENTED_EDGE('',*,*,#4368,.T.);
#5309 = ORIENTED_EDGE('',*,*,#5310,.T.);
#5310 = EDGE_CURVE('',#4369,#5311,#5313,.T.);
#5311 = VERTEX_POINT('',#5312);
#5312 = CARTESIAN_POINT('',(-0.948480775301,-0.175,0.367364817767));
#5313 = CIRCLE('',#5314,0.1);
#5314 = AXIS2_PLACEMENT_3D('',#5315,#5316,#5317);
#5315 = CARTESIAN_POINT('',(-0.85,-0.175,0.35));
#5316 = DIRECTION('',(-1.144237745222E-17,-1.,0.));
#5317 = DIRECTION('',(0.,0.,1.));
#5318 = ORIENTED_EDGE('',*,*,#5319,.T.);
#5319 = EDGE_CURVE('',#5311,#5320,#5322,.T.);
#5320 = VERTEX_POINT('',#5321);
#5321 = CARTESIAN_POINT('',(-0.971430759818,-0.175,0.206587955583));
#5322 = LINE('',#5323,#5324);
#5323 = CARTESIAN_POINT('',(-0.948480775301,-0.175,0.367364817767));
#5324 = VECTOR('',#5325,1.);
#5325 = DIRECTION('',(-0.14131190243,1.616944126098E-18,-0.989965123745)
  );
#5326 = ORIENTED_EDGE('',*,*,#5327,.T.);
#5327 = EDGE_CURVE('',#5320,#5328,#5330,.T.);
#5328 = VERTEX_POINT('',#5329);
#5329 = CARTESIAN_POINT('',(-1.217632698071,-0.175,5.551115123126E-17));
#5330 = CIRCLE('',#5331,0.25);
#5331 = AXIS2_PLACEMENT_3D('',#5332,#5333,#5334);
#5332 = CARTESIAN_POINT('',(-1.217632698071,-0.175,0.25));
#5333 = DIRECTION('',(1.144237745222E-17,1.,3.851859888774E-34));
#5334 = DIRECTION('',(0.984807753012,-1.126854202784E-17,-0.173648177667
    ));
#5335 = ORIENTED_EDGE('',*,*,#5336,.T.);
#5336 = EDGE_CURVE('',#5328,#5337,#5339,.T.);
#5337 = VERTEX_POINT('',#5338);
#5338 = CARTESIAN_POINT('',(-1.4,-0.175,5.551115123126E-17));
#5339 = LINE('',#5340,#5341);
#5340 = CARTESIAN_POINT('',(-1.217632698071,-0.175,5.551115123126E-17));
#5341 = VECTOR('',#5342,1.);
#5342 = DIRECTION('',(-1.,1.144237745222E-17,0.));
#5343 = ORIENTED_EDGE('',*,*,#5344,.T.);
#5344 = EDGE_CURVE('',#5337,#5345,#5347,.T.);
#5345 = VERTEX_POINT('',#5346);
#5346 = CARTESIAN_POINT('',(-1.4,-0.175,0.15));
#5347 = LINE('',#5348,#5349);
#5348 = CARTESIAN_POINT('',(-1.4,-0.175,5.551115123126E-17));
#5349 = VECTOR('',#5350,1.);
#5350 = DIRECTION('',(0.,0.,1.));
#5351 = ORIENTED_EDGE('',*,*,#5352,.T.);
#5352 = EDGE_CURVE('',#5345,#5353,#5355,.T.);
#5353 = VERTEX_POINT('',#5354);
#5354 = CARTESIAN_POINT('',(-1.217632698071,-0.175,0.15));
#5355 = LINE('',#5356,#5357);
#5356 = CARTESIAN_POINT('',(-1.4,-0.175,0.15));
#5357 = VECTOR('',#5358,1.);
#5358 = DIRECTION('',(1.,-1.144237745222E-17,0.));
#5359 = ORIENTED_EDGE('',*,*,#5360,.T.);
#5360 = EDGE_CURVE('',#5353,#5361,#5363,.T.);
#5361 = VERTEX_POINT('',#5362);
#5362 = CARTESIAN_POINT('',(-1.11915192277,-0.175,0.232635182233));
#5363 = CIRCLE('',#5364,0.1);
#5364 = AXIS2_PLACEMENT_3D('',#5365,#5366,#5367);
#5365 = CARTESIAN_POINT('',(-1.217632698071,-0.175,0.25));
#5366 = DIRECTION('',(-1.144237745222E-17,-1.,1.094764425254E-47));
#5367 = DIRECTION('',(-2.22044604925E-15,2.540718180781E-32,-1.));
#5368 = ORIENTED_EDGE('',*,*,#5369,.T.);
#5369 = EDGE_CURVE('',#5361,#5370,#5372,.T.);
#5370 = VERTEX_POINT('',#5371);
#5371 = CARTESIAN_POINT('',(-1.096201938253,-0.175,0.393412044417));
#5372 = LINE('',#5373,#5374);
#5373 = CARTESIAN_POINT('',(-1.11915192277,-0.175,0.232635182233));
#5374 = VECTOR('',#5375,1.);
#5375 = DIRECTION('',(0.14131190243,-1.616944126098E-18,0.989965123745)
  );
#5376 = ORIENTED_EDGE('',*,*,#5377,.T.);
#5377 = EDGE_CURVE('',#5370,#5378,#5380,.T.);
#5378 = VERTEX_POINT('',#5379);
#5379 = CARTESIAN_POINT('',(-0.85,-0.175,0.6));
#5380 = CIRCLE('',#5381,0.25);
#5381 = AXIS2_PLACEMENT_3D('',#5382,#5383,#5384);
#5382 = CARTESIAN_POINT('',(-0.85,-0.175,0.35));
#5383 = DIRECTION('',(1.144237745222E-17,1.,0.));
#5384 = DIRECTION('',(-0.984807753012,1.126854202784E-17,0.173648177667)
  );
#5385 = ORIENTED_EDGE('',*,*,#5386,.T.);
#5386 = EDGE_CURVE('',#5378,#4347,#5387,.T.);
#5387 = LINE('',#5388,#5389);
#5388 = CARTESIAN_POINT('',(-0.85,-0.175,0.6));
#5389 = VECTOR('',#5390,1.);
#5390 = DIRECTION('',(1.,-1.144237745222E-17,0.));
#5391 = PLANE('',#5392);
#5392 = AXIS2_PLACEMENT_3D('',#5393,#5394,#5395);
#5393 = CARTESIAN_POINT('',(-1.064349127789,-0.175,0.282825311951));
#5394 = DIRECTION('',(1.144237745222E-17,1.,0.));
#5395 = DIRECTION('',(0.,-0.,1.));
#5396 = ADVANCED_FACE('',(#5397),#5416,.F.);
#5397 = FACE_BOUND('',#5398,.F.);
#5398 = EDGE_LOOP('',(#5399,#5400,#5409,#5415));
#5399 = ORIENTED_EDGE('',*,*,#4385,.T.);
#5400 = ORIENTED_EDGE('',*,*,#5401,.T.);
#5401 = EDGE_CURVE('',#4378,#5402,#5404,.T.);
#5402 = VERTEX_POINT('',#5403);
#5403 = CARTESIAN_POINT('',(-0.948480775301,0.175,0.367364817767));
#5404 = CIRCLE('',#5405,0.1);
#5405 = AXIS2_PLACEMENT_3D('',#5406,#5407,#5408);
#5406 = CARTESIAN_POINT('',(-0.85,0.175,0.35));
#5407 = DIRECTION('',(-1.144237745222E-17,-1.,0.));
#5408 = DIRECTION('',(0.,0.,1.));
#5409 = ORIENTED_EDGE('',*,*,#5410,.F.);
#5410 = EDGE_CURVE('',#5311,#5402,#5411,.T.);
#5411 = LINE('',#5412,#5413);
#5412 = CARTESIAN_POINT('',(-0.948480775301,-0.175,0.367364817767));
#5413 = VECTOR('',#5414,1.);
#5414 = DIRECTION('',(1.144237745222E-17,1.,0.));
#5415 = ORIENTED_EDGE('',*,*,#5310,.F.);
#5416 = CYLINDRICAL_SURFACE('',#5417,0.1);
#5417 = AXIS2_PLACEMENT_3D('',#5418,#5419,#5420);
#5418 = CARTESIAN_POINT('',(-0.85,-0.175,0.35));
#5419 = DIRECTION('',(-1.144237745222E-17,-1.,0.));
#5420 = DIRECTION('',(0.,0.,1.));
#5421 = ADVANCED_FACE('',(#5422),#5500,.T.);
#5422 = FACE_BOUND('',#5423,.T.);
#5423 = EDGE_LOOP('',(#5424,#5425,#5426,#5427,#5435,#5444,#5452,#5460,
    #5468,#5477,#5485,#5494));
#5424 = ORIENTED_EDGE('',*,*,#4399,.F.);
#5425 = ORIENTED_EDGE('',*,*,#4377,.T.);
#5426 = ORIENTED_EDGE('',*,*,#5401,.T.);
#5427 = ORIENTED_EDGE('',*,*,#5428,.T.);
#5428 = EDGE_CURVE('',#5402,#5429,#5431,.T.);
#5429 = VERTEX_POINT('',#5430);
#5430 = CARTESIAN_POINT('',(-0.971430759818,0.175,0.206587955583));
#5431 = LINE('',#5432,#5433);
#5432 = CARTESIAN_POINT('',(-0.948480775301,0.175,0.367364817767));
#5433 = VECTOR('',#5434,1.);
#5434 = DIRECTION('',(-0.14131190243,1.616944126098E-18,-0.989965123745)
  );
#5435 = ORIENTED_EDGE('',*,*,#5436,.T.);
#5436 = EDGE_CURVE('',#5429,#5437,#5439,.T.);
#5437 = VERTEX_POINT('',#5438);
#5438 = CARTESIAN_POINT('',(-1.217632698071,0.175,5.551115123126E-17));
#5439 = CIRCLE('',#5440,0.25);
#5440 = AXIS2_PLACEMENT_3D('',#5441,#5442,#5443);
#5441 = CARTESIAN_POINT('',(-1.217632698071,0.175,0.25));
#5442 = DIRECTION('',(1.144237745222E-17,1.,3.851859888774E-34));
#5443 = DIRECTION('',(0.984807753012,-1.126854202784E-17,-0.173648177667
    ));
#5444 = ORIENTED_EDGE('',*,*,#5445,.T.);
#5445 = EDGE_CURVE('',#5437,#5446,#5448,.T.);
#5446 = VERTEX_POINT('',#5447);
#5447 = CARTESIAN_POINT('',(-1.4,0.175,5.551115123126E-17));
#5448 = LINE('',#5449,#5450);
#5449 = CARTESIAN_POINT('',(-1.217632698071,0.175,5.551115123126E-17));
#5450 = VECTOR('',#5451,1.);
#5451 = DIRECTION('',(-1.,1.144237745222E-17,0.));
#5452 = ORIENTED_EDGE('',*,*,#5453,.T.);
#5453 = EDGE_CURVE('',#5446,#5454,#5456,.T.);
#5454 = VERTEX_POINT('',#5455);
#5455 = CARTESIAN_POINT('',(-1.4,0.175,0.15));
#5456 = LINE('',#5457,#5458);
#5457 = CARTESIAN_POINT('',(-1.4,0.175,5.551115123126E-17));
#5458 = VECTOR('',#5459,1.);
#5459 = DIRECTION('',(0.,0.,1.));
#5460 = ORIENTED_EDGE('',*,*,#5461,.T.);
#5461 = EDGE_CURVE('',#5454,#5462,#5464,.T.);
#5462 = VERTEX_POINT('',#5463);
#5463 = CARTESIAN_POINT('',(-1.217632698071,0.175,0.15));
#5464 = LINE('',#5465,#5466);
#5465 = CARTESIAN_POINT('',(-1.4,0.175,0.15));
#5466 = VECTOR('',#5467,1.);
#5467 = DIRECTION('',(1.,-1.144237745222E-17,0.));
#5468 = ORIENTED_EDGE('',*,*,#5469,.T.);
#5469 = EDGE_CURVE('',#5462,#5470,#5472,.T.);
#5470 = VERTEX_POINT('',#5471);
#5471 = CARTESIAN_POINT('',(-1.11915192277,0.175,0.232635182233));
#5472 = CIRCLE('',#5473,0.1);
#5473 = AXIS2_PLACEMENT_3D('',#5474,#5475,#5476);
#5474 = CARTESIAN_POINT('',(-1.217632698071,0.175,0.25));
#5475 = DIRECTION('',(-1.144237745222E-17,-1.,1.094764425254E-47));
#5476 = DIRECTION('',(-2.22044604925E-15,2.540718180781E-32,-1.));
#5477 = ORIENTED_EDGE('',*,*,#5478,.T.);
#5478 = EDGE_CURVE('',#5470,#5479,#5481,.T.);
#5479 = VERTEX_POINT('',#5480);
#5480 = CARTESIAN_POINT('',(-1.096201938253,0.175,0.393412044417));
#5481 = LINE('',#5482,#5483);
#5482 = CARTESIAN_POINT('',(-1.11915192277,0.175,0.232635182233));
#5483 = VECTOR('',#5484,1.);
#5484 = DIRECTION('',(0.14131190243,-1.616944126098E-18,0.989965123745)
  );
#5485 = ORIENTED_EDGE('',*,*,#5486,.T.);
#5486 = EDGE_CURVE('',#5479,#5487,#5489,.T.);
#5487 = VERTEX_POINT('',#5488);
#5488 = CARTESIAN_POINT('',(-0.85,0.175,0.6));
#5489 = CIRCLE('',#5490,0.25);
#5490 = AXIS2_PLACEMENT_3D('',#5491,#5492,#5493);
#5491 = CARTESIAN_POINT('',(-0.85,0.175,0.35));
#5492 = DIRECTION('',(1.144237745222E-17,1.,0.));
#5493 = DIRECTION('',(-0.984807753012,1.126854202784E-17,0.173648177667)
  );
#5494 = ORIENTED_EDGE('',*,*,#5495,.T.);
#5495 = EDGE_CURVE('',#5487,#4400,#5496,.T.);
#5496 = LINE('',#5497,#5498);
#5497 = CARTESIAN_POINT('',(-0.85,0.175,0.6));
#5498 = VECTOR('',#5499,1.);
#5499 = DIRECTION('',(1.,-1.144237745222E-17,0.));
#5500 = PLANE('',#5501);
#5501 = AXIS2_PLACEMENT_3D('',#5502,#5503,#5504);
#5502 = CARTESIAN_POINT('',(-1.064349127789,0.175,0.282825311951));
#5503 = DIRECTION('',(1.144237745222E-17,1.,0.));
#5504 = DIRECTION('',(0.,-0.,1.));
#5505 = ADVANCED_FACE('',(#5506),#5517,.F.);
#5506 = FACE_BOUND('',#5507,.F.);
#5507 = EDGE_LOOP('',(#5508,#5509,#5510,#5511));
#5508 = ORIENTED_EDGE('',*,*,#4416,.T.);
#5509 = ORIENTED_EDGE('',*,*,#4774,.T.);
#5510 = ORIENTED_EDGE('',*,*,#4822,.F.);
#5511 = ORIENTED_EDGE('',*,*,#5512,.F.);
#5512 = EDGE_CURVE('',#4400,#4815,#5513,.T.);
#5513 = LINE('',#5514,#5515);
#5514 = CARTESIAN_POINT('',(-0.85,0.175,0.6));
#5515 = VECTOR('',#5516,1.);
#5516 = DIRECTION('',(1.,-1.144237745222E-17,0.));
#5517 = PLANE('',#5518);
#5518 = AXIS2_PLACEMENT_3D('',#5519,#5520,#5521);
#5519 = CARTESIAN_POINT('',(-2.091417030376E-16,1.4375,0.6));
#5520 = DIRECTION('',(2.888762391192E-17,8.634073551009E-28,-1.));
#5521 = DIRECTION('',(1.,1.51922136901E-16,2.888762391192E-17));
#5522 = ADVANCED_FACE('',(#5523),#5602,.F.);
#5523 = FACE_BOUND('',#5524,.F.);
#5524 = EDGE_LOOP('',(#5525,#5526,#5527,#5536,#5544,#5553,#5561,#5569,
    #5577,#5586,#5594,#5601));
#5525 = ORIENTED_EDGE('',*,*,#4408,.F.);
#5526 = ORIENTED_EDGE('',*,*,#4430,.T.);
#5527 = ORIENTED_EDGE('',*,*,#5528,.T.);
#5528 = EDGE_CURVE('',#4431,#5529,#5531,.T.);
#5529 = VERTEX_POINT('',#5530);
#5530 = CARTESIAN_POINT('',(-0.948480775301,0.775,0.367364817767));
#5531 = CIRCLE('',#5532,0.1);
#5532 = AXIS2_PLACEMENT_3D('',#5533,#5534,#5535);
#5533 = CARTESIAN_POINT('',(-0.85,0.775,0.35));
#5534 = DIRECTION('',(-1.144237745222E-17,-1.,0.));
#5535 = DIRECTION('',(0.,0.,1.));
#5536 = ORIENTED_EDGE('',*,*,#5537,.T.);
#5537 = EDGE_CURVE('',#5529,#5538,#5540,.T.);
#5538 = VERTEX_POINT('',#5539);
#5539 = CARTESIAN_POINT('',(-0.971430759818,0.775,0.206587955583));
#5540 = LINE('',#5541,#5542);
#5541 = CARTESIAN_POINT('',(-0.948480775301,0.775,0.367364817767));
#5542 = VECTOR('',#5543,1.);
#5543 = DIRECTION('',(-0.14131190243,1.616944126098E-18,-0.989965123745)
  );
#5544 = ORIENTED_EDGE('',*,*,#5545,.T.);
#5545 = EDGE_CURVE('',#5538,#5546,#5548,.T.);
#5546 = VERTEX_POINT('',#5547);
#5547 = CARTESIAN_POINT('',(-1.217632698071,0.775,5.551115123126E-17));
#5548 = CIRCLE('',#5549,0.25);
#5549 = AXIS2_PLACEMENT_3D('',#5550,#5551,#5552);
#5550 = CARTESIAN_POINT('',(-1.217632698071,0.775,0.25));
#5551 = DIRECTION('',(1.144237745222E-17,1.,3.851859888774E-34));
#5552 = DIRECTION('',(0.984807753012,-1.126854202784E-17,-0.173648177667
    ));
#5553 = ORIENTED_EDGE('',*,*,#5554,.T.);
#5554 = EDGE_CURVE('',#5546,#5555,#5557,.T.);
#5555 = VERTEX_POINT('',#5556);
#5556 = CARTESIAN_POINT('',(-1.4,0.775,5.551115123126E-17));
#5557 = LINE('',#5558,#5559);
#5558 = CARTESIAN_POINT('',(-1.217632698071,0.775,5.551115123126E-17));
#5559 = VECTOR('',#5560,1.);
#5560 = DIRECTION('',(-1.,1.144237745222E-17,0.));
#5561 = ORIENTED_EDGE('',*,*,#5562,.T.);
#5562 = EDGE_CURVE('',#5555,#5563,#5565,.T.);
#5563 = VERTEX_POINT('',#5564);
#5564 = CARTESIAN_POINT('',(-1.4,0.775,0.15));
#5565 = LINE('',#5566,#5567);
#5566 = CARTESIAN_POINT('',(-1.4,0.775,5.551115123126E-17));
#5567 = VECTOR('',#5568,1.);
#5568 = DIRECTION('',(0.,0.,1.));
#5569 = ORIENTED_EDGE('',*,*,#5570,.T.);
#5570 = EDGE_CURVE('',#5563,#5571,#5573,.T.);
#5571 = VERTEX_POINT('',#5572);
#5572 = CARTESIAN_POINT('',(-1.217632698071,0.775,0.15));
#5573 = LINE('',#5574,#5575);
#5574 = CARTESIAN_POINT('',(-1.4,0.775,0.15));
#5575 = VECTOR('',#5576,1.);
#5576 = DIRECTION('',(1.,-1.144237745222E-17,0.));
#5577 = ORIENTED_EDGE('',*,*,#5578,.T.);
#5578 = EDGE_CURVE('',#5571,#5579,#5581,.T.);
#5579 = VERTEX_POINT('',#5580);
#5580 = CARTESIAN_POINT('',(-1.11915192277,0.775,0.232635182233));
#5581 = CIRCLE('',#5582,0.1);
#5582 = AXIS2_PLACEMENT_3D('',#5583,#5584,#5585);
#5583 = CARTESIAN_POINT('',(-1.217632698071,0.775,0.25));
#5584 = DIRECTION('',(-1.144237745222E-17,-1.,1.094764425254E-47));
#5585 = DIRECTION('',(-2.22044604925E-15,2.540718180781E-32,-1.));
#5586 = ORIENTED_EDGE('',*,*,#5587,.T.);
#5587 = EDGE_CURVE('',#5579,#5588,#5590,.T.);
#5588 = VERTEX_POINT('',#5589);
#5589 = CARTESIAN_POINT('',(-1.096201938253,0.775,0.393412044417));
#5590 = LINE('',#5591,#5592);
#5591 = CARTESIAN_POINT('',(-1.11915192277,0.775,0.232635182233));
#5592 = VECTOR('',#5593,1.);
#5593 = DIRECTION('',(0.14131190243,-1.616944126098E-18,0.989965123745)
  );
#5594 = ORIENTED_EDGE('',*,*,#5595,.T.);
#5595 = EDGE_CURVE('',#5588,#4744,#5596,.T.);
#5596 = CIRCLE('',#5597,0.25);
#5597 = AXIS2_PLACEMENT_3D('',#5598,#5599,#5600);
#5598 = CARTESIAN_POINT('',(-0.85,0.775,0.35));
#5599 = DIRECTION('',(1.144237745222E-17,1.,0.));
#5600 = DIRECTION('',(-0.984807753012,1.126854202784E-17,0.173648177667)
  );
#5601 = ORIENTED_EDGE('',*,*,#4743,.T.);
#5602 = PLANE('',#5603);
#5603 = AXIS2_PLACEMENT_3D('',#5604,#5605,#5606);
#5604 = CARTESIAN_POINT('',(-1.064349127789,0.775,0.282825311951));
#5605 = DIRECTION('',(1.144237745222E-17,1.,0.));
#5606 = DIRECTION('',(0.,-0.,1.));
#5607 = ADVANCED_FACE('',(#5608),#5627,.F.);
#5608 = FACE_BOUND('',#5609,.F.);
#5609 = EDGE_LOOP('',(#5610,#5611,#5620,#5626));
#5610 = ORIENTED_EDGE('',*,*,#4447,.T.);
#5611 = ORIENTED_EDGE('',*,*,#5612,.T.);
#5612 = EDGE_CURVE('',#4440,#5613,#5615,.T.);
#5613 = VERTEX_POINT('',#5614);
#5614 = CARTESIAN_POINT('',(-0.948480775301,1.125,0.367364817767));
#5615 = CIRCLE('',#5616,0.1);
#5616 = AXIS2_PLACEMENT_3D('',#5617,#5618,#5619);
#5617 = CARTESIAN_POINT('',(-0.85,1.125,0.35));
#5618 = DIRECTION('',(-1.144237745222E-17,-1.,0.));
#5619 = DIRECTION('',(0.,0.,1.));
#5620 = ORIENTED_EDGE('',*,*,#5621,.F.);
#5621 = EDGE_CURVE('',#5529,#5613,#5622,.T.);
#5622 = LINE('',#5623,#5624);
#5623 = CARTESIAN_POINT('',(-0.948480775301,0.775,0.367364817767));
#5624 = VECTOR('',#5625,1.);
#5625 = DIRECTION('',(1.144237745222E-17,1.,0.));
#5626 = ORIENTED_EDGE('',*,*,#5528,.F.);
#5627 = CYLINDRICAL_SURFACE('',#5628,0.1);
#5628 = AXIS2_PLACEMENT_3D('',#5629,#5630,#5631);
#5629 = CARTESIAN_POINT('',(-0.85,0.775,0.35));
#5630 = DIRECTION('',(-1.144237745222E-17,-1.,0.));
#5631 = DIRECTION('',(0.,0.,1.));
#5632 = ADVANCED_FACE('',(#5633),#5704,.T.);
#5633 = FACE_BOUND('',#5634,.T.);
#5634 = EDGE_LOOP('',(#5635,#5636,#5637,#5638,#5646,#5655,#5663,#5671,
    #5679,#5688,#5696,#5703));
#5635 = ORIENTED_EDGE('',*,*,#4461,.F.);
#5636 = ORIENTED_EDGE('',*,*,#4439,.T.);
#5637 = ORIENTED_EDGE('',*,*,#5612,.T.);
#5638 = ORIENTED_EDGE('',*,*,#5639,.T.);
#5639 = EDGE_CURVE('',#5613,#5640,#5642,.T.);
#5640 = VERTEX_POINT('',#5641);
#5641 = CARTESIAN_POINT('',(-0.971430759818,1.125,0.206587955583));
#5642 = LINE('',#5643,#5644);
#5643 = CARTESIAN_POINT('',(-0.948480775301,1.125,0.367364817767));
#5644 = VECTOR('',#5645,1.);
#5645 = DIRECTION('',(-0.14131190243,1.616944126098E-18,-0.989965123745)
  );
#5646 = ORIENTED_EDGE('',*,*,#5647,.T.);
#5647 = EDGE_CURVE('',#5640,#5648,#5650,.T.);
#5648 = VERTEX_POINT('',#5649);
#5649 = CARTESIAN_POINT('',(-1.217632698071,1.125,5.551115123126E-17));
#5650 = CIRCLE('',#5651,0.25);
#5651 = AXIS2_PLACEMENT_3D('',#5652,#5653,#5654);
#5652 = CARTESIAN_POINT('',(-1.217632698071,1.125,0.25));
#5653 = DIRECTION('',(1.144237745222E-17,1.,3.851859888774E-34));
#5654 = DIRECTION('',(0.984807753012,-1.126854202784E-17,-0.173648177667
    ));
#5655 = ORIENTED_EDGE('',*,*,#5656,.T.);
#5656 = EDGE_CURVE('',#5648,#5657,#5659,.T.);
#5657 = VERTEX_POINT('',#5658);
#5658 = CARTESIAN_POINT('',(-1.4,1.125,5.551115123126E-17));
#5659 = LINE('',#5660,#5661);
#5660 = CARTESIAN_POINT('',(-1.217632698071,1.125,5.551115123126E-17));
#5661 = VECTOR('',#5662,1.);
#5662 = DIRECTION('',(-1.,1.144237745222E-17,0.));
#5663 = ORIENTED_EDGE('',*,*,#5664,.T.);
#5664 = EDGE_CURVE('',#5657,#5665,#5667,.T.);
#5665 = VERTEX_POINT('',#5666);
#5666 = CARTESIAN_POINT('',(-1.4,1.125,0.15));
#5667 = LINE('',#5668,#5669);
#5668 = CARTESIAN_POINT('',(-1.4,1.125,5.551115123126E-17));
#5669 = VECTOR('',#5670,1.);
#5670 = DIRECTION('',(0.,0.,1.));
#5671 = ORIENTED_EDGE('',*,*,#5672,.T.);
#5672 = EDGE_CURVE('',#5665,#5673,#5675,.T.);
#5673 = VERTEX_POINT('',#5674);
#5674 = CARTESIAN_POINT('',(-1.217632698071,1.125,0.15));
#5675 = LINE('',#5676,#5677);
#5676 = CARTESIAN_POINT('',(-1.4,1.125,0.15));
#5677 = VECTOR('',#5678,1.);
#5678 = DIRECTION('',(1.,-1.144237745222E-17,0.));
#5679 = ORIENTED_EDGE('',*,*,#5680,.T.);
#5680 = EDGE_CURVE('',#5673,#5681,#5683,.T.);
#5681 = VERTEX_POINT('',#5682);
#5682 = CARTESIAN_POINT('',(-1.11915192277,1.125,0.232635182233));
#5683 = CIRCLE('',#5684,0.1);
#5684 = AXIS2_PLACEMENT_3D('',#5685,#5686,#5687);
#5685 = CARTESIAN_POINT('',(-1.217632698071,1.125,0.25));
#5686 = DIRECTION('',(-1.144237745222E-17,-1.,1.094764425254E-47));
#5687 = DIRECTION('',(-2.22044604925E-15,2.540718180781E-32,-1.));
#5688 = ORIENTED_EDGE('',*,*,#5689,.T.);
#5689 = EDGE_CURVE('',#5681,#5690,#5692,.T.);
#5690 = VERTEX_POINT('',#5691);
#5691 = CARTESIAN_POINT('',(-1.096201938253,1.125,0.393412044417));
#5692 = LINE('',#5693,#5694);
#5693 = CARTESIAN_POINT('',(-1.11915192277,1.125,0.232635182233));
#5694 = VECTOR('',#5695,1.);
#5695 = DIRECTION('',(0.14131190243,-1.616944126098E-18,0.989965123745)
  );
#5696 = ORIENTED_EDGE('',*,*,#5697,.T.);
#5697 = EDGE_CURVE('',#5690,#4752,#5698,.T.);
#5698 = CIRCLE('',#5699,0.25);
#5699 = AXIS2_PLACEMENT_3D('',#5700,#5701,#5702);
#5700 = CARTESIAN_POINT('',(-0.85,1.125,0.35));
#5701 = DIRECTION('',(1.144237745222E-17,1.,0.));
#5702 = DIRECTION('',(-0.984807753012,1.126854202784E-17,0.173648177667)
  );
#5703 = ORIENTED_EDGE('',*,*,#4759,.T.);
#5704 = PLANE('',#5705);
#5705 = AXIS2_PLACEMENT_3D('',#5706,#5707,#5708);
#5706 = CARTESIAN_POINT('',(-1.064349127789,1.125,0.282825311951));
#5707 = DIRECTION('',(1.144237745222E-17,1.,0.));
#5708 = DIRECTION('',(0.,-0.,1.));
#5709 = ADVANCED_FACE('',(#5710),#5789,.F.);
#5710 = FACE_BOUND('',#5711,.F.);
#5711 = EDGE_LOOP('',(#5712,#5713,#5714,#5723,#5731,#5740,#5748,#5756,
    #5764,#5773,#5781,#5788));
#5712 = ORIENTED_EDGE('',*,*,#4480,.F.);
#5713 = ORIENTED_EDGE('',*,*,#4495,.T.);
#5714 = ORIENTED_EDGE('',*,*,#5715,.T.);
#5715 = EDGE_CURVE('',#4496,#5716,#5718,.T.);
#5716 = VERTEX_POINT('',#5717);
#5717 = CARTESIAN_POINT('',(0.948480775301,1.125,0.367364817767));
#5718 = CIRCLE('',#5719,0.1);
#5719 = AXIS2_PLACEMENT_3D('',#5720,#5721,#5722);
#5720 = CARTESIAN_POINT('',(0.85,1.125,0.35));
#5721 = DIRECTION('',(-1.110223024625E-16,1.,0.));
#5722 = DIRECTION('',(0.,0.,1.));
#5723 = ORIENTED_EDGE('',*,*,#5724,.T.);
#5724 = EDGE_CURVE('',#5716,#5725,#5727,.T.);
#5725 = VERTEX_POINT('',#5726);
#5726 = CARTESIAN_POINT('',(0.971430759818,1.125,0.206587955583));
#5727 = LINE('',#5728,#5729);
#5728 = CARTESIAN_POINT('',(0.948480775301,1.125,0.367364817767));
#5729 = VECTOR('',#5730,1.);
#5730 = DIRECTION('',(0.14131190243,1.568877277316E-17,-0.989965123745)
  );
#5731 = ORIENTED_EDGE('',*,*,#5732,.T.);
#5732 = EDGE_CURVE('',#5725,#5733,#5735,.T.);
#5733 = VERTEX_POINT('',#5734);
#5734 = CARTESIAN_POINT('',(1.217632698071,1.125,5.551115123126E-17));
#5735 = CIRCLE('',#5736,0.25);
#5736 = AXIS2_PLACEMENT_3D('',#5737,#5738,#5739);
#5737 = CARTESIAN_POINT('',(1.217632698071,1.125,0.25));
#5738 = DIRECTION('',(1.110223024625E-16,-1.,0.));
#5739 = DIRECTION('',(-0.984807753012,-1.093356242223E-16,
    -0.173648177667));
#5740 = ORIENTED_EDGE('',*,*,#5741,.T.);
#5741 = EDGE_CURVE('',#5733,#5742,#5744,.T.);
#5742 = VERTEX_POINT('',#5743);
#5743 = CARTESIAN_POINT('',(1.4,1.125,5.551115123126E-17));
#5744 = LINE('',#5745,#5746);
#5745 = CARTESIAN_POINT('',(1.217632698071,1.125,5.551115123126E-17));
#5746 = VECTOR('',#5747,1.);
#5747 = DIRECTION('',(1.,1.110223024625E-16,0.));
#5748 = ORIENTED_EDGE('',*,*,#5749,.T.);
#5749 = EDGE_CURVE('',#5742,#5750,#5752,.T.);
#5750 = VERTEX_POINT('',#5751);
#5751 = CARTESIAN_POINT('',(1.4,1.125,0.15));
#5752 = LINE('',#5753,#5754);
#5753 = CARTESIAN_POINT('',(1.4,1.125,5.551115123126E-17));
#5754 = VECTOR('',#5755,1.);
#5755 = DIRECTION('',(0.,0.,1.));
#5756 = ORIENTED_EDGE('',*,*,#5757,.T.);
#5757 = EDGE_CURVE('',#5750,#5758,#5760,.T.);
#5758 = VERTEX_POINT('',#5759);
#5759 = CARTESIAN_POINT('',(1.217632698071,1.125,0.15));
#5760 = LINE('',#5761,#5762);
#5761 = CARTESIAN_POINT('',(1.4,1.125,0.15));
#5762 = VECTOR('',#5763,1.);
#5763 = DIRECTION('',(-1.,-1.110223024625E-16,0.));
#5764 = ORIENTED_EDGE('',*,*,#5765,.T.);
#5765 = EDGE_CURVE('',#5758,#5766,#5768,.T.);
#5766 = VERTEX_POINT('',#5767);
#5767 = CARTESIAN_POINT('',(1.11915192277,1.125,0.232635182233));
#5768 = CIRCLE('',#5769,0.1);
#5769 = AXIS2_PLACEMENT_3D('',#5770,#5771,#5772);
#5770 = CARTESIAN_POINT('',(1.217632698071,1.125,0.25));
#5771 = DIRECTION('',(-1.110223024625E-16,1.,0.));
#5772 = DIRECTION('',(2.22044604925E-15,2.465190328815E-31,-1.));
#5773 = ORIENTED_EDGE('',*,*,#5774,.T.);
#5774 = EDGE_CURVE('',#5766,#5775,#5777,.T.);
#5775 = VERTEX_POINT('',#5776);
#5776 = CARTESIAN_POINT('',(1.096201938253,1.125,0.393412044417));
#5777 = LINE('',#5778,#5779);
#5778 = CARTESIAN_POINT('',(1.11915192277,1.125,0.232635182233));
#5779 = VECTOR('',#5780,1.);
#5780 = DIRECTION('',(-0.14131190243,-1.568877277316E-17,0.989965123745)
  );
#5781 = ORIENTED_EDGE('',*,*,#5782,.T.);
#5782 = EDGE_CURVE('',#5775,#4999,#5783,.T.);
#5783 = CIRCLE('',#5784,0.25);
#5784 = AXIS2_PLACEMENT_3D('',#5785,#5786,#5787);
#5785 = CARTESIAN_POINT('',(0.85,1.125,0.35));
#5786 = DIRECTION('',(1.110223024625E-16,-1.,0.));
#5787 = DIRECTION('',(0.984807753012,1.093356242223E-16,0.173648177667)
  );
#5788 = ORIENTED_EDGE('',*,*,#4998,.T.);
#5789 = PLANE('',#5790);
#5790 = AXIS2_PLACEMENT_3D('',#5791,#5792,#5793);
#5791 = CARTESIAN_POINT('',(1.064349127789,1.125,0.282825311951));
#5792 = DIRECTION('',(1.110223024625E-16,-1.,0.));
#5793 = DIRECTION('',(0.,0.,1.));
#5794 = ADVANCED_FACE('',(#5795),#5814,.F.);
#5795 = FACE_BOUND('',#5796,.F.);
#5796 = EDGE_LOOP('',(#5797,#5798,#5807,#5813));
#5797 = ORIENTED_EDGE('',*,*,#4512,.T.);
#5798 = ORIENTED_EDGE('',*,*,#5799,.T.);
#5799 = EDGE_CURVE('',#4505,#5800,#5802,.T.);
#5800 = VERTEX_POINT('',#5801);
#5801 = CARTESIAN_POINT('',(0.948480775301,0.775,0.367364817767));
#5802 = CIRCLE('',#5803,0.1);
#5803 = AXIS2_PLACEMENT_3D('',#5804,#5805,#5806);
#5804 = CARTESIAN_POINT('',(0.85,0.775,0.35));
#5805 = DIRECTION('',(-1.110223024625E-16,1.,0.));
#5806 = DIRECTION('',(0.,0.,1.));
#5807 = ORIENTED_EDGE('',*,*,#5808,.F.);
#5808 = EDGE_CURVE('',#5716,#5800,#5809,.T.);
#5809 = LINE('',#5810,#5811);
#5810 = CARTESIAN_POINT('',(0.948480775301,1.125,0.367364817767));
#5811 = VECTOR('',#5812,1.);
#5812 = DIRECTION('',(1.110223024625E-16,-1.,0.));
#5813 = ORIENTED_EDGE('',*,*,#5715,.F.);
#5814 = CYLINDRICAL_SURFACE('',#5815,0.1);
#5815 = AXIS2_PLACEMENT_3D('',#5816,#5817,#5818);
#5816 = CARTESIAN_POINT('',(0.85,1.125,0.35));
#5817 = DIRECTION('',(-1.110223024625E-16,1.,0.));
#5818 = DIRECTION('',(0.,0.,1.));
#5819 = ADVANCED_FACE('',(#5820),#5891,.T.);
#5820 = FACE_BOUND('',#5821,.T.);
#5821 = EDGE_LOOP('',(#5822,#5823,#5824,#5825,#5833,#5842,#5850,#5858,
    #5866,#5875,#5883,#5890));
#5822 = ORIENTED_EDGE('',*,*,#4526,.F.);
#5823 = ORIENTED_EDGE('',*,*,#4504,.T.);
#5824 = ORIENTED_EDGE('',*,*,#5799,.T.);
#5825 = ORIENTED_EDGE('',*,*,#5826,.T.);
#5826 = EDGE_CURVE('',#5800,#5827,#5829,.T.);
#5827 = VERTEX_POINT('',#5828);
#5828 = CARTESIAN_POINT('',(0.971430759818,0.775,0.206587955583));
#5829 = LINE('',#5830,#5831);
#5830 = CARTESIAN_POINT('',(0.948480775301,0.775,0.367364817767));
#5831 = VECTOR('',#5832,1.);
#5832 = DIRECTION('',(0.14131190243,1.568877277316E-17,-0.989965123745)
  );
#5833 = ORIENTED_EDGE('',*,*,#5834,.T.);
#5834 = EDGE_CURVE('',#5827,#5835,#5837,.T.);
#5835 = VERTEX_POINT('',#5836);
#5836 = CARTESIAN_POINT('',(1.217632698071,0.775,5.551115123126E-17));
#5837 = CIRCLE('',#5838,0.25);
#5838 = AXIS2_PLACEMENT_3D('',#5839,#5840,#5841);
#5839 = CARTESIAN_POINT('',(1.217632698071,0.775,0.25));
#5840 = DIRECTION('',(1.110223024625E-16,-1.,0.));
#5841 = DIRECTION('',(-0.984807753012,-1.093356242223E-16,
    -0.173648177667));
#5842 = ORIENTED_EDGE('',*,*,#5843,.T.);
#5843 = EDGE_CURVE('',#5835,#5844,#5846,.T.);
#5844 = VERTEX_POINT('',#5845);
#5845 = CARTESIAN_POINT('',(1.4,0.775,5.551115123126E-17));
#5846 = LINE('',#5847,#5848);
#5847 = CARTESIAN_POINT('',(1.217632698071,0.775,5.551115123126E-17));
#5848 = VECTOR('',#5849,1.);
#5849 = DIRECTION('',(1.,1.110223024625E-16,0.));
#5850 = ORIENTED_EDGE('',*,*,#5851,.T.);
#5851 = EDGE_CURVE('',#5844,#5852,#5854,.T.);
#5852 = VERTEX_POINT('',#5853);
#5853 = CARTESIAN_POINT('',(1.4,0.775,0.15));
#5854 = LINE('',#5855,#5856);
#5855 = CARTESIAN_POINT('',(1.4,0.775,5.551115123126E-17));
#5856 = VECTOR('',#5857,1.);
#5857 = DIRECTION('',(0.,0.,1.));
#5858 = ORIENTED_EDGE('',*,*,#5859,.T.);
#5859 = EDGE_CURVE('',#5852,#5860,#5862,.T.);
#5860 = VERTEX_POINT('',#5861);
#5861 = CARTESIAN_POINT('',(1.217632698071,0.775,0.15));
#5862 = LINE('',#5863,#5864);
#5863 = CARTESIAN_POINT('',(1.4,0.775,0.15));
#5864 = VECTOR('',#5865,1.);
#5865 = DIRECTION('',(-1.,-1.110223024625E-16,0.));
#5866 = ORIENTED_EDGE('',*,*,#5867,.T.);
#5867 = EDGE_CURVE('',#5860,#5868,#5870,.T.);
#5868 = VERTEX_POINT('',#5869);
#5869 = CARTESIAN_POINT('',(1.11915192277,0.775,0.232635182233));
#5870 = CIRCLE('',#5871,0.1);
#5871 = AXIS2_PLACEMENT_3D('',#5872,#5873,#5874);
#5872 = CARTESIAN_POINT('',(1.217632698071,0.775,0.25));
#5873 = DIRECTION('',(-1.110223024625E-16,1.,0.));
#5874 = DIRECTION('',(2.22044604925E-15,2.465190328815E-31,-1.));
#5875 = ORIENTED_EDGE('',*,*,#5876,.T.);
#5876 = EDGE_CURVE('',#5868,#5877,#5879,.T.);
#5877 = VERTEX_POINT('',#5878);
#5878 = CARTESIAN_POINT('',(1.096201938253,0.775,0.393412044417));
#5879 = LINE('',#5880,#5881);
#5880 = CARTESIAN_POINT('',(1.11915192277,0.775,0.232635182233));
#5881 = VECTOR('',#5882,1.);
#5882 = DIRECTION('',(-0.14131190243,-1.568877277316E-17,0.989965123745)
  );
#5883 = ORIENTED_EDGE('',*,*,#5884,.T.);
#5884 = EDGE_CURVE('',#5877,#5007,#5885,.T.);
#5885 = CIRCLE('',#5886,0.25);
#5886 = AXIS2_PLACEMENT_3D('',#5887,#5888,#5889);
#5887 = CARTESIAN_POINT('',(0.85,0.775,0.35));
#5888 = DIRECTION('',(1.110223024625E-16,-1.,0.));
#5889 = DIRECTION('',(0.984807753012,1.093356242223E-16,0.173648177667)
  );
#5890 = ORIENTED_EDGE('',*,*,#5014,.T.);
#5891 = PLANE('',#5892);
#5892 = AXIS2_PLACEMENT_3D('',#5893,#5894,#5895);
#5893 = CARTESIAN_POINT('',(1.064349127789,0.775,0.282825311951));
#5894 = DIRECTION('',(1.110223024625E-16,-1.,0.));
#5895 = DIRECTION('',(0.,0.,1.));
#5896 = ADVANCED_FACE('',(#5897),#5908,.F.);
#5897 = FACE_BOUND('',#5898,.F.);
#5898 = EDGE_LOOP('',(#5899,#5900,#5901,#5907));
#5899 = ORIENTED_EDGE('',*,*,#5020,.F.);
#5900 = ORIENTED_EDGE('',*,*,#4543,.T.);
#5901 = ORIENTED_EDGE('',*,*,#5902,.T.);
#5902 = EDGE_CURVE('',#4536,#4937,#5903,.T.);
#5903 = LINE('',#5904,#5905);
#5904 = CARTESIAN_POINT('',(0.85,0.175,0.6));
#5905 = VECTOR('',#5906,1.);
#5906 = DIRECTION('',(-1.,-1.110223024625E-16,0.));
#5907 = ORIENTED_EDGE('',*,*,#4936,.F.);
#5908 = PLANE('',#5909);
#5909 = AXIS2_PLACEMENT_3D('',#5910,#5911,#5912);
#5910 = CARTESIAN_POINT('',(-2.091417030376E-16,1.4375,0.6));
#5911 = DIRECTION('',(2.888762391192E-17,8.634073551009E-28,-1.));
#5912 = DIRECTION('',(1.,1.51922136901E-16,2.888762391192E-17));
#5913 = ADVANCED_FACE('',(#5914),#6000,.F.);
#5914 = FACE_BOUND('',#5915,.F.);
#5915 = EDGE_LOOP('',(#5916,#5917,#5918,#5927,#5935,#5944,#5952,#5960,
    #5968,#5977,#5985,#5994));
#5916 = ORIENTED_EDGE('',*,*,#4535,.F.);
#5917 = ORIENTED_EDGE('',*,*,#4557,.T.);
#5918 = ORIENTED_EDGE('',*,*,#5919,.T.);
#5919 = EDGE_CURVE('',#4558,#5920,#5922,.T.);
#5920 = VERTEX_POINT('',#5921);
#5921 = CARTESIAN_POINT('',(0.948480775301,0.175,0.367364817767));
#5922 = CIRCLE('',#5923,0.1);
#5923 = AXIS2_PLACEMENT_3D('',#5924,#5925,#5926);
#5924 = CARTESIAN_POINT('',(0.85,0.175,0.35));
#5925 = DIRECTION('',(-1.110223024625E-16,1.,0.));
#5926 = DIRECTION('',(0.,0.,1.));
#5927 = ORIENTED_EDGE('',*,*,#5928,.T.);
#5928 = EDGE_CURVE('',#5920,#5929,#5931,.T.);
#5929 = VERTEX_POINT('',#5930);
#5930 = CARTESIAN_POINT('',(0.971430759818,0.175,0.206587955583));
#5931 = LINE('',#5932,#5933);
#5932 = CARTESIAN_POINT('',(0.948480775301,0.175,0.367364817767));
#5933 = VECTOR('',#5934,1.);
#5934 = DIRECTION('',(0.14131190243,1.568877277316E-17,-0.989965123745)
  );
#5935 = ORIENTED_EDGE('',*,*,#5936,.T.);
#5936 = EDGE_CURVE('',#5929,#5937,#5939,.T.);
#5937 = VERTEX_POINT('',#5938);
#5938 = CARTESIAN_POINT('',(1.217632698071,0.175,5.551115123126E-17));
#5939 = CIRCLE('',#5940,0.25);
#5940 = AXIS2_PLACEMENT_3D('',#5941,#5942,#5943);
#5941 = CARTESIAN_POINT('',(1.217632698071,0.175,0.25));
#5942 = DIRECTION('',(1.110223024625E-16,-1.,0.));
#5943 = DIRECTION('',(-0.984807753012,-1.093356242223E-16,
    -0.173648177667));
#5944 = ORIENTED_EDGE('',*,*,#5945,.T.);
#5945 = EDGE_CURVE('',#5937,#5946,#5948,.T.);
#5946 = VERTEX_POINT('',#5947);
#5947 = CARTESIAN_POINT('',(1.4,0.175,5.551115123126E-17));
#5948 = LINE('',#5949,#5950);
#5949 = CARTESIAN_POINT('',(1.217632698071,0.175,5.551115123126E-17));
#5950 = VECTOR('',#5951,1.);
#5951 = DIRECTION('',(1.,1.110223024625E-16,0.));
#5952 = ORIENTED_EDGE('',*,*,#5953,.T.);
#5953 = EDGE_CURVE('',#5946,#5954,#5956,.T.);
#5954 = VERTEX_POINT('',#5955);
#5955 = CARTESIAN_POINT('',(1.4,0.175,0.15));
#5956 = LINE('',#5957,#5958);
#5957 = CARTESIAN_POINT('',(1.4,0.175,5.551115123126E-17));
#5958 = VECTOR('',#5959,1.);
#5959 = DIRECTION('',(0.,0.,1.));
#5960 = ORIENTED_EDGE('',*,*,#5961,.T.);
#5961 = EDGE_CURVE('',#5954,#5962,#5964,.T.);
#5962 = VERTEX_POINT('',#5963);
#5963 = CARTESIAN_POINT('',(1.217632698071,0.175,0.15));
#5964 = LINE('',#5965,#5966);
#5965 = CARTESIAN_POINT('',(1.4,0.175,0.15));
#5966 = VECTOR('',#5967,1.);
#5967 = DIRECTION('',(-1.,-1.110223024625E-16,0.));
#5968 = ORIENTED_EDGE('',*,*,#5969,.T.);
#5969 = EDGE_CURVE('',#5962,#5970,#5972,.T.);
#5970 = VERTEX_POINT('',#5971);
#5971 = CARTESIAN_POINT('',(1.11915192277,0.175,0.232635182233));
#5972 = CIRCLE('',#5973,0.1);
#5973 = AXIS2_PLACEMENT_3D('',#5974,#5975,#5976);
#5974 = CARTESIAN_POINT('',(1.217632698071,0.175,0.25));
#5975 = DIRECTION('',(-1.110223024625E-16,1.,0.));
#5976 = DIRECTION('',(2.22044604925E-15,2.465190328815E-31,-1.));
#5977 = ORIENTED_EDGE('',*,*,#5978,.T.);
#5978 = EDGE_CURVE('',#5970,#5979,#5981,.T.);
#5979 = VERTEX_POINT('',#5980);
#5980 = CARTESIAN_POINT('',(1.096201938253,0.175,0.393412044417));
#5981 = LINE('',#5982,#5983);
#5982 = CARTESIAN_POINT('',(1.11915192277,0.175,0.232635182233));
#5983 = VECTOR('',#5984,1.);
#5984 = DIRECTION('',(-0.14131190243,-1.568877277316E-17,0.989965123745)
  );
#5985 = ORIENTED_EDGE('',*,*,#5986,.T.);
#5986 = EDGE_CURVE('',#5979,#5987,#5989,.T.);
#5987 = VERTEX_POINT('',#5988);
#5988 = CARTESIAN_POINT('',(0.85,0.175,0.6));
#5989 = CIRCLE('',#5990,0.25);
#5990 = AXIS2_PLACEMENT_3D('',#5991,#5992,#5993);
#5991 = CARTESIAN_POINT('',(0.85,0.175,0.35));
#5992 = DIRECTION('',(1.110223024625E-16,-1.,0.));
#5993 = DIRECTION('',(0.984807753012,1.093356242223E-16,0.173648177667)
  );
#5994 = ORIENTED_EDGE('',*,*,#5995,.T.);
#5995 = EDGE_CURVE('',#5987,#4536,#5996,.T.);
#5996 = LINE('',#5997,#5998);
#5997 = CARTESIAN_POINT('',(0.85,0.175,0.6));
#5998 = VECTOR('',#5999,1.);
#5999 = DIRECTION('',(-1.,-1.110223024625E-16,0.));
#6000 = PLANE('',#6001);
#6001 = AXIS2_PLACEMENT_3D('',#6002,#6003,#6004);
#6002 = CARTESIAN_POINT('',(1.064349127789,0.175,0.282825311951));
#6003 = DIRECTION('',(1.110223024625E-16,-1.,0.));
#6004 = DIRECTION('',(0.,0.,1.));
#6005 = ADVANCED_FACE('',(#6006),#6025,.F.);
#6006 = FACE_BOUND('',#6007,.F.);
#6007 = EDGE_LOOP('',(#6008,#6009,#6018,#6024));
#6008 = ORIENTED_EDGE('',*,*,#4574,.T.);
#6009 = ORIENTED_EDGE('',*,*,#6010,.T.);
#6010 = EDGE_CURVE('',#4567,#6011,#6013,.T.);
#6011 = VERTEX_POINT('',#6012);
#6012 = CARTESIAN_POINT('',(0.948480775301,-0.175,0.367364817767));
#6013 = CIRCLE('',#6014,0.1);
#6014 = AXIS2_PLACEMENT_3D('',#6015,#6016,#6017);
#6015 = CARTESIAN_POINT('',(0.85,-0.175,0.35));
#6016 = DIRECTION('',(-1.110223024625E-16,1.,0.));
#6017 = DIRECTION('',(0.,0.,1.));
#6018 = ORIENTED_EDGE('',*,*,#6019,.F.);
#6019 = EDGE_CURVE('',#5920,#6011,#6020,.T.);
#6020 = LINE('',#6021,#6022);
#6021 = CARTESIAN_POINT('',(0.948480775301,0.175,0.367364817767));
#6022 = VECTOR('',#6023,1.);
#6023 = DIRECTION('',(1.110223024625E-16,-1.,0.));
#6024 = ORIENTED_EDGE('',*,*,#5919,.F.);
#6025 = CYLINDRICAL_SURFACE('',#6026,0.1);
#6026 = AXIS2_PLACEMENT_3D('',#6027,#6028,#6029);
#6027 = CARTESIAN_POINT('',(0.85,0.175,0.35));
#6028 = DIRECTION('',(-1.110223024625E-16,1.,0.));
#6029 = DIRECTION('',(0.,0.,1.));
#6030 = ADVANCED_FACE('',(#6031),#6109,.T.);
#6031 = FACE_BOUND('',#6032,.T.);
#6032 = EDGE_LOOP('',(#6033,#6034,#6035,#6036,#6044,#6053,#6061,#6069,
    #6077,#6086,#6094,#6103));
#6033 = ORIENTED_EDGE('',*,*,#4588,.F.);
#6034 = ORIENTED_EDGE('',*,*,#4566,.T.);
#6035 = ORIENTED_EDGE('',*,*,#6010,.T.);
#6036 = ORIENTED_EDGE('',*,*,#6037,.T.);
#6037 = EDGE_CURVE('',#6011,#6038,#6040,.T.);
#6038 = VERTEX_POINT('',#6039);
#6039 = CARTESIAN_POINT('',(0.971430759818,-0.175,0.206587955583));
#6040 = LINE('',#6041,#6042);
#6041 = CARTESIAN_POINT('',(0.948480775301,-0.175,0.367364817767));
#6042 = VECTOR('',#6043,1.);
#6043 = DIRECTION('',(0.14131190243,1.568877277316E-17,-0.989965123745)
  );
#6044 = ORIENTED_EDGE('',*,*,#6045,.T.);
#6045 = EDGE_CURVE('',#6038,#6046,#6048,.T.);
#6046 = VERTEX_POINT('',#6047);
#6047 = CARTESIAN_POINT('',(1.217632698071,-0.175,5.551115123126E-17));
#6048 = CIRCLE('',#6049,0.25);
#6049 = AXIS2_PLACEMENT_3D('',#6050,#6051,#6052);
#6050 = CARTESIAN_POINT('',(1.217632698071,-0.175,0.25));
#6051 = DIRECTION('',(1.110223024625E-16,-1.,0.));
#6052 = DIRECTION('',(-0.984807753012,-1.093356242223E-16,
    -0.173648177667));
#6053 = ORIENTED_EDGE('',*,*,#6054,.T.);
#6054 = EDGE_CURVE('',#6046,#6055,#6057,.T.);
#6055 = VERTEX_POINT('',#6056);
#6056 = CARTESIAN_POINT('',(1.4,-0.175,5.551115123126E-17));
#6057 = LINE('',#6058,#6059);
#6058 = CARTESIAN_POINT('',(1.217632698071,-0.175,5.551115123126E-17));
#6059 = VECTOR('',#6060,1.);
#6060 = DIRECTION('',(1.,1.110223024625E-16,0.));
#6061 = ORIENTED_EDGE('',*,*,#6062,.T.);
#6062 = EDGE_CURVE('',#6055,#6063,#6065,.T.);
#6063 = VERTEX_POINT('',#6064);
#6064 = CARTESIAN_POINT('',(1.4,-0.175,0.15));
#6065 = LINE('',#6066,#6067);
#6066 = CARTESIAN_POINT('',(1.4,-0.175,5.551115123126E-17));
#6067 = VECTOR('',#6068,1.);
#6068 = DIRECTION('',(0.,0.,1.));
#6069 = ORIENTED_EDGE('',*,*,#6070,.T.);
#6070 = EDGE_CURVE('',#6063,#6071,#6073,.T.);
#6071 = VERTEX_POINT('',#6072);
#6072 = CARTESIAN_POINT('',(1.217632698071,-0.175,0.15));
#6073 = LINE('',#6074,#6075);
#6074 = CARTESIAN_POINT('',(1.4,-0.175,0.15));
#6075 = VECTOR('',#6076,1.);
#6076 = DIRECTION('',(-1.,-1.110223024625E-16,0.));
#6077 = ORIENTED_EDGE('',*,*,#6078,.T.);
#6078 = EDGE_CURVE('',#6071,#6079,#6081,.T.);
#6079 = VERTEX_POINT('',#6080);
#6080 = CARTESIAN_POINT('',(1.11915192277,-0.175,0.232635182233));
#6081 = CIRCLE('',#6082,0.1);
#6082 = AXIS2_PLACEMENT_3D('',#6083,#6084,#6085);
#6083 = CARTESIAN_POINT('',(1.217632698071,-0.175,0.25));
#6084 = DIRECTION('',(-1.110223024625E-16,1.,0.));
#6085 = DIRECTION('',(2.22044604925E-15,2.465190328815E-31,-1.));
#6086 = ORIENTED_EDGE('',*,*,#6087,.T.);
#6087 = EDGE_CURVE('',#6079,#6088,#6090,.T.);
#6088 = VERTEX_POINT('',#6089);
#6089 = CARTESIAN_POINT('',(1.096201938253,-0.175,0.393412044417));
#6090 = LINE('',#6091,#6092);
#6091 = CARTESIAN_POINT('',(1.11915192277,-0.175,0.232635182233));
#6092 = VECTOR('',#6093,1.);
#6093 = DIRECTION('',(-0.14131190243,-1.568877277316E-17,0.989965123745)
  );
#6094 = ORIENTED_EDGE('',*,*,#6095,.T.);
#6095 = EDGE_CURVE('',#6088,#6096,#6098,.T.);
#6096 = VERTEX_POINT('',#6097);
#6097 = CARTESIAN_POINT('',(0.85,-0.175,0.6));
#6098 = CIRCLE('',#6099,0.25);
#6099 = AXIS2_PLACEMENT_3D('',#6100,#6101,#6102);
#6100 = CARTESIAN_POINT('',(0.85,-0.175,0.35));
#6101 = DIRECTION('',(1.110223024625E-16,-1.,0.));
#6102 = DIRECTION('',(0.984807753012,1.093356242223E-16,0.173648177667)
  );
#6103 = ORIENTED_EDGE('',*,*,#6104,.T.);
#6104 = EDGE_CURVE('',#6096,#4589,#6105,.T.);
#6105 = LINE('',#6106,#6107);
#6106 = CARTESIAN_POINT('',(0.85,-0.175,0.6));
#6107 = VECTOR('',#6108,1.);
#6108 = DIRECTION('',(-1.,-1.110223024625E-16,0.));
#6109 = PLANE('',#6110);
#6110 = AXIS2_PLACEMENT_3D('',#6111,#6112,#6113);
#6111 = CARTESIAN_POINT('',(1.064349127789,-0.175,0.282825311951));
#6112 = DIRECTION('',(1.110223024625E-16,-1.,0.));
#6113 = DIRECTION('',(0.,0.,1.));
#6114 = ADVANCED_FACE('',(#6115),#6131,.F.);
#6115 = FACE_BOUND('',#6116,.F.);
#6116 = EDGE_LOOP('',(#6117,#6123,#6124,#6130));
#6117 = ORIENTED_EDGE('',*,*,#6118,.F.);
#6118 = EDGE_CURVE('',#4589,#4945,#6119,.T.);
#6119 = LINE('',#6120,#6121);
#6120 = CARTESIAN_POINT('',(0.85,-0.175,0.6));
#6121 = VECTOR('',#6122,1.);
#6122 = DIRECTION('',(-1.,-1.110223024625E-16,0.));
#6123 = ORIENTED_EDGE('',*,*,#4605,.T.);
#6124 = ORIENTED_EDGE('',*,*,#6125,.T.);
#6125 = EDGE_CURVE('',#4598,#4953,#6126,.T.);
#6126 = LINE('',#6127,#6128);
#6127 = CARTESIAN_POINT('',(0.85,-0.775,0.6));
#6128 = VECTOR('',#6129,1.);
#6129 = DIRECTION('',(-1.,-1.110223024625E-16,0.));
#6130 = ORIENTED_EDGE('',*,*,#4952,.F.);
#6131 = PLANE('',#6132);
#6132 = AXIS2_PLACEMENT_3D('',#6133,#6134,#6135);
#6133 = CARTESIAN_POINT('',(-2.091417030376E-16,1.4375,0.6));
#6134 = DIRECTION('',(2.888762391192E-17,8.634073551009E-28,-1.));
#6135 = DIRECTION('',(1.,1.51922136901E-16,2.888762391192E-17));
#6136 = ADVANCED_FACE('',(#6137),#6223,.F.);
#6137 = FACE_BOUND('',#6138,.F.);
#6138 = EDGE_LOOP('',(#6139,#6140,#6141,#6150,#6158,#6167,#6175,#6183,
    #6191,#6200,#6208,#6217));
#6139 = ORIENTED_EDGE('',*,*,#4597,.F.);
#6140 = ORIENTED_EDGE('',*,*,#4619,.T.);
#6141 = ORIENTED_EDGE('',*,*,#6142,.T.);
#6142 = EDGE_CURVE('',#4620,#6143,#6145,.T.);
#6143 = VERTEX_POINT('',#6144);
#6144 = CARTESIAN_POINT('',(0.948480775301,-0.775,0.367364817767));
#6145 = CIRCLE('',#6146,0.1);
#6146 = AXIS2_PLACEMENT_3D('',#6147,#6148,#6149);
#6147 = CARTESIAN_POINT('',(0.85,-0.775,0.35));
#6148 = DIRECTION('',(-1.110223024625E-16,1.,0.));
#6149 = DIRECTION('',(0.,0.,1.));
#6150 = ORIENTED_EDGE('',*,*,#6151,.T.);
#6151 = EDGE_CURVE('',#6143,#6152,#6154,.T.);
#6152 = VERTEX_POINT('',#6153);
#6153 = CARTESIAN_POINT('',(0.971430759818,-0.775,0.206587955583));
#6154 = LINE('',#6155,#6156);
#6155 = CARTESIAN_POINT('',(0.948480775301,-0.775,0.367364817767));
#6156 = VECTOR('',#6157,1.);
#6157 = DIRECTION('',(0.14131190243,1.568877277316E-17,-0.989965123745)
  );
#6158 = ORIENTED_EDGE('',*,*,#6159,.T.);
#6159 = EDGE_CURVE('',#6152,#6160,#6162,.T.);
#6160 = VERTEX_POINT('',#6161);
#6161 = CARTESIAN_POINT('',(1.217632698071,-0.775,5.551115123126E-17));
#6162 = CIRCLE('',#6163,0.25);
#6163 = AXIS2_PLACEMENT_3D('',#6164,#6165,#6166);
#6164 = CARTESIAN_POINT('',(1.217632698071,-0.775,0.25));
#6165 = DIRECTION('',(1.110223024625E-16,-1.,0.));
#6166 = DIRECTION('',(-0.984807753012,-1.093356242223E-16,
    -0.173648177667));
#6167 = ORIENTED_EDGE('',*,*,#6168,.T.);
#6168 = EDGE_CURVE('',#6160,#6169,#6171,.T.);
#6169 = VERTEX_POINT('',#6170);
#6170 = CARTESIAN_POINT('',(1.4,-0.775,5.551115123126E-17));
#6171 = LINE('',#6172,#6173);
#6172 = CARTESIAN_POINT('',(1.217632698071,-0.775,5.551115123126E-17));
#6173 = VECTOR('',#6174,1.);
#6174 = DIRECTION('',(1.,1.110223024625E-16,0.));
#6175 = ORIENTED_EDGE('',*,*,#6176,.T.);
#6176 = EDGE_CURVE('',#6169,#6177,#6179,.T.);
#6177 = VERTEX_POINT('',#6178);
#6178 = CARTESIAN_POINT('',(1.4,-0.775,0.15));
#6179 = LINE('',#6180,#6181);
#6180 = CARTESIAN_POINT('',(1.4,-0.775,5.551115123126E-17));
#6181 = VECTOR('',#6182,1.);
#6182 = DIRECTION('',(0.,0.,1.));
#6183 = ORIENTED_EDGE('',*,*,#6184,.T.);
#6184 = EDGE_CURVE('',#6177,#6185,#6187,.T.);
#6185 = VERTEX_POINT('',#6186);
#6186 = CARTESIAN_POINT('',(1.217632698071,-0.775,0.15));
#6187 = LINE('',#6188,#6189);
#6188 = CARTESIAN_POINT('',(1.4,-0.775,0.15));
#6189 = VECTOR('',#6190,1.);
#6190 = DIRECTION('',(-1.,-1.110223024625E-16,0.));
#6191 = ORIENTED_EDGE('',*,*,#6192,.T.);
#6192 = EDGE_CURVE('',#6185,#6193,#6195,.T.);
#6193 = VERTEX_POINT('',#6194);
#6194 = CARTESIAN_POINT('',(1.11915192277,-0.775,0.232635182233));
#6195 = CIRCLE('',#6196,0.1);
#6196 = AXIS2_PLACEMENT_3D('',#6197,#6198,#6199);
#6197 = CARTESIAN_POINT('',(1.217632698071,-0.775,0.25));
#6198 = DIRECTION('',(-1.110223024625E-16,1.,0.));
#6199 = DIRECTION('',(2.22044604925E-15,2.465190328815E-31,-1.));
#6200 = ORIENTED_EDGE('',*,*,#6201,.T.);
#6201 = EDGE_CURVE('',#6193,#6202,#6204,.T.);
#6202 = VERTEX_POINT('',#6203);
#6203 = CARTESIAN_POINT('',(1.096201938253,-0.775,0.393412044417));
#6204 = LINE('',#6205,#6206);
#6205 = CARTESIAN_POINT('',(1.11915192277,-0.775,0.232635182233));
#6206 = VECTOR('',#6207,1.);
#6207 = DIRECTION('',(-0.14131190243,-1.568877277316E-17,0.989965123745)
  );
#6208 = ORIENTED_EDGE('',*,*,#6209,.T.);
#6209 = EDGE_CURVE('',#6202,#6210,#6212,.T.);
#6210 = VERTEX_POINT('',#6211);
#6211 = CARTESIAN_POINT('',(0.85,-0.775,0.6));
#6212 = CIRCLE('',#6213,0.25);
#6213 = AXIS2_PLACEMENT_3D('',#6214,#6215,#6216);
#6214 = CARTESIAN_POINT('',(0.85,-0.775,0.35));
#6215 = DIRECTION('',(1.110223024625E-16,-1.,0.));
#6216 = DIRECTION('',(0.984807753012,1.093356242223E-16,0.173648177667)
  );
#6217 = ORIENTED_EDGE('',*,*,#6218,.T.);
#6218 = EDGE_CURVE('',#6210,#4598,#6219,.T.);
#6219 = LINE('',#6220,#6221);
#6220 = CARTESIAN_POINT('',(0.85,-0.775,0.6));
#6221 = VECTOR('',#6222,1.);
#6222 = DIRECTION('',(-1.,-1.110223024625E-16,0.));
#6223 = PLANE('',#6224);
#6224 = AXIS2_PLACEMENT_3D('',#6225,#6226,#6227);
#6225 = CARTESIAN_POINT('',(1.064349127789,-0.775,0.282825311951));
#6226 = DIRECTION('',(1.110223024625E-16,-1.,0.));
#6227 = DIRECTION('',(0.,0.,1.));
#6228 = ADVANCED_FACE('',(#6229),#6248,.F.);
#6229 = FACE_BOUND('',#6230,.F.);
#6230 = EDGE_LOOP('',(#6231,#6232,#6241,#6247));
#6231 = ORIENTED_EDGE('',*,*,#4636,.T.);
#6232 = ORIENTED_EDGE('',*,*,#6233,.T.);
#6233 = EDGE_CURVE('',#4629,#6234,#6236,.T.);
#6234 = VERTEX_POINT('',#6235);
#6235 = CARTESIAN_POINT('',(0.948480775301,-1.125,0.367364817767));
#6236 = CIRCLE('',#6237,0.1);
#6237 = AXIS2_PLACEMENT_3D('',#6238,#6239,#6240);
#6238 = CARTESIAN_POINT('',(0.85,-1.125,0.35));
#6239 = DIRECTION('',(-1.110223024625E-16,1.,0.));
#6240 = DIRECTION('',(0.,0.,1.));
#6241 = ORIENTED_EDGE('',*,*,#6242,.F.);
#6242 = EDGE_CURVE('',#6143,#6234,#6243,.T.);
#6243 = LINE('',#6244,#6245);
#6244 = CARTESIAN_POINT('',(0.948480775301,-0.775,0.367364817767));
#6245 = VECTOR('',#6246,1.);
#6246 = DIRECTION('',(1.110223024625E-16,-1.,0.));
#6247 = ORIENTED_EDGE('',*,*,#6142,.F.);
#6248 = CYLINDRICAL_SURFACE('',#6249,0.1);
#6249 = AXIS2_PLACEMENT_3D('',#6250,#6251,#6252);
#6250 = CARTESIAN_POINT('',(0.85,-0.775,0.35));
#6251 = DIRECTION('',(-1.110223024625E-16,1.,0.));
#6252 = DIRECTION('',(0.,0.,1.));
#6253 = ADVANCED_FACE('',(#6254),#6332,.T.);
#6254 = FACE_BOUND('',#6255,.T.);
#6255 = EDGE_LOOP('',(#6256,#6257,#6258,#6259,#6267,#6276,#6284,#6292,
    #6300,#6309,#6317,#6326));
#6256 = ORIENTED_EDGE('',*,*,#4650,.F.);
#6257 = ORIENTED_EDGE('',*,*,#4628,.T.);
#6258 = ORIENTED_EDGE('',*,*,#6233,.T.);
#6259 = ORIENTED_EDGE('',*,*,#6260,.T.);
#6260 = EDGE_CURVE('',#6234,#6261,#6263,.T.);
#6261 = VERTEX_POINT('',#6262);
#6262 = CARTESIAN_POINT('',(0.971430759818,-1.125,0.206587955583));
#6263 = LINE('',#6264,#6265);
#6264 = CARTESIAN_POINT('',(0.948480775301,-1.125,0.367364817767));
#6265 = VECTOR('',#6266,1.);
#6266 = DIRECTION('',(0.14131190243,1.568877277316E-17,-0.989965123745)
  );
#6267 = ORIENTED_EDGE('',*,*,#6268,.T.);
#6268 = EDGE_CURVE('',#6261,#6269,#6271,.T.);
#6269 = VERTEX_POINT('',#6270);
#6270 = CARTESIAN_POINT('',(1.217632698071,-1.125,5.551115123126E-17));
#6271 = CIRCLE('',#6272,0.25);
#6272 = AXIS2_PLACEMENT_3D('',#6273,#6274,#6275);
#6273 = CARTESIAN_POINT('',(1.217632698071,-1.125,0.25));
#6274 = DIRECTION('',(1.110223024625E-16,-1.,0.));
#6275 = DIRECTION('',(-0.984807753012,-1.093356242223E-16,
    -0.173648177667));
#6276 = ORIENTED_EDGE('',*,*,#6277,.T.);
#6277 = EDGE_CURVE('',#6269,#6278,#6280,.T.);
#6278 = VERTEX_POINT('',#6279);
#6279 = CARTESIAN_POINT('',(1.4,-1.125,5.551115123126E-17));
#6280 = LINE('',#6281,#6282);
#6281 = CARTESIAN_POINT('',(1.217632698071,-1.125,5.551115123126E-17));
#6282 = VECTOR('',#6283,1.);
#6283 = DIRECTION('',(1.,1.110223024625E-16,0.));
#6284 = ORIENTED_EDGE('',*,*,#6285,.T.);
#6285 = EDGE_CURVE('',#6278,#6286,#6288,.T.);
#6286 = VERTEX_POINT('',#6287);
#6287 = CARTESIAN_POINT('',(1.4,-1.125,0.15));
#6288 = LINE('',#6289,#6290);
#6289 = CARTESIAN_POINT('',(1.4,-1.125,5.551115123126E-17));
#6290 = VECTOR('',#6291,1.);
#6291 = DIRECTION('',(0.,0.,1.));
#6292 = ORIENTED_EDGE('',*,*,#6293,.T.);
#6293 = EDGE_CURVE('',#6286,#6294,#6296,.T.);
#6294 = VERTEX_POINT('',#6295);
#6295 = CARTESIAN_POINT('',(1.217632698071,-1.125,0.15));
#6296 = LINE('',#6297,#6298);
#6297 = CARTESIAN_POINT('',(1.4,-1.125,0.15));
#6298 = VECTOR('',#6299,1.);
#6299 = DIRECTION('',(-1.,-1.110223024625E-16,0.));
#6300 = ORIENTED_EDGE('',*,*,#6301,.T.);
#6301 = EDGE_CURVE('',#6294,#6302,#6304,.T.);
#6302 = VERTEX_POINT('',#6303);
#6303 = CARTESIAN_POINT('',(1.11915192277,-1.125,0.232635182233));
#6304 = CIRCLE('',#6305,0.1);
#6305 = AXIS2_PLACEMENT_3D('',#6306,#6307,#6308);
#6306 = CARTESIAN_POINT('',(1.217632698071,-1.125,0.25));
#6307 = DIRECTION('',(-1.110223024625E-16,1.,0.));
#6308 = DIRECTION('',(2.22044604925E-15,2.465190328815E-31,-1.));
#6309 = ORIENTED_EDGE('',*,*,#6310,.T.);
#6310 = EDGE_CURVE('',#6302,#6311,#6313,.T.);
#6311 = VERTEX_POINT('',#6312);
#6312 = CARTESIAN_POINT('',(1.096201938253,-1.125,0.393412044417));
#6313 = LINE('',#6314,#6315);
#6314 = CARTESIAN_POINT('',(1.11915192277,-1.125,0.232635182233));
#6315 = VECTOR('',#6316,1.);
#6316 = DIRECTION('',(-0.14131190243,-1.568877277316E-17,0.989965123745)
  );
#6317 = ORIENTED_EDGE('',*,*,#6318,.T.);
#6318 = EDGE_CURVE('',#6311,#6319,#6321,.T.);
#6319 = VERTEX_POINT('',#6320);
#6320 = CARTESIAN_POINT('',(0.85,-1.125,0.6));
#6321 = CIRCLE('',#6322,0.25);
#6322 = AXIS2_PLACEMENT_3D('',#6323,#6324,#6325);
#6323 = CARTESIAN_POINT('',(0.85,-1.125,0.35));
#6324 = DIRECTION('',(1.110223024625E-16,-1.,0.));
#6325 = DIRECTION('',(0.984807753012,1.093356242223E-16,0.173648177667)
  );
#6326 = ORIENTED_EDGE('',*,*,#6327,.T.);
#6327 = EDGE_CURVE('',#6319,#4651,#6328,.T.);
#6328 = LINE('',#6329,#6330);
#6329 = CARTESIAN_POINT('',(0.85,-1.125,0.6));
#6330 = VECTOR('',#6331,1.);
#6331 = DIRECTION('',(-1.,-1.110223024625E-16,0.));
#6332 = PLANE('',#6333);
#6333 = AXIS2_PLACEMENT_3D('',#6334,#6335,#6336);
#6334 = CARTESIAN_POINT('',(1.064349127789,-1.125,0.282825311951));
#6335 = DIRECTION('',(1.110223024625E-16,-1.,0.));
#6336 = DIRECTION('',(0.,0.,1.));
#6337 = ADVANCED_FACE('',(#6338),#6349,.T.);
#6338 = FACE_BOUND('',#6339,.T.);
#6339 = EDGE_LOOP('',(#6340,#6341,#6342,#6343));
#6340 = ORIENTED_EDGE('',*,*,#5595,.T.);
#6341 = ORIENTED_EDGE('',*,*,#4751,.T.);
#6342 = ORIENTED_EDGE('',*,*,#5697,.F.);
#6343 = ORIENTED_EDGE('',*,*,#6344,.F.);
#6344 = EDGE_CURVE('',#5588,#5690,#6345,.T.);
#6345 = LINE('',#6346,#6347);
#6346 = CARTESIAN_POINT('',(-1.096201938253,0.775,0.393412044417));
#6347 = VECTOR('',#6348,1.);
#6348 = DIRECTION('',(1.144237745222E-17,1.,0.));
#6349 = CYLINDRICAL_SURFACE('',#6350,0.25);
#6350 = AXIS2_PLACEMENT_3D('',#6351,#6352,#6353);
#6351 = CARTESIAN_POINT('',(-0.85,0.775,0.35));
#6352 = DIRECTION('',(-1.144237745222E-17,-1.,0.));
#6353 = DIRECTION('',(-0.984807753012,1.126854202784E-17,0.173648177667)
  );
#6354 = ADVANCED_FACE('',(#6355),#6368,.F.);
#6355 = FACE_BOUND('',#6356,.F.);
#6356 = EDGE_LOOP('',(#6357,#6358,#6364,#6365,#6366,#6367));
#6357 = ORIENTED_EDGE('',*,*,#5163,.F.);
#6358 = ORIENTED_EDGE('',*,*,#6359,.T.);
#6359 = EDGE_CURVE('',#5155,#5264,#6360,.T.);
#6360 = LINE('',#6361,#6362);
#6361 = CARTESIAN_POINT('',(-0.85,-1.125,0.6));
#6362 = VECTOR('',#6363,1.);
#6363 = DIRECTION('',(1.144237745222E-17,1.,0.));
#6364 = ORIENTED_EDGE('',*,*,#5272,.T.);
#6365 = ORIENTED_EDGE('',*,*,#5294,.T.);
#6366 = ORIENTED_EDGE('',*,*,#4798,.F.);
#6367 = ORIENTED_EDGE('',*,*,#5037,.F.);
#6368 = PLANE('',#6369);
#6369 = AXIS2_PLACEMENT_3D('',#6370,#6371,#6372);
#6370 = CARTESIAN_POINT('',(-0.85,-1.125,0.6));
#6371 = DIRECTION('',(0.,0.,-1.));
#6372 = DIRECTION('',(1.,-1.144237745222E-17,0.));
#6373 = ADVANCED_FACE('',(#6374),#6387,.F.);
#6374 = FACE_BOUND('',#6375,.F.);
#6375 = EDGE_LOOP('',(#6376,#6377,#6383,#6384,#6385,#6386));
#6376 = ORIENTED_EDGE('',*,*,#5386,.F.);
#6377 = ORIENTED_EDGE('',*,*,#6378,.T.);
#6378 = EDGE_CURVE('',#5378,#5487,#6379,.T.);
#6379 = LINE('',#6380,#6381);
#6380 = CARTESIAN_POINT('',(-0.85,-0.175,0.6));
#6381 = VECTOR('',#6382,1.);
#6382 = DIRECTION('',(1.144237745222E-17,1.,0.));
#6383 = ORIENTED_EDGE('',*,*,#5495,.T.);
#6384 = ORIENTED_EDGE('',*,*,#5512,.T.);
#6385 = ORIENTED_EDGE('',*,*,#4814,.F.);
#6386 = ORIENTED_EDGE('',*,*,#5287,.F.);
#6387 = PLANE('',#6388);
#6388 = AXIS2_PLACEMENT_3D('',#6389,#6390,#6391);
#6389 = CARTESIAN_POINT('',(-0.85,-0.175,0.6));
#6390 = DIRECTION('',(0.,0.,-1.));
#6391 = DIRECTION('',(1.,-1.144237745222E-17,0.));
#6392 = ADVANCED_FACE('',(#6393,#6422),#6433,.T.);
#6393 = FACE_BOUND('',#6394,.T.);
#6394 = EDGE_LOOP('',(#6395,#6396,#6397,#6398,#6406,#6414,#6420,#6421));
#6395 = ORIENTED_EDGE('',*,*,#4889,.F.);
#6396 = ORIENTED_EDGE('',*,*,#4866,.F.);
#6397 = ORIENTED_EDGE('',*,*,#4837,.F.);
#6398 = ORIENTED_EDGE('',*,*,#6399,.F.);
#6399 = EDGE_CURVE('',#6400,#4838,#6402,.T.);
#6400 = VERTEX_POINT('',#6401);
#6401 = CARTESIAN_POINT('',(-0.667905353927,-1.375810707854,0.95));
#6402 = LINE('',#6403,#6404);
#6403 = CARTESIAN_POINT('',(-0.667905353927,-1.375810707854,0.95));
#6404 = VECTOR('',#6405,1.);
#6405 = DIRECTION('',(-0.707106781187,0.707106781187,0.));
#6406 = ORIENTED_EDGE('',*,*,#6407,.F.);
#6407 = EDGE_CURVE('',#6408,#6400,#6410,.T.);
#6408 = VERTEX_POINT('',#6409);
#6409 = CARTESIAN_POINT('',(0.667905353927,-1.375810707854,0.95));
#6410 = LINE('',#6411,#6412);
#6411 = CARTESIAN_POINT('',(0.667905353927,-1.375810707854,0.95));
#6412 = VECTOR('',#6413,1.);
#6413 = DIRECTION('',(-1.,-1.110223024625E-16,0.));
#6414 = ORIENTED_EDGE('',*,*,#6415,.F.);
#6415 = EDGE_CURVE('',#4977,#6408,#6416,.T.);
#6416 = LINE('',#6417,#6418);
#6417 = CARTESIAN_POINT('',(0.725810707854,-1.317905353927,0.95));
#6418 = VECTOR('',#6419,1.);
#6419 = DIRECTION('',(-0.707106781187,-0.707106781187,0.));
#6420 = ORIENTED_EDGE('',*,*,#4983,.F.);
#6421 = ORIENTED_EDGE('',*,*,#4912,.F.);
#6422 = FACE_BOUND('',#6423,.T.);
#6423 = EDGE_LOOP('',(#6424));
#6424 = ORIENTED_EDGE('',*,*,#6425,.T.);
#6425 = EDGE_CURVE('',#6426,#6426,#6428,.T.);
#6426 = VERTEX_POINT('',#6427);
#6427 = CARTESIAN_POINT('',(-0.375810707854,0.900810707854,0.95));
#6428 = CIRCLE('',#6429,0.125);
#6429 = AXIS2_PLACEMENT_3D('',#6430,#6431,#6432);
#6430 = CARTESIAN_POINT('',(-0.375810707854,1.025810707854,0.95));
#6431 = DIRECTION('',(0.,-0.,-1.));
#6432 = DIRECTION('',(1.110223024625E-16,-1.,0.));
#6433 = PLANE('',#6434);
#6434 = AXIS2_PLACEMENT_3D('',#6435,#6436,#6437);
#6435 = CARTESIAN_POINT('',(-0.667905353927,1.375810707854,0.95));
#6436 = DIRECTION('',(0.,0.,1.));
#6437 = DIRECTION('',(0.436721133329,-0.89959693847,0.));
#6438 = ADVANCED_FACE('',(#6439),#6449,.F.);
#6439 = FACE_BOUND('',#6440,.F.);
#6440 = EDGE_LOOP('',(#6441,#6442,#6443,#6444));
#6441 = ORIENTED_EDGE('',*,*,#5044,.T.);
#6442 = ORIENTED_EDGE('',*,*,#4845,.T.);
#6443 = ORIENTED_EDGE('',*,*,#6399,.F.);
#6444 = ORIENTED_EDGE('',*,*,#6445,.F.);
#6445 = EDGE_CURVE('',#5045,#6400,#6446,.T.);
#6446 = B_SPLINE_CURVE_WITH_KNOTS('',1,(#6447,#6448),.UNSPECIFIED.,.F.,
  .F.,(2,2),(0.,1.),.PIECEWISE_BEZIER_KNOTS.);
#6447 = CARTESIAN_POINT('',(-0.6925,-1.425,0.6));
#6448 = CARTESIAN_POINT('',(-0.667905353927,-1.375810707854,0.95));
#6449 = B_SPLINE_SURFACE_WITH_KNOTS('',1,1,(
    (#6450,#6451)
    ,(#6452,#6453
    )),.UNSPECIFIED.,.F.,.F.,.F.,(2,2),(2,2),(0.,0.116672618896),(0.,1.)
  ,.PIECEWISE_BEZIER_KNOTS.);
#6450 = CARTESIAN_POINT('',(-0.6925,-1.425,0.6));
#6451 = CARTESIAN_POINT('',(-0.667905353927,-1.375810707854,0.95));
#6452 = CARTESIAN_POINT('',(-0.775,-1.3425,0.6));
#6453 = CARTESIAN_POINT('',(-0.725810707854,-1.317905353927,0.95));
#6454 = ADVANCED_FACE('',(#6455),#6468,.F.);
#6455 = FACE_BOUND('',#6456,.F.);
#6456 = EDGE_LOOP('',(#6457,#6458,#6464,#6465,#6466,#6467));
#6457 = ORIENTED_EDGE('',*,*,#5995,.F.);
#6458 = ORIENTED_EDGE('',*,*,#6459,.T.);
#6459 = EDGE_CURVE('',#5987,#6096,#6460,.T.);
#6460 = LINE('',#6461,#6462);
#6461 = CARTESIAN_POINT('',(0.85,0.175,0.6));
#6462 = VECTOR('',#6463,1.);
#6463 = DIRECTION('',(1.110223024625E-16,-1.,0.));
#6464 = ORIENTED_EDGE('',*,*,#6104,.T.);
#6465 = ORIENTED_EDGE('',*,*,#6118,.T.);
#6466 = ORIENTED_EDGE('',*,*,#4944,.F.);
#6467 = ORIENTED_EDGE('',*,*,#5902,.F.);
#6468 = PLANE('',#6469);
#6469 = AXIS2_PLACEMENT_3D('',#6470,#6471,#6472);
#6470 = CARTESIAN_POINT('',(0.85,0.175,0.6));
#6471 = DIRECTION('',(0.,0.,-1.));
#6472 = DIRECTION('',(-1.,-1.110223024625E-16,-0.));
#6473 = ADVANCED_FACE('',(#6474),#6487,.F.);
#6474 = FACE_BOUND('',#6475,.F.);
#6475 = EDGE_LOOP('',(#6476,#6477,#6483,#6484,#6485,#6486));
#6476 = ORIENTED_EDGE('',*,*,#6218,.F.);
#6477 = ORIENTED_EDGE('',*,*,#6478,.T.);
#6478 = EDGE_CURVE('',#6210,#6319,#6479,.T.);
#6479 = LINE('',#6480,#6481);
#6480 = CARTESIAN_POINT('',(0.85,-0.775,0.6));
#6481 = VECTOR('',#6482,1.);
#6482 = DIRECTION('',(1.110223024625E-16,-1.,0.));
#6483 = ORIENTED_EDGE('',*,*,#6327,.T.);
#6484 = ORIENTED_EDGE('',*,*,#5067,.T.);
#6485 = ORIENTED_EDGE('',*,*,#4960,.F.);
#6486 = ORIENTED_EDGE('',*,*,#6125,.F.);
#6487 = PLANE('',#6488);
#6488 = AXIS2_PLACEMENT_3D('',#6489,#6490,#6491);
#6489 = CARTESIAN_POINT('',(0.85,-0.775,0.6));
#6490 = DIRECTION('',(0.,0.,-1.));
#6491 = DIRECTION('',(-1.,-1.110223024625E-16,-0.));
#6492 = ADVANCED_FACE('',(#6493),#6503,.F.);
#6493 = FACE_BOUND('',#6494,.F.);
#6494 = EDGE_LOOP('',(#6495,#6496,#6501,#6502));
#6495 = ORIENTED_EDGE('',*,*,#5060,.T.);
#6496 = ORIENTED_EDGE('',*,*,#6497,.T.);
#6497 = EDGE_CURVE('',#5053,#6408,#6498,.T.);
#6498 = B_SPLINE_CURVE_WITH_KNOTS('',1,(#6499,#6500),.UNSPECIFIED.,.F.,
  .F.,(2,2),(0.,1.),.PIECEWISE_BEZIER_KNOTS.);
#6499 = CARTESIAN_POINT('',(0.6925,-1.425,0.6));
#6500 = CARTESIAN_POINT('',(0.667905353927,-1.375810707854,0.95));
#6501 = ORIENTED_EDGE('',*,*,#6415,.F.);
#6502 = ORIENTED_EDGE('',*,*,#4976,.F.);
#6503 = B_SPLINE_SURFACE_WITH_KNOTS('',1,1,(
    (#6504,#6505)
    ,(#6506,#6507
    )),.UNSPECIFIED.,.F.,.F.,.F.,(2,2),(2,2),(0.,0.116672618896),(0.,1.)
  ,.PIECEWISE_BEZIER_KNOTS.);
#6504 = CARTESIAN_POINT('',(0.775,-1.3425,0.6));
#6505 = CARTESIAN_POINT('',(0.725810707854,-1.317905353927,0.95));
#6506 = CARTESIAN_POINT('',(0.6925,-1.425,0.6));
#6507 = CARTESIAN_POINT('',(0.667905353927,-1.375810707854,0.95));
#6508 = ADVANCED_FACE('',(#6509),#6520,.T.);
#6509 = FACE_BOUND('',#6510,.T.);
#6510 = EDGE_LOOP('',(#6511,#6512,#6513,#6514));
#6511 = ORIENTED_EDGE('',*,*,#5782,.T.);
#6512 = ORIENTED_EDGE('',*,*,#5006,.T.);
#6513 = ORIENTED_EDGE('',*,*,#5884,.F.);
#6514 = ORIENTED_EDGE('',*,*,#6515,.F.);
#6515 = EDGE_CURVE('',#5775,#5877,#6516,.T.);
#6516 = LINE('',#6517,#6518);
#6517 = CARTESIAN_POINT('',(1.096201938253,1.125,0.393412044417));
#6518 = VECTOR('',#6519,1.);
#6519 = DIRECTION('',(1.110223024625E-16,-1.,0.));
#6520 = CYLINDRICAL_SURFACE('',#6521,0.25);
#6521 = AXIS2_PLACEMENT_3D('',#6522,#6523,#6524);
#6522 = CARTESIAN_POINT('',(0.85,1.125,0.35));
#6523 = DIRECTION('',(-1.110223024625E-16,1.,0.));
#6524 = DIRECTION('',(0.984807753012,1.093356242223E-16,0.173648177667)
  );
#6525 = ADVANCED_FACE('',(#6526),#6532,.F.);
#6526 = FACE_BOUND('',#6527,.F.);
#6527 = EDGE_LOOP('',(#6528,#6529,#6530,#6531));
#6528 = ORIENTED_EDGE('',*,*,#5052,.T.);
#6529 = ORIENTED_EDGE('',*,*,#6445,.T.);
#6530 = ORIENTED_EDGE('',*,*,#6407,.F.);
#6531 = ORIENTED_EDGE('',*,*,#6497,.F.);
#6532 = B_SPLINE_SURFACE_WITH_KNOTS('',1,1,(
    (#6533,#6534)
    ,(#6535,#6536
    )),.UNSPECIFIED.,.F.,.F.,.F.,(2,2),(2,2),(0.,1.385),(0.,1.),
  .PIECEWISE_BEZIER_KNOTS.);
#6533 = CARTESIAN_POINT('',(0.6925,-1.425,0.6));
#6534 = CARTESIAN_POINT('',(0.667905353927,-1.375810707854,0.95));
#6535 = CARTESIAN_POINT('',(-0.6925,-1.425,0.6));
#6536 = CARTESIAN_POINT('',(-0.667905353927,-1.375810707854,0.95));
#6537 = ADVANCED_FACE('',(#6538),#6549,.T.);
#6538 = FACE_BOUND('',#6539,.T.);
#6539 = EDGE_LOOP('',(#6540,#6541,#6542,#6543));
#6540 = ORIENTED_EDGE('',*,*,#5154,.T.);
#6541 = ORIENTED_EDGE('',*,*,#6359,.T.);
#6542 = ORIENTED_EDGE('',*,*,#5263,.F.);
#6543 = ORIENTED_EDGE('',*,*,#6544,.F.);
#6544 = EDGE_CURVE('',#5147,#5256,#6545,.T.);
#6545 = LINE('',#6546,#6547);
#6546 = CARTESIAN_POINT('',(-1.096201938253,-1.125,0.393412044417));
#6547 = VECTOR('',#6548,1.);
#6548 = DIRECTION('',(1.144237745222E-17,1.,0.));
#6549 = CYLINDRICAL_SURFACE('',#6550,0.25);
#6550 = AXIS2_PLACEMENT_3D('',#6551,#6552,#6553);
#6551 = CARTESIAN_POINT('',(-0.85,-1.125,0.35));
#6552 = DIRECTION('',(-1.144237745222E-17,-1.,0.));
#6553 = DIRECTION('',(-0.984807753012,1.126854202784E-17,0.173648177667)
  );
#6554 = ADVANCED_FACE('',(#6555),#6566,.F.);
#6555 = FACE_BOUND('',#6556,.F.);
#6556 = EDGE_LOOP('',(#6557,#6563,#6564,#6565));
#6557 = ORIENTED_EDGE('',*,*,#6558,.T.);
#6558 = EDGE_CURVE('',#5138,#5247,#6559,.T.);
#6559 = LINE('',#6560,#6561);
#6560 = CARTESIAN_POINT('',(-1.11915192277,-1.125,0.232635182233));
#6561 = VECTOR('',#6562,1.);
#6562 = DIRECTION('',(1.144237745222E-17,1.,0.));
#6563 = ORIENTED_EDGE('',*,*,#5255,.T.);
#6564 = ORIENTED_EDGE('',*,*,#6544,.F.);
#6565 = ORIENTED_EDGE('',*,*,#5146,.F.);
#6566 = PLANE('',#6567);
#6567 = AXIS2_PLACEMENT_3D('',#6568,#6569,#6570);
#6568 = CARTESIAN_POINT('',(-1.11915192277,-1.125,0.232635182233));
#6569 = DIRECTION('',(0.989965123745,-1.132755461042E-17,-0.14131190243)
  );
#6570 = DIRECTION('',(0.14131190243,-1.616944126098E-18,0.989965123745)
  );
#6571 = ADVANCED_FACE('',(#6572),#6583,.F.);
#6572 = FACE_BOUND('',#6573,.F.);
#6573 = EDGE_LOOP('',(#6574,#6580,#6581,#6582));
#6574 = ORIENTED_EDGE('',*,*,#6575,.T.);
#6575 = EDGE_CURVE('',#5130,#5239,#6576,.T.);
#6576 = LINE('',#6577,#6578);
#6577 = CARTESIAN_POINT('',(-1.217632698071,-1.125,0.15));
#6578 = VECTOR('',#6579,1.);
#6579 = DIRECTION('',(1.144237745222E-17,1.,0.));
#6580 = ORIENTED_EDGE('',*,*,#5246,.T.);
#6581 = ORIENTED_EDGE('',*,*,#6558,.F.);
#6582 = ORIENTED_EDGE('',*,*,#5137,.F.);
#6583 = CYLINDRICAL_SURFACE('',#6584,0.1);
#6584 = AXIS2_PLACEMENT_3D('',#6585,#6586,#6587);
#6585 = CARTESIAN_POINT('',(-1.217632698071,-1.125,0.25));
#6586 = DIRECTION('',(-1.144237745222E-17,-1.,0.));
#6587 = DIRECTION('',(-2.22044604925E-15,2.540718180781E-32,-1.));
#6588 = ADVANCED_FACE('',(#6589),#6600,.F.);
#6589 = FACE_BOUND('',#6590,.F.);
#6590 = EDGE_LOOP('',(#6591,#6597,#6598,#6599));
#6591 = ORIENTED_EDGE('',*,*,#6592,.T.);
#6592 = EDGE_CURVE('',#5122,#5231,#6593,.T.);
#6593 = LINE('',#6594,#6595);
#6594 = CARTESIAN_POINT('',(-1.4,-1.125,0.15));
#6595 = VECTOR('',#6596,1.);
#6596 = DIRECTION('',(1.144237745222E-17,1.,0.));
#6597 = ORIENTED_EDGE('',*,*,#5238,.T.);
#6598 = ORIENTED_EDGE('',*,*,#6575,.F.);
#6599 = ORIENTED_EDGE('',*,*,#5129,.F.);
#6600 = PLANE('',#6601);
#6601 = AXIS2_PLACEMENT_3D('',#6602,#6603,#6604);
#6602 = CARTESIAN_POINT('',(-1.4,-1.125,0.15));
#6603 = DIRECTION('',(0.,0.,-1.));
#6604 = DIRECTION('',(1.,-1.144237745222E-17,0.));
#6605 = ADVANCED_FACE('',(#6606),#6617,.F.);
#6606 = FACE_BOUND('',#6607,.F.);
#6607 = EDGE_LOOP('',(#6608,#6614,#6615,#6616));
#6608 = ORIENTED_EDGE('',*,*,#6609,.T.);
#6609 = EDGE_CURVE('',#5114,#5223,#6610,.T.);
#6610 = LINE('',#6611,#6612);
#6611 = CARTESIAN_POINT('',(-1.4,-1.125,5.551115123126E-17));
#6612 = VECTOR('',#6613,1.);
#6613 = DIRECTION('',(1.144237745222E-17,1.,0.));
#6614 = ORIENTED_EDGE('',*,*,#5230,.T.);
#6615 = ORIENTED_EDGE('',*,*,#6592,.F.);
#6616 = ORIENTED_EDGE('',*,*,#5121,.F.);
#6617 = PLANE('',#6618);
#6618 = AXIS2_PLACEMENT_3D('',#6619,#6620,#6621);
#6619 = CARTESIAN_POINT('',(-1.4,-1.125,5.551115123126E-17));
#6620 = DIRECTION('',(1.,-1.144237745222E-17,0.));
#6621 = DIRECTION('',(0.,0.,1.));
#6622 = ADVANCED_FACE('',(#6623),#6634,.F.);
#6623 = FACE_BOUND('',#6624,.F.);
#6624 = EDGE_LOOP('',(#6625,#6631,#6632,#6633));
#6625 = ORIENTED_EDGE('',*,*,#6626,.T.);
#6626 = EDGE_CURVE('',#5105,#5214,#6627,.T.);
#6627 = LINE('',#6628,#6629);
#6628 = CARTESIAN_POINT('',(-1.217632698071,-1.125,5.551115123126E-17));
#6629 = VECTOR('',#6630,1.);
#6630 = DIRECTION('',(1.144237745222E-17,1.,0.));
#6631 = ORIENTED_EDGE('',*,*,#5222,.T.);
#6632 = ORIENTED_EDGE('',*,*,#6609,.F.);
#6633 = ORIENTED_EDGE('',*,*,#5113,.F.);
#6634 = PLANE('',#6635);
#6635 = AXIS2_PLACEMENT_3D('',#6636,#6637,#6638);
#6636 = CARTESIAN_POINT('',(-1.217632698071,-1.125,5.551115123126E-17));
#6637 = DIRECTION('',(0.,0.,1.));
#6638 = DIRECTION('',(-1.,1.144237745222E-17,0.));
#6639 = ADVANCED_FACE('',(#6640),#6651,.T.);
#6640 = FACE_BOUND('',#6641,.T.);
#6641 = EDGE_LOOP('',(#6642,#6643,#6644,#6645));
#6642 = ORIENTED_EDGE('',*,*,#5104,.T.);
#6643 = ORIENTED_EDGE('',*,*,#6626,.T.);
#6644 = ORIENTED_EDGE('',*,*,#5213,.F.);
#6645 = ORIENTED_EDGE('',*,*,#6646,.F.);
#6646 = EDGE_CURVE('',#5097,#5206,#6647,.T.);
#6647 = LINE('',#6648,#6649);
#6648 = CARTESIAN_POINT('',(-0.971430759818,-1.125,0.206587955583));
#6649 = VECTOR('',#6650,1.);
#6650 = DIRECTION('',(1.144237745222E-17,1.,0.));
#6651 = CYLINDRICAL_SURFACE('',#6652,0.25);
#6652 = AXIS2_PLACEMENT_3D('',#6653,#6654,#6655);
#6653 = CARTESIAN_POINT('',(-1.217632698071,-1.125,0.25));
#6654 = DIRECTION('',(-1.144237745222E-17,-1.,0.));
#6655 = DIRECTION('',(0.984807753012,-1.126854202784E-17,-0.173648177667
    ));
#6656 = ADVANCED_FACE('',(#6657),#6663,.F.);
#6657 = FACE_BOUND('',#6658,.F.);
#6658 = EDGE_LOOP('',(#6659,#6660,#6661,#6662));
#6659 = ORIENTED_EDGE('',*,*,#5187,.T.);
#6660 = ORIENTED_EDGE('',*,*,#5205,.T.);
#6661 = ORIENTED_EDGE('',*,*,#6646,.F.);
#6662 = ORIENTED_EDGE('',*,*,#5096,.F.);
#6663 = PLANE('',#6664);
#6664 = AXIS2_PLACEMENT_3D('',#6665,#6666,#6667);
#6665 = CARTESIAN_POINT('',(-0.948480775301,-1.125,0.367364817767));
#6666 = DIRECTION('',(-0.989965123745,1.132755461042E-17,0.14131190243)
  );
#6667 = DIRECTION('',(-0.14131190243,1.616944126098E-18,-0.989965123745)
  );
#6668 = ADVANCED_FACE('',(#6669),#6680,.T.);
#6669 = FACE_BOUND('',#6670,.T.);
#6670 = EDGE_LOOP('',(#6671,#6672,#6673,#6674));
#6671 = ORIENTED_EDGE('',*,*,#5377,.T.);
#6672 = ORIENTED_EDGE('',*,*,#6378,.T.);
#6673 = ORIENTED_EDGE('',*,*,#5486,.F.);
#6674 = ORIENTED_EDGE('',*,*,#6675,.F.);
#6675 = EDGE_CURVE('',#5370,#5479,#6676,.T.);
#6676 = LINE('',#6677,#6678);
#6677 = CARTESIAN_POINT('',(-1.096201938253,-0.175,0.393412044417));
#6678 = VECTOR('',#6679,1.);
#6679 = DIRECTION('',(1.144237745222E-17,1.,0.));
#6680 = CYLINDRICAL_SURFACE('',#6681,0.25);
#6681 = AXIS2_PLACEMENT_3D('',#6682,#6683,#6684);
#6682 = CARTESIAN_POINT('',(-0.85,-0.175,0.35));
#6683 = DIRECTION('',(-1.144237745222E-17,-1.,0.));
#6684 = DIRECTION('',(-0.984807753012,1.126854202784E-17,0.173648177667)
  );
#6685 = ADVANCED_FACE('',(#6686),#6697,.F.);
#6686 = FACE_BOUND('',#6687,.F.);
#6687 = EDGE_LOOP('',(#6688,#6694,#6695,#6696));
#6688 = ORIENTED_EDGE('',*,*,#6689,.T.);
#6689 = EDGE_CURVE('',#5361,#5470,#6690,.T.);
#6690 = LINE('',#6691,#6692);
#6691 = CARTESIAN_POINT('',(-1.11915192277,-0.175,0.232635182233));
#6692 = VECTOR('',#6693,1.);
#6693 = DIRECTION('',(1.144237745222E-17,1.,0.));
#6694 = ORIENTED_EDGE('',*,*,#5478,.T.);
#6695 = ORIENTED_EDGE('',*,*,#6675,.F.);
#6696 = ORIENTED_EDGE('',*,*,#5369,.F.);
#6697 = PLANE('',#6698);
#6698 = AXIS2_PLACEMENT_3D('',#6699,#6700,#6701);
#6699 = CARTESIAN_POINT('',(-1.11915192277,-0.175,0.232635182233));
#6700 = DIRECTION('',(0.989965123745,-1.132755461042E-17,-0.14131190243)
  );
#6701 = DIRECTION('',(0.14131190243,-1.616944126098E-18,0.989965123745)
  );
#6702 = ADVANCED_FACE('',(#6703),#6714,.F.);
#6703 = FACE_BOUND('',#6704,.F.);
#6704 = EDGE_LOOP('',(#6705,#6711,#6712,#6713));
#6705 = ORIENTED_EDGE('',*,*,#6706,.T.);
#6706 = EDGE_CURVE('',#5353,#5462,#6707,.T.);
#6707 = LINE('',#6708,#6709);
#6708 = CARTESIAN_POINT('',(-1.217632698071,-0.175,0.15));
#6709 = VECTOR('',#6710,1.);
#6710 = DIRECTION('',(1.144237745222E-17,1.,0.));
#6711 = ORIENTED_EDGE('',*,*,#5469,.T.);
#6712 = ORIENTED_EDGE('',*,*,#6689,.F.);
#6713 = ORIENTED_EDGE('',*,*,#5360,.F.);
#6714 = CYLINDRICAL_SURFACE('',#6715,0.1);
#6715 = AXIS2_PLACEMENT_3D('',#6716,#6717,#6718);
#6716 = CARTESIAN_POINT('',(-1.217632698071,-0.175,0.25));
#6717 = DIRECTION('',(-1.144237745222E-17,-1.,0.));
#6718 = DIRECTION('',(-2.22044604925E-15,2.540718180781E-32,-1.));
#6719 = ADVANCED_FACE('',(#6720),#6731,.F.);
#6720 = FACE_BOUND('',#6721,.F.);
#6721 = EDGE_LOOP('',(#6722,#6728,#6729,#6730));
#6722 = ORIENTED_EDGE('',*,*,#6723,.T.);
#6723 = EDGE_CURVE('',#5345,#5454,#6724,.T.);
#6724 = LINE('',#6725,#6726);
#6725 = CARTESIAN_POINT('',(-1.4,-0.175,0.15));
#6726 = VECTOR('',#6727,1.);
#6727 = DIRECTION('',(1.144237745222E-17,1.,0.));
#6728 = ORIENTED_EDGE('',*,*,#5461,.T.);
#6729 = ORIENTED_EDGE('',*,*,#6706,.F.);
#6730 = ORIENTED_EDGE('',*,*,#5352,.F.);
#6731 = PLANE('',#6732);
#6732 = AXIS2_PLACEMENT_3D('',#6733,#6734,#6735);
#6733 = CARTESIAN_POINT('',(-1.4,-0.175,0.15));
#6734 = DIRECTION('',(0.,0.,-1.));
#6735 = DIRECTION('',(1.,-1.144237745222E-17,0.));
#6736 = ADVANCED_FACE('',(#6737),#6748,.F.);
#6737 = FACE_BOUND('',#6738,.F.);
#6738 = EDGE_LOOP('',(#6739,#6745,#6746,#6747));
#6739 = ORIENTED_EDGE('',*,*,#6740,.T.);
#6740 = EDGE_CURVE('',#5337,#5446,#6741,.T.);
#6741 = LINE('',#6742,#6743);
#6742 = CARTESIAN_POINT('',(-1.4,-0.175,5.551115123126E-17));
#6743 = VECTOR('',#6744,1.);
#6744 = DIRECTION('',(1.144237745222E-17,1.,0.));
#6745 = ORIENTED_EDGE('',*,*,#5453,.T.);
#6746 = ORIENTED_EDGE('',*,*,#6723,.F.);
#6747 = ORIENTED_EDGE('',*,*,#5344,.F.);
#6748 = PLANE('',#6749);
#6749 = AXIS2_PLACEMENT_3D('',#6750,#6751,#6752);
#6750 = CARTESIAN_POINT('',(-1.4,-0.175,5.551115123126E-17));
#6751 = DIRECTION('',(1.,-1.144237745222E-17,0.));
#6752 = DIRECTION('',(0.,0.,1.));
#6753 = ADVANCED_FACE('',(#6754),#6765,.F.);
#6754 = FACE_BOUND('',#6755,.F.);
#6755 = EDGE_LOOP('',(#6756,#6762,#6763,#6764));
#6756 = ORIENTED_EDGE('',*,*,#6757,.T.);
#6757 = EDGE_CURVE('',#5328,#5437,#6758,.T.);
#6758 = LINE('',#6759,#6760);
#6759 = CARTESIAN_POINT('',(-1.217632698071,-0.175,5.551115123126E-17));
#6760 = VECTOR('',#6761,1.);
#6761 = DIRECTION('',(1.144237745222E-17,1.,0.));
#6762 = ORIENTED_EDGE('',*,*,#5445,.T.);
#6763 = ORIENTED_EDGE('',*,*,#6740,.F.);
#6764 = ORIENTED_EDGE('',*,*,#5336,.F.);
#6765 = PLANE('',#6766);
#6766 = AXIS2_PLACEMENT_3D('',#6767,#6768,#6769);
#6767 = CARTESIAN_POINT('',(-1.217632698071,-0.175,5.551115123126E-17));
#6768 = DIRECTION('',(0.,0.,1.));
#6769 = DIRECTION('',(-1.,1.144237745222E-17,0.));
#6770 = ADVANCED_FACE('',(#6771),#6782,.T.);
#6771 = FACE_BOUND('',#6772,.T.);
#6772 = EDGE_LOOP('',(#6773,#6774,#6775,#6776));
#6773 = ORIENTED_EDGE('',*,*,#5327,.T.);
#6774 = ORIENTED_EDGE('',*,*,#6757,.T.);
#6775 = ORIENTED_EDGE('',*,*,#5436,.F.);
#6776 = ORIENTED_EDGE('',*,*,#6777,.F.);
#6777 = EDGE_CURVE('',#5320,#5429,#6778,.T.);
#6778 = LINE('',#6779,#6780);
#6779 = CARTESIAN_POINT('',(-0.971430759818,-0.175,0.206587955583));
#6780 = VECTOR('',#6781,1.);
#6781 = DIRECTION('',(1.144237745222E-17,1.,0.));
#6782 = CYLINDRICAL_SURFACE('',#6783,0.25);
#6783 = AXIS2_PLACEMENT_3D('',#6784,#6785,#6786);
#6784 = CARTESIAN_POINT('',(-1.217632698071,-0.175,0.25));
#6785 = DIRECTION('',(-1.144237745222E-17,-1.,0.));
#6786 = DIRECTION('',(0.984807753012,-1.126854202784E-17,-0.173648177667
    ));
#6787 = ADVANCED_FACE('',(#6788),#6794,.F.);
#6788 = FACE_BOUND('',#6789,.F.);
#6789 = EDGE_LOOP('',(#6790,#6791,#6792,#6793));
#6790 = ORIENTED_EDGE('',*,*,#5410,.T.);
#6791 = ORIENTED_EDGE('',*,*,#5428,.T.);
#6792 = ORIENTED_EDGE('',*,*,#6777,.F.);
#6793 = ORIENTED_EDGE('',*,*,#5319,.F.);
#6794 = PLANE('',#6795);
#6795 = AXIS2_PLACEMENT_3D('',#6796,#6797,#6798);
#6796 = CARTESIAN_POINT('',(-0.948480775301,-0.175,0.367364817767));
#6797 = DIRECTION('',(-0.989965123745,1.132755461042E-17,0.14131190243)
  );
#6798 = DIRECTION('',(-0.14131190243,1.616944126098E-18,-0.989965123745)
  );
#6799 = ADVANCED_FACE('',(#6800),#6811,.F.);
#6800 = FACE_BOUND('',#6801,.F.);
#6801 = EDGE_LOOP('',(#6802,#6808,#6809,#6810));
#6802 = ORIENTED_EDGE('',*,*,#6803,.T.);
#6803 = EDGE_CURVE('',#5579,#5681,#6804,.T.);
#6804 = LINE('',#6805,#6806);
#6805 = CARTESIAN_POINT('',(-1.11915192277,0.775,0.232635182233));
#6806 = VECTOR('',#6807,1.);
#6807 = DIRECTION('',(1.144237745222E-17,1.,0.));
#6808 = ORIENTED_EDGE('',*,*,#5689,.T.);
#6809 = ORIENTED_EDGE('',*,*,#6344,.F.);
#6810 = ORIENTED_EDGE('',*,*,#5587,.F.);
#6811 = PLANE('',#6812);
#6812 = AXIS2_PLACEMENT_3D('',#6813,#6814,#6815);
#6813 = CARTESIAN_POINT('',(-1.11915192277,0.775,0.232635182233));
#6814 = DIRECTION('',(0.989965123745,-1.132755461042E-17,-0.14131190243)
  );
#6815 = DIRECTION('',(0.14131190243,-1.616944126098E-18,0.989965123745)
  );
#6816 = ADVANCED_FACE('',(#6817),#6828,.F.);
#6817 = FACE_BOUND('',#6818,.F.);
#6818 = EDGE_LOOP('',(#6819,#6825,#6826,#6827));
#6819 = ORIENTED_EDGE('',*,*,#6820,.T.);
#6820 = EDGE_CURVE('',#5571,#5673,#6821,.T.);
#6821 = LINE('',#6822,#6823);
#6822 = CARTESIAN_POINT('',(-1.217632698071,0.775,0.15));
#6823 = VECTOR('',#6824,1.);
#6824 = DIRECTION('',(1.144237745222E-17,1.,0.));
#6825 = ORIENTED_EDGE('',*,*,#5680,.T.);
#6826 = ORIENTED_EDGE('',*,*,#6803,.F.);
#6827 = ORIENTED_EDGE('',*,*,#5578,.F.);
#6828 = CYLINDRICAL_SURFACE('',#6829,0.1);
#6829 = AXIS2_PLACEMENT_3D('',#6830,#6831,#6832);
#6830 = CARTESIAN_POINT('',(-1.217632698071,0.775,0.25));
#6831 = DIRECTION('',(-1.144237745222E-17,-1.,0.));
#6832 = DIRECTION('',(-2.22044604925E-15,2.540718180781E-32,-1.));
#6833 = ADVANCED_FACE('',(#6834),#6845,.F.);
#6834 = FACE_BOUND('',#6835,.F.);
#6835 = EDGE_LOOP('',(#6836,#6842,#6843,#6844));
#6836 = ORIENTED_EDGE('',*,*,#6837,.T.);
#6837 = EDGE_CURVE('',#5563,#5665,#6838,.T.);
#6838 = LINE('',#6839,#6840);
#6839 = CARTESIAN_POINT('',(-1.4,0.775,0.15));
#6840 = VECTOR('',#6841,1.);
#6841 = DIRECTION('',(1.144237745222E-17,1.,0.));
#6842 = ORIENTED_EDGE('',*,*,#5672,.T.);
#6843 = ORIENTED_EDGE('',*,*,#6820,.F.);
#6844 = ORIENTED_EDGE('',*,*,#5570,.F.);
#6845 = PLANE('',#6846);
#6846 = AXIS2_PLACEMENT_3D('',#6847,#6848,#6849);
#6847 = CARTESIAN_POINT('',(-1.4,0.775,0.15));
#6848 = DIRECTION('',(0.,0.,-1.));
#6849 = DIRECTION('',(1.,-1.144237745222E-17,0.));
#6850 = ADVANCED_FACE('',(#6851),#6862,.F.);
#6851 = FACE_BOUND('',#6852,.F.);
#6852 = EDGE_LOOP('',(#6853,#6859,#6860,#6861));
#6853 = ORIENTED_EDGE('',*,*,#6854,.T.);
#6854 = EDGE_CURVE('',#5555,#5657,#6855,.T.);
#6855 = LINE('',#6856,#6857);
#6856 = CARTESIAN_POINT('',(-1.4,0.775,5.551115123126E-17));
#6857 = VECTOR('',#6858,1.);
#6858 = DIRECTION('',(1.144237745222E-17,1.,0.));
#6859 = ORIENTED_EDGE('',*,*,#5664,.T.);
#6860 = ORIENTED_EDGE('',*,*,#6837,.F.);
#6861 = ORIENTED_EDGE('',*,*,#5562,.F.);
#6862 = PLANE('',#6863);
#6863 = AXIS2_PLACEMENT_3D('',#6864,#6865,#6866);
#6864 = CARTESIAN_POINT('',(-1.4,0.775,5.551115123126E-17));
#6865 = DIRECTION('',(1.,-1.144237745222E-17,0.));
#6866 = DIRECTION('',(0.,0.,1.));
#6867 = ADVANCED_FACE('',(#6868),#6879,.F.);
#6868 = FACE_BOUND('',#6869,.F.);
#6869 = EDGE_LOOP('',(#6870,#6876,#6877,#6878));
#6870 = ORIENTED_EDGE('',*,*,#6871,.T.);
#6871 = EDGE_CURVE('',#5546,#5648,#6872,.T.);
#6872 = LINE('',#6873,#6874);
#6873 = CARTESIAN_POINT('',(-1.217632698071,0.775,5.551115123126E-17));
#6874 = VECTOR('',#6875,1.);
#6875 = DIRECTION('',(1.144237745222E-17,1.,0.));
#6876 = ORIENTED_EDGE('',*,*,#5656,.T.);
#6877 = ORIENTED_EDGE('',*,*,#6854,.F.);
#6878 = ORIENTED_EDGE('',*,*,#5554,.F.);
#6879 = PLANE('',#6880);
#6880 = AXIS2_PLACEMENT_3D('',#6881,#6882,#6883);
#6881 = CARTESIAN_POINT('',(-1.217632698071,0.775,5.551115123126E-17));
#6882 = DIRECTION('',(0.,0.,1.));
#6883 = DIRECTION('',(-1.,1.144237745222E-17,0.));
#6884 = ADVANCED_FACE('',(#6885),#6896,.T.);
#6885 = FACE_BOUND('',#6886,.T.);
#6886 = EDGE_LOOP('',(#6887,#6888,#6889,#6890));
#6887 = ORIENTED_EDGE('',*,*,#5545,.T.);
#6888 = ORIENTED_EDGE('',*,*,#6871,.T.);
#6889 = ORIENTED_EDGE('',*,*,#5647,.F.);
#6890 = ORIENTED_EDGE('',*,*,#6891,.F.);
#6891 = EDGE_CURVE('',#5538,#5640,#6892,.T.);
#6892 = LINE('',#6893,#6894);
#6893 = CARTESIAN_POINT('',(-0.971430759818,0.775,0.206587955583));
#6894 = VECTOR('',#6895,1.);
#6895 = DIRECTION('',(1.144237745222E-17,1.,0.));
#6896 = CYLINDRICAL_SURFACE('',#6897,0.25);
#6897 = AXIS2_PLACEMENT_3D('',#6898,#6899,#6900);
#6898 = CARTESIAN_POINT('',(-1.217632698071,0.775,0.25));
#6899 = DIRECTION('',(-1.144237745222E-17,-1.,0.));
#6900 = DIRECTION('',(0.984807753012,-1.126854202784E-17,-0.173648177667
    ));
#6901 = ADVANCED_FACE('',(#6902),#6908,.F.);
#6902 = FACE_BOUND('',#6903,.F.);
#6903 = EDGE_LOOP('',(#6904,#6905,#6906,#6907));
#6904 = ORIENTED_EDGE('',*,*,#5621,.T.);
#6905 = ORIENTED_EDGE('',*,*,#5639,.T.);
#6906 = ORIENTED_EDGE('',*,*,#6891,.F.);
#6907 = ORIENTED_EDGE('',*,*,#5537,.F.);
#6908 = PLANE('',#6909);
#6909 = AXIS2_PLACEMENT_3D('',#6910,#6911,#6912);
#6910 = CARTESIAN_POINT('',(-0.948480775301,0.775,0.367364817767));
#6911 = DIRECTION('',(-0.989965123745,1.132755461042E-17,0.14131190243)
  );
#6912 = DIRECTION('',(-0.14131190243,1.616944126098E-18,-0.989965123745)
  );
#6913 = ADVANCED_FACE('',(#6914),#6925,.F.);
#6914 = FACE_BOUND('',#6915,.F.);
#6915 = EDGE_LOOP('',(#6916,#6922,#6923,#6924));
#6916 = ORIENTED_EDGE('',*,*,#6917,.T.);
#6917 = EDGE_CURVE('',#5766,#5868,#6918,.T.);
#6918 = LINE('',#6919,#6920);
#6919 = CARTESIAN_POINT('',(1.11915192277,1.125,0.232635182233));
#6920 = VECTOR('',#6921,1.);
#6921 = DIRECTION('',(1.110223024625E-16,-1.,0.));
#6922 = ORIENTED_EDGE('',*,*,#5876,.T.);
#6923 = ORIENTED_EDGE('',*,*,#6515,.F.);
#6924 = ORIENTED_EDGE('',*,*,#5774,.F.);
#6925 = PLANE('',#6926);
#6926 = AXIS2_PLACEMENT_3D('',#6927,#6928,#6929);
#6927 = CARTESIAN_POINT('',(1.11915192277,1.125,0.232635182233));
#6928 = DIRECTION('',(-0.989965123745,-1.099082073958E-16,-0.14131190243
    ));
#6929 = DIRECTION('',(-0.14131190243,-1.568877277316E-17,0.989965123745)
  );
#6930 = ADVANCED_FACE('',(#6931),#6942,.F.);
#6931 = FACE_BOUND('',#6932,.F.);
#6932 = EDGE_LOOP('',(#6933,#6939,#6940,#6941));
#6933 = ORIENTED_EDGE('',*,*,#6934,.T.);
#6934 = EDGE_CURVE('',#5758,#5860,#6935,.T.);
#6935 = LINE('',#6936,#6937);
#6936 = CARTESIAN_POINT('',(1.217632698071,1.125,0.15));
#6937 = VECTOR('',#6938,1.);
#6938 = DIRECTION('',(1.110223024625E-16,-1.,0.));
#6939 = ORIENTED_EDGE('',*,*,#5867,.T.);
#6940 = ORIENTED_EDGE('',*,*,#6917,.F.);
#6941 = ORIENTED_EDGE('',*,*,#5765,.F.);
#6942 = CYLINDRICAL_SURFACE('',#6943,0.1);
#6943 = AXIS2_PLACEMENT_3D('',#6944,#6945,#6946);
#6944 = CARTESIAN_POINT('',(1.217632698071,1.125,0.25));
#6945 = DIRECTION('',(-1.110223024625E-16,1.,0.));
#6946 = DIRECTION('',(2.22044604925E-15,2.465190328815E-31,-1.));
#6947 = ADVANCED_FACE('',(#6948),#6959,.F.);
#6948 = FACE_BOUND('',#6949,.F.);
#6949 = EDGE_LOOP('',(#6950,#6956,#6957,#6958));
#6950 = ORIENTED_EDGE('',*,*,#6951,.T.);
#6951 = EDGE_CURVE('',#5750,#5852,#6952,.T.);
#6952 = LINE('',#6953,#6954);
#6953 = CARTESIAN_POINT('',(1.4,1.125,0.15));
#6954 = VECTOR('',#6955,1.);
#6955 = DIRECTION('',(1.110223024625E-16,-1.,0.));
#6956 = ORIENTED_EDGE('',*,*,#5859,.T.);
#6957 = ORIENTED_EDGE('',*,*,#6934,.F.);
#6958 = ORIENTED_EDGE('',*,*,#5757,.F.);
#6959 = PLANE('',#6960);
#6960 = AXIS2_PLACEMENT_3D('',#6961,#6962,#6963);
#6961 = CARTESIAN_POINT('',(1.4,1.125,0.15));
#6962 = DIRECTION('',(0.,0.,-1.));
#6963 = DIRECTION('',(-1.,-1.110223024625E-16,-0.));
#6964 = ADVANCED_FACE('',(#6965),#6976,.F.);
#6965 = FACE_BOUND('',#6966,.F.);
#6966 = EDGE_LOOP('',(#6967,#6973,#6974,#6975));
#6967 = ORIENTED_EDGE('',*,*,#6968,.T.);
#6968 = EDGE_CURVE('',#5742,#5844,#6969,.T.);
#6969 = LINE('',#6970,#6971);
#6970 = CARTESIAN_POINT('',(1.4,1.125,5.551115123126E-17));
#6971 = VECTOR('',#6972,1.);
#6972 = DIRECTION('',(1.110223024625E-16,-1.,0.));
#6973 = ORIENTED_EDGE('',*,*,#5851,.T.);
#6974 = ORIENTED_EDGE('',*,*,#6951,.F.);
#6975 = ORIENTED_EDGE('',*,*,#5749,.F.);
#6976 = PLANE('',#6977);
#6977 = AXIS2_PLACEMENT_3D('',#6978,#6979,#6980);
#6978 = CARTESIAN_POINT('',(1.4,1.125,5.551115123126E-17));
#6979 = DIRECTION('',(-1.,-1.110223024625E-16,0.));
#6980 = DIRECTION('',(0.,0.,1.));
#6981 = ADVANCED_FACE('',(#6982),#6993,.F.);
#6982 = FACE_BOUND('',#6983,.F.);
#6983 = EDGE_LOOP('',(#6984,#6990,#6991,#6992));
#6984 = ORIENTED_EDGE('',*,*,#6985,.T.);
#6985 = EDGE_CURVE('',#5733,#5835,#6986,.T.);
#6986 = LINE('',#6987,#6988);
#6987 = CARTESIAN_POINT('',(1.217632698071,1.125,5.551115123126E-17));
#6988 = VECTOR('',#6989,1.);
#6989 = DIRECTION('',(1.110223024625E-16,-1.,0.));
#6990 = ORIENTED_EDGE('',*,*,#5843,.T.);
#6991 = ORIENTED_EDGE('',*,*,#6968,.F.);
#6992 = ORIENTED_EDGE('',*,*,#5741,.F.);
#6993 = PLANE('',#6994);
#6994 = AXIS2_PLACEMENT_3D('',#6995,#6996,#6997);
#6995 = CARTESIAN_POINT('',(1.217632698071,1.125,5.551115123126E-17));
#6996 = DIRECTION('',(0.,0.,1.));
#6997 = DIRECTION('',(1.,1.110223024625E-16,-0.));
#6998 = ADVANCED_FACE('',(#6999),#7010,.T.);
#6999 = FACE_BOUND('',#7000,.T.);
#7000 = EDGE_LOOP('',(#7001,#7002,#7003,#7004));
#7001 = ORIENTED_EDGE('',*,*,#5732,.T.);
#7002 = ORIENTED_EDGE('',*,*,#6985,.T.);
#7003 = ORIENTED_EDGE('',*,*,#5834,.F.);
#7004 = ORIENTED_EDGE('',*,*,#7005,.F.);
#7005 = EDGE_CURVE('',#5725,#5827,#7006,.T.);
#7006 = LINE('',#7007,#7008);
#7007 = CARTESIAN_POINT('',(0.971430759818,1.125,0.206587955583));
#7008 = VECTOR('',#7009,1.);
#7009 = DIRECTION('',(1.110223024625E-16,-1.,0.));
#7010 = CYLINDRICAL_SURFACE('',#7011,0.25);
#7011 = AXIS2_PLACEMENT_3D('',#7012,#7013,#7014);
#7012 = CARTESIAN_POINT('',(1.217632698071,1.125,0.25));
#7013 = DIRECTION('',(-1.110223024625E-16,1.,0.));
#7014 = DIRECTION('',(-0.984807753012,-1.093356242223E-16,
    -0.173648177667));
#7015 = ADVANCED_FACE('',(#7016),#7022,.F.);
#7016 = FACE_BOUND('',#7017,.F.);
#7017 = EDGE_LOOP('',(#7018,#7019,#7020,#7021));
#7018 = ORIENTED_EDGE('',*,*,#5808,.T.);
#7019 = ORIENTED_EDGE('',*,*,#5826,.T.);
#7020 = ORIENTED_EDGE('',*,*,#7005,.F.);
#7021 = ORIENTED_EDGE('',*,*,#5724,.F.);
#7022 = PLANE('',#7023);
#7023 = AXIS2_PLACEMENT_3D('',#7024,#7025,#7026);
#7024 = CARTESIAN_POINT('',(0.948480775301,1.125,0.367364817767));
#7025 = DIRECTION('',(0.989965123745,1.099082073958E-16,0.14131190243));
#7026 = DIRECTION('',(0.14131190243,1.568877277316E-17,-0.989965123745)
  );
#7027 = ADVANCED_FACE('',(#7028),#7039,.T.);
#7028 = FACE_BOUND('',#7029,.T.);
#7029 = EDGE_LOOP('',(#7030,#7031,#7032,#7033));
#7030 = ORIENTED_EDGE('',*,*,#5986,.T.);
#7031 = ORIENTED_EDGE('',*,*,#6459,.T.);
#7032 = ORIENTED_EDGE('',*,*,#6095,.F.);
#7033 = ORIENTED_EDGE('',*,*,#7034,.F.);
#7034 = EDGE_CURVE('',#5979,#6088,#7035,.T.);
#7035 = LINE('',#7036,#7037);
#7036 = CARTESIAN_POINT('',(1.096201938253,0.175,0.393412044417));
#7037 = VECTOR('',#7038,1.);
#7038 = DIRECTION('',(1.110223024625E-16,-1.,0.));
#7039 = CYLINDRICAL_SURFACE('',#7040,0.25);
#7040 = AXIS2_PLACEMENT_3D('',#7041,#7042,#7043);
#7041 = CARTESIAN_POINT('',(0.85,0.175,0.35));
#7042 = DIRECTION('',(-1.110223024625E-16,1.,0.));
#7043 = DIRECTION('',(0.984807753012,1.093356242223E-16,0.173648177667)
  );
#7044 = ADVANCED_FACE('',(#7045),#7056,.F.);
#7045 = FACE_BOUND('',#7046,.F.);
#7046 = EDGE_LOOP('',(#7047,#7053,#7054,#7055));
#7047 = ORIENTED_EDGE('',*,*,#7048,.T.);
#7048 = EDGE_CURVE('',#5970,#6079,#7049,.T.);
#7049 = LINE('',#7050,#7051);
#7050 = CARTESIAN_POINT('',(1.11915192277,0.175,0.232635182233));
#7051 = VECTOR('',#7052,1.);
#7052 = DIRECTION('',(1.110223024625E-16,-1.,0.));
#7053 = ORIENTED_EDGE('',*,*,#6087,.T.);
#7054 = ORIENTED_EDGE('',*,*,#7034,.F.);
#7055 = ORIENTED_EDGE('',*,*,#5978,.F.);
#7056 = PLANE('',#7057);
#7057 = AXIS2_PLACEMENT_3D('',#7058,#7059,#7060);
#7058 = CARTESIAN_POINT('',(1.11915192277,0.175,0.232635182233));
#7059 = DIRECTION('',(-0.989965123745,-1.099082073958E-16,-0.14131190243
    ));
#7060 = DIRECTION('',(-0.14131190243,-1.568877277316E-17,0.989965123745)
  );
#7061 = ADVANCED_FACE('',(#7062),#7073,.F.);
#7062 = FACE_BOUND('',#7063,.F.);
#7063 = EDGE_LOOP('',(#7064,#7070,#7071,#7072));
#7064 = ORIENTED_EDGE('',*,*,#7065,.T.);
#7065 = EDGE_CURVE('',#5962,#6071,#7066,.T.);
#7066 = LINE('',#7067,#7068);
#7067 = CARTESIAN_POINT('',(1.217632698071,0.175,0.15));
#7068 = VECTOR('',#7069,1.);
#7069 = DIRECTION('',(1.110223024625E-16,-1.,0.));
#7070 = ORIENTED_EDGE('',*,*,#6078,.T.);
#7071 = ORIENTED_EDGE('',*,*,#7048,.F.);
#7072 = ORIENTED_EDGE('',*,*,#5969,.F.);
#7073 = CYLINDRICAL_SURFACE('',#7074,0.1);
#7074 = AXIS2_PLACEMENT_3D('',#7075,#7076,#7077);
#7075 = CARTESIAN_POINT('',(1.217632698071,0.175,0.25));
#7076 = DIRECTION('',(-1.110223024625E-16,1.,0.));
#7077 = DIRECTION('',(2.22044604925E-15,2.465190328815E-31,-1.));
#7078 = ADVANCED_FACE('',(#7079),#7090,.F.);
#7079 = FACE_BOUND('',#7080,.F.);
#7080 = EDGE_LOOP('',(#7081,#7087,#7088,#7089));
#7081 = ORIENTED_EDGE('',*,*,#7082,.T.);
#7082 = EDGE_CURVE('',#5954,#6063,#7083,.T.);
#7083 = LINE('',#7084,#7085);
#7084 = CARTESIAN_POINT('',(1.4,0.175,0.15));
#7085 = VECTOR('',#7086,1.);
#7086 = DIRECTION('',(1.110223024625E-16,-1.,0.));
#7087 = ORIENTED_EDGE('',*,*,#6070,.T.);
#7088 = ORIENTED_EDGE('',*,*,#7065,.F.);
#7089 = ORIENTED_EDGE('',*,*,#5961,.F.);
#7090 = PLANE('',#7091);
#7091 = AXIS2_PLACEMENT_3D('',#7092,#7093,#7094);
#7092 = CARTESIAN_POINT('',(1.4,0.175,0.15));
#7093 = DIRECTION('',(0.,0.,-1.));
#7094 = DIRECTION('',(-1.,-1.110223024625E-16,-0.));
#7095 = ADVANCED_FACE('',(#7096),#7107,.F.);
#7096 = FACE_BOUND('',#7097,.F.);
#7097 = EDGE_LOOP('',(#7098,#7104,#7105,#7106));
#7098 = ORIENTED_EDGE('',*,*,#7099,.T.);
#7099 = EDGE_CURVE('',#5946,#6055,#7100,.T.);
#7100 = LINE('',#7101,#7102);
#7101 = CARTESIAN_POINT('',(1.4,0.175,5.551115123126E-17));
#7102 = VECTOR('',#7103,1.);
#7103 = DIRECTION('',(1.110223024625E-16,-1.,0.));
#7104 = ORIENTED_EDGE('',*,*,#6062,.T.);
#7105 = ORIENTED_EDGE('',*,*,#7082,.F.);
#7106 = ORIENTED_EDGE('',*,*,#5953,.F.);
#7107 = PLANE('',#7108);
#7108 = AXIS2_PLACEMENT_3D('',#7109,#7110,#7111);
#7109 = CARTESIAN_POINT('',(1.4,0.175,5.551115123126E-17));
#7110 = DIRECTION('',(-1.,-1.110223024625E-16,0.));
#7111 = DIRECTION('',(0.,0.,1.));
#7112 = ADVANCED_FACE('',(#7113),#7124,.F.);
#7113 = FACE_BOUND('',#7114,.F.);
#7114 = EDGE_LOOP('',(#7115,#7121,#7122,#7123));
#7115 = ORIENTED_EDGE('',*,*,#7116,.T.);
#7116 = EDGE_CURVE('',#5937,#6046,#7117,.T.);
#7117 = LINE('',#7118,#7119);
#7118 = CARTESIAN_POINT('',(1.217632698071,0.175,5.551115123126E-17));
#7119 = VECTOR('',#7120,1.);
#7120 = DIRECTION('',(1.110223024625E-16,-1.,0.));
#7121 = ORIENTED_EDGE('',*,*,#6054,.T.);
#7122 = ORIENTED_EDGE('',*,*,#7099,.F.);
#7123 = ORIENTED_EDGE('',*,*,#5945,.F.);
#7124 = PLANE('',#7125);
#7125 = AXIS2_PLACEMENT_3D('',#7126,#7127,#7128);
#7126 = CARTESIAN_POINT('',(1.217632698071,0.175,5.551115123126E-17));
#7127 = DIRECTION('',(0.,0.,1.));
#7128 = DIRECTION('',(1.,1.110223024625E-16,-0.));
#7129 = ADVANCED_FACE('',(#7130),#7141,.T.);
#7130 = FACE_BOUND('',#7131,.T.);
#7131 = EDGE_LOOP('',(#7132,#7133,#7134,#7135));
#7132 = ORIENTED_EDGE('',*,*,#5936,.T.);
#7133 = ORIENTED_EDGE('',*,*,#7116,.T.);
#7134 = ORIENTED_EDGE('',*,*,#6045,.F.);
#7135 = ORIENTED_EDGE('',*,*,#7136,.F.);
#7136 = EDGE_CURVE('',#5929,#6038,#7137,.T.);
#7137 = LINE('',#7138,#7139);
#7138 = CARTESIAN_POINT('',(0.971430759818,0.175,0.206587955583));
#7139 = VECTOR('',#7140,1.);
#7140 = DIRECTION('',(1.110223024625E-16,-1.,0.));
#7141 = CYLINDRICAL_SURFACE('',#7142,0.25);
#7142 = AXIS2_PLACEMENT_3D('',#7143,#7144,#7145);
#7143 = CARTESIAN_POINT('',(1.217632698071,0.175,0.25));
#7144 = DIRECTION('',(-1.110223024625E-16,1.,0.));
#7145 = DIRECTION('',(-0.984807753012,-1.093356242223E-16,
    -0.173648177667));
#7146 = ADVANCED_FACE('',(#7147),#7153,.F.);
#7147 = FACE_BOUND('',#7148,.F.);
#7148 = EDGE_LOOP('',(#7149,#7150,#7151,#7152));
#7149 = ORIENTED_EDGE('',*,*,#6019,.T.);
#7150 = ORIENTED_EDGE('',*,*,#6037,.T.);
#7151 = ORIENTED_EDGE('',*,*,#7136,.F.);
#7152 = ORIENTED_EDGE('',*,*,#5928,.F.);
#7153 = PLANE('',#7154);
#7154 = AXIS2_PLACEMENT_3D('',#7155,#7156,#7157);
#7155 = CARTESIAN_POINT('',(0.948480775301,0.175,0.367364817767));
#7156 = DIRECTION('',(0.989965123745,1.099082073958E-16,0.14131190243));
#7157 = DIRECTION('',(0.14131190243,1.568877277316E-17,-0.989965123745)
  );
#7158 = ADVANCED_FACE('',(#7159),#7170,.T.);
#7159 = FACE_BOUND('',#7160,.T.);
#7160 = EDGE_LOOP('',(#7161,#7162,#7163,#7164));
#7161 = ORIENTED_EDGE('',*,*,#6209,.T.);
#7162 = ORIENTED_EDGE('',*,*,#6478,.T.);
#7163 = ORIENTED_EDGE('',*,*,#6318,.F.);
#7164 = ORIENTED_EDGE('',*,*,#7165,.F.);
#7165 = EDGE_CURVE('',#6202,#6311,#7166,.T.);
#7166 = LINE('',#7167,#7168);
#7167 = CARTESIAN_POINT('',(1.096201938253,-0.775,0.393412044417));
#7168 = VECTOR('',#7169,1.);
#7169 = DIRECTION('',(1.110223024625E-16,-1.,0.));
#7170 = CYLINDRICAL_SURFACE('',#7171,0.25);
#7171 = AXIS2_PLACEMENT_3D('',#7172,#7173,#7174);
#7172 = CARTESIAN_POINT('',(0.85,-0.775,0.35));
#7173 = DIRECTION('',(-1.110223024625E-16,1.,0.));
#7174 = DIRECTION('',(0.984807753012,1.093356242223E-16,0.173648177667)
  );
#7175 = ADVANCED_FACE('',(#7176),#7187,.F.);
#7176 = FACE_BOUND('',#7177,.F.);
#7177 = EDGE_LOOP('',(#7178,#7184,#7185,#7186));
#7178 = ORIENTED_EDGE('',*,*,#7179,.T.);
#7179 = EDGE_CURVE('',#6193,#6302,#7180,.T.);
#7180 = LINE('',#7181,#7182);
#7181 = CARTESIAN_POINT('',(1.11915192277,-0.775,0.232635182233));
#7182 = VECTOR('',#7183,1.);
#7183 = DIRECTION('',(1.110223024625E-16,-1.,0.));
#7184 = ORIENTED_EDGE('',*,*,#6310,.T.);
#7185 = ORIENTED_EDGE('',*,*,#7165,.F.);
#7186 = ORIENTED_EDGE('',*,*,#6201,.F.);
#7187 = PLANE('',#7188);
#7188 = AXIS2_PLACEMENT_3D('',#7189,#7190,#7191);
#7189 = CARTESIAN_POINT('',(1.11915192277,-0.775,0.232635182233));
#7190 = DIRECTION('',(-0.989965123745,-1.099082073958E-16,-0.14131190243
    ));
#7191 = DIRECTION('',(-0.14131190243,-1.568877277316E-17,0.989965123745)
  );
#7192 = ADVANCED_FACE('',(#7193),#7204,.F.);
#7193 = FACE_BOUND('',#7194,.F.);
#7194 = EDGE_LOOP('',(#7195,#7201,#7202,#7203));
#7195 = ORIENTED_EDGE('',*,*,#7196,.T.);
#7196 = EDGE_CURVE('',#6185,#6294,#7197,.T.);
#7197 = LINE('',#7198,#7199);
#7198 = CARTESIAN_POINT('',(1.217632698071,-0.775,0.15));
#7199 = VECTOR('',#7200,1.);
#7200 = DIRECTION('',(1.110223024625E-16,-1.,0.));
#7201 = ORIENTED_EDGE('',*,*,#6301,.T.);
#7202 = ORIENTED_EDGE('',*,*,#7179,.F.);
#7203 = ORIENTED_EDGE('',*,*,#6192,.F.);
#7204 = CYLINDRICAL_SURFACE('',#7205,0.1);
#7205 = AXIS2_PLACEMENT_3D('',#7206,#7207,#7208);
#7206 = CARTESIAN_POINT('',(1.217632698071,-0.775,0.25));
#7207 = DIRECTION('',(-1.110223024625E-16,1.,0.));
#7208 = DIRECTION('',(2.22044604925E-15,2.465190328815E-31,-1.));
#7209 = ADVANCED_FACE('',(#7210),#7221,.F.);
#7210 = FACE_BOUND('',#7211,.F.);
#7211 = EDGE_LOOP('',(#7212,#7218,#7219,#7220));
#7212 = ORIENTED_EDGE('',*,*,#7213,.T.);
#7213 = EDGE_CURVE('',#6177,#6286,#7214,.T.);
#7214 = LINE('',#7215,#7216);
#7215 = CARTESIAN_POINT('',(1.4,-0.775,0.15));
#7216 = VECTOR('',#7217,1.);
#7217 = DIRECTION('',(1.110223024625E-16,-1.,0.));
#7218 = ORIENTED_EDGE('',*,*,#6293,.T.);
#7219 = ORIENTED_EDGE('',*,*,#7196,.F.);
#7220 = ORIENTED_EDGE('',*,*,#6184,.F.);
#7221 = PLANE('',#7222);
#7222 = AXIS2_PLACEMENT_3D('',#7223,#7224,#7225);
#7223 = CARTESIAN_POINT('',(1.4,-0.775,0.15));
#7224 = DIRECTION('',(0.,0.,-1.));
#7225 = DIRECTION('',(-1.,-1.110223024625E-16,-0.));
#7226 = ADVANCED_FACE('',(#7227),#7238,.F.);
#7227 = FACE_BOUND('',#7228,.F.);
#7228 = EDGE_LOOP('',(#7229,#7235,#7236,#7237));
#7229 = ORIENTED_EDGE('',*,*,#7230,.T.);
#7230 = EDGE_CURVE('',#6169,#6278,#7231,.T.);
#7231 = LINE('',#7232,#7233);
#7232 = CARTESIAN_POINT('',(1.4,-0.775,5.551115123126E-17));
#7233 = VECTOR('',#7234,1.);
#7234 = DIRECTION('',(1.110223024625E-16,-1.,0.));
#7235 = ORIENTED_EDGE('',*,*,#6285,.T.);
#7236 = ORIENTED_EDGE('',*,*,#7213,.F.);
#7237 = ORIENTED_EDGE('',*,*,#6176,.F.);
#7238 = PLANE('',#7239);
#7239 = AXIS2_PLACEMENT_3D('',#7240,#7241,#7242);
#7240 = CARTESIAN_POINT('',(1.4,-0.775,5.551115123126E-17));
#7241 = DIRECTION('',(-1.,-1.110223024625E-16,0.));
#7242 = DIRECTION('',(0.,0.,1.));
#7243 = ADVANCED_FACE('',(#7244),#7255,.F.);
#7244 = FACE_BOUND('',#7245,.F.);
#7245 = EDGE_LOOP('',(#7246,#7252,#7253,#7254));
#7246 = ORIENTED_EDGE('',*,*,#7247,.T.);
#7247 = EDGE_CURVE('',#6160,#6269,#7248,.T.);
#7248 = LINE('',#7249,#7250);
#7249 = CARTESIAN_POINT('',(1.217632698071,-0.775,5.551115123126E-17));
#7250 = VECTOR('',#7251,1.);
#7251 = DIRECTION('',(1.110223024625E-16,-1.,0.));
#7252 = ORIENTED_EDGE('',*,*,#6277,.T.);
#7253 = ORIENTED_EDGE('',*,*,#7230,.F.);
#7254 = ORIENTED_EDGE('',*,*,#6168,.F.);
#7255 = PLANE('',#7256);
#7256 = AXIS2_PLACEMENT_3D('',#7257,#7258,#7259);
#7257 = CARTESIAN_POINT('',(1.217632698071,-0.775,5.551115123126E-17));
#7258 = DIRECTION('',(0.,0.,1.));
#7259 = DIRECTION('',(1.,1.110223024625E-16,-0.));
#7260 = ADVANCED_FACE('',(#7261),#7272,.T.);
#7261 = FACE_BOUND('',#7262,.T.);
#7262 = EDGE_LOOP('',(#7263,#7264,#7265,#7266));
#7263 = ORIENTED_EDGE('',*,*,#6159,.T.);
#7264 = ORIENTED_EDGE('',*,*,#7247,.T.);
#7265 = ORIENTED_EDGE('',*,*,#6268,.F.);
#7266 = ORIENTED_EDGE('',*,*,#7267,.F.);
#7267 = EDGE_CURVE('',#6152,#6261,#7268,.T.);
#7268 = LINE('',#7269,#7270);
#7269 = CARTESIAN_POINT('',(0.971430759818,-0.775,0.206587955583));
#7270 = VECTOR('',#7271,1.);
#7271 = DIRECTION('',(1.110223024625E-16,-1.,0.));
#7272 = CYLINDRICAL_SURFACE('',#7273,0.25);
#7273 = AXIS2_PLACEMENT_3D('',#7274,#7275,#7276);
#7274 = CARTESIAN_POINT('',(1.217632698071,-0.775,0.25));
#7275 = DIRECTION('',(-1.110223024625E-16,1.,0.));
#7276 = DIRECTION('',(-0.984807753012,-1.093356242223E-16,
    -0.173648177667));
#7277 = ADVANCED_FACE('',(#7278),#7284,.F.);
#7278 = FACE_BOUND('',#7279,.F.);
#7279 = EDGE_LOOP('',(#7280,#7281,#7282,#7283));
#7280 = ORIENTED_EDGE('',*,*,#6242,.T.);
#7281 = ORIENTED_EDGE('',*,*,#6260,.T.);
#7282 = ORIENTED_EDGE('',*,*,#7267,.F.);
#7283 = ORIENTED_EDGE('',*,*,#6151,.F.);
#7284 = PLANE('',#7285);
#7285 = AXIS2_PLACEMENT_3D('',#7286,#7287,#7288);
#7286 = CARTESIAN_POINT('',(0.948480775301,-0.775,0.367364817767));
#7287 = DIRECTION('',(0.989965123745,1.099082073958E-16,0.14131190243));
#7288 = DIRECTION('',(0.14131190243,1.568877277316E-17,-0.989965123745)
  );
#7289 = ADVANCED_FACE('',(#7290),#7293,.F.);
#7290 = FACE_BOUND('',#7291,.T.);
#7291 = EDGE_LOOP('',(#7292));
#7292 = ORIENTED_EDGE('',*,*,#6425,.F.);
#7293 = PLANE('',#7294);
#7294 = AXIS2_PLACEMENT_3D('',#7295,#7296,#7297);
#7295 = CARTESIAN_POINT('',(-0.375810707854,1.025810707854,0.95));
#7296 = DIRECTION('',(0.,0.,-1.));
#7297 = DIRECTION('',(1.110223024625E-16,-1.,0.));
#7298 = ( GEOMETRIC_REPRESENTATION_CONTEXT(3) 
GLOBAL_UNCERTAINTY_ASSIGNED_CONTEXT((#7302)) 
GLOBAL_UNIT_ASSIGNED_CONTEXT((#7299,#7300,#7301)) REPRESENTATION_CONTEXT
('Context #1','3D Context with UNIT and UNCERTAINTY') );
#7299 = ( LENGTH_UNIT() NAMED_UNIT(*) SI_UNIT(.MILLI.,.METRE.) );
#7300 = ( NAMED_UNIT(*) PLANE_ANGLE_UNIT() SI_UNIT($,.RADIAN.) );
#7301 = ( NAMED_UNIT(*) SI_UNIT($,.STERADIAN.) SOLID_ANGLE_UNIT() );
#7302 = UNCERTAINTY_MEASURE_WITH_UNIT(LENGTH_MEASURE(1.E-07),#7299,
  'distance_accuracy_value','confusion accuracy');
#7303 = CONTEXT_DEPENDENT_SHAPE_REPRESENTATION(#7304,#7306);
#7304 = ( REPRESENTATION_RELATIONSHIP('','',#3761,#3738) 
REPRESENTATION_RELATIONSHIP_WITH_TRANSFORMATION(#7305) 
SHAPE_REPRESENTATION_RELATIONSHIP() );
#7305 = ITEM_DEFINED_TRANSFORMATION('','',#11,#3739);
#7306 = PRODUCT_DEFINITION_SHAPE('Placement','Placement of an item',
  #7307);
#7307 = NEXT_ASSEMBLY_USAGE_OCCURRENCE('27','=>[0:1:1:11]','',#3733,
  #3756,$);
#7308 = PRODUCT_RELATED_PRODUCT_CATEGORY('part',$,(#3758));
#7309 = CONTEXT_DEPENDENT_SHAPE_REPRESENTATION(#7310,#7312);
#7310 = ( REPRESENTATION_RELATIONSHIP('','',#1920,#10) 
REPRESENTATION_RELATIONSHIP_WITH_TRANSFORMATION(#7311) 
SHAPE_REPRESENTATION_RELATIONSHIP() );
#7311 = ITEM_DEFINED_TRANSFORMATION('','',#11,#107);
#7312 = PRODUCT_DEFINITION_SHAPE('Placement','Placement of an item',
  #7313);
#7313 = NEXT_ASSEMBLY_USAGE_OCCURRENCE('29','R13','',#5,#1915,$);
#7314 = CONTEXT_DEPENDENT_SHAPE_REPRESENTATION(#7315,#7317);
#7315 = ( REPRESENTATION_RELATIONSHIP('','',#2772,#10) 
REPRESENTATION_RELATIONSHIP_WITH_TRANSFORMATION(#7316) 
SHAPE_REPRESENTATION_RELATIONSHIP() );
#7316 = ITEM_DEFINED_TRANSFORMATION('','',#11,#111);
#7317 = PRODUCT_DEFINITION_SHAPE('Placement','Placement of an item',
  #7318);
#7318 = NEXT_ASSEMBLY_USAGE_OCCURRENCE('30','C2','',#5,#2767,$);
#7319 = CONTEXT_DEPENDENT_SHAPE_REPRESENTATION(#7320,#7322);
#7320 = ( REPRESENTATION_RELATIONSHIP('','',#2772,#10) 
REPRESENTATION_RELATIONSHIP_WITH_TRANSFORMATION(#7321) 
SHAPE_REPRESENTATION_RELATIONSHIP() );
#7321 = ITEM_DEFINED_TRANSFORMATION('','',#11,#115);
#7322 = PRODUCT_DEFINITION_SHAPE('Placement','Placement of an item',
  #7323);
#7323 = NEXT_ASSEMBLY_USAGE_OCCURRENCE('31','C3','',#5,#2767,$);
#7324 = CONTEXT_DEPENDENT_SHAPE_REPRESENTATION(#7325,#7327);
#7325 = ( REPRESENTATION_RELATIONSHIP('','',#1920,#10) 
REPRESENTATION_RELATIONSHIP_WITH_TRANSFORMATION(#7326) 
SHAPE_REPRESENTATION_RELATIONSHIP() );
#7326 = ITEM_DEFINED_TRANSFORMATION('','',#11,#119);
#7327 = PRODUCT_DEFINITION_SHAPE('Placement','Placement of an item',
  #7328);
#7328 = NEXT_ASSEMBLY_USAGE_OCCURRENCE('32','R7','',#5,#1915,$);
#7329 = CONTEXT_DEPENDENT_SHAPE_REPRESENTATION(#7330,#7332);
#7330 = ( REPRESENTATION_RELATIONSHIP('','',#1920,#10) 
REPRESENTATION_RELATIONSHIP_WITH_TRANSFORMATION(#7331) 
SHAPE_REPRESENTATION_RELATIONSHIP() );
#7331 = ITEM_DEFINED_TRANSFORMATION('','',#11,#123);
#7332 = PRODUCT_DEFINITION_SHAPE('Placement','Placement of an item',
  #7333);
#7333 = NEXT_ASSEMBLY_USAGE_OCCURRENCE('33','R6','',#5,#1915,$);
#7334 = CONTEXT_DEPENDENT_SHAPE_REPRESENTATION(#7335,#7337);
#7335 = ( REPRESENTATION_RELATIONSHIP('','',#1088,#10) 
REPRESENTATION_RELATIONSHIP_WITH_TRANSFORMATION(#7336) 
SHAPE_REPRESENTATION_RELATIONSHIP() );
#7336 = ITEM_DEFINED_TRANSFORMATION('','',#11,#127);
#7337 = PRODUCT_DEFINITION_SHAPE('Placement','Placement of an item',
  #7338);
#7338 = NEXT_ASSEMBLY_USAGE_OCCURRENCE('34','R2','',#5,#1083,$);
#7339 = CONTEXT_DEPENDENT_SHAPE_REPRESENTATION(#7340,#7342);
#7340 = ( REPRESENTATION_RELATIONSHIP('','',#1920,#10) 
REPRESENTATION_RELATIONSHIP_WITH_TRANSFORMATION(#7341) 
SHAPE_REPRESENTATION_RELATIONSHIP() );
#7341 = ITEM_DEFINED_TRANSFORMATION('','',#11,#131);
#7342 = PRODUCT_DEFINITION_SHAPE('Placement','Placement of an item',
  #7343);
#7343 = NEXT_ASSEMBLY_USAGE_OCCURRENCE('35','R15','',#5,#1915,$);
#7344 = SHAPE_DEFINITION_REPRESENTATION(#7345,#7351);
#7345 = PRODUCT_DEFINITION_SHAPE('','',#7346);
#7346 = PRODUCT_DEFINITION('design','',#7347,#7350);
#7347 = PRODUCT_DEFINITION_FORMATION('','',#7348);
#7348 = PRODUCT('SOT-23-5','SOT-23-5','',(#7349));
#7349 = PRODUCT_CONTEXT('',#2,'mechanical');
#7350 = PRODUCT_DEFINITION_CONTEXT('part definition',#2,'design');
#7351 = SHAPE_REPRESENTATION('',(#11,#7352),#7356);
#7352 = AXIS2_PLACEMENT_3D('',#7353,#7354,#7355);
#7353 = CARTESIAN_POINT('',(0.,0.,0.));
#7354 = DIRECTION('',(0.,0.,1.));
#7355 = DIRECTION('',(1.,0.,-0.));
#7356 = ( GEOMETRIC_REPRESENTATION_CONTEXT(3) 
GLOBAL_UNCERTAINTY_ASSIGNED_CONTEXT((#7360)) 
GLOBAL_UNIT_ASSIGNED_CONTEXT((#7357,#7358,#7359)) REPRESENTATION_CONTEXT
('Context #1','3D Context with UNIT and UNCERTAINTY') );
#7357 = ( LENGTH_UNIT() NAMED_UNIT(*) SI_UNIT(.MILLI.,.METRE.) );
#7358 = ( NAMED_UNIT(*) PLANE_ANGLE_UNIT() SI_UNIT($,.RADIAN.) );
#7359 = ( NAMED_UNIT(*) SI_UNIT($,.STERADIAN.) SOLID_ANGLE_UNIT() );
#7360 = UNCERTAINTY_MEASURE_WITH_UNIT(LENGTH_MEASURE(1.E-07),#7357,
  'distance_accuracy_value','confusion accuracy');
#7361 = CONTEXT_DEPENDENT_SHAPE_REPRESENTATION(#7362,#7364);
#7362 = ( REPRESENTATION_RELATIONSHIP('','',#7351,#10) 
REPRESENTATION_RELATIONSHIP_WITH_TRANSFORMATION(#7363) 
SHAPE_REPRESENTATION_RELATIONSHIP() );
#7363 = ITEM_DEFINED_TRANSFORMATION('','',#11,#135);
#7364 = PRODUCT_DEFINITION_SHAPE('Placement','Placement of an item',
  #7365);
#7365 = NEXT_ASSEMBLY_USAGE_OCCURRENCE('37','U3','',#5,#7346,$);
#7366 = PRODUCT_RELATED_PRODUCT_CATEGORY('part',$,(#7348));
#7367 = SHAPE_DEFINITION_REPRESENTATION(#7368,#7374);
#7368 = PRODUCT_DEFINITION_SHAPE('','',#7369);
#7369 = PRODUCT_DEFINITION('design','',#7370,#7373);
#7370 = PRODUCT_DEFINITION_FORMATION('','',#7371);
#7371 = PRODUCT('SOT-23-5','SOT-23-5','',(#7372));
#7372 = PRODUCT_CONTEXT('',#2,'mechanical');
#7373 = PRODUCT_DEFINITION_CONTEXT('part definition',#2,'design');
#7374 = ADVANCED_BREP_SHAPE_REPRESENTATION('',(#11,#7375),#10444);
#7375 = MANIFOLD_SOLID_BREP('',#7376);
#7376 = CLOSED_SHELL('',(#7377,#7415,#7478,#7501,#7530,#7553,#7624,#7679
    ,#7702,#7725,#7742,#7765,#7853,#7869,#7899,#7930,#7961,#7992,#8023,
    #8054,#8071,#8088,#8119,#8150,#8181,#8211,#8234,#8257,#8274,#8319,
    #8389,#8412,#8435,#8458,#8513,#8551,#8600,#8692,#8717,#8801,#8823,
    #8915,#8940,#9024,#9041,#9126,#9151,#9228,#9313,#9338,#9415,#9432,
    #9524,#9549,#9633,#9650,#9669,#9688,#9734,#9750,#9769,#9785,#9802,
    #9814,#9831,#9848,#9865,#9882,#9899,#9916,#9933,#9945,#9962,#9979,
    #9996,#10013,#10030,#10047,#10064,#10076,#10093,#10110,#10127,#10144
    ,#10161,#10178,#10190,#10207,#10224,#10241,#10258,#10275,#10292,
    #10304,#10321,#10338,#10355,#10372,#10389,#10406,#10423,#10435));
#7377 = ADVANCED_FACE('',(#7378),#7410,.F.);
#7378 = FACE_BOUND('',#7379,.F.);
#7379 = EDGE_LOOP('',(#7380,#7390,#7397,#7405));
#7380 = ORIENTED_EDGE('',*,*,#7381,.T.);
#7381 = EDGE_CURVE('',#7382,#7384,#7386,.T.);
#7382 = VERTEX_POINT('',#7383);
#7383 = CARTESIAN_POINT('',(-0.659324228722,1.358648457443,0.1));
#7384 = VERTEX_POINT('',#7385);
#7385 = CARTESIAN_POINT('',(0.659324228722,1.358648457443,0.1));
#7386 = LINE('',#7387,#7388);
#7387 = CARTESIAN_POINT('',(-0.659324228722,1.358648457443,0.1));
#7388 = VECTOR('',#7389,1.);
#7389 = DIRECTION('',(1.,1.110223024625E-16,0.));
#7390 = ORIENTED_EDGE('',*,*,#7391,.T.);
#7391 = EDGE_CURVE('',#7384,#7392,#7394,.T.);
#7392 = VERTEX_POINT('',#7393);
#7393 = CARTESIAN_POINT('',(0.705,1.45,0.75));
#7394 = B_SPLINE_CURVE_WITH_KNOTS('',1,(#7395,#7396),.UNSPECIFIED.,.F.,
  .F.,(2,2),(0.,1.),.PIECEWISE_BEZIER_KNOTS.);
#7395 = CARTESIAN_POINT('',(0.659324228722,1.358648457443,0.1));
#7396 = CARTESIAN_POINT('',(0.705,1.45,0.75));
#7397 = ORIENTED_EDGE('',*,*,#7398,.F.);
#7398 = EDGE_CURVE('',#7399,#7392,#7401,.T.);
#7399 = VERTEX_POINT('',#7400);
#7400 = CARTESIAN_POINT('',(-0.705,1.45,0.75));
#7401 = LINE('',#7402,#7403);
#7402 = CARTESIAN_POINT('',(-0.705,1.45,0.75));
#7403 = VECTOR('',#7404,1.);
#7404 = DIRECTION('',(1.,1.110223024625E-16,0.));
#7405 = ORIENTED_EDGE('',*,*,#7406,.F.);
#7406 = EDGE_CURVE('',#7382,#7399,#7407,.T.);
#7407 = B_SPLINE_CURVE_WITH_KNOTS('',1,(#7408,#7409),.UNSPECIFIED.,.F.,
  .F.,(2,2),(0.,1.),.PIECEWISE_BEZIER_KNOTS.);
#7408 = CARTESIAN_POINT('',(-0.659324228722,1.358648457443,0.1));
#7409 = CARTESIAN_POINT('',(-0.705,1.45,0.75));
#7410 = B_SPLINE_SURFACE_WITH_KNOTS('',1,1,(
    (#7411,#7412)
    ,(#7413,#7414
    )),.UNSPECIFIED.,.F.,.F.,.F.,(2,2),(2,2),(0.,1.41),(0.,1.),
  .PIECEWISE_BEZIER_KNOTS.);
#7411 = CARTESIAN_POINT('',(-0.659324228722,1.358648457443,0.1));
#7412 = CARTESIAN_POINT('',(-0.705,1.45,0.75));
#7413 = CARTESIAN_POINT('',(0.659324228722,1.358648457443,0.1));
#7414 = CARTESIAN_POINT('',(0.705,1.45,0.75));
#7415 = ADVANCED_FACE('',(#7416),#7473,.F.);
#7416 = FACE_BOUND('',#7417,.T.);
#7417 = EDGE_LOOP('',(#7418,#7419,#7427,#7435,#7443,#7451,#7459,#7467));
#7418 = ORIENTED_EDGE('',*,*,#7381,.T.);
#7419 = ORIENTED_EDGE('',*,*,#7420,.T.);
#7420 = EDGE_CURVE('',#7384,#7421,#7423,.T.);
#7421 = VERTEX_POINT('',#7422);
#7422 = CARTESIAN_POINT('',(0.708648457443,1.309324228722,0.1));
#7423 = LINE('',#7424,#7425);
#7424 = CARTESIAN_POINT('',(0.659324228722,1.358648457443,0.1));
#7425 = VECTOR('',#7426,1.);
#7426 = DIRECTION('',(0.707106781187,-0.707106781187,0.));
#7427 = ORIENTED_EDGE('',*,*,#7428,.T.);
#7428 = EDGE_CURVE('',#7421,#7429,#7431,.T.);
#7429 = VERTEX_POINT('',#7430);
#7430 = CARTESIAN_POINT('',(0.708648457443,-1.309324228722,0.1));
#7431 = LINE('',#7432,#7433);
#7432 = CARTESIAN_POINT('',(0.708648457443,1.309324228722,0.1));
#7433 = VECTOR('',#7434,1.);
#7434 = DIRECTION('',(1.110223024625E-16,-1.,0.));
#7435 = ORIENTED_EDGE('',*,*,#7436,.T.);
#7436 = EDGE_CURVE('',#7429,#7437,#7439,.T.);
#7437 = VERTEX_POINT('',#7438);
#7438 = CARTESIAN_POINT('',(0.659324228722,-1.358648457443,0.1));
#7439 = LINE('',#7440,#7441);
#7440 = CARTESIAN_POINT('',(0.708648457443,-1.309324228722,0.1));
#7441 = VECTOR('',#7442,1.);
#7442 = DIRECTION('',(-0.707106781187,-0.707106781187,0.));
#7443 = ORIENTED_EDGE('',*,*,#7444,.T.);
#7444 = EDGE_CURVE('',#7437,#7445,#7447,.T.);
#7445 = VERTEX_POINT('',#7446);
#7446 = CARTESIAN_POINT('',(-0.659324228722,-1.358648457443,0.1));
#7447 = LINE('',#7448,#7449);
#7448 = CARTESIAN_POINT('',(0.659324228722,-1.358648457443,0.1));
#7449 = VECTOR('',#7450,1.);
#7450 = DIRECTION('',(-1.,-1.110223024625E-16,0.));
#7451 = ORIENTED_EDGE('',*,*,#7452,.T.);
#7452 = EDGE_CURVE('',#7445,#7453,#7455,.T.);
#7453 = VERTEX_POINT('',#7454);
#7454 = CARTESIAN_POINT('',(-0.708648457443,-1.309324228722,0.1));
#7455 = LINE('',#7456,#7457);
#7456 = CARTESIAN_POINT('',(-0.659324228722,-1.358648457443,0.1));
#7457 = VECTOR('',#7458,1.);
#7458 = DIRECTION('',(-0.707106781187,0.707106781187,0.));
#7459 = ORIENTED_EDGE('',*,*,#7460,.T.);
#7460 = EDGE_CURVE('',#7453,#7461,#7463,.T.);
#7461 = VERTEX_POINT('',#7462);
#7462 = CARTESIAN_POINT('',(-0.708648457443,1.309324228722,0.1));
#7463 = LINE('',#7464,#7465);
#7464 = CARTESIAN_POINT('',(-0.708648457443,-1.309324228722,0.1));
#7465 = VECTOR('',#7466,1.);
#7466 = DIRECTION('',(-1.110223024625E-16,1.,0.));
#7467 = ORIENTED_EDGE('',*,*,#7468,.T.);
#7468 = EDGE_CURVE('',#7461,#7382,#7469,.T.);
#7469 = LINE('',#7470,#7471);
#7470 = CARTESIAN_POINT('',(-0.708648457443,1.309324228722,0.1));
#7471 = VECTOR('',#7472,1.);
#7472 = DIRECTION('',(0.707106781187,0.707106781187,0.));
#7473 = PLANE('',#7474);
#7474 = AXIS2_PLACEMENT_3D('',#7475,#7476,#7477);
#7475 = CARTESIAN_POINT('',(-0.659324228722,1.358648457443,0.1));
#7476 = DIRECTION('',(0.,0.,1.));
#7477 = DIRECTION('',(0.436587433964,-0.899661832304,0.));
#7478 = ADVANCED_FACE('',(#7479),#7496,.F.);
#7479 = FACE_BOUND('',#7480,.F.);
#7480 = EDGE_LOOP('',(#7481,#7482,#7489,#7495));
#7481 = ORIENTED_EDGE('',*,*,#7420,.T.);
#7482 = ORIENTED_EDGE('',*,*,#7483,.T.);
#7483 = EDGE_CURVE('',#7421,#7484,#7486,.T.);
#7484 = VERTEX_POINT('',#7485);
#7485 = CARTESIAN_POINT('',(0.8,1.355,0.75));
#7486 = B_SPLINE_CURVE_WITH_KNOTS('',1,(#7487,#7488),.UNSPECIFIED.,.F.,
  .F.,(2,2),(0.,1.),.PIECEWISE_BEZIER_KNOTS.);
#7487 = CARTESIAN_POINT('',(0.708648457443,1.309324228722,0.1));
#7488 = CARTESIAN_POINT('',(0.8,1.355,0.75));
#7489 = ORIENTED_EDGE('',*,*,#7490,.F.);
#7490 = EDGE_CURVE('',#7392,#7484,#7491,.T.);
#7491 = LINE('',#7492,#7493);
#7492 = CARTESIAN_POINT('',(0.705,1.45,0.75));
#7493 = VECTOR('',#7494,1.);
#7494 = DIRECTION('',(0.707106781187,-0.707106781187,0.));
#7495 = ORIENTED_EDGE('',*,*,#7391,.F.);
#7496 = B_SPLINE_SURFACE_WITH_KNOTS('',1,1,(
    (#7497,#7498)
    ,(#7499,#7500
    )),.UNSPECIFIED.,.F.,.F.,.F.,(2,2),(2,2),(0.,0.134350288425),(0.,1.)
  ,.PIECEWISE_BEZIER_KNOTS.);
#7497 = CARTESIAN_POINT('',(0.659324228722,1.358648457443,0.1));
#7498 = CARTESIAN_POINT('',(0.705,1.45,0.75));
#7499 = CARTESIAN_POINT('',(0.708648457443,1.309324228722,0.1));
#7500 = CARTESIAN_POINT('',(0.8,1.355,0.75));
#7501 = ADVANCED_FACE('',(#7502),#7525,.F.);
#7502 = FACE_BOUND('',#7503,.F.);
#7503 = EDGE_LOOP('',(#7504,#7505,#7512,#7520));
#7504 = ORIENTED_EDGE('',*,*,#7398,.T.);
#7505 = ORIENTED_EDGE('',*,*,#7506,.T.);
#7506 = EDGE_CURVE('',#7392,#7507,#7509,.T.);
#7507 = VERTEX_POINT('',#7508);
#7508 = CARTESIAN_POINT('',(0.705,1.45,0.9));
#7509 = B_SPLINE_CURVE_WITH_KNOTS('',1,(#7510,#7511),.UNSPECIFIED.,.F.,
  .F.,(2,2),(0.,1.),.PIECEWISE_BEZIER_KNOTS.);
#7510 = CARTESIAN_POINT('',(0.705,1.45,0.75));
#7511 = CARTESIAN_POINT('',(0.705,1.45,0.9));
#7512 = ORIENTED_EDGE('',*,*,#7513,.F.);
#7513 = EDGE_CURVE('',#7514,#7507,#7516,.T.);
#7514 = VERTEX_POINT('',#7515);
#7515 = CARTESIAN_POINT('',(-0.705,1.45,0.9));
#7516 = LINE('',#7517,#7518);
#7517 = CARTESIAN_POINT('',(-0.705,1.45,0.9));
#7518 = VECTOR('',#7519,1.);
#7519 = DIRECTION('',(1.,1.110223024625E-16,0.));
#7520 = ORIENTED_EDGE('',*,*,#7521,.F.);
#7521 = EDGE_CURVE('',#7399,#7514,#7522,.T.);
#7522 = B_SPLINE_CURVE_WITH_KNOTS('',1,(#7523,#7524),.UNSPECIFIED.,.F.,
  .F.,(2,2),(0.,1.),.PIECEWISE_BEZIER_KNOTS.);
#7523 = CARTESIAN_POINT('',(-0.705,1.45,0.75));
#7524 = CARTESIAN_POINT('',(-0.705,1.45,0.9));
#7525 = PLANE('',#7526);
#7526 = AXIS2_PLACEMENT_3D('',#7527,#7528,#7529);
#7527 = CARTESIAN_POINT('',(-0.705,1.45,0.9));
#7528 = DIRECTION('',(1.110223024625E-16,-1.,0.));
#7529 = DIRECTION('',(1.,1.110223024625E-16,0.));
#7530 = ADVANCED_FACE('',(#7531),#7548,.F.);
#7531 = FACE_BOUND('',#7532,.F.);
#7532 = EDGE_LOOP('',(#7533,#7534,#7535,#7543));
#7533 = ORIENTED_EDGE('',*,*,#7468,.T.);
#7534 = ORIENTED_EDGE('',*,*,#7406,.T.);
#7535 = ORIENTED_EDGE('',*,*,#7536,.F.);
#7536 = EDGE_CURVE('',#7537,#7399,#7539,.T.);
#7537 = VERTEX_POINT('',#7538);
#7538 = CARTESIAN_POINT('',(-0.8,1.355,0.75));
#7539 = LINE('',#7540,#7541);
#7540 = CARTESIAN_POINT('',(-0.8,1.355,0.75));
#7541 = VECTOR('',#7542,1.);
#7542 = DIRECTION('',(0.707106781187,0.707106781187,0.));
#7543 = ORIENTED_EDGE('',*,*,#7544,.F.);
#7544 = EDGE_CURVE('',#7461,#7537,#7545,.T.);
#7545 = B_SPLINE_CURVE_WITH_KNOTS('',1,(#7546,#7547),.UNSPECIFIED.,.F.,
  .F.,(2,2),(0.,1.),.PIECEWISE_BEZIER_KNOTS.);
#7546 = CARTESIAN_POINT('',(-0.708648457443,1.309324228722,0.1));
#7547 = CARTESIAN_POINT('',(-0.8,1.355,0.75));
#7548 = B_SPLINE_SURFACE_WITH_KNOTS('',1,1,(
    (#7549,#7550)
    ,(#7551,#7552
    )),.UNSPECIFIED.,.F.,.F.,.F.,(2,2),(2,2),(0.,0.134350288425),(0.,1.)
  ,.PIECEWISE_BEZIER_KNOTS.);
#7549 = CARTESIAN_POINT('',(-0.708648457443,1.309324228722,0.1));
#7550 = CARTESIAN_POINT('',(-0.8,1.355,0.75));
#7551 = CARTESIAN_POINT('',(-0.659324228722,1.358648457443,0.1));
#7552 = CARTESIAN_POINT('',(-0.705,1.45,0.75));
#7553 = ADVANCED_FACE('',(#7554),#7619,.F.);
#7554 = FACE_BOUND('',#7555,.F.);
#7555 = EDGE_LOOP('',(#7556,#7557,#7558,#7566,#7574,#7582,#7590,#7598,
    #7606,#7614));
#7556 = ORIENTED_EDGE('',*,*,#7460,.T.);
#7557 = ORIENTED_EDGE('',*,*,#7544,.T.);
#7558 = ORIENTED_EDGE('',*,*,#7559,.F.);
#7559 = EDGE_CURVE('',#7560,#7537,#7562,.T.);
#7560 = VERTEX_POINT('',#7561);
#7561 = CARTESIAN_POINT('',(-0.8,1.2,0.75));
#7562 = LINE('',#7563,#7564);
#7563 = CARTESIAN_POINT('',(-0.8,-1.355,0.75));
#7564 = VECTOR('',#7565,1.);
#7565 = DIRECTION('',(-1.110223024625E-16,1.,0.));
#7566 = ORIENTED_EDGE('',*,*,#7567,.F.);
#7567 = EDGE_CURVE('',#7568,#7560,#7570,.T.);
#7568 = VERTEX_POINT('',#7569);
#7569 = CARTESIAN_POINT('',(-0.8,0.7,0.75));
#7570 = LINE('',#7571,#7572);
#7571 = CARTESIAN_POINT('',(-0.8,-1.355,0.75));
#7572 = VECTOR('',#7573,1.);
#7573 = DIRECTION('',(-1.110223024625E-16,1.,0.));
#7574 = ORIENTED_EDGE('',*,*,#7575,.F.);
#7575 = EDGE_CURVE('',#7576,#7568,#7578,.T.);
#7576 = VERTEX_POINT('',#7577);
#7577 = CARTESIAN_POINT('',(-0.8,0.25,0.75));
#7578 = LINE('',#7579,#7580);
#7579 = CARTESIAN_POINT('',(-0.8,-1.355,0.75));
#7580 = VECTOR('',#7581,1.);
#7581 = DIRECTION('',(-1.110223024625E-16,1.,0.));
#7582 = ORIENTED_EDGE('',*,*,#7583,.F.);
#7583 = EDGE_CURVE('',#7584,#7576,#7586,.T.);
#7584 = VERTEX_POINT('',#7585);
#7585 = CARTESIAN_POINT('',(-0.8,-0.25,0.75));
#7586 = LINE('',#7587,#7588);
#7587 = CARTESIAN_POINT('',(-0.8,-1.355,0.75));
#7588 = VECTOR('',#7589,1.);
#7589 = DIRECTION('',(-1.110223024625E-16,1.,0.));
#7590 = ORIENTED_EDGE('',*,*,#7591,.F.);
#7591 = EDGE_CURVE('',#7592,#7584,#7594,.T.);
#7592 = VERTEX_POINT('',#7593);
#7593 = CARTESIAN_POINT('',(-0.8,-0.7,0.75));
#7594 = LINE('',#7595,#7596);
#7595 = CARTESIAN_POINT('',(-0.8,-1.355,0.75));
#7596 = VECTOR('',#7597,1.);
#7597 = DIRECTION('',(-1.110223024625E-16,1.,0.));
#7598 = ORIENTED_EDGE('',*,*,#7599,.F.);
#7599 = EDGE_CURVE('',#7600,#7592,#7602,.T.);
#7600 = VERTEX_POINT('',#7601);
#7601 = CARTESIAN_POINT('',(-0.8,-1.2,0.75));
#7602 = LINE('',#7603,#7604);
#7603 = CARTESIAN_POINT('',(-0.8,-1.355,0.75));
#7604 = VECTOR('',#7605,1.);
#7605 = DIRECTION('',(-1.110223024625E-16,1.,0.));
#7606 = ORIENTED_EDGE('',*,*,#7607,.F.);
#7607 = EDGE_CURVE('',#7608,#7600,#7610,.T.);
#7608 = VERTEX_POINT('',#7609);
#7609 = CARTESIAN_POINT('',(-0.8,-1.355,0.75));
#7610 = LINE('',#7611,#7612);
#7611 = CARTESIAN_POINT('',(-0.8,-1.355,0.75));
#7612 = VECTOR('',#7613,1.);
#7613 = DIRECTION('',(-1.110223024625E-16,1.,0.));
#7614 = ORIENTED_EDGE('',*,*,#7615,.F.);
#7615 = EDGE_CURVE('',#7453,#7608,#7616,.T.);
#7616 = B_SPLINE_CURVE_WITH_KNOTS('',1,(#7617,#7618),.UNSPECIFIED.,.F.,
  .F.,(2,2),(0.,1.),.PIECEWISE_BEZIER_KNOTS.);
#7617 = CARTESIAN_POINT('',(-0.708648457443,-1.309324228722,0.1));
#7618 = CARTESIAN_POINT('',(-0.8,-1.355,0.75));
#7619 = B_SPLINE_SURFACE_WITH_KNOTS('',1,1,(
    (#7620,#7621)
    ,(#7622,#7623
    )),.UNSPECIFIED.,.F.,.F.,.F.,(2,2),(2,2),(0.,2.71),(0.,1.),
  .PIECEWISE_BEZIER_KNOTS.);
#7620 = CARTESIAN_POINT('',(-0.708648457443,-1.309324228722,0.1));
#7621 = CARTESIAN_POINT('',(-0.8,-1.355,0.75));
#7622 = CARTESIAN_POINT('',(-0.708648457443,1.309324228722,0.1));
#7623 = CARTESIAN_POINT('',(-0.8,1.355,0.75));
#7624 = ADVANCED_FACE('',(#7625),#7674,.F.);
#7625 = FACE_BOUND('',#7626,.F.);
#7626 = EDGE_LOOP('',(#7627,#7628,#7635,#7643,#7651,#7659,#7667,#7673));
#7627 = ORIENTED_EDGE('',*,*,#7428,.T.);
#7628 = ORIENTED_EDGE('',*,*,#7629,.T.);
#7629 = EDGE_CURVE('',#7429,#7630,#7632,.T.);
#7630 = VERTEX_POINT('',#7631);
#7631 = CARTESIAN_POINT('',(0.8,-1.355,0.75));
#7632 = B_SPLINE_CURVE_WITH_KNOTS('',1,(#7633,#7634),.UNSPECIFIED.,.F.,
  .F.,(2,2),(0.,1.),.PIECEWISE_BEZIER_KNOTS.);
#7633 = CARTESIAN_POINT('',(0.708648457443,-1.309324228722,0.1));
#7634 = CARTESIAN_POINT('',(0.8,-1.355,0.75));
#7635 = ORIENTED_EDGE('',*,*,#7636,.F.);
#7636 = EDGE_CURVE('',#7637,#7630,#7639,.T.);
#7637 = VERTEX_POINT('',#7638);
#7638 = CARTESIAN_POINT('',(0.8,-1.2,0.75));
#7639 = LINE('',#7640,#7641);
#7640 = CARTESIAN_POINT('',(0.8,1.355,0.75));
#7641 = VECTOR('',#7642,1.);
#7642 = DIRECTION('',(1.110223024625E-16,-1.,0.));
#7643 = ORIENTED_EDGE('',*,*,#7644,.F.);
#7644 = EDGE_CURVE('',#7645,#7637,#7647,.T.);
#7645 = VERTEX_POINT('',#7646);
#7646 = CARTESIAN_POINT('',(0.8,-0.7,0.75));
#7647 = LINE('',#7648,#7649);
#7648 = CARTESIAN_POINT('',(0.8,1.355,0.75));
#7649 = VECTOR('',#7650,1.);
#7650 = DIRECTION('',(1.110223024625E-16,-1.,0.));
#7651 = ORIENTED_EDGE('',*,*,#7652,.F.);
#7652 = EDGE_CURVE('',#7653,#7645,#7655,.T.);
#7653 = VERTEX_POINT('',#7654);
#7654 = CARTESIAN_POINT('',(0.8,0.7,0.75));
#7655 = LINE('',#7656,#7657);
#7656 = CARTESIAN_POINT('',(0.8,1.355,0.75));
#7657 = VECTOR('',#7658,1.);
#7658 = DIRECTION('',(1.110223024625E-16,-1.,0.));
#7659 = ORIENTED_EDGE('',*,*,#7660,.F.);
#7660 = EDGE_CURVE('',#7661,#7653,#7663,.T.);
#7661 = VERTEX_POINT('',#7662);
#7662 = CARTESIAN_POINT('',(0.8,1.2,0.75));
#7663 = LINE('',#7664,#7665);
#7664 = CARTESIAN_POINT('',(0.8,1.355,0.75));
#7665 = VECTOR('',#7666,1.);
#7666 = DIRECTION('',(1.110223024625E-16,-1.,0.));
#7667 = ORIENTED_EDGE('',*,*,#7668,.F.);
#7668 = EDGE_CURVE('',#7484,#7661,#7669,.T.);
#7669 = LINE('',#7670,#7671);
#7670 = CARTESIAN_POINT('',(0.8,1.355,0.75));
#7671 = VECTOR('',#7672,1.);
#7672 = DIRECTION('',(1.110223024625E-16,-1.,0.));
#7673 = ORIENTED_EDGE('',*,*,#7483,.F.);
#7674 = B_SPLINE_SURFACE_WITH_KNOTS('',1,1,(
    (#7675,#7676)
    ,(#7677,#7678
    )),.UNSPECIFIED.,.F.,.F.,.F.,(2,2),(2,2),(0.,2.71),(0.,1.),
  .PIECEWISE_BEZIER_KNOTS.);
#7675 = CARTESIAN_POINT('',(0.708648457443,1.309324228722,0.1));
#7676 = CARTESIAN_POINT('',(0.8,1.355,0.75));
#7677 = CARTESIAN_POINT('',(0.708648457443,-1.309324228722,0.1));
#7678 = CARTESIAN_POINT('',(0.8,-1.355,0.75));
#7679 = ADVANCED_FACE('',(#7680),#7697,.F.);
#7680 = FACE_BOUND('',#7681,.F.);
#7681 = EDGE_LOOP('',(#7682,#7683,#7684,#7692));
#7682 = ORIENTED_EDGE('',*,*,#7452,.T.);
#7683 = ORIENTED_EDGE('',*,*,#7615,.T.);
#7684 = ORIENTED_EDGE('',*,*,#7685,.F.);
#7685 = EDGE_CURVE('',#7686,#7608,#7688,.T.);
#7686 = VERTEX_POINT('',#7687);
#7687 = CARTESIAN_POINT('',(-0.705,-1.45,0.75));
#7688 = LINE('',#7689,#7690);
#7689 = CARTESIAN_POINT('',(-0.705,-1.45,0.75));
#7690 = VECTOR('',#7691,1.);
#7691 = DIRECTION('',(-0.707106781187,0.707106781187,0.));
#7692 = ORIENTED_EDGE('',*,*,#7693,.F.);
#7693 = EDGE_CURVE('',#7445,#7686,#7694,.T.);
#7694 = B_SPLINE_CURVE_WITH_KNOTS('',1,(#7695,#7696),.UNSPECIFIED.,.F.,
  .F.,(2,2),(0.,1.),.PIECEWISE_BEZIER_KNOTS.);
#7695 = CARTESIAN_POINT('',(-0.659324228722,-1.358648457443,0.1));
#7696 = CARTESIAN_POINT('',(-0.705,-1.45,0.75));
#7697 = B_SPLINE_SURFACE_WITH_KNOTS('',1,1,(
    (#7698,#7699)
    ,(#7700,#7701
    )),.UNSPECIFIED.,.F.,.F.,.F.,(2,2),(2,2),(0.,0.134350288425),(0.,1.)
  ,.PIECEWISE_BEZIER_KNOTS.);
#7698 = CARTESIAN_POINT('',(-0.659324228722,-1.358648457443,0.1));
#7699 = CARTESIAN_POINT('',(-0.705,-1.45,0.75));
#7700 = CARTESIAN_POINT('',(-0.708648457443,-1.309324228722,0.1));
#7701 = CARTESIAN_POINT('',(-0.8,-1.355,0.75));
#7702 = ADVANCED_FACE('',(#7703),#7720,.F.);
#7703 = FACE_BOUND('',#7704,.F.);
#7704 = EDGE_LOOP('',(#7705,#7706,#7713,#7719));
#7705 = ORIENTED_EDGE('',*,*,#7436,.T.);
#7706 = ORIENTED_EDGE('',*,*,#7707,.T.);
#7707 = EDGE_CURVE('',#7437,#7708,#7710,.T.);
#7708 = VERTEX_POINT('',#7709);
#7709 = CARTESIAN_POINT('',(0.705,-1.45,0.75));
#7710 = B_SPLINE_CURVE_WITH_KNOTS('',1,(#7711,#7712),.UNSPECIFIED.,.F.,
  .F.,(2,2),(0.,1.),.PIECEWISE_BEZIER_KNOTS.);
#7711 = CARTESIAN_POINT('',(0.659324228722,-1.358648457443,0.1));
#7712 = CARTESIAN_POINT('',(0.705,-1.45,0.75));
#7713 = ORIENTED_EDGE('',*,*,#7714,.F.);
#7714 = EDGE_CURVE('',#7630,#7708,#7715,.T.);
#7715 = LINE('',#7716,#7717);
#7716 = CARTESIAN_POINT('',(0.8,-1.355,0.75));
#7717 = VECTOR('',#7718,1.);
#7718 = DIRECTION('',(-0.707106781187,-0.707106781187,0.));
#7719 = ORIENTED_EDGE('',*,*,#7629,.F.);
#7720 = B_SPLINE_SURFACE_WITH_KNOTS('',1,1,(
    (#7721,#7722)
    ,(#7723,#7724
    )),.UNSPECIFIED.,.F.,.F.,.F.,(2,2),(2,2),(0.,0.134350288425),(0.,1.)
  ,.PIECEWISE_BEZIER_KNOTS.);
#7721 = CARTESIAN_POINT('',(0.708648457443,-1.309324228722,0.1));
#7722 = CARTESIAN_POINT('',(0.8,-1.355,0.75));
#7723 = CARTESIAN_POINT('',(0.659324228722,-1.358648457443,0.1));
#7724 = CARTESIAN_POINT('',(0.705,-1.45,0.75));
#7725 = ADVANCED_FACE('',(#7726),#7737,.F.);
#7726 = FACE_BOUND('',#7727,.F.);
#7727 = EDGE_LOOP('',(#7728,#7729,#7730,#7736));
#7728 = ORIENTED_EDGE('',*,*,#7444,.T.);
#7729 = ORIENTED_EDGE('',*,*,#7693,.T.);
#7730 = ORIENTED_EDGE('',*,*,#7731,.F.);
#7731 = EDGE_CURVE('',#7708,#7686,#7732,.T.);
#7732 = LINE('',#7733,#7734);
#7733 = CARTESIAN_POINT('',(0.705,-1.45,0.75));
#7734 = VECTOR('',#7735,1.);
#7735 = DIRECTION('',(-1.,-1.110223024625E-16,0.));
#7736 = ORIENTED_EDGE('',*,*,#7707,.F.);
#7737 = B_SPLINE_SURFACE_WITH_KNOTS('',1,1,(
    (#7738,#7739)
    ,(#7740,#7741
    )),.UNSPECIFIED.,.F.,.F.,.F.,(2,2),(2,2),(0.,1.41),(0.,1.),
  .PIECEWISE_BEZIER_KNOTS.);
#7738 = CARTESIAN_POINT('',(0.659324228722,-1.358648457443,0.1));
#7739 = CARTESIAN_POINT('',(0.705,-1.45,0.75));
#7740 = CARTESIAN_POINT('',(-0.659324228722,-1.358648457443,0.1));
#7741 = CARTESIAN_POINT('',(-0.705,-1.45,0.75));
#7742 = ADVANCED_FACE('',(#7743),#7760,.F.);
#7743 = FACE_BOUND('',#7744,.F.);
#7744 = EDGE_LOOP('',(#7745,#7746,#7753,#7759));
#7745 = ORIENTED_EDGE('',*,*,#7490,.T.);
#7746 = ORIENTED_EDGE('',*,*,#7747,.T.);
#7747 = EDGE_CURVE('',#7484,#7748,#7750,.T.);
#7748 = VERTEX_POINT('',#7749);
#7749 = CARTESIAN_POINT('',(0.8,1.355,0.9));
#7750 = B_SPLINE_CURVE_WITH_KNOTS('',1,(#7751,#7752),.UNSPECIFIED.,.F.,
  .F.,(2,2),(0.,1.),.PIECEWISE_BEZIER_KNOTS.);
#7751 = CARTESIAN_POINT('',(0.8,1.355,0.75));
#7752 = CARTESIAN_POINT('',(0.8,1.355,0.9));
#7753 = ORIENTED_EDGE('',*,*,#7754,.F.);
#7754 = EDGE_CURVE('',#7507,#7748,#7755,.T.);
#7755 = LINE('',#7756,#7757);
#7756 = CARTESIAN_POINT('',(0.705,1.45,0.9));
#7757 = VECTOR('',#7758,1.);
#7758 = DIRECTION('',(0.707106781187,-0.707106781187,0.));
#7759 = ORIENTED_EDGE('',*,*,#7506,.F.);
#7760 = PLANE('',#7761);
#7761 = AXIS2_PLACEMENT_3D('',#7762,#7763,#7764);
#7762 = CARTESIAN_POINT('',(0.705,1.45,0.9));
#7763 = DIRECTION('',(-0.707106781187,-0.707106781187,0.));
#7764 = DIRECTION('',(0.707106781187,-0.707106781187,0.));
#7765 = ADVANCED_FACE('',(#7766),#7848,.F.);
#7766 = FACE_BOUND('',#7767,.F.);
#7767 = EDGE_LOOP('',(#7768,#7776,#7777,#7778,#7786,#7794,#7802,#7810,
    #7818,#7826,#7834,#7842));
#7768 = ORIENTED_EDGE('',*,*,#7769,.T.);
#7769 = EDGE_CURVE('',#7770,#7514,#7772,.T.);
#7770 = VERTEX_POINT('',#7771);
#7771 = CARTESIAN_POINT('',(-0.8,1.355,0.9));
#7772 = LINE('',#7773,#7774);
#7773 = CARTESIAN_POINT('',(-0.8,1.355,0.9));
#7774 = VECTOR('',#7775,1.);
#7775 = DIRECTION('',(0.707106781187,0.707106781187,0.));
#7776 = ORIENTED_EDGE('',*,*,#7513,.T.);
#7777 = ORIENTED_EDGE('',*,*,#7754,.T.);
#7778 = ORIENTED_EDGE('',*,*,#7779,.T.);
#7779 = EDGE_CURVE('',#7748,#7780,#7782,.T.);
#7780 = VERTEX_POINT('',#7781);
#7781 = CARTESIAN_POINT('',(0.8,1.2,0.9));
#7782 = LINE('',#7783,#7784);
#7783 = CARTESIAN_POINT('',(0.8,1.355,0.9));
#7784 = VECTOR('',#7785,1.);
#7785 = DIRECTION('',(1.110223024625E-16,-1.,0.));
#7786 = ORIENTED_EDGE('',*,*,#7787,.T.);
#7787 = EDGE_CURVE('',#7780,#7788,#7790,.T.);
#7788 = VERTEX_POINT('',#7789);
#7789 = CARTESIAN_POINT('',(0.775,1.2,0.9));
#7790 = LINE('',#7791,#7792);
#7791 = CARTESIAN_POINT('',(0.85,1.2,0.9));
#7792 = VECTOR('',#7793,1.);
#7793 = DIRECTION('',(-1.,-1.110223024625E-16,0.));
#7794 = ORIENTED_EDGE('',*,*,#7795,.F.);
#7795 = EDGE_CURVE('',#7796,#7788,#7798,.T.);
#7796 = VERTEX_POINT('',#7797);
#7797 = CARTESIAN_POINT('',(0.775,1.3425,0.9));
#7798 = LINE('',#7799,#7800);
#7799 = CARTESIAN_POINT('',(0.775,1.3425,0.9));
#7800 = VECTOR('',#7801,1.);
#7801 = DIRECTION('',(1.110223024625E-16,-1.,0.));
#7802 = ORIENTED_EDGE('',*,*,#7803,.F.);
#7803 = EDGE_CURVE('',#7804,#7796,#7806,.T.);
#7804 = VERTEX_POINT('',#7805);
#7805 = CARTESIAN_POINT('',(0.6925,1.425,0.9));
#7806 = LINE('',#7807,#7808);
#7807 = CARTESIAN_POINT('',(0.6925,1.425,0.9));
#7808 = VECTOR('',#7809,1.);
#7809 = DIRECTION('',(0.707106781187,-0.707106781187,0.));
#7810 = ORIENTED_EDGE('',*,*,#7811,.F.);
#7811 = EDGE_CURVE('',#7812,#7804,#7814,.T.);
#7812 = VERTEX_POINT('',#7813);
#7813 = CARTESIAN_POINT('',(-0.6925,1.425,0.9));
#7814 = LINE('',#7815,#7816);
#7815 = CARTESIAN_POINT('',(-0.6925,1.425,0.9));
#7816 = VECTOR('',#7817,1.);
#7817 = DIRECTION('',(1.,1.110223024625E-16,0.));
#7818 = ORIENTED_EDGE('',*,*,#7819,.F.);
#7819 = EDGE_CURVE('',#7820,#7812,#7822,.T.);
#7820 = VERTEX_POINT('',#7821);
#7821 = CARTESIAN_POINT('',(-0.775,1.3425,0.9));
#7822 = LINE('',#7823,#7824);
#7823 = CARTESIAN_POINT('',(-0.775,1.3425,0.9));
#7824 = VECTOR('',#7825,1.);
#7825 = DIRECTION('',(0.707106781187,0.707106781187,0.));
#7826 = ORIENTED_EDGE('',*,*,#7827,.F.);
#7827 = EDGE_CURVE('',#7828,#7820,#7830,.T.);
#7828 = VERTEX_POINT('',#7829);
#7829 = CARTESIAN_POINT('',(-0.775,1.2,0.9));
#7830 = LINE('',#7831,#7832);
#7831 = CARTESIAN_POINT('',(-0.775,-1.3425,0.9));
#7832 = VECTOR('',#7833,1.);
#7833 = DIRECTION('',(-1.110223024625E-16,1.,0.));
#7834 = ORIENTED_EDGE('',*,*,#7835,.F.);
#7835 = EDGE_CURVE('',#7836,#7828,#7838,.T.);
#7836 = VERTEX_POINT('',#7837);
#7837 = CARTESIAN_POINT('',(-0.8,1.2,0.9));
#7838 = LINE('',#7839,#7840);
#7839 = CARTESIAN_POINT('',(-0.85,1.2,0.9));
#7840 = VECTOR('',#7841,1.);
#7841 = DIRECTION('',(1.,-1.144237745222E-17,0.));
#7842 = ORIENTED_EDGE('',*,*,#7843,.T.);
#7843 = EDGE_CURVE('',#7836,#7770,#7844,.T.);
#7844 = LINE('',#7845,#7846);
#7845 = CARTESIAN_POINT('',(-0.8,-1.355,0.9));
#7846 = VECTOR('',#7847,1.);
#7847 = DIRECTION('',(-1.110223024625E-16,1.,0.));
#7848 = PLANE('',#7849);
#7849 = AXIS2_PLACEMENT_3D('',#7850,#7851,#7852);
#7850 = CARTESIAN_POINT('',(-2.091417030376E-16,1.4375,0.9));
#7851 = DIRECTION('',(4.595758349624E-18,6.551522493592E-27,-1.));
#7852 = DIRECTION('',(1.,1.51922136901E-16,4.595758349624E-18));
#7853 = ADVANCED_FACE('',(#7854),#7864,.F.);
#7854 = FACE_BOUND('',#7855,.F.);
#7855 = EDGE_LOOP('',(#7856,#7857,#7858,#7859));
#7856 = ORIENTED_EDGE('',*,*,#7536,.T.);
#7857 = ORIENTED_EDGE('',*,*,#7521,.T.);
#7858 = ORIENTED_EDGE('',*,*,#7769,.F.);
#7859 = ORIENTED_EDGE('',*,*,#7860,.F.);
#7860 = EDGE_CURVE('',#7537,#7770,#7861,.T.);
#7861 = B_SPLINE_CURVE_WITH_KNOTS('',1,(#7862,#7863),.UNSPECIFIED.,.F.,
  .F.,(2,2),(0.,1.),.PIECEWISE_BEZIER_KNOTS.);
#7862 = CARTESIAN_POINT('',(-0.8,1.355,0.75));
#7863 = CARTESIAN_POINT('',(-0.8,1.355,0.9));
#7864 = PLANE('',#7865);
#7865 = AXIS2_PLACEMENT_3D('',#7866,#7867,#7868);
#7866 = CARTESIAN_POINT('',(-0.8,1.355,0.9));
#7867 = DIRECTION('',(0.707106781187,-0.707106781187,0.));
#7868 = DIRECTION('',(0.707106781187,0.707106781187,0.));
#7869 = ADVANCED_FACE('',(#7870),#7894,.F.);
#7870 = FACE_BOUND('',#7871,.F.);
#7871 = EDGE_LOOP('',(#7872,#7879,#7880,#7888));
#7872 = ORIENTED_EDGE('',*,*,#7873,.F.);
#7873 = EDGE_CURVE('',#7608,#7874,#7876,.T.);
#7874 = VERTEX_POINT('',#7875);
#7875 = CARTESIAN_POINT('',(-0.8,-1.355,0.9));
#7876 = B_SPLINE_CURVE_WITH_KNOTS('',1,(#7877,#7878),.UNSPECIFIED.,.F.,
  .F.,(2,2),(0.,1.),.PIECEWISE_BEZIER_KNOTS.);
#7877 = CARTESIAN_POINT('',(-0.8,-1.355,0.75));
#7878 = CARTESIAN_POINT('',(-0.8,-1.355,0.9));
#7879 = ORIENTED_EDGE('',*,*,#7607,.T.);
#7880 = ORIENTED_EDGE('',*,*,#7881,.T.);
#7881 = EDGE_CURVE('',#7600,#7882,#7884,.T.);
#7882 = VERTEX_POINT('',#7883);
#7883 = CARTESIAN_POINT('',(-0.8,-1.2,0.9));
#7884 = LINE('',#7885,#7886);
#7885 = CARTESIAN_POINT('',(-0.8,-1.2,0.670847817658));
#7886 = VECTOR('',#7887,1.);
#7887 = DIRECTION('',(0.,0.,1.));
#7888 = ORIENTED_EDGE('',*,*,#7889,.F.);
#7889 = EDGE_CURVE('',#7874,#7882,#7890,.T.);
#7890 = LINE('',#7891,#7892);
#7891 = CARTESIAN_POINT('',(-0.8,-1.355,0.9));
#7892 = VECTOR('',#7893,1.);
#7893 = DIRECTION('',(-1.110223024625E-16,1.,0.));
#7894 = PLANE('',#7895);
#7895 = AXIS2_PLACEMENT_3D('',#7896,#7897,#7898);
#7896 = CARTESIAN_POINT('',(-0.8,-1.355,0.9));
#7897 = DIRECTION('',(1.,1.110223024625E-16,0.));
#7898 = DIRECTION('',(-1.110223024625E-16,1.,0.));
#7899 = ADVANCED_FACE('',(#7900),#7925,.F.);
#7900 = FACE_BOUND('',#7901,.F.);
#7901 = EDGE_LOOP('',(#7902,#7910,#7911,#7919));
#7902 = ORIENTED_EDGE('',*,*,#7903,.F.);
#7903 = EDGE_CURVE('',#7600,#7904,#7906,.T.);
#7904 = VERTEX_POINT('',#7905);
#7905 = CARTESIAN_POINT('',(-0.85,-1.2,0.75));
#7906 = LINE('',#7907,#7908);
#7907 = CARTESIAN_POINT('',(-0.75,-1.2,0.75));
#7908 = VECTOR('',#7909,1.);
#7909 = DIRECTION('',(-1.,1.144237745222E-17,0.));
#7910 = ORIENTED_EDGE('',*,*,#7599,.T.);
#7911 = ORIENTED_EDGE('',*,*,#7912,.T.);
#7912 = EDGE_CURVE('',#7592,#7913,#7915,.T.);
#7913 = VERTEX_POINT('',#7914);
#7914 = CARTESIAN_POINT('',(-0.85,-0.7,0.75));
#7915 = LINE('',#7916,#7917);
#7916 = CARTESIAN_POINT('',(-0.75,-0.7,0.75));
#7917 = VECTOR('',#7918,1.);
#7918 = DIRECTION('',(-1.,1.144237745222E-17,0.));
#7919 = ORIENTED_EDGE('',*,*,#7920,.F.);
#7920 = EDGE_CURVE('',#7904,#7913,#7921,.T.);
#7921 = LINE('',#7922,#7923);
#7922 = CARTESIAN_POINT('',(-0.85,-1.2,0.75));
#7923 = VECTOR('',#7924,1.);
#7924 = DIRECTION('',(1.144237745222E-17,1.,0.));
#7925 = PLANE('',#7926);
#7926 = AXIS2_PLACEMENT_3D('',#7927,#7928,#7929);
#7927 = CARTESIAN_POINT('',(-0.75,-1.2,0.75));
#7928 = DIRECTION('',(0.,0.,1.));
#7929 = DIRECTION('',(-1.,1.144237745222E-17,0.));
#7930 = ADVANCED_FACE('',(#7931),#7956,.F.);
#7931 = FACE_BOUND('',#7932,.F.);
#7932 = EDGE_LOOP('',(#7933,#7941,#7942,#7950));
#7933 = ORIENTED_EDGE('',*,*,#7934,.F.);
#7934 = EDGE_CURVE('',#7592,#7935,#7937,.T.);
#7935 = VERTEX_POINT('',#7936);
#7936 = CARTESIAN_POINT('',(-0.8,-0.7,0.9));
#7937 = LINE('',#7938,#7939);
#7938 = CARTESIAN_POINT('',(-0.8,-0.7,0.670847817658));
#7939 = VECTOR('',#7940,1.);
#7940 = DIRECTION('',(0.,0.,1.));
#7941 = ORIENTED_EDGE('',*,*,#7591,.T.);
#7942 = ORIENTED_EDGE('',*,*,#7943,.T.);
#7943 = EDGE_CURVE('',#7584,#7944,#7946,.T.);
#7944 = VERTEX_POINT('',#7945);
#7945 = CARTESIAN_POINT('',(-0.8,-0.25,0.9));
#7946 = LINE('',#7947,#7948);
#7947 = CARTESIAN_POINT('',(-0.8,-0.25,0.670847817658));
#7948 = VECTOR('',#7949,1.);
#7949 = DIRECTION('',(0.,0.,1.));
#7950 = ORIENTED_EDGE('',*,*,#7951,.F.);
#7951 = EDGE_CURVE('',#7935,#7944,#7952,.T.);
#7952 = LINE('',#7953,#7954);
#7953 = CARTESIAN_POINT('',(-0.8,-1.355,0.9));
#7954 = VECTOR('',#7955,1.);
#7955 = DIRECTION('',(-1.110223024625E-16,1.,0.));
#7956 = PLANE('',#7957);
#7957 = AXIS2_PLACEMENT_3D('',#7958,#7959,#7960);
#7958 = CARTESIAN_POINT('',(-0.8,-1.355,0.9));
#7959 = DIRECTION('',(1.,1.110223024625E-16,0.));
#7960 = DIRECTION('',(-1.110223024625E-16,1.,0.));
#7961 = ADVANCED_FACE('',(#7962),#7987,.F.);
#7962 = FACE_BOUND('',#7963,.F.);
#7963 = EDGE_LOOP('',(#7964,#7972,#7973,#7981));
#7964 = ORIENTED_EDGE('',*,*,#7965,.F.);
#7965 = EDGE_CURVE('',#7584,#7966,#7968,.T.);
#7966 = VERTEX_POINT('',#7967);
#7967 = CARTESIAN_POINT('',(-0.85,-0.25,0.75));
#7968 = LINE('',#7969,#7970);
#7969 = CARTESIAN_POINT('',(-0.75,-0.25,0.75));
#7970 = VECTOR('',#7971,1.);
#7971 = DIRECTION('',(-1.,1.144237745222E-17,0.));
#7972 = ORIENTED_EDGE('',*,*,#7583,.T.);
#7973 = ORIENTED_EDGE('',*,*,#7974,.T.);
#7974 = EDGE_CURVE('',#7576,#7975,#7977,.T.);
#7975 = VERTEX_POINT('',#7976);
#7976 = CARTESIAN_POINT('',(-0.85,0.25,0.75));
#7977 = LINE('',#7978,#7979);
#7978 = CARTESIAN_POINT('',(-0.75,0.25,0.75));
#7979 = VECTOR('',#7980,1.);
#7980 = DIRECTION('',(-1.,1.144237745222E-17,0.));
#7981 = ORIENTED_EDGE('',*,*,#7982,.F.);
#7982 = EDGE_CURVE('',#7966,#7975,#7983,.T.);
#7983 = LINE('',#7984,#7985);
#7984 = CARTESIAN_POINT('',(-0.85,-0.25,0.75));
#7985 = VECTOR('',#7986,1.);
#7986 = DIRECTION('',(1.144237745222E-17,1.,0.));
#7987 = PLANE('',#7988);
#7988 = AXIS2_PLACEMENT_3D('',#7989,#7990,#7991);
#7989 = CARTESIAN_POINT('',(-0.75,-0.25,0.75));
#7990 = DIRECTION('',(0.,0.,1.));
#7991 = DIRECTION('',(-1.,1.144237745222E-17,0.));
#7992 = ADVANCED_FACE('',(#7993),#8018,.F.);
#7993 = FACE_BOUND('',#7994,.F.);
#7994 = EDGE_LOOP('',(#7995,#8003,#8004,#8012));
#7995 = ORIENTED_EDGE('',*,*,#7996,.F.);
#7996 = EDGE_CURVE('',#7576,#7997,#7999,.T.);
#7997 = VERTEX_POINT('',#7998);
#7998 = CARTESIAN_POINT('',(-0.8,0.25,0.9));
#7999 = LINE('',#8000,#8001);
#8000 = CARTESIAN_POINT('',(-0.8,0.25,0.670847817658));
#8001 = VECTOR('',#8002,1.);
#8002 = DIRECTION('',(0.,0.,1.));
#8003 = ORIENTED_EDGE('',*,*,#7575,.T.);
#8004 = ORIENTED_EDGE('',*,*,#8005,.T.);
#8005 = EDGE_CURVE('',#7568,#8006,#8008,.T.);
#8006 = VERTEX_POINT('',#8007);
#8007 = CARTESIAN_POINT('',(-0.8,0.7,0.9));
#8008 = LINE('',#8009,#8010);
#8009 = CARTESIAN_POINT('',(-0.8,0.7,0.670847817658));
#8010 = VECTOR('',#8011,1.);
#8011 = DIRECTION('',(0.,0.,1.));
#8012 = ORIENTED_EDGE('',*,*,#8013,.F.);
#8013 = EDGE_CURVE('',#7997,#8006,#8014,.T.);
#8014 = LINE('',#8015,#8016);
#8015 = CARTESIAN_POINT('',(-0.8,-1.355,0.9));
#8016 = VECTOR('',#8017,1.);
#8017 = DIRECTION('',(-1.110223024625E-16,1.,0.));
#8018 = PLANE('',#8019);
#8019 = AXIS2_PLACEMENT_3D('',#8020,#8021,#8022);
#8020 = CARTESIAN_POINT('',(-0.8,-1.355,0.9));
#8021 = DIRECTION('',(1.,1.110223024625E-16,0.));
#8022 = DIRECTION('',(-1.110223024625E-16,1.,0.));
#8023 = ADVANCED_FACE('',(#8024),#8049,.F.);
#8024 = FACE_BOUND('',#8025,.F.);
#8025 = EDGE_LOOP('',(#8026,#8034,#8035,#8043));
#8026 = ORIENTED_EDGE('',*,*,#8027,.F.);
#8027 = EDGE_CURVE('',#7568,#8028,#8030,.T.);
#8028 = VERTEX_POINT('',#8029);
#8029 = CARTESIAN_POINT('',(-0.85,0.7,0.75));
#8030 = LINE('',#8031,#8032);
#8031 = CARTESIAN_POINT('',(-0.75,0.7,0.75));
#8032 = VECTOR('',#8033,1.);
#8033 = DIRECTION('',(-1.,1.144237745222E-17,0.));
#8034 = ORIENTED_EDGE('',*,*,#7567,.T.);
#8035 = ORIENTED_EDGE('',*,*,#8036,.T.);
#8036 = EDGE_CURVE('',#7560,#8037,#8039,.T.);
#8037 = VERTEX_POINT('',#8038);
#8038 = CARTESIAN_POINT('',(-0.85,1.2,0.75));
#8039 = LINE('',#8040,#8041);
#8040 = CARTESIAN_POINT('',(-0.75,1.2,0.75));
#8041 = VECTOR('',#8042,1.);
#8042 = DIRECTION('',(-1.,1.144237745222E-17,0.));
#8043 = ORIENTED_EDGE('',*,*,#8044,.F.);
#8044 = EDGE_CURVE('',#8028,#8037,#8045,.T.);
#8045 = LINE('',#8046,#8047);
#8046 = CARTESIAN_POINT('',(-0.85,0.7,0.75));
#8047 = VECTOR('',#8048,1.);
#8048 = DIRECTION('',(1.144237745222E-17,1.,0.));
#8049 = PLANE('',#8050);
#8050 = AXIS2_PLACEMENT_3D('',#8051,#8052,#8053);
#8051 = CARTESIAN_POINT('',(-0.75,0.7,0.75));
#8052 = DIRECTION('',(0.,0.,1.));
#8053 = DIRECTION('',(-1.,1.144237745222E-17,0.));
#8054 = ADVANCED_FACE('',(#8055),#8066,.F.);
#8055 = FACE_BOUND('',#8056,.F.);
#8056 = EDGE_LOOP('',(#8057,#8063,#8064,#8065));
#8057 = ORIENTED_EDGE('',*,*,#8058,.F.);
#8058 = EDGE_CURVE('',#7560,#7836,#8059,.T.);
#8059 = LINE('',#8060,#8061);
#8060 = CARTESIAN_POINT('',(-0.8,1.2,0.670847817658));
#8061 = VECTOR('',#8062,1.);
#8062 = DIRECTION('',(0.,0.,1.));
#8063 = ORIENTED_EDGE('',*,*,#7559,.T.);
#8064 = ORIENTED_EDGE('',*,*,#7860,.T.);
#8065 = ORIENTED_EDGE('',*,*,#7843,.F.);
#8066 = PLANE('',#8067);
#8067 = AXIS2_PLACEMENT_3D('',#8068,#8069,#8070);
#8068 = CARTESIAN_POINT('',(-0.8,-1.355,0.9));
#8069 = DIRECTION('',(1.,1.110223024625E-16,0.));
#8070 = DIRECTION('',(-1.110223024625E-16,1.,0.));
#8071 = ADVANCED_FACE('',(#8072),#8083,.F.);
#8072 = FACE_BOUND('',#8073,.F.);
#8073 = EDGE_LOOP('',(#8074,#8075,#8076,#8082));
#8074 = ORIENTED_EDGE('',*,*,#7747,.F.);
#8075 = ORIENTED_EDGE('',*,*,#7668,.T.);
#8076 = ORIENTED_EDGE('',*,*,#8077,.T.);
#8077 = EDGE_CURVE('',#7661,#7780,#8078,.T.);
#8078 = LINE('',#8079,#8080);
#8079 = CARTESIAN_POINT('',(0.8,1.2,0.670847817658));
#8080 = VECTOR('',#8081,1.);
#8081 = DIRECTION('',(0.,0.,1.));
#8082 = ORIENTED_EDGE('',*,*,#7779,.F.);
#8083 = PLANE('',#8084);
#8084 = AXIS2_PLACEMENT_3D('',#8085,#8086,#8087);
#8085 = CARTESIAN_POINT('',(0.8,1.355,0.9));
#8086 = DIRECTION('',(-1.,-1.110223024625E-16,0.));
#8087 = DIRECTION('',(1.110223024625E-16,-1.,0.));
#8088 = ADVANCED_FACE('',(#8089),#8114,.F.);
#8089 = FACE_BOUND('',#8090,.F.);
#8090 = EDGE_LOOP('',(#8091,#8099,#8100,#8108));
#8091 = ORIENTED_EDGE('',*,*,#8092,.F.);
#8092 = EDGE_CURVE('',#7661,#8093,#8095,.T.);
#8093 = VERTEX_POINT('',#8094);
#8094 = CARTESIAN_POINT('',(0.85,1.2,0.75));
#8095 = LINE('',#8096,#8097);
#8096 = CARTESIAN_POINT('',(0.75,1.2,0.75));
#8097 = VECTOR('',#8098,1.);
#8098 = DIRECTION('',(1.,1.110223024625E-16,0.));
#8099 = ORIENTED_EDGE('',*,*,#7660,.T.);
#8100 = ORIENTED_EDGE('',*,*,#8101,.T.);
#8101 = EDGE_CURVE('',#7653,#8102,#8104,.T.);
#8102 = VERTEX_POINT('',#8103);
#8103 = CARTESIAN_POINT('',(0.85,0.7,0.75));
#8104 = LINE('',#8105,#8106);
#8105 = CARTESIAN_POINT('',(0.75,0.7,0.75));
#8106 = VECTOR('',#8107,1.);
#8107 = DIRECTION('',(1.,1.110223024625E-16,0.));
#8108 = ORIENTED_EDGE('',*,*,#8109,.F.);
#8109 = EDGE_CURVE('',#8093,#8102,#8110,.T.);
#8110 = LINE('',#8111,#8112);
#8111 = CARTESIAN_POINT('',(0.85,1.2,0.75));
#8112 = VECTOR('',#8113,1.);
#8113 = DIRECTION('',(1.110223024625E-16,-1.,0.));
#8114 = PLANE('',#8115);
#8115 = AXIS2_PLACEMENT_3D('',#8116,#8117,#8118);
#8116 = CARTESIAN_POINT('',(0.75,1.2,0.75));
#8117 = DIRECTION('',(0.,0.,1.));
#8118 = DIRECTION('',(1.,1.110223024625E-16,-0.));
#8119 = ADVANCED_FACE('',(#8120),#8145,.F.);
#8120 = FACE_BOUND('',#8121,.F.);
#8121 = EDGE_LOOP('',(#8122,#8130,#8131,#8139));
#8122 = ORIENTED_EDGE('',*,*,#8123,.F.);
#8123 = EDGE_CURVE('',#7653,#8124,#8126,.T.);
#8124 = VERTEX_POINT('',#8125);
#8125 = CARTESIAN_POINT('',(0.8,0.7,0.9));
#8126 = LINE('',#8127,#8128);
#8127 = CARTESIAN_POINT('',(0.8,0.7,0.670847817658));
#8128 = VECTOR('',#8129,1.);
#8129 = DIRECTION('',(0.,0.,1.));
#8130 = ORIENTED_EDGE('',*,*,#7652,.T.);
#8131 = ORIENTED_EDGE('',*,*,#8132,.T.);
#8132 = EDGE_CURVE('',#7645,#8133,#8135,.T.);
#8133 = VERTEX_POINT('',#8134);
#8134 = CARTESIAN_POINT('',(0.8,-0.7,0.9));
#8135 = LINE('',#8136,#8137);
#8136 = CARTESIAN_POINT('',(0.8,-0.7,0.670847817658));
#8137 = VECTOR('',#8138,1.);
#8138 = DIRECTION('',(0.,0.,1.));
#8139 = ORIENTED_EDGE('',*,*,#8140,.F.);
#8140 = EDGE_CURVE('',#8124,#8133,#8141,.T.);
#8141 = LINE('',#8142,#8143);
#8142 = CARTESIAN_POINT('',(0.8,1.355,0.9));
#8143 = VECTOR('',#8144,1.);
#8144 = DIRECTION('',(1.110223024625E-16,-1.,0.));
#8145 = PLANE('',#8146);
#8146 = AXIS2_PLACEMENT_3D('',#8147,#8148,#8149);
#8147 = CARTESIAN_POINT('',(0.8,1.355,0.9));
#8148 = DIRECTION('',(-1.,-1.110223024625E-16,0.));
#8149 = DIRECTION('',(1.110223024625E-16,-1.,0.));
#8150 = ADVANCED_FACE('',(#8151),#8176,.F.);
#8151 = FACE_BOUND('',#8152,.F.);
#8152 = EDGE_LOOP('',(#8153,#8161,#8162,#8170));
#8153 = ORIENTED_EDGE('',*,*,#8154,.F.);
#8154 = EDGE_CURVE('',#7645,#8155,#8157,.T.);
#8155 = VERTEX_POINT('',#8156);
#8156 = CARTESIAN_POINT('',(0.85,-0.7,0.75));
#8157 = LINE('',#8158,#8159);
#8158 = CARTESIAN_POINT('',(0.75,-0.7,0.75));
#8159 = VECTOR('',#8160,1.);
#8160 = DIRECTION('',(1.,1.110223024625E-16,0.));
#8161 = ORIENTED_EDGE('',*,*,#7644,.T.);
#8162 = ORIENTED_EDGE('',*,*,#8163,.T.);
#8163 = EDGE_CURVE('',#7637,#8164,#8166,.T.);
#8164 = VERTEX_POINT('',#8165);
#8165 = CARTESIAN_POINT('',(0.85,-1.2,0.75));
#8166 = LINE('',#8167,#8168);
#8167 = CARTESIAN_POINT('',(0.75,-1.2,0.75));
#8168 = VECTOR('',#8169,1.);
#8169 = DIRECTION('',(1.,1.110223024625E-16,0.));
#8170 = ORIENTED_EDGE('',*,*,#8171,.F.);
#8171 = EDGE_CURVE('',#8155,#8164,#8172,.T.);
#8172 = LINE('',#8173,#8174);
#8173 = CARTESIAN_POINT('',(0.85,-0.7,0.75));
#8174 = VECTOR('',#8175,1.);
#8175 = DIRECTION('',(1.110223024625E-16,-1.,0.));
#8176 = PLANE('',#8177);
#8177 = AXIS2_PLACEMENT_3D('',#8178,#8179,#8180);
#8178 = CARTESIAN_POINT('',(0.75,-0.7,0.75));
#8179 = DIRECTION('',(0.,0.,1.));
#8180 = DIRECTION('',(1.,1.110223024625E-16,-0.));
#8181 = ADVANCED_FACE('',(#8182),#8206,.F.);
#8182 = FACE_BOUND('',#8183,.F.);
#8183 = EDGE_LOOP('',(#8184,#8192,#8193,#8200));
#8184 = ORIENTED_EDGE('',*,*,#8185,.F.);
#8185 = EDGE_CURVE('',#7637,#8186,#8188,.T.);
#8186 = VERTEX_POINT('',#8187);
#8187 = CARTESIAN_POINT('',(0.8,-1.2,0.9));
#8188 = LINE('',#8189,#8190);
#8189 = CARTESIAN_POINT('',(0.8,-1.2,0.670847817658));
#8190 = VECTOR('',#8191,1.);
#8191 = DIRECTION('',(0.,0.,1.));
#8192 = ORIENTED_EDGE('',*,*,#7636,.T.);
#8193 = ORIENTED_EDGE('',*,*,#8194,.T.);
#8194 = EDGE_CURVE('',#7630,#8195,#8197,.T.);
#8195 = VERTEX_POINT('',#8196);
#8196 = CARTESIAN_POINT('',(0.8,-1.355,0.9));
#8197 = B_SPLINE_CURVE_WITH_KNOTS('',1,(#8198,#8199),.UNSPECIFIED.,.F.,
  .F.,(2,2),(0.,1.),.PIECEWISE_BEZIER_KNOTS.);
#8198 = CARTESIAN_POINT('',(0.8,-1.355,0.75));
#8199 = CARTESIAN_POINT('',(0.8,-1.355,0.9));
#8200 = ORIENTED_EDGE('',*,*,#8201,.F.);
#8201 = EDGE_CURVE('',#8186,#8195,#8202,.T.);
#8202 = LINE('',#8203,#8204);
#8203 = CARTESIAN_POINT('',(0.8,1.355,0.9));
#8204 = VECTOR('',#8205,1.);
#8205 = DIRECTION('',(1.110223024625E-16,-1.,0.));
#8206 = PLANE('',#8207);
#8207 = AXIS2_PLACEMENT_3D('',#8208,#8209,#8210);
#8208 = CARTESIAN_POINT('',(0.8,1.355,0.9));
#8209 = DIRECTION('',(-1.,-1.110223024625E-16,0.));
#8210 = DIRECTION('',(1.110223024625E-16,-1.,0.));
#8211 = ADVANCED_FACE('',(#8212),#8229,.F.);
#8212 = FACE_BOUND('',#8213,.F.);
#8213 = EDGE_LOOP('',(#8214,#8215,#8216,#8224));
#8214 = ORIENTED_EDGE('',*,*,#7685,.T.);
#8215 = ORIENTED_EDGE('',*,*,#7873,.T.);
#8216 = ORIENTED_EDGE('',*,*,#8217,.F.);
#8217 = EDGE_CURVE('',#8218,#7874,#8220,.T.);
#8218 = VERTEX_POINT('',#8219);
#8219 = CARTESIAN_POINT('',(-0.705,-1.45,0.9));
#8220 = LINE('',#8221,#8222);
#8221 = CARTESIAN_POINT('',(-0.705,-1.45,0.9));
#8222 = VECTOR('',#8223,1.);
#8223 = DIRECTION('',(-0.707106781187,0.707106781187,0.));
#8224 = ORIENTED_EDGE('',*,*,#8225,.F.);
#8225 = EDGE_CURVE('',#7686,#8218,#8226,.T.);
#8226 = B_SPLINE_CURVE_WITH_KNOTS('',1,(#8227,#8228),.UNSPECIFIED.,.F.,
  .F.,(2,2),(0.,1.),.PIECEWISE_BEZIER_KNOTS.);
#8227 = CARTESIAN_POINT('',(-0.705,-1.45,0.75));
#8228 = CARTESIAN_POINT('',(-0.705,-1.45,0.9));
#8229 = PLANE('',#8230);
#8230 = AXIS2_PLACEMENT_3D('',#8231,#8232,#8233);
#8231 = CARTESIAN_POINT('',(-0.705,-1.45,0.9));
#8232 = DIRECTION('',(0.707106781187,0.707106781187,0.));
#8233 = DIRECTION('',(-0.707106781187,0.707106781187,0.));
#8234 = ADVANCED_FACE('',(#8235),#8252,.F.);
#8235 = FACE_BOUND('',#8236,.F.);
#8236 = EDGE_LOOP('',(#8237,#8238,#8245,#8251));
#8237 = ORIENTED_EDGE('',*,*,#7714,.T.);
#8238 = ORIENTED_EDGE('',*,*,#8239,.T.);
#8239 = EDGE_CURVE('',#7708,#8240,#8242,.T.);
#8240 = VERTEX_POINT('',#8241);
#8241 = CARTESIAN_POINT('',(0.705,-1.45,0.9));
#8242 = B_SPLINE_CURVE_WITH_KNOTS('',1,(#8243,#8244),.UNSPECIFIED.,.F.,
  .F.,(2,2),(0.,1.),.PIECEWISE_BEZIER_KNOTS.);
#8243 = CARTESIAN_POINT('',(0.705,-1.45,0.75));
#8244 = CARTESIAN_POINT('',(0.705,-1.45,0.9));
#8245 = ORIENTED_EDGE('',*,*,#8246,.F.);
#8246 = EDGE_CURVE('',#8195,#8240,#8247,.T.);
#8247 = LINE('',#8248,#8249);
#8248 = CARTESIAN_POINT('',(0.8,-1.355,0.9));
#8249 = VECTOR('',#8250,1.);
#8250 = DIRECTION('',(-0.707106781187,-0.707106781187,0.));
#8251 = ORIENTED_EDGE('',*,*,#8194,.F.);
#8252 = PLANE('',#8253);
#8253 = AXIS2_PLACEMENT_3D('',#8254,#8255,#8256);
#8254 = CARTESIAN_POINT('',(0.8,-1.355,0.9));
#8255 = DIRECTION('',(-0.707106781187,0.707106781187,0.));
#8256 = DIRECTION('',(-0.707106781187,-0.707106781187,0.));
#8257 = ADVANCED_FACE('',(#8258),#8269,.F.);
#8258 = FACE_BOUND('',#8259,.F.);
#8259 = EDGE_LOOP('',(#8260,#8261,#8262,#8268));
#8260 = ORIENTED_EDGE('',*,*,#7731,.T.);
#8261 = ORIENTED_EDGE('',*,*,#8225,.T.);
#8262 = ORIENTED_EDGE('',*,*,#8263,.F.);
#8263 = EDGE_CURVE('',#8240,#8218,#8264,.T.);
#8264 = LINE('',#8265,#8266);
#8265 = CARTESIAN_POINT('',(0.705,-1.45,0.9));
#8266 = VECTOR('',#8267,1.);
#8267 = DIRECTION('',(-1.,-1.110223024625E-16,0.));
#8268 = ORIENTED_EDGE('',*,*,#8239,.F.);
#8269 = PLANE('',#8270);
#8270 = AXIS2_PLACEMENT_3D('',#8271,#8272,#8273);
#8271 = CARTESIAN_POINT('',(0.705,-1.45,0.9));
#8272 = DIRECTION('',(-1.110223024625E-16,1.,0.));
#8273 = DIRECTION('',(-1.,-1.110223024625E-16,0.));
#8274 = ADVANCED_FACE('',(#8275),#8314,.F.);
#8275 = FACE_BOUND('',#8276,.F.);
#8276 = EDGE_LOOP('',(#8277,#8285,#8293,#8299,#8300,#8308));
#8277 = ORIENTED_EDGE('',*,*,#8278,.F.);
#8278 = EDGE_CURVE('',#8279,#8006,#8281,.T.);
#8279 = VERTEX_POINT('',#8280);
#8280 = CARTESIAN_POINT('',(-0.85,0.7,0.9));
#8281 = LINE('',#8282,#8283);
#8282 = CARTESIAN_POINT('',(-0.85,0.7,0.9));
#8283 = VECTOR('',#8284,1.);
#8284 = DIRECTION('',(1.,-1.144237745222E-17,0.));
#8285 = ORIENTED_EDGE('',*,*,#8286,.T.);
#8286 = EDGE_CURVE('',#8279,#8287,#8289,.T.);
#8287 = VERTEX_POINT('',#8288);
#8288 = CARTESIAN_POINT('',(-0.85,1.2,0.9));
#8289 = LINE('',#8290,#8291);
#8290 = CARTESIAN_POINT('',(-0.85,0.7,0.9));
#8291 = VECTOR('',#8292,1.);
#8292 = DIRECTION('',(1.144237745222E-17,1.,0.));
#8293 = ORIENTED_EDGE('',*,*,#8294,.T.);
#8294 = EDGE_CURVE('',#8287,#7836,#8295,.T.);
#8295 = LINE('',#8296,#8297);
#8296 = CARTESIAN_POINT('',(-0.85,1.2,0.9));
#8297 = VECTOR('',#8298,1.);
#8298 = DIRECTION('',(1.,-1.144237745222E-17,0.));
#8299 = ORIENTED_EDGE('',*,*,#7835,.T.);
#8300 = ORIENTED_EDGE('',*,*,#8301,.F.);
#8301 = EDGE_CURVE('',#8302,#7828,#8304,.T.);
#8302 = VERTEX_POINT('',#8303);
#8303 = CARTESIAN_POINT('',(-0.775,0.7,0.9));
#8304 = LINE('',#8305,#8306);
#8305 = CARTESIAN_POINT('',(-0.775,-1.3425,0.9));
#8306 = VECTOR('',#8307,1.);
#8307 = DIRECTION('',(-1.110223024625E-16,1.,0.));
#8308 = ORIENTED_EDGE('',*,*,#8309,.F.);
#8309 = EDGE_CURVE('',#8006,#8302,#8310,.T.);
#8310 = LINE('',#8311,#8312);
#8311 = CARTESIAN_POINT('',(-0.85,0.7,0.9));
#8312 = VECTOR('',#8313,1.);
#8313 = DIRECTION('',(1.,-1.144237745222E-17,0.));
#8314 = PLANE('',#8315);
#8315 = AXIS2_PLACEMENT_3D('',#8316,#8317,#8318);
#8316 = CARTESIAN_POINT('',(-0.85,0.7,0.9));
#8317 = DIRECTION('',(0.,0.,-1.));
#8318 = DIRECTION('',(1.,-1.144237745222E-17,0.));
#8319 = ADVANCED_FACE('',(#8320),#8384,.F.);
#8320 = FACE_BOUND('',#8321,.F.);
#8321 = EDGE_LOOP('',(#8322,#8332,#8340,#8348,#8356,#8362,#8363,#8364,
    #8371,#8379));
#8322 = ORIENTED_EDGE('',*,*,#8323,.T.);
#8323 = EDGE_CURVE('',#8324,#8326,#8328,.T.);
#8324 = VERTEX_POINT('',#8325);
#8325 = CARTESIAN_POINT('',(-0.775,-1.3425,0.9));
#8326 = VERTEX_POINT('',#8327);
#8327 = CARTESIAN_POINT('',(-0.775,-1.2,0.9));
#8328 = LINE('',#8329,#8330);
#8329 = CARTESIAN_POINT('',(-0.775,-1.3425,0.9));
#8330 = VECTOR('',#8331,1.);
#8331 = DIRECTION('',(-1.110223024625E-16,1.,0.));
#8332 = ORIENTED_EDGE('',*,*,#8333,.T.);
#8333 = EDGE_CURVE('',#8326,#8334,#8336,.T.);
#8334 = VERTEX_POINT('',#8335);
#8335 = CARTESIAN_POINT('',(-0.775,-0.7,0.9));
#8336 = LINE('',#8337,#8338);
#8337 = CARTESIAN_POINT('',(-0.775,-1.3425,0.9));
#8338 = VECTOR('',#8339,1.);
#8339 = DIRECTION('',(-1.110223024625E-16,1.,0.));
#8340 = ORIENTED_EDGE('',*,*,#8341,.T.);
#8341 = EDGE_CURVE('',#8334,#8342,#8344,.T.);
#8342 = VERTEX_POINT('',#8343);
#8343 = CARTESIAN_POINT('',(-0.775,-0.25,0.9));
#8344 = LINE('',#8345,#8346);
#8345 = CARTESIAN_POINT('',(-0.775,-1.3425,0.9));
#8346 = VECTOR('',#8347,1.);
#8347 = DIRECTION('',(-1.110223024625E-16,1.,0.));
#8348 = ORIENTED_EDGE('',*,*,#8349,.T.);
#8349 = EDGE_CURVE('',#8342,#8350,#8352,.T.);
#8350 = VERTEX_POINT('',#8351);
#8351 = CARTESIAN_POINT('',(-0.775,0.25,0.9));
#8352 = LINE('',#8353,#8354);
#8353 = CARTESIAN_POINT('',(-0.775,-1.3425,0.9));
#8354 = VECTOR('',#8355,1.);
#8355 = DIRECTION('',(-1.110223024625E-16,1.,0.));
#8356 = ORIENTED_EDGE('',*,*,#8357,.T.);
#8357 = EDGE_CURVE('',#8350,#8302,#8358,.T.);
#8358 = LINE('',#8359,#8360);
#8359 = CARTESIAN_POINT('',(-0.775,-1.3425,0.9));
#8360 = VECTOR('',#8361,1.);
#8361 = DIRECTION('',(-1.110223024625E-16,1.,0.));
#8362 = ORIENTED_EDGE('',*,*,#8301,.T.);
#8363 = ORIENTED_EDGE('',*,*,#7827,.T.);
#8364 = ORIENTED_EDGE('',*,*,#8365,.T.);
#8365 = EDGE_CURVE('',#7820,#8366,#8368,.T.);
#8366 = VERTEX_POINT('',#8367);
#8367 = CARTESIAN_POINT('',(-0.683648457443,1.296824228722,1.55));
#8368 = B_SPLINE_CURVE_WITH_KNOTS('',1,(#8369,#8370),.UNSPECIFIED.,.F.,
  .F.,(2,2),(0.,1.),.PIECEWISE_BEZIER_KNOTS.);
#8369 = CARTESIAN_POINT('',(-0.775,1.3425,0.9));
#8370 = CARTESIAN_POINT('',(-0.683648457443,1.296824228722,1.55));
#8371 = ORIENTED_EDGE('',*,*,#8372,.F.);
#8372 = EDGE_CURVE('',#8373,#8366,#8375,.T.);
#8373 = VERTEX_POINT('',#8374);
#8374 = CARTESIAN_POINT('',(-0.683648457443,-1.296824228722,1.55));
#8375 = LINE('',#8376,#8377);
#8376 = CARTESIAN_POINT('',(-0.683648457443,-1.296824228722,1.55));
#8377 = VECTOR('',#8378,1.);
#8378 = DIRECTION('',(-1.110223024625E-16,1.,0.));
#8379 = ORIENTED_EDGE('',*,*,#8380,.F.);
#8380 = EDGE_CURVE('',#8324,#8373,#8381,.T.);
#8381 = B_SPLINE_CURVE_WITH_KNOTS('',1,(#8382,#8383),.UNSPECIFIED.,.F.,
  .F.,(2,2),(0.,1.),.PIECEWISE_BEZIER_KNOTS.);
#8382 = CARTESIAN_POINT('',(-0.775,-1.3425,0.9));
#8383 = CARTESIAN_POINT('',(-0.683648457443,-1.296824228722,1.55));
#8384 = B_SPLINE_SURFACE_WITH_KNOTS('',1,1,(
    (#8385,#8386)
    ,(#8387,#8388
    )),.UNSPECIFIED.,.F.,.F.,.F.,(2,2),(2,2),(0.,2.685),(0.,1.),
  .PIECEWISE_BEZIER_KNOTS.);
#8385 = CARTESIAN_POINT('',(-0.775,-1.3425,0.9));
#8386 = CARTESIAN_POINT('',(-0.683648457443,-1.296824228722,1.55));
#8387 = CARTESIAN_POINT('',(-0.775,1.3425,0.9));
#8388 = CARTESIAN_POINT('',(-0.683648457443,1.296824228722,1.55));
#8389 = ADVANCED_FACE('',(#8390),#8407,.F.);
#8390 = FACE_BOUND('',#8391,.F.);
#8391 = EDGE_LOOP('',(#8392,#8393,#8400,#8406));
#8392 = ORIENTED_EDGE('',*,*,#7819,.T.);
#8393 = ORIENTED_EDGE('',*,*,#8394,.T.);
#8394 = EDGE_CURVE('',#7812,#8395,#8397,.T.);
#8395 = VERTEX_POINT('',#8396);
#8396 = CARTESIAN_POINT('',(-0.646824228722,1.333648457443,1.55));
#8397 = B_SPLINE_CURVE_WITH_KNOTS('',1,(#8398,#8399),.UNSPECIFIED.,.F.,
  .F.,(2,2),(0.,1.),.PIECEWISE_BEZIER_KNOTS.);
#8398 = CARTESIAN_POINT('',(-0.6925,1.425,0.9));
#8399 = CARTESIAN_POINT('',(-0.646824228722,1.333648457443,1.55));
#8400 = ORIENTED_EDGE('',*,*,#8401,.F.);
#8401 = EDGE_CURVE('',#8366,#8395,#8402,.T.);
#8402 = LINE('',#8403,#8404);
#8403 = CARTESIAN_POINT('',(-0.683648457443,1.296824228722,1.55));
#8404 = VECTOR('',#8405,1.);
#8405 = DIRECTION('',(0.707106781187,0.707106781187,0.));
#8406 = ORIENTED_EDGE('',*,*,#8365,.F.);
#8407 = B_SPLINE_SURFACE_WITH_KNOTS('',1,1,(
    (#8408,#8409)
    ,(#8410,#8411
    )),.UNSPECIFIED.,.F.,.F.,.F.,(2,2),(2,2),(0.,0.116672618896),(0.,1.)
  ,.PIECEWISE_BEZIER_KNOTS.);
#8408 = CARTESIAN_POINT('',(-0.775,1.3425,0.9));
#8409 = CARTESIAN_POINT('',(-0.683648457443,1.296824228722,1.55));
#8410 = CARTESIAN_POINT('',(-0.6925,1.425,0.9));
#8411 = CARTESIAN_POINT('',(-0.646824228722,1.333648457443,1.55));
#8412 = ADVANCED_FACE('',(#8413),#8430,.F.);
#8413 = FACE_BOUND('',#8414,.F.);
#8414 = EDGE_LOOP('',(#8415,#8416,#8423,#8429));
#8415 = ORIENTED_EDGE('',*,*,#7811,.T.);
#8416 = ORIENTED_EDGE('',*,*,#8417,.T.);
#8417 = EDGE_CURVE('',#7804,#8418,#8420,.T.);
#8418 = VERTEX_POINT('',#8419);
#8419 = CARTESIAN_POINT('',(0.646824228722,1.333648457443,1.55));
#8420 = B_SPLINE_CURVE_WITH_KNOTS('',1,(#8421,#8422),.UNSPECIFIED.,.F.,
  .F.,(2,2),(0.,1.),.PIECEWISE_BEZIER_KNOTS.);
#8421 = CARTESIAN_POINT('',(0.6925,1.425,0.9));
#8422 = CARTESIAN_POINT('',(0.646824228722,1.333648457443,1.55));
#8423 = ORIENTED_EDGE('',*,*,#8424,.F.);
#8424 = EDGE_CURVE('',#8395,#8418,#8425,.T.);
#8425 = LINE('',#8426,#8427);
#8426 = CARTESIAN_POINT('',(-0.646824228722,1.333648457443,1.55));
#8427 = VECTOR('',#8428,1.);
#8428 = DIRECTION('',(1.,1.110223024625E-16,0.));
#8429 = ORIENTED_EDGE('',*,*,#8394,.F.);
#8430 = B_SPLINE_SURFACE_WITH_KNOTS('',1,1,(
    (#8431,#8432)
    ,(#8433,#8434
    )),.UNSPECIFIED.,.F.,.F.,.F.,(2,2),(2,2),(0.,1.385),(0.,1.),
  .PIECEWISE_BEZIER_KNOTS.);
#8431 = CARTESIAN_POINT('',(-0.6925,1.425,0.9));
#8432 = CARTESIAN_POINT('',(-0.646824228722,1.333648457443,1.55));
#8433 = CARTESIAN_POINT('',(0.6925,1.425,0.9));
#8434 = CARTESIAN_POINT('',(0.646824228722,1.333648457443,1.55));
#8435 = ADVANCED_FACE('',(#8436),#8453,.F.);
#8436 = FACE_BOUND('',#8437,.F.);
#8437 = EDGE_LOOP('',(#8438,#8439,#8446,#8452));
#8438 = ORIENTED_EDGE('',*,*,#7803,.T.);
#8439 = ORIENTED_EDGE('',*,*,#8440,.T.);
#8440 = EDGE_CURVE('',#7796,#8441,#8443,.T.);
#8441 = VERTEX_POINT('',#8442);
#8442 = CARTESIAN_POINT('',(0.683648457443,1.296824228722,1.55));
#8443 = B_SPLINE_CURVE_WITH_KNOTS('',1,(#8444,#8445),.UNSPECIFIED.,.F.,
  .F.,(2,2),(0.,1.),.PIECEWISE_BEZIER_KNOTS.);
#8444 = CARTESIAN_POINT('',(0.775,1.3425,0.9));
#8445 = CARTESIAN_POINT('',(0.683648457443,1.296824228722,1.55));
#8446 = ORIENTED_EDGE('',*,*,#8447,.F.);
#8447 = EDGE_CURVE('',#8418,#8441,#8448,.T.);
#8448 = LINE('',#8449,#8450);
#8449 = CARTESIAN_POINT('',(0.646824228722,1.333648457443,1.55));
#8450 = VECTOR('',#8451,1.);
#8451 = DIRECTION('',(0.707106781187,-0.707106781187,0.));
#8452 = ORIENTED_EDGE('',*,*,#8417,.F.);
#8453 = B_SPLINE_SURFACE_WITH_KNOTS('',1,1,(
    (#8454,#8455)
    ,(#8456,#8457
    )),.UNSPECIFIED.,.F.,.F.,.F.,(2,2),(2,2),(0.,0.116672618896),(0.,1.)
  ,.PIECEWISE_BEZIER_KNOTS.);
#8454 = CARTESIAN_POINT('',(0.6925,1.425,0.9));
#8455 = CARTESIAN_POINT('',(0.646824228722,1.333648457443,1.55));
#8456 = CARTESIAN_POINT('',(0.775,1.3425,0.9));
#8457 = CARTESIAN_POINT('',(0.683648457443,1.296824228722,1.55));
#8458 = ADVANCED_FACE('',(#8459),#8508,.F.);
#8459 = FACE_BOUND('',#8460,.F.);
#8460 = EDGE_LOOP('',(#8461,#8462,#8470,#8478,#8486,#8494,#8501,#8507));
#8461 = ORIENTED_EDGE('',*,*,#7795,.T.);
#8462 = ORIENTED_EDGE('',*,*,#8463,.T.);
#8463 = EDGE_CURVE('',#7788,#8464,#8466,.T.);
#8464 = VERTEX_POINT('',#8465);
#8465 = CARTESIAN_POINT('',(0.775,0.7,0.9));
#8466 = LINE('',#8467,#8468);
#8467 = CARTESIAN_POINT('',(0.775,1.3425,0.9));
#8468 = VECTOR('',#8469,1.);
#8469 = DIRECTION('',(1.110223024625E-16,-1.,0.));
#8470 = ORIENTED_EDGE('',*,*,#8471,.T.);
#8471 = EDGE_CURVE('',#8464,#8472,#8474,.T.);
#8472 = VERTEX_POINT('',#8473);
#8473 = CARTESIAN_POINT('',(0.775,-0.7,0.9));
#8474 = LINE('',#8475,#8476);
#8475 = CARTESIAN_POINT('',(0.775,1.3425,0.9));
#8476 = VECTOR('',#8477,1.);
#8477 = DIRECTION('',(1.110223024625E-16,-1.,0.));
#8478 = ORIENTED_EDGE('',*,*,#8479,.T.);
#8479 = EDGE_CURVE('',#8472,#8480,#8482,.T.);
#8480 = VERTEX_POINT('',#8481);
#8481 = CARTESIAN_POINT('',(0.775,-1.2,0.9));
#8482 = LINE('',#8483,#8484);
#8483 = CARTESIAN_POINT('',(0.775,1.3425,0.9));
#8484 = VECTOR('',#8485,1.);
#8485 = DIRECTION('',(1.110223024625E-16,-1.,0.));
#8486 = ORIENTED_EDGE('',*,*,#8487,.T.);
#8487 = EDGE_CURVE('',#8480,#8488,#8490,.T.);
#8488 = VERTEX_POINT('',#8489);
#8489 = CARTESIAN_POINT('',(0.775,-1.3425,0.9));
#8490 = LINE('',#8491,#8492);
#8491 = CARTESIAN_POINT('',(0.775,1.3425,0.9));
#8492 = VECTOR('',#8493,1.);
#8493 = DIRECTION('',(1.110223024625E-16,-1.,0.));
#8494 = ORIENTED_EDGE('',*,*,#8495,.T.);
#8495 = EDGE_CURVE('',#8488,#8496,#8498,.T.);
#8496 = VERTEX_POINT('',#8497);
#8497 = CARTESIAN_POINT('',(0.683648457443,-1.296824228722,1.55));
#8498 = B_SPLINE_CURVE_WITH_KNOTS('',1,(#8499,#8500),.UNSPECIFIED.,.F.,
  .F.,(2,2),(0.,1.),.PIECEWISE_BEZIER_KNOTS.);
#8499 = CARTESIAN_POINT('',(0.775,-1.3425,0.9));
#8500 = CARTESIAN_POINT('',(0.683648457443,-1.296824228722,1.55));
#8501 = ORIENTED_EDGE('',*,*,#8502,.F.);
#8502 = EDGE_CURVE('',#8441,#8496,#8503,.T.);
#8503 = LINE('',#8504,#8505);
#8504 = CARTESIAN_POINT('',(0.683648457443,1.296824228722,1.55));
#8505 = VECTOR('',#8506,1.);
#8506 = DIRECTION('',(1.110223024625E-16,-1.,0.));
#8507 = ORIENTED_EDGE('',*,*,#8440,.F.);
#8508 = B_SPLINE_SURFACE_WITH_KNOTS('',1,1,(
    (#8509,#8510)
    ,(#8511,#8512
    )),.UNSPECIFIED.,.F.,.F.,.F.,(2,2),(2,2),(0.,2.685),(0.,1.),
  .PIECEWISE_BEZIER_KNOTS.);
#8509 = CARTESIAN_POINT('',(0.775,1.3425,0.9));
#8510 = CARTESIAN_POINT('',(0.683648457443,1.296824228722,1.55));
#8511 = CARTESIAN_POINT('',(0.775,-1.3425,0.9));
#8512 = CARTESIAN_POINT('',(0.683648457443,-1.296824228722,1.55));
#8513 = ADVANCED_FACE('',(#8514),#8546,.F.);
#8514 = FACE_BOUND('',#8515,.F.);
#8515 = EDGE_LOOP('',(#8516,#8524,#8532,#8538,#8544,#8545));
#8516 = ORIENTED_EDGE('',*,*,#8517,.F.);
#8517 = EDGE_CURVE('',#8518,#7780,#8520,.T.);
#8518 = VERTEX_POINT('',#8519);
#8519 = CARTESIAN_POINT('',(0.85,1.2,0.9));
#8520 = LINE('',#8521,#8522);
#8521 = CARTESIAN_POINT('',(0.85,1.2,0.9));
#8522 = VECTOR('',#8523,1.);
#8523 = DIRECTION('',(-1.,-1.110223024625E-16,0.));
#8524 = ORIENTED_EDGE('',*,*,#8525,.T.);
#8525 = EDGE_CURVE('',#8518,#8526,#8528,.T.);
#8526 = VERTEX_POINT('',#8527);
#8527 = CARTESIAN_POINT('',(0.85,0.7,0.9));
#8528 = LINE('',#8529,#8530);
#8529 = CARTESIAN_POINT('',(0.85,1.2,0.9));
#8530 = VECTOR('',#8531,1.);
#8531 = DIRECTION('',(1.110223024625E-16,-1.,0.));
#8532 = ORIENTED_EDGE('',*,*,#8533,.T.);
#8533 = EDGE_CURVE('',#8526,#8124,#8534,.T.);
#8534 = LINE('',#8535,#8536);
#8535 = CARTESIAN_POINT('',(0.85,0.7,0.9));
#8536 = VECTOR('',#8537,1.);
#8537 = DIRECTION('',(-1.,-1.110223024625E-16,0.));
#8538 = ORIENTED_EDGE('',*,*,#8539,.T.);
#8539 = EDGE_CURVE('',#8124,#8464,#8540,.T.);
#8540 = LINE('',#8541,#8542);
#8541 = CARTESIAN_POINT('',(0.85,0.7,0.9));
#8542 = VECTOR('',#8543,1.);
#8543 = DIRECTION('',(-1.,-1.110223024625E-16,0.));
#8544 = ORIENTED_EDGE('',*,*,#8463,.F.);
#8545 = ORIENTED_EDGE('',*,*,#7787,.F.);
#8546 = PLANE('',#8547);
#8547 = AXIS2_PLACEMENT_3D('',#8548,#8549,#8550);
#8548 = CARTESIAN_POINT('',(0.85,1.2,0.9));
#8549 = DIRECTION('',(0.,0.,-1.));
#8550 = DIRECTION('',(-1.,-1.110223024625E-16,-0.));
#8551 = ADVANCED_FACE('',(#8552),#8595,.F.);
#8552 = FACE_BOUND('',#8553,.F.);
#8553 = EDGE_LOOP('',(#8554,#8560,#8561,#8562,#8563,#8564,#8565,#8571,
    #8572,#8580,#8588,#8594));
#8554 = ORIENTED_EDGE('',*,*,#8555,.F.);
#8555 = EDGE_CURVE('',#8186,#8480,#8556,.T.);
#8556 = LINE('',#8557,#8558);
#8557 = CARTESIAN_POINT('',(0.85,-1.2,0.9));
#8558 = VECTOR('',#8559,1.);
#8559 = DIRECTION('',(-1.,-1.110223024625E-16,0.));
#8560 = ORIENTED_EDGE('',*,*,#8201,.T.);
#8561 = ORIENTED_EDGE('',*,*,#8246,.T.);
#8562 = ORIENTED_EDGE('',*,*,#8263,.T.);
#8563 = ORIENTED_EDGE('',*,*,#8217,.T.);
#8564 = ORIENTED_EDGE('',*,*,#7889,.T.);
#8565 = ORIENTED_EDGE('',*,*,#8566,.T.);
#8566 = EDGE_CURVE('',#7882,#8326,#8567,.T.);
#8567 = LINE('',#8568,#8569);
#8568 = CARTESIAN_POINT('',(-0.85,-1.2,0.9));
#8569 = VECTOR('',#8570,1.);
#8570 = DIRECTION('',(1.,-1.144237745222E-17,0.));
#8571 = ORIENTED_EDGE('',*,*,#8323,.F.);
#8572 = ORIENTED_EDGE('',*,*,#8573,.F.);
#8573 = EDGE_CURVE('',#8574,#8324,#8576,.T.);
#8574 = VERTEX_POINT('',#8575);
#8575 = CARTESIAN_POINT('',(-0.6925,-1.425,0.9));
#8576 = LINE('',#8577,#8578);
#8577 = CARTESIAN_POINT('',(-0.6925,-1.425,0.9));
#8578 = VECTOR('',#8579,1.);
#8579 = DIRECTION('',(-0.707106781187,0.707106781187,0.));
#8580 = ORIENTED_EDGE('',*,*,#8581,.F.);
#8581 = EDGE_CURVE('',#8582,#8574,#8584,.T.);
#8582 = VERTEX_POINT('',#8583);
#8583 = CARTESIAN_POINT('',(0.6925,-1.425,0.9));
#8584 = LINE('',#8585,#8586);
#8585 = CARTESIAN_POINT('',(0.6925,-1.425,0.9));
#8586 = VECTOR('',#8587,1.);
#8587 = DIRECTION('',(-1.,-1.110223024625E-16,0.));
#8588 = ORIENTED_EDGE('',*,*,#8589,.F.);
#8589 = EDGE_CURVE('',#8488,#8582,#8590,.T.);
#8590 = LINE('',#8591,#8592);
#8591 = CARTESIAN_POINT('',(0.775,-1.3425,0.9));
#8592 = VECTOR('',#8593,1.);
#8593 = DIRECTION('',(-0.707106781187,-0.707106781187,0.));
#8594 = ORIENTED_EDGE('',*,*,#8487,.F.);
#8595 = PLANE('',#8596);
#8596 = AXIS2_PLACEMENT_3D('',#8597,#8598,#8599);
#8597 = CARTESIAN_POINT('',(-2.091417030376E-16,1.4375,0.9));
#8598 = DIRECTION('',(4.595758349624E-18,6.551522493592E-27,-1.));
#8599 = DIRECTION('',(1.,1.51922136901E-16,4.595758349624E-18));
#8600 = ADVANCED_FACE('',(#8601),#8687,.F.);
#8601 = FACE_BOUND('',#8602,.F.);
#8602 = EDGE_LOOP('',(#8603,#8604,#8605,#8614,#8622,#8631,#8639,#8647,
    #8655,#8664,#8672,#8681));
#8603 = ORIENTED_EDGE('',*,*,#7881,.F.);
#8604 = ORIENTED_EDGE('',*,*,#7903,.T.);
#8605 = ORIENTED_EDGE('',*,*,#8606,.T.);
#8606 = EDGE_CURVE('',#7904,#8607,#8609,.T.);
#8607 = VERTEX_POINT('',#8608);
#8608 = CARTESIAN_POINT('',(-0.948480775301,-1.2,0.667364817767));
#8609 = CIRCLE('',#8610,0.1);
#8610 = AXIS2_PLACEMENT_3D('',#8611,#8612,#8613);
#8611 = CARTESIAN_POINT('',(-0.85,-1.2,0.65));
#8612 = DIRECTION('',(-1.144237745222E-17,-1.,0.));
#8613 = DIRECTION('',(0.,0.,1.));
#8614 = ORIENTED_EDGE('',*,*,#8615,.T.);
#8615 = EDGE_CURVE('',#8607,#8616,#8618,.T.);
#8616 = VERTEX_POINT('',#8617);
#8617 = CARTESIAN_POINT('',(-1.02432885403,-1.2,0.206587955583));
#8618 = LINE('',#8619,#8620);
#8619 = CARTESIAN_POINT('',(-0.948480775301,-1.2,0.667364817767));
#8620 = VECTOR('',#8621,1.);
#8621 = DIRECTION('',(-0.162423314012,1.858508865964E-18,-0.986721169868
    ));
#8622 = ORIENTED_EDGE('',*,*,#8623,.T.);
#8623 = EDGE_CURVE('',#8616,#8624,#8626,.T.);
#8624 = VERTEX_POINT('',#8625);
#8625 = CARTESIAN_POINT('',(-1.270530792283,-1.2,0.));
#8626 = CIRCLE('',#8627,0.25);
#8627 = AXIS2_PLACEMENT_3D('',#8628,#8629,#8630);
#8628 = CARTESIAN_POINT('',(-1.270530792283,-1.2,0.25));
#8629 = DIRECTION('',(1.144237745222E-17,1.,1.155557966632E-33));
#8630 = DIRECTION('',(0.984807753012,-1.126854202784E-17,-0.173648177667
    ));
#8631 = ORIENTED_EDGE('',*,*,#8632,.T.);
#8632 = EDGE_CURVE('',#8624,#8633,#8635,.T.);
#8633 = VERTEX_POINT('',#8634);
#8634 = CARTESIAN_POINT('',(-1.4,-1.2,0.));
#8635 = LINE('',#8636,#8637);
#8636 = CARTESIAN_POINT('',(-1.270530792283,-1.2,0.));
#8637 = VECTOR('',#8638,1.);
#8638 = DIRECTION('',(-1.,1.144237745222E-17,0.));
#8639 = ORIENTED_EDGE('',*,*,#8640,.T.);
#8640 = EDGE_CURVE('',#8633,#8641,#8643,.T.);
#8641 = VERTEX_POINT('',#8642);
#8642 = CARTESIAN_POINT('',(-1.4,-1.2,0.15));
#8643 = LINE('',#8644,#8645);
#8644 = CARTESIAN_POINT('',(-1.4,-1.2,0.));
#8645 = VECTOR('',#8646,1.);
#8646 = DIRECTION('',(0.,0.,1.));
#8647 = ORIENTED_EDGE('',*,*,#8648,.T.);
#8648 = EDGE_CURVE('',#8641,#8649,#8651,.T.);
#8649 = VERTEX_POINT('',#8650);
#8650 = CARTESIAN_POINT('',(-1.270530792283,-1.2,0.15));
#8651 = LINE('',#8652,#8653);
#8652 = CARTESIAN_POINT('',(-1.4,-1.2,0.15));
#8653 = VECTOR('',#8654,1.);
#8654 = DIRECTION('',(1.,-1.144237745222E-17,0.));
#8655 = ORIENTED_EDGE('',*,*,#8656,.T.);
#8656 = EDGE_CURVE('',#8649,#8657,#8659,.T.);
#8657 = VERTEX_POINT('',#8658);
#8658 = CARTESIAN_POINT('',(-1.172050016982,-1.2,0.232635182233));
#8659 = CIRCLE('',#8660,0.1);
#8660 = AXIS2_PLACEMENT_3D('',#8661,#8662,#8663);
#8661 = CARTESIAN_POINT('',(-1.270530792283,-1.2,0.25));
#8662 = DIRECTION('',(-1.144237745222E-17,-1.,0.));
#8663 = DIRECTION('',(-2.22044604925E-15,2.540718180781E-32,-1.));
#8664 = ORIENTED_EDGE('',*,*,#8665,.T.);
#8665 = EDGE_CURVE('',#8657,#8666,#8668,.T.);
#8666 = VERTEX_POINT('',#8667);
#8667 = CARTESIAN_POINT('',(-1.096201938253,-1.2,0.693412044417));
#8668 = LINE('',#8669,#8670);
#8669 = CARTESIAN_POINT('',(-1.172050016982,-1.2,0.232635182233));
#8670 = VECTOR('',#8671,1.);
#8671 = DIRECTION('',(0.162423314012,-1.858508865964E-18,0.986721169868)
  );
#8672 = ORIENTED_EDGE('',*,*,#8673,.T.);
#8673 = EDGE_CURVE('',#8666,#8674,#8676,.T.);
#8674 = VERTEX_POINT('',#8675);
#8675 = CARTESIAN_POINT('',(-0.85,-1.2,0.9));
#8676 = CIRCLE('',#8677,0.25);
#8677 = AXIS2_PLACEMENT_3D('',#8678,#8679,#8680);
#8678 = CARTESIAN_POINT('',(-0.85,-1.2,0.65));
#8679 = DIRECTION('',(1.144237745222E-17,1.,7.703719777549E-34));
#8680 = DIRECTION('',(-0.984807753012,1.126854202784E-17,0.173648177667)
  );
#8681 = ORIENTED_EDGE('',*,*,#8682,.T.);
#8682 = EDGE_CURVE('',#8674,#7882,#8683,.T.);
#8683 = LINE('',#8684,#8685);
#8684 = CARTESIAN_POINT('',(-0.85,-1.2,0.9));
#8685 = VECTOR('',#8686,1.);
#8686 = DIRECTION('',(1.,-1.144237745222E-17,0.));
#8687 = PLANE('',#8688);
#8688 = AXIS2_PLACEMENT_3D('',#8689,#8690,#8691);
#8689 = CARTESIAN_POINT('',(-1.069123385139,-1.2,0.441695635315));
#8690 = DIRECTION('',(1.144237745222E-17,1.,0.));
#8691 = DIRECTION('',(0.,-0.,1.));
#8692 = ADVANCED_FACE('',(#8693),#8712,.F.);
#8693 = FACE_BOUND('',#8694,.F.);
#8694 = EDGE_LOOP('',(#8695,#8696,#8705,#8711));
#8695 = ORIENTED_EDGE('',*,*,#7920,.T.);
#8696 = ORIENTED_EDGE('',*,*,#8697,.T.);
#8697 = EDGE_CURVE('',#7913,#8698,#8700,.T.);
#8698 = VERTEX_POINT('',#8699);
#8699 = CARTESIAN_POINT('',(-0.948480775301,-0.7,0.667364817767));
#8700 = CIRCLE('',#8701,0.1);
#8701 = AXIS2_PLACEMENT_3D('',#8702,#8703,#8704);
#8702 = CARTESIAN_POINT('',(-0.85,-0.7,0.65));
#8703 = DIRECTION('',(-1.144237745222E-17,-1.,0.));
#8704 = DIRECTION('',(0.,0.,1.));
#8705 = ORIENTED_EDGE('',*,*,#8706,.F.);
#8706 = EDGE_CURVE('',#8607,#8698,#8707,.T.);
#8707 = LINE('',#8708,#8709);
#8708 = CARTESIAN_POINT('',(-0.948480775301,-1.2,0.667364817767));
#8709 = VECTOR('',#8710,1.);
#8710 = DIRECTION('',(1.144237745222E-17,1.,0.));
#8711 = ORIENTED_EDGE('',*,*,#8606,.F.);
#8712 = CYLINDRICAL_SURFACE('',#8713,0.1);
#8713 = AXIS2_PLACEMENT_3D('',#8714,#8715,#8716);
#8714 = CARTESIAN_POINT('',(-0.85,-1.2,0.65));
#8715 = DIRECTION('',(-1.144237745222E-17,-1.,0.));
#8716 = DIRECTION('',(0.,0.,1.));
#8717 = ADVANCED_FACE('',(#8718),#8796,.T.);
#8718 = FACE_BOUND('',#8719,.T.);
#8719 = EDGE_LOOP('',(#8720,#8721,#8722,#8723,#8731,#8740,#8748,#8756,
    #8764,#8773,#8781,#8790));
#8720 = ORIENTED_EDGE('',*,*,#7934,.F.);
#8721 = ORIENTED_EDGE('',*,*,#7912,.T.);
#8722 = ORIENTED_EDGE('',*,*,#8697,.T.);
#8723 = ORIENTED_EDGE('',*,*,#8724,.T.);
#8724 = EDGE_CURVE('',#8698,#8725,#8727,.T.);
#8725 = VERTEX_POINT('',#8726);
#8726 = CARTESIAN_POINT('',(-1.02432885403,-0.7,0.206587955583));
#8727 = LINE('',#8728,#8729);
#8728 = CARTESIAN_POINT('',(-0.948480775301,-0.7,0.667364817767));
#8729 = VECTOR('',#8730,1.);
#8730 = DIRECTION('',(-0.162423314012,1.858508865964E-18,-0.986721169868
    ));
#8731 = ORIENTED_EDGE('',*,*,#8732,.T.);
#8732 = EDGE_CURVE('',#8725,#8733,#8735,.T.);
#8733 = VERTEX_POINT('',#8734);
#8734 = CARTESIAN_POINT('',(-1.270530792283,-0.7,0.));
#8735 = CIRCLE('',#8736,0.25);
#8736 = AXIS2_PLACEMENT_3D('',#8737,#8738,#8739);
#8737 = CARTESIAN_POINT('',(-1.270530792283,-0.7,0.25));
#8738 = DIRECTION('',(1.144237745222E-17,1.,1.155557966632E-33));
#8739 = DIRECTION('',(0.984807753012,-1.126854202784E-17,-0.173648177667
    ));
#8740 = ORIENTED_EDGE('',*,*,#8741,.T.);
#8741 = EDGE_CURVE('',#8733,#8742,#8744,.T.);
#8742 = VERTEX_POINT('',#8743);
#8743 = CARTESIAN_POINT('',(-1.4,-0.7,0.));
#8744 = LINE('',#8745,#8746);
#8745 = CARTESIAN_POINT('',(-1.270530792283,-0.7,0.));
#8746 = VECTOR('',#8747,1.);
#8747 = DIRECTION('',(-1.,1.144237745222E-17,0.));
#8748 = ORIENTED_EDGE('',*,*,#8749,.T.);
#8749 = EDGE_CURVE('',#8742,#8750,#8752,.T.);
#8750 = VERTEX_POINT('',#8751);
#8751 = CARTESIAN_POINT('',(-1.4,-0.7,0.15));
#8752 = LINE('',#8753,#8754);
#8753 = CARTESIAN_POINT('',(-1.4,-0.7,0.));
#8754 = VECTOR('',#8755,1.);
#8755 = DIRECTION('',(0.,0.,1.));
#8756 = ORIENTED_EDGE('',*,*,#8757,.T.);
#8757 = EDGE_CURVE('',#8750,#8758,#8760,.T.);
#8758 = VERTEX_POINT('',#8759);
#8759 = CARTESIAN_POINT('',(-1.270530792283,-0.7,0.15));
#8760 = LINE('',#8761,#8762);
#8761 = CARTESIAN_POINT('',(-1.4,-0.7,0.15));
#8762 = VECTOR('',#8763,1.);
#8763 = DIRECTION('',(1.,-1.144237745222E-17,0.));
#8764 = ORIENTED_EDGE('',*,*,#8765,.T.);
#8765 = EDGE_CURVE('',#8758,#8766,#8768,.T.);
#8766 = VERTEX_POINT('',#8767);
#8767 = CARTESIAN_POINT('',(-1.172050016982,-0.7,0.232635182233));
#8768 = CIRCLE('',#8769,0.1);
#8769 = AXIS2_PLACEMENT_3D('',#8770,#8771,#8772);
#8770 = CARTESIAN_POINT('',(-1.270530792283,-0.7,0.25));
#8771 = DIRECTION('',(-1.144237745222E-17,-1.,0.));
#8772 = DIRECTION('',(-2.22044604925E-15,2.540718180781E-32,-1.));
#8773 = ORIENTED_EDGE('',*,*,#8774,.T.);
#8774 = EDGE_CURVE('',#8766,#8775,#8777,.T.);
#8775 = VERTEX_POINT('',#8776);
#8776 = CARTESIAN_POINT('',(-1.096201938253,-0.7,0.693412044417));
#8777 = LINE('',#8778,#8779);
#8778 = CARTESIAN_POINT('',(-1.172050016982,-0.7,0.232635182233));
#8779 = VECTOR('',#8780,1.);
#8780 = DIRECTION('',(0.162423314012,-1.858508865964E-18,0.986721169868)
  );
#8781 = ORIENTED_EDGE('',*,*,#8782,.T.);
#8782 = EDGE_CURVE('',#8775,#8783,#8785,.T.);
#8783 = VERTEX_POINT('',#8784);
#8784 = CARTESIAN_POINT('',(-0.85,-0.7,0.9));
#8785 = CIRCLE('',#8786,0.25);
#8786 = AXIS2_PLACEMENT_3D('',#8787,#8788,#8789);
#8787 = CARTESIAN_POINT('',(-0.85,-0.7,0.65));
#8788 = DIRECTION('',(1.144237745222E-17,1.,7.703719777549E-34));
#8789 = DIRECTION('',(-0.984807753012,1.126854202784E-17,0.173648177667)
  );
#8790 = ORIENTED_EDGE('',*,*,#8791,.T.);
#8791 = EDGE_CURVE('',#8783,#7935,#8792,.T.);
#8792 = LINE('',#8793,#8794);
#8793 = CARTESIAN_POINT('',(-0.85,-0.7,0.9));
#8794 = VECTOR('',#8795,1.);
#8795 = DIRECTION('',(1.,-1.144237745222E-17,0.));
#8796 = PLANE('',#8797);
#8797 = AXIS2_PLACEMENT_3D('',#8798,#8799,#8800);
#8798 = CARTESIAN_POINT('',(-1.069123385139,-0.7,0.441695635315));
#8799 = DIRECTION('',(1.144237745222E-17,1.,0.));
#8800 = DIRECTION('',(0.,-0.,1.));
#8801 = ADVANCED_FACE('',(#8802),#8818,.F.);
#8802 = FACE_BOUND('',#8803,.F.);
#8803 = EDGE_LOOP('',(#8804,#8805,#8811,#8812));
#8804 = ORIENTED_EDGE('',*,*,#7951,.T.);
#8805 = ORIENTED_EDGE('',*,*,#8806,.T.);
#8806 = EDGE_CURVE('',#7944,#8342,#8807,.T.);
#8807 = LINE('',#8808,#8809);
#8808 = CARTESIAN_POINT('',(-0.85,-0.25,0.9));
#8809 = VECTOR('',#8810,1.);
#8810 = DIRECTION('',(1.,-1.144237745222E-17,0.));
#8811 = ORIENTED_EDGE('',*,*,#8341,.F.);
#8812 = ORIENTED_EDGE('',*,*,#8813,.F.);
#8813 = EDGE_CURVE('',#7935,#8334,#8814,.T.);
#8814 = LINE('',#8815,#8816);
#8815 = CARTESIAN_POINT('',(-0.85,-0.7,0.9));
#8816 = VECTOR('',#8817,1.);
#8817 = DIRECTION('',(1.,-1.144237745222E-17,0.));
#8818 = PLANE('',#8819);
#8819 = AXIS2_PLACEMENT_3D('',#8820,#8821,#8822);
#8820 = CARTESIAN_POINT('',(-2.091417030376E-16,1.4375,0.9));
#8821 = DIRECTION('',(4.595758349624E-18,6.551522493592E-27,-1.));
#8822 = DIRECTION('',(1.,1.51922136901E-16,4.595758349624E-18));
#8823 = ADVANCED_FACE('',(#8824),#8910,.F.);
#8824 = FACE_BOUND('',#8825,.F.);
#8825 = EDGE_LOOP('',(#8826,#8827,#8828,#8837,#8845,#8854,#8862,#8870,
    #8878,#8887,#8895,#8904));
#8826 = ORIENTED_EDGE('',*,*,#7943,.F.);
#8827 = ORIENTED_EDGE('',*,*,#7965,.T.);
#8828 = ORIENTED_EDGE('',*,*,#8829,.T.);
#8829 = EDGE_CURVE('',#7966,#8830,#8832,.T.);
#8830 = VERTEX_POINT('',#8831);
#8831 = CARTESIAN_POINT('',(-0.948480775301,-0.25,0.667364817767));
#8832 = CIRCLE('',#8833,0.1);
#8833 = AXIS2_PLACEMENT_3D('',#8834,#8835,#8836);
#8834 = CARTESIAN_POINT('',(-0.85,-0.25,0.65));
#8835 = DIRECTION('',(-1.144237745222E-17,-1.,0.));
#8836 = DIRECTION('',(0.,0.,1.));
#8837 = ORIENTED_EDGE('',*,*,#8838,.T.);
#8838 = EDGE_CURVE('',#8830,#8839,#8841,.T.);
#8839 = VERTEX_POINT('',#8840);
#8840 = CARTESIAN_POINT('',(-1.02432885403,-0.25,0.206587955583));
#8841 = LINE('',#8842,#8843);
#8842 = CARTESIAN_POINT('',(-0.948480775301,-0.25,0.667364817767));
#8843 = VECTOR('',#8844,1.);
#8844 = DIRECTION('',(-0.162423314012,1.858508865964E-18,-0.986721169868
    ));
#8845 = ORIENTED_EDGE('',*,*,#8846,.T.);
#8846 = EDGE_CURVE('',#8839,#8847,#8849,.T.);
#8847 = VERTEX_POINT('',#8848);
#8848 = CARTESIAN_POINT('',(-1.270530792283,-0.25,0.));
#8849 = CIRCLE('',#8850,0.25);
#8850 = AXIS2_PLACEMENT_3D('',#8851,#8852,#8853);
#8851 = CARTESIAN_POINT('',(-1.270530792283,-0.25,0.25));
#8852 = DIRECTION('',(1.144237745222E-17,1.,1.155557966632E-33));
#8853 = DIRECTION('',(0.984807753012,-1.126854202784E-17,-0.173648177667
    ));
#8854 = ORIENTED_EDGE('',*,*,#8855,.T.);
#8855 = EDGE_CURVE('',#8847,#8856,#8858,.T.);
#8856 = VERTEX_POINT('',#8857);
#8857 = CARTESIAN_POINT('',(-1.4,-0.25,0.));
#8858 = LINE('',#8859,#8860);
#8859 = CARTESIAN_POINT('',(-1.270530792283,-0.25,0.));
#8860 = VECTOR('',#8861,1.);
#8861 = DIRECTION('',(-1.,1.144237745222E-17,0.));
#8862 = ORIENTED_EDGE('',*,*,#8863,.T.);
#8863 = EDGE_CURVE('',#8856,#8864,#8866,.T.);
#8864 = VERTEX_POINT('',#8865);
#8865 = CARTESIAN_POINT('',(-1.4,-0.25,0.15));
#8866 = LINE('',#8867,#8868);
#8867 = CARTESIAN_POINT('',(-1.4,-0.25,0.));
#8868 = VECTOR('',#8869,1.);
#8869 = DIRECTION('',(0.,0.,1.));
#8870 = ORIENTED_EDGE('',*,*,#8871,.T.);
#8871 = EDGE_CURVE('',#8864,#8872,#8874,.T.);
#8872 = VERTEX_POINT('',#8873);
#8873 = CARTESIAN_POINT('',(-1.270530792283,-0.25,0.15));
#8874 = LINE('',#8875,#8876);
#8875 = CARTESIAN_POINT('',(-1.4,-0.25,0.15));
#8876 = VECTOR('',#8877,1.);
#8877 = DIRECTION('',(1.,-1.144237745222E-17,0.));
#8878 = ORIENTED_EDGE('',*,*,#8879,.T.);
#8879 = EDGE_CURVE('',#8872,#8880,#8882,.T.);
#8880 = VERTEX_POINT('',#8881);
#8881 = CARTESIAN_POINT('',(-1.172050016982,-0.25,0.232635182233));
#8882 = CIRCLE('',#8883,0.1);
#8883 = AXIS2_PLACEMENT_3D('',#8884,#8885,#8886);
#8884 = CARTESIAN_POINT('',(-1.270530792283,-0.25,0.25));
#8885 = DIRECTION('',(-1.144237745222E-17,-1.,0.));
#8886 = DIRECTION('',(-2.22044604925E-15,2.540718180781E-32,-1.));
#8887 = ORIENTED_EDGE('',*,*,#8888,.T.);
#8888 = EDGE_CURVE('',#8880,#8889,#8891,.T.);
#8889 = VERTEX_POINT('',#8890);
#8890 = CARTESIAN_POINT('',(-1.096201938253,-0.25,0.693412044417));
#8891 = LINE('',#8892,#8893);
#8892 = CARTESIAN_POINT('',(-1.172050016982,-0.25,0.232635182233));
#8893 = VECTOR('',#8894,1.);
#8894 = DIRECTION('',(0.162423314012,-1.858508865964E-18,0.986721169868)
  );
#8895 = ORIENTED_EDGE('',*,*,#8896,.T.);
#8896 = EDGE_CURVE('',#8889,#8897,#8899,.T.);
#8897 = VERTEX_POINT('',#8898);
#8898 = CARTESIAN_POINT('',(-0.85,-0.25,0.9));
#8899 = CIRCLE('',#8900,0.25);
#8900 = AXIS2_PLACEMENT_3D('',#8901,#8902,#8903);
#8901 = CARTESIAN_POINT('',(-0.85,-0.25,0.65));
#8902 = DIRECTION('',(1.144237745222E-17,1.,7.703719777549E-34));
#8903 = DIRECTION('',(-0.984807753012,1.126854202784E-17,0.173648177667)
  );
#8904 = ORIENTED_EDGE('',*,*,#8905,.T.);
#8905 = EDGE_CURVE('',#8897,#7944,#8906,.T.);
#8906 = LINE('',#8907,#8908);
#8907 = CARTESIAN_POINT('',(-0.85,-0.25,0.9));
#8908 = VECTOR('',#8909,1.);
#8909 = DIRECTION('',(1.,-1.144237745222E-17,0.));
#8910 = PLANE('',#8911);
#8911 = AXIS2_PLACEMENT_3D('',#8912,#8913,#8914);
#8912 = CARTESIAN_POINT('',(-1.069123385139,-0.25,0.441695635315));
#8913 = DIRECTION('',(1.144237745222E-17,1.,0.));
#8914 = DIRECTION('',(0.,-0.,1.));
#8915 = ADVANCED_FACE('',(#8916),#8935,.F.);
#8916 = FACE_BOUND('',#8917,.F.);
#8917 = EDGE_LOOP('',(#8918,#8919,#8928,#8934));
#8918 = ORIENTED_EDGE('',*,*,#7982,.T.);
#8919 = ORIENTED_EDGE('',*,*,#8920,.T.);
#8920 = EDGE_CURVE('',#7975,#8921,#8923,.T.);
#8921 = VERTEX_POINT('',#8922);
#8922 = CARTESIAN_POINT('',(-0.948480775301,0.25,0.667364817767));
#8923 = CIRCLE('',#8924,0.1);
#8924 = AXIS2_PLACEMENT_3D('',#8925,#8926,#8927);
#8925 = CARTESIAN_POINT('',(-0.85,0.25,0.65));
#8926 = DIRECTION('',(-1.144237745222E-17,-1.,0.));
#8927 = DIRECTION('',(0.,0.,1.));
#8928 = ORIENTED_EDGE('',*,*,#8929,.F.);
#8929 = EDGE_CURVE('',#8830,#8921,#8930,.T.);
#8930 = LINE('',#8931,#8932);
#8931 = CARTESIAN_POINT('',(-0.948480775301,-0.25,0.667364817767));
#8932 = VECTOR('',#8933,1.);
#8933 = DIRECTION('',(1.144237745222E-17,1.,0.));
#8934 = ORIENTED_EDGE('',*,*,#8829,.F.);
#8935 = CYLINDRICAL_SURFACE('',#8936,0.1);
#8936 = AXIS2_PLACEMENT_3D('',#8937,#8938,#8939);
#8937 = CARTESIAN_POINT('',(-0.85,-0.25,0.65));
#8938 = DIRECTION('',(-1.144237745222E-17,-1.,0.));
#8939 = DIRECTION('',(0.,0.,1.));
#8940 = ADVANCED_FACE('',(#8941),#9019,.T.);
#8941 = FACE_BOUND('',#8942,.T.);
#8942 = EDGE_LOOP('',(#8943,#8944,#8945,#8946,#8954,#8963,#8971,#8979,
    #8987,#8996,#9004,#9013));
#8943 = ORIENTED_EDGE('',*,*,#7996,.F.);
#8944 = ORIENTED_EDGE('',*,*,#7974,.T.);
#8945 = ORIENTED_EDGE('',*,*,#8920,.T.);
#8946 = ORIENTED_EDGE('',*,*,#8947,.T.);
#8947 = EDGE_CURVE('',#8921,#8948,#8950,.T.);
#8948 = VERTEX_POINT('',#8949);
#8949 = CARTESIAN_POINT('',(-1.02432885403,0.25,0.206587955583));
#8950 = LINE('',#8951,#8952);
#8951 = CARTESIAN_POINT('',(-0.948480775301,0.25,0.667364817767));
#8952 = VECTOR('',#8953,1.);
#8953 = DIRECTION('',(-0.162423314012,1.858508865964E-18,-0.986721169868
    ));
#8954 = ORIENTED_EDGE('',*,*,#8955,.T.);
#8955 = EDGE_CURVE('',#8948,#8956,#8958,.T.);
#8956 = VERTEX_POINT('',#8957);
#8957 = CARTESIAN_POINT('',(-1.270530792283,0.25,0.));
#8958 = CIRCLE('',#8959,0.25);
#8959 = AXIS2_PLACEMENT_3D('',#8960,#8961,#8962);
#8960 = CARTESIAN_POINT('',(-1.270530792283,0.25,0.25));
#8961 = DIRECTION('',(1.144237745222E-17,1.,1.155557966632E-33));
#8962 = DIRECTION('',(0.984807753012,-1.126854202784E-17,-0.173648177667
    ));
#8963 = ORIENTED_EDGE('',*,*,#8964,.T.);
#8964 = EDGE_CURVE('',#8956,#8965,#8967,.T.);
#8965 = VERTEX_POINT('',#8966);
#8966 = CARTESIAN_POINT('',(-1.4,0.25,0.));
#8967 = LINE('',#8968,#8969);
#8968 = CARTESIAN_POINT('',(-1.270530792283,0.25,0.));
#8969 = VECTOR('',#8970,1.);
#8970 = DIRECTION('',(-1.,1.144237745222E-17,0.));
#8971 = ORIENTED_EDGE('',*,*,#8972,.T.);
#8972 = EDGE_CURVE('',#8965,#8973,#8975,.T.);
#8973 = VERTEX_POINT('',#8974);
#8974 = CARTESIAN_POINT('',(-1.4,0.25,0.15));
#8975 = LINE('',#8976,#8977);
#8976 = CARTESIAN_POINT('',(-1.4,0.25,0.));
#8977 = VECTOR('',#8978,1.);
#8978 = DIRECTION('',(0.,0.,1.));
#8979 = ORIENTED_EDGE('',*,*,#8980,.T.);
#8980 = EDGE_CURVE('',#8973,#8981,#8983,.T.);
#8981 = VERTEX_POINT('',#8982);
#8982 = CARTESIAN_POINT('',(-1.270530792283,0.25,0.15));
#8983 = LINE('',#8984,#8985);
#8984 = CARTESIAN_POINT('',(-1.4,0.25,0.15));
#8985 = VECTOR('',#8986,1.);
#8986 = DIRECTION('',(1.,-1.144237745222E-17,0.));
#8987 = ORIENTED_EDGE('',*,*,#8988,.T.);
#8988 = EDGE_CURVE('',#8981,#8989,#8991,.T.);
#8989 = VERTEX_POINT('',#8990);
#8990 = CARTESIAN_POINT('',(-1.172050016982,0.25,0.232635182233));
#8991 = CIRCLE('',#8992,0.1);
#8992 = AXIS2_PLACEMENT_3D('',#8993,#8994,#8995);
#8993 = CARTESIAN_POINT('',(-1.270530792283,0.25,0.25));
#8994 = DIRECTION('',(-1.144237745222E-17,-1.,0.));
#8995 = DIRECTION('',(-2.22044604925E-15,2.540718180781E-32,-1.));
#8996 = ORIENTED_EDGE('',*,*,#8997,.T.);
#8997 = EDGE_CURVE('',#8989,#8998,#9000,.T.);
#8998 = VERTEX_POINT('',#8999);
#8999 = CARTESIAN_POINT('',(-1.096201938253,0.25,0.693412044417));
#9000 = LINE('',#9001,#9002);
#9001 = CARTESIAN_POINT('',(-1.172050016982,0.25,0.232635182233));
#9002 = VECTOR('',#9003,1.);
#9003 = DIRECTION('',(0.162423314012,-1.858508865964E-18,0.986721169868)
  );
#9004 = ORIENTED_EDGE('',*,*,#9005,.T.);
#9005 = EDGE_CURVE('',#8998,#9006,#9008,.T.);
#9006 = VERTEX_POINT('',#9007);
#9007 = CARTESIAN_POINT('',(-0.85,0.25,0.9));
#9008 = CIRCLE('',#9009,0.25);
#9009 = AXIS2_PLACEMENT_3D('',#9010,#9011,#9012);
#9010 = CARTESIAN_POINT('',(-0.85,0.25,0.65));
#9011 = DIRECTION('',(1.144237745222E-17,1.,7.703719777549E-34));
#9012 = DIRECTION('',(-0.984807753012,1.126854202784E-17,0.173648177667)
  );
#9013 = ORIENTED_EDGE('',*,*,#9014,.T.);
#9014 = EDGE_CURVE('',#9006,#7997,#9015,.T.);
#9015 = LINE('',#9016,#9017);
#9016 = CARTESIAN_POINT('',(-0.85,0.25,0.9));
#9017 = VECTOR('',#9018,1.);
#9018 = DIRECTION('',(1.,-1.144237745222E-17,0.));
#9019 = PLANE('',#9020);
#9020 = AXIS2_PLACEMENT_3D('',#9021,#9022,#9023);
#9021 = CARTESIAN_POINT('',(-1.069123385139,0.25,0.441695635315));
#9022 = DIRECTION('',(1.144237745222E-17,1.,0.));
#9023 = DIRECTION('',(0.,-0.,1.));
#9024 = ADVANCED_FACE('',(#9025),#9036,.F.);
#9025 = FACE_BOUND('',#9026,.F.);
#9026 = EDGE_LOOP('',(#9027,#9028,#9029,#9030));
#9027 = ORIENTED_EDGE('',*,*,#8013,.T.);
#9028 = ORIENTED_EDGE('',*,*,#8309,.T.);
#9029 = ORIENTED_EDGE('',*,*,#8357,.F.);
#9030 = ORIENTED_EDGE('',*,*,#9031,.F.);
#9031 = EDGE_CURVE('',#7997,#8350,#9032,.T.);
#9032 = LINE('',#9033,#9034);
#9033 = CARTESIAN_POINT('',(-0.85,0.25,0.9));
#9034 = VECTOR('',#9035,1.);
#9035 = DIRECTION('',(1.,-1.144237745222E-17,0.));
#9036 = PLANE('',#9037);
#9037 = AXIS2_PLACEMENT_3D('',#9038,#9039,#9040);
#9038 = CARTESIAN_POINT('',(-2.091417030376E-16,1.4375,0.9));
#9039 = DIRECTION('',(4.595758349624E-18,6.551522493592E-27,-1.));
#9040 = DIRECTION('',(1.,1.51922136901E-16,4.595758349624E-18));
#9041 = ADVANCED_FACE('',(#9042),#9121,.F.);
#9042 = FACE_BOUND('',#9043,.F.);
#9043 = EDGE_LOOP('',(#9044,#9045,#9046,#9055,#9063,#9072,#9080,#9088,
    #9096,#9105,#9113,#9120));
#9044 = ORIENTED_EDGE('',*,*,#8005,.F.);
#9045 = ORIENTED_EDGE('',*,*,#8027,.T.);
#9046 = ORIENTED_EDGE('',*,*,#9047,.T.);
#9047 = EDGE_CURVE('',#8028,#9048,#9050,.T.);
#9048 = VERTEX_POINT('',#9049);
#9049 = CARTESIAN_POINT('',(-0.948480775301,0.7,0.667364817767));
#9050 = CIRCLE('',#9051,0.1);
#9051 = AXIS2_PLACEMENT_3D('',#9052,#9053,#9054);
#9052 = CARTESIAN_POINT('',(-0.85,0.7,0.65));
#9053 = DIRECTION('',(-1.144237745222E-17,-1.,0.));
#9054 = DIRECTION('',(0.,0.,1.));
#9055 = ORIENTED_EDGE('',*,*,#9056,.T.);
#9056 = EDGE_CURVE('',#9048,#9057,#9059,.T.);
#9057 = VERTEX_POINT('',#9058);
#9058 = CARTESIAN_POINT('',(-1.02432885403,0.7,0.206587955583));
#9059 = LINE('',#9060,#9061);
#9060 = CARTESIAN_POINT('',(-0.948480775301,0.7,0.667364817767));
#9061 = VECTOR('',#9062,1.);
#9062 = DIRECTION('',(-0.162423314012,1.858508865964E-18,-0.986721169868
    ));
#9063 = ORIENTED_EDGE('',*,*,#9064,.T.);
#9064 = EDGE_CURVE('',#9057,#9065,#9067,.T.);
#9065 = VERTEX_POINT('',#9066);
#9066 = CARTESIAN_POINT('',(-1.270530792283,0.7,0.));
#9067 = CIRCLE('',#9068,0.25);
#9068 = AXIS2_PLACEMENT_3D('',#9069,#9070,#9071);
#9069 = CARTESIAN_POINT('',(-1.270530792283,0.7,0.25));
#9070 = DIRECTION('',(1.144237745222E-17,1.,1.155557966632E-33));
#9071 = DIRECTION('',(0.984807753012,-1.126854202784E-17,-0.173648177667
    ));
#9072 = ORIENTED_EDGE('',*,*,#9073,.T.);
#9073 = EDGE_CURVE('',#9065,#9074,#9076,.T.);
#9074 = VERTEX_POINT('',#9075);
#9075 = CARTESIAN_POINT('',(-1.4,0.7,0.));
#9076 = LINE('',#9077,#9078);
#9077 = CARTESIAN_POINT('',(-1.270530792283,0.7,0.));
#9078 = VECTOR('',#9079,1.);
#9079 = DIRECTION('',(-1.,1.144237745222E-17,0.));
#9080 = ORIENTED_EDGE('',*,*,#9081,.T.);
#9081 = EDGE_CURVE('',#9074,#9082,#9084,.T.);
#9082 = VERTEX_POINT('',#9083);
#9083 = CARTESIAN_POINT('',(-1.4,0.7,0.15));
#9084 = LINE('',#9085,#9086);
#9085 = CARTESIAN_POINT('',(-1.4,0.7,0.));
#9086 = VECTOR('',#9087,1.);
#9087 = DIRECTION('',(0.,0.,1.));
#9088 = ORIENTED_EDGE('',*,*,#9089,.T.);
#9089 = EDGE_CURVE('',#9082,#9090,#9092,.T.);
#9090 = VERTEX_POINT('',#9091);
#9091 = CARTESIAN_POINT('',(-1.270530792283,0.7,0.15));
#9092 = LINE('',#9093,#9094);
#9093 = CARTESIAN_POINT('',(-1.4,0.7,0.15));
#9094 = VECTOR('',#9095,1.);
#9095 = DIRECTION('',(1.,-1.144237745222E-17,0.));
#9096 = ORIENTED_EDGE('',*,*,#9097,.T.);
#9097 = EDGE_CURVE('',#9090,#9098,#9100,.T.);
#9098 = VERTEX_POINT('',#9099);
#9099 = CARTESIAN_POINT('',(-1.172050016982,0.7,0.232635182233));
#9100 = CIRCLE('',#9101,0.1);
#9101 = AXIS2_PLACEMENT_3D('',#9102,#9103,#9104);
#9102 = CARTESIAN_POINT('',(-1.270530792283,0.7,0.25));
#9103 = DIRECTION('',(-1.144237745222E-17,-1.,0.));
#9104 = DIRECTION('',(-2.22044604925E-15,2.540718180781E-32,-1.));
#9105 = ORIENTED_EDGE('',*,*,#9106,.T.);
#9106 = EDGE_CURVE('',#9098,#9107,#9109,.T.);
#9107 = VERTEX_POINT('',#9108);
#9108 = CARTESIAN_POINT('',(-1.096201938253,0.7,0.693412044417));
#9109 = LINE('',#9110,#9111);
#9110 = CARTESIAN_POINT('',(-1.172050016982,0.7,0.232635182233));
#9111 = VECTOR('',#9112,1.);
#9112 = DIRECTION('',(0.162423314012,-1.858508865964E-18,0.986721169868)
  );
#9113 = ORIENTED_EDGE('',*,*,#9114,.T.);
#9114 = EDGE_CURVE('',#9107,#8279,#9115,.T.);
#9115 = CIRCLE('',#9116,0.25);
#9116 = AXIS2_PLACEMENT_3D('',#9117,#9118,#9119);
#9117 = CARTESIAN_POINT('',(-0.85,0.7,0.65));
#9118 = DIRECTION('',(1.144237745222E-17,1.,7.703719777549E-34));
#9119 = DIRECTION('',(-0.984807753012,1.126854202784E-17,0.173648177667)
  );
#9120 = ORIENTED_EDGE('',*,*,#8278,.T.);
#9121 = PLANE('',#9122);
#9122 = AXIS2_PLACEMENT_3D('',#9123,#9124,#9125);
#9123 = CARTESIAN_POINT('',(-1.069123385139,0.7,0.441695635315));
#9124 = DIRECTION('',(1.144237745222E-17,1.,0.));
#9125 = DIRECTION('',(0.,-0.,1.));
#9126 = ADVANCED_FACE('',(#9127),#9146,.F.);
#9127 = FACE_BOUND('',#9128,.F.);
#9128 = EDGE_LOOP('',(#9129,#9130,#9139,#9145));
#9129 = ORIENTED_EDGE('',*,*,#8044,.T.);
#9130 = ORIENTED_EDGE('',*,*,#9131,.T.);
#9131 = EDGE_CURVE('',#8037,#9132,#9134,.T.);
#9132 = VERTEX_POINT('',#9133);
#9133 = CARTESIAN_POINT('',(-0.948480775301,1.2,0.667364817767));
#9134 = CIRCLE('',#9135,0.1);
#9135 = AXIS2_PLACEMENT_3D('',#9136,#9137,#9138);
#9136 = CARTESIAN_POINT('',(-0.85,1.2,0.65));
#9137 = DIRECTION('',(-1.144237745222E-17,-1.,0.));
#9138 = DIRECTION('',(0.,0.,1.));
#9139 = ORIENTED_EDGE('',*,*,#9140,.F.);
#9140 = EDGE_CURVE('',#9048,#9132,#9141,.T.);
#9141 = LINE('',#9142,#9143);
#9142 = CARTESIAN_POINT('',(-0.948480775301,0.7,0.667364817767));
#9143 = VECTOR('',#9144,1.);
#9144 = DIRECTION('',(1.144237745222E-17,1.,0.));
#9145 = ORIENTED_EDGE('',*,*,#9047,.F.);
#9146 = CYLINDRICAL_SURFACE('',#9147,0.1);
#9147 = AXIS2_PLACEMENT_3D('',#9148,#9149,#9150);
#9148 = CARTESIAN_POINT('',(-0.85,0.7,0.65));
#9149 = DIRECTION('',(-1.144237745222E-17,-1.,0.));
#9150 = DIRECTION('',(0.,0.,1.));
#9151 = ADVANCED_FACE('',(#9152),#9223,.T.);
#9152 = FACE_BOUND('',#9153,.T.);
#9153 = EDGE_LOOP('',(#9154,#9155,#9156,#9157,#9165,#9174,#9182,#9190,
    #9198,#9207,#9215,#9222));
#9154 = ORIENTED_EDGE('',*,*,#8058,.F.);
#9155 = ORIENTED_EDGE('',*,*,#8036,.T.);
#9156 = ORIENTED_EDGE('',*,*,#9131,.T.);
#9157 = ORIENTED_EDGE('',*,*,#9158,.T.);
#9158 = EDGE_CURVE('',#9132,#9159,#9161,.T.);
#9159 = VERTEX_POINT('',#9160);
#9160 = CARTESIAN_POINT('',(-1.02432885403,1.2,0.206587955583));
#9161 = LINE('',#9162,#9163);
#9162 = CARTESIAN_POINT('',(-0.948480775301,1.2,0.667364817767));
#9163 = VECTOR('',#9164,1.);
#9164 = DIRECTION('',(-0.162423314012,1.858508865964E-18,-0.986721169868
    ));
#9165 = ORIENTED_EDGE('',*,*,#9166,.T.);
#9166 = EDGE_CURVE('',#9159,#9167,#9169,.T.);
#9167 = VERTEX_POINT('',#9168);
#9168 = CARTESIAN_POINT('',(-1.270530792283,1.2,0.));
#9169 = CIRCLE('',#9170,0.25);
#9170 = AXIS2_PLACEMENT_3D('',#9171,#9172,#9173);
#9171 = CARTESIAN_POINT('',(-1.270530792283,1.2,0.25));
#9172 = DIRECTION('',(1.144237745222E-17,1.,1.155557966632E-33));
#9173 = DIRECTION('',(0.984807753012,-1.126854202784E-17,-0.173648177667
    ));
#9174 = ORIENTED_EDGE('',*,*,#9175,.T.);
#9175 = EDGE_CURVE('',#9167,#9176,#9178,.T.);
#9176 = VERTEX_POINT('',#9177);
#9177 = CARTESIAN_POINT('',(-1.4,1.2,0.));
#9178 = LINE('',#9179,#9180);
#9179 = CARTESIAN_POINT('',(-1.270530792283,1.2,0.));
#9180 = VECTOR('',#9181,1.);
#9181 = DIRECTION('',(-1.,1.144237745222E-17,0.));
#9182 = ORIENTED_EDGE('',*,*,#9183,.T.);
#9183 = EDGE_CURVE('',#9176,#9184,#9186,.T.);
#9184 = VERTEX_POINT('',#9185);
#9185 = CARTESIAN_POINT('',(-1.4,1.2,0.15));
#9186 = LINE('',#9187,#9188);
#9187 = CARTESIAN_POINT('',(-1.4,1.2,0.));
#9188 = VECTOR('',#9189,1.);
#9189 = DIRECTION('',(0.,0.,1.));
#9190 = ORIENTED_EDGE('',*,*,#9191,.T.);
#9191 = EDGE_CURVE('',#9184,#9192,#9194,.T.);
#9192 = VERTEX_POINT('',#9193);
#9193 = CARTESIAN_POINT('',(-1.270530792283,1.2,0.15));
#9194 = LINE('',#9195,#9196);
#9195 = CARTESIAN_POINT('',(-1.4,1.2,0.15));
#9196 = VECTOR('',#9197,1.);
#9197 = DIRECTION('',(1.,-1.144237745222E-17,0.));
#9198 = ORIENTED_EDGE('',*,*,#9199,.T.);
#9199 = EDGE_CURVE('',#9192,#9200,#9202,.T.);
#9200 = VERTEX_POINT('',#9201);
#9201 = CARTESIAN_POINT('',(-1.172050016982,1.2,0.232635182233));
#9202 = CIRCLE('',#9203,0.1);
#9203 = AXIS2_PLACEMENT_3D('',#9204,#9205,#9206);
#9204 = CARTESIAN_POINT('',(-1.270530792283,1.2,0.25));
#9205 = DIRECTION('',(-1.144237745222E-17,-1.,0.));
#9206 = DIRECTION('',(-2.22044604925E-15,2.540718180781E-32,-1.));
#9207 = ORIENTED_EDGE('',*,*,#9208,.T.);
#9208 = EDGE_CURVE('',#9200,#9209,#9211,.T.);
#9209 = VERTEX_POINT('',#9210);
#9210 = CARTESIAN_POINT('',(-1.096201938253,1.2,0.693412044417));
#9211 = LINE('',#9212,#9213);
#9212 = CARTESIAN_POINT('',(-1.172050016982,1.2,0.232635182233));
#9213 = VECTOR('',#9214,1.);
#9214 = DIRECTION('',(0.162423314012,-1.858508865964E-18,0.986721169868)
  );
#9215 = ORIENTED_EDGE('',*,*,#9216,.T.);
#9216 = EDGE_CURVE('',#9209,#8287,#9217,.T.);
#9217 = CIRCLE('',#9218,0.25);
#9218 = AXIS2_PLACEMENT_3D('',#9219,#9220,#9221);
#9219 = CARTESIAN_POINT('',(-0.85,1.2,0.65));
#9220 = DIRECTION('',(1.144237745222E-17,1.,7.703719777549E-34));
#9221 = DIRECTION('',(-0.984807753012,1.126854202784E-17,0.173648177667)
  );
#9222 = ORIENTED_EDGE('',*,*,#8294,.T.);
#9223 = PLANE('',#9224);
#9224 = AXIS2_PLACEMENT_3D('',#9225,#9226,#9227);
#9225 = CARTESIAN_POINT('',(-1.069123385139,1.2,0.441695635315));
#9226 = DIRECTION('',(1.144237745222E-17,1.,0.));
#9227 = DIRECTION('',(0.,-0.,1.));
#9228 = ADVANCED_FACE('',(#9229),#9308,.F.);
#9229 = FACE_BOUND('',#9230,.F.);
#9230 = EDGE_LOOP('',(#9231,#9232,#9233,#9242,#9250,#9259,#9267,#9275,
    #9283,#9292,#9300,#9307));
#9231 = ORIENTED_EDGE('',*,*,#8077,.F.);
#9232 = ORIENTED_EDGE('',*,*,#8092,.T.);
#9233 = ORIENTED_EDGE('',*,*,#9234,.T.);
#9234 = EDGE_CURVE('',#8093,#9235,#9237,.T.);
#9235 = VERTEX_POINT('',#9236);
#9236 = CARTESIAN_POINT('',(0.948480775301,1.2,0.667364817767));
#9237 = CIRCLE('',#9238,0.1);
#9238 = AXIS2_PLACEMENT_3D('',#9239,#9240,#9241);
#9239 = CARTESIAN_POINT('',(0.85,1.2,0.65));
#9240 = DIRECTION('',(-1.110223024625E-16,1.,0.));
#9241 = DIRECTION('',(0.,0.,1.));
#9242 = ORIENTED_EDGE('',*,*,#9243,.T.);
#9243 = EDGE_CURVE('',#9235,#9244,#9246,.T.);
#9244 = VERTEX_POINT('',#9245);
#9245 = CARTESIAN_POINT('',(1.02432885403,1.2,0.206587955583));
#9246 = LINE('',#9247,#9248);
#9247 = CARTESIAN_POINT('',(0.948480775301,1.2,0.667364817767));
#9248 = VECTOR('',#9249,1.);
#9249 = DIRECTION('',(0.162423314012,1.803261029519E-17,-0.986721169868)
  );
#9250 = ORIENTED_EDGE('',*,*,#9251,.T.);
#9251 = EDGE_CURVE('',#9244,#9252,#9254,.T.);
#9252 = VERTEX_POINT('',#9253);
#9253 = CARTESIAN_POINT('',(1.270530792283,1.2,0.));
#9254 = CIRCLE('',#9255,0.25);
#9255 = AXIS2_PLACEMENT_3D('',#9256,#9257,#9258);
#9256 = CARTESIAN_POINT('',(1.270530792283,1.2,0.25));
#9257 = DIRECTION('',(1.110223024625E-16,-1.,0.));
#9258 = DIRECTION('',(-0.984807753012,-1.093356242223E-16,
    -0.173648177667));
#9259 = ORIENTED_EDGE('',*,*,#9260,.T.);
#9260 = EDGE_CURVE('',#9252,#9261,#9263,.T.);
#9261 = VERTEX_POINT('',#9262);
#9262 = CARTESIAN_POINT('',(1.4,1.2,0.));
#9263 = LINE('',#9264,#9265);
#9264 = CARTESIAN_POINT('',(1.270530792283,1.2,0.));
#9265 = VECTOR('',#9266,1.);
#9266 = DIRECTION('',(1.,1.110223024625E-16,0.));
#9267 = ORIENTED_EDGE('',*,*,#9268,.T.);
#9268 = EDGE_CURVE('',#9261,#9269,#9271,.T.);
#9269 = VERTEX_POINT('',#9270);
#9270 = CARTESIAN_POINT('',(1.4,1.2,0.15));
#9271 = LINE('',#9272,#9273);
#9272 = CARTESIAN_POINT('',(1.4,1.2,0.));
#9273 = VECTOR('',#9274,1.);
#9274 = DIRECTION('',(0.,0.,1.));
#9275 = ORIENTED_EDGE('',*,*,#9276,.T.);
#9276 = EDGE_CURVE('',#9269,#9277,#9279,.T.);
#9277 = VERTEX_POINT('',#9278);
#9278 = CARTESIAN_POINT('',(1.270530792283,1.2,0.15));
#9279 = LINE('',#9280,#9281);
#9280 = CARTESIAN_POINT('',(1.4,1.2,0.15));
#9281 = VECTOR('',#9282,1.);
#9282 = DIRECTION('',(-1.,-1.110223024625E-16,0.));
#9283 = ORIENTED_EDGE('',*,*,#9284,.T.);
#9284 = EDGE_CURVE('',#9277,#9285,#9287,.T.);
#9285 = VERTEX_POINT('',#9286);
#9286 = CARTESIAN_POINT('',(1.172050016982,1.2,0.232635182233));
#9287 = CIRCLE('',#9288,0.1);
#9288 = AXIS2_PLACEMENT_3D('',#9289,#9290,#9291);
#9289 = CARTESIAN_POINT('',(1.270530792283,1.2,0.25));
#9290 = DIRECTION('',(-1.110223024625E-16,1.,0.));
#9291 = DIRECTION('',(2.22044604925E-15,2.465190328815E-31,-1.));
#9292 = ORIENTED_EDGE('',*,*,#9293,.T.);
#9293 = EDGE_CURVE('',#9285,#9294,#9296,.T.);
#9294 = VERTEX_POINT('',#9295);
#9295 = CARTESIAN_POINT('',(1.096201938253,1.2,0.693412044417));
#9296 = LINE('',#9297,#9298);
#9297 = CARTESIAN_POINT('',(1.172050016982,1.2,0.232635182233));
#9298 = VECTOR('',#9299,1.);
#9299 = DIRECTION('',(-0.162423314012,-1.803261029519E-17,0.986721169868
    ));
#9300 = ORIENTED_EDGE('',*,*,#9301,.T.);
#9301 = EDGE_CURVE('',#9294,#8518,#9302,.T.);
#9302 = CIRCLE('',#9303,0.25);
#9303 = AXIS2_PLACEMENT_3D('',#9304,#9305,#9306);
#9304 = CARTESIAN_POINT('',(0.85,1.2,0.65));
#9305 = DIRECTION('',(1.110223024625E-16,-1.,0.));
#9306 = DIRECTION('',(0.984807753012,1.093356242223E-16,0.173648177667)
  );
#9307 = ORIENTED_EDGE('',*,*,#8517,.T.);
#9308 = PLANE('',#9309);
#9309 = AXIS2_PLACEMENT_3D('',#9310,#9311,#9312);
#9310 = CARTESIAN_POINT('',(1.069123385139,1.2,0.441695635315));
#9311 = DIRECTION('',(1.110223024625E-16,-1.,0.));
#9312 = DIRECTION('',(0.,0.,1.));
#9313 = ADVANCED_FACE('',(#9314),#9333,.F.);
#9314 = FACE_BOUND('',#9315,.F.);
#9315 = EDGE_LOOP('',(#9316,#9317,#9326,#9332));
#9316 = ORIENTED_EDGE('',*,*,#8109,.T.);
#9317 = ORIENTED_EDGE('',*,*,#9318,.T.);
#9318 = EDGE_CURVE('',#8102,#9319,#9321,.T.);
#9319 = VERTEX_POINT('',#9320);
#9320 = CARTESIAN_POINT('',(0.948480775301,0.7,0.667364817767));
#9321 = CIRCLE('',#9322,0.1);
#9322 = AXIS2_PLACEMENT_3D('',#9323,#9324,#9325);
#9323 = CARTESIAN_POINT('',(0.85,0.7,0.65));
#9324 = DIRECTION('',(-1.110223024625E-16,1.,0.));
#9325 = DIRECTION('',(0.,0.,1.));
#9326 = ORIENTED_EDGE('',*,*,#9327,.F.);
#9327 = EDGE_CURVE('',#9235,#9319,#9328,.T.);
#9328 = LINE('',#9329,#9330);
#9329 = CARTESIAN_POINT('',(0.948480775301,1.2,0.667364817767));
#9330 = VECTOR('',#9331,1.);
#9331 = DIRECTION('',(1.110223024625E-16,-1.,0.));
#9332 = ORIENTED_EDGE('',*,*,#9234,.F.);
#9333 = CYLINDRICAL_SURFACE('',#9334,0.1);
#9334 = AXIS2_PLACEMENT_3D('',#9335,#9336,#9337);
#9335 = CARTESIAN_POINT('',(0.85,1.2,0.65));
#9336 = DIRECTION('',(-1.110223024625E-16,1.,0.));
#9337 = DIRECTION('',(0.,0.,1.));
#9338 = ADVANCED_FACE('',(#9339),#9410,.T.);
#9339 = FACE_BOUND('',#9340,.T.);
#9340 = EDGE_LOOP('',(#9341,#9342,#9343,#9344,#9352,#9361,#9369,#9377,
    #9385,#9394,#9402,#9409));
#9341 = ORIENTED_EDGE('',*,*,#8123,.F.);
#9342 = ORIENTED_EDGE('',*,*,#8101,.T.);
#9343 = ORIENTED_EDGE('',*,*,#9318,.T.);
#9344 = ORIENTED_EDGE('',*,*,#9345,.T.);
#9345 = EDGE_CURVE('',#9319,#9346,#9348,.T.);
#9346 = VERTEX_POINT('',#9347);
#9347 = CARTESIAN_POINT('',(1.02432885403,0.7,0.206587955583));
#9348 = LINE('',#9349,#9350);
#9349 = CARTESIAN_POINT('',(0.948480775301,0.7,0.667364817767));
#9350 = VECTOR('',#9351,1.);
#9351 = DIRECTION('',(0.162423314012,1.803261029519E-17,-0.986721169868)
  );
#9352 = ORIENTED_EDGE('',*,*,#9353,.T.);
#9353 = EDGE_CURVE('',#9346,#9354,#9356,.T.);
#9354 = VERTEX_POINT('',#9355);
#9355 = CARTESIAN_POINT('',(1.270530792283,0.7,0.));
#9356 = CIRCLE('',#9357,0.25);
#9357 = AXIS2_PLACEMENT_3D('',#9358,#9359,#9360);
#9358 = CARTESIAN_POINT('',(1.270530792283,0.7,0.25));
#9359 = DIRECTION('',(1.110223024625E-16,-1.,0.));
#9360 = DIRECTION('',(-0.984807753012,-1.093356242223E-16,
    -0.173648177667));
#9361 = ORIENTED_EDGE('',*,*,#9362,.T.);
#9362 = EDGE_CURVE('',#9354,#9363,#9365,.T.);
#9363 = VERTEX_POINT('',#9364);
#9364 = CARTESIAN_POINT('',(1.4,0.7,0.));
#9365 = LINE('',#9366,#9367);
#9366 = CARTESIAN_POINT('',(1.270530792283,0.7,0.));
#9367 = VECTOR('',#9368,1.);
#9368 = DIRECTION('',(1.,1.110223024625E-16,0.));
#9369 = ORIENTED_EDGE('',*,*,#9370,.T.);
#9370 = EDGE_CURVE('',#9363,#9371,#9373,.T.);
#9371 = VERTEX_POINT('',#9372);
#9372 = CARTESIAN_POINT('',(1.4,0.7,0.15));
#9373 = LINE('',#9374,#9375);
#9374 = CARTESIAN_POINT('',(1.4,0.7,0.));
#9375 = VECTOR('',#9376,1.);
#9376 = DIRECTION('',(0.,0.,1.));
#9377 = ORIENTED_EDGE('',*,*,#9378,.T.);
#9378 = EDGE_CURVE('',#9371,#9379,#9381,.T.);
#9379 = VERTEX_POINT('',#9380);
#9380 = CARTESIAN_POINT('',(1.270530792283,0.7,0.15));
#9381 = LINE('',#9382,#9383);
#9382 = CARTESIAN_POINT('',(1.4,0.7,0.15));
#9383 = VECTOR('',#9384,1.);
#9384 = DIRECTION('',(-1.,-1.110223024625E-16,0.));
#9385 = ORIENTED_EDGE('',*,*,#9386,.T.);
#9386 = EDGE_CURVE('',#9379,#9387,#9389,.T.);
#9387 = VERTEX_POINT('',#9388);
#9388 = CARTESIAN_POINT('',(1.172050016982,0.7,0.232635182233));
#9389 = CIRCLE('',#9390,0.1);
#9390 = AXIS2_PLACEMENT_3D('',#9391,#9392,#9393);
#9391 = CARTESIAN_POINT('',(1.270530792283,0.7,0.25));
#9392 = DIRECTION('',(-1.110223024625E-16,1.,0.));
#9393 = DIRECTION('',(2.22044604925E-15,2.465190328815E-31,-1.));
#9394 = ORIENTED_EDGE('',*,*,#9395,.T.);
#9395 = EDGE_CURVE('',#9387,#9396,#9398,.T.);
#9396 = VERTEX_POINT('',#9397);
#9397 = CARTESIAN_POINT('',(1.096201938253,0.7,0.693412044417));
#9398 = LINE('',#9399,#9400);
#9399 = CARTESIAN_POINT('',(1.172050016982,0.7,0.232635182233));
#9400 = VECTOR('',#9401,1.);
#9401 = DIRECTION('',(-0.162423314012,-1.803261029519E-17,0.986721169868
    ));
#9402 = ORIENTED_EDGE('',*,*,#9403,.T.);
#9403 = EDGE_CURVE('',#9396,#8526,#9404,.T.);
#9404 = CIRCLE('',#9405,0.25);
#9405 = AXIS2_PLACEMENT_3D('',#9406,#9407,#9408);
#9406 = CARTESIAN_POINT('',(0.85,0.7,0.65));
#9407 = DIRECTION('',(1.110223024625E-16,-1.,0.));
#9408 = DIRECTION('',(0.984807753012,1.093356242223E-16,0.173648177667)
  );
#9409 = ORIENTED_EDGE('',*,*,#8533,.T.);
#9410 = PLANE('',#9411);
#9411 = AXIS2_PLACEMENT_3D('',#9412,#9413,#9414);
#9412 = CARTESIAN_POINT('',(1.069123385139,0.7,0.441695635315));
#9413 = DIRECTION('',(1.110223024625E-16,-1.,0.));
#9414 = DIRECTION('',(0.,0.,1.));
#9415 = ADVANCED_FACE('',(#9416),#9427,.F.);
#9416 = FACE_BOUND('',#9417,.F.);
#9417 = EDGE_LOOP('',(#9418,#9419,#9420,#9426));
#9418 = ORIENTED_EDGE('',*,*,#8539,.F.);
#9419 = ORIENTED_EDGE('',*,*,#8140,.T.);
#9420 = ORIENTED_EDGE('',*,*,#9421,.T.);
#9421 = EDGE_CURVE('',#8133,#8472,#9422,.T.);
#9422 = LINE('',#9423,#9424);
#9423 = CARTESIAN_POINT('',(0.85,-0.7,0.9));
#9424 = VECTOR('',#9425,1.);
#9425 = DIRECTION('',(-1.,-1.110223024625E-16,0.));
#9426 = ORIENTED_EDGE('',*,*,#8471,.F.);
#9427 = PLANE('',#9428);
#9428 = AXIS2_PLACEMENT_3D('',#9429,#9430,#9431);
#9429 = CARTESIAN_POINT('',(-2.091417030376E-16,1.4375,0.9));
#9430 = DIRECTION('',(4.595758349624E-18,6.551522493592E-27,-1.));
#9431 = DIRECTION('',(1.,1.51922136901E-16,4.595758349624E-18));
#9432 = ADVANCED_FACE('',(#9433),#9519,.F.);
#9433 = FACE_BOUND('',#9434,.F.);
#9434 = EDGE_LOOP('',(#9435,#9436,#9437,#9446,#9454,#9463,#9471,#9479,
    #9487,#9496,#9504,#9513));
#9435 = ORIENTED_EDGE('',*,*,#8132,.F.);
#9436 = ORIENTED_EDGE('',*,*,#8154,.T.);
#9437 = ORIENTED_EDGE('',*,*,#9438,.T.);
#9438 = EDGE_CURVE('',#8155,#9439,#9441,.T.);
#9439 = VERTEX_POINT('',#9440);
#9440 = CARTESIAN_POINT('',(0.948480775301,-0.7,0.667364817767));
#9441 = CIRCLE('',#9442,0.1);
#9442 = AXIS2_PLACEMENT_3D('',#9443,#9444,#9445);
#9443 = CARTESIAN_POINT('',(0.85,-0.7,0.65));
#9444 = DIRECTION('',(-1.110223024625E-16,1.,0.));
#9445 = DIRECTION('',(0.,0.,1.));
#9446 = ORIENTED_EDGE('',*,*,#9447,.T.);
#9447 = EDGE_CURVE('',#9439,#9448,#9450,.T.);
#9448 = VERTEX_POINT('',#9449);
#9449 = CARTESIAN_POINT('',(1.02432885403,-0.7,0.206587955583));
#9450 = LINE('',#9451,#9452);
#9451 = CARTESIAN_POINT('',(0.948480775301,-0.7,0.667364817767));
#9452 = VECTOR('',#9453,1.);
#9453 = DIRECTION('',(0.162423314012,1.803261029519E-17,-0.986721169868)
  );
#9454 = ORIENTED_EDGE('',*,*,#9455,.T.);
#9455 = EDGE_CURVE('',#9448,#9456,#9458,.T.);
#9456 = VERTEX_POINT('',#9457);
#9457 = CARTESIAN_POINT('',(1.270530792283,-0.7,0.));
#9458 = CIRCLE('',#9459,0.25);
#9459 = AXIS2_PLACEMENT_3D('',#9460,#9461,#9462);
#9460 = CARTESIAN_POINT('',(1.270530792283,-0.7,0.25));
#9461 = DIRECTION('',(1.110223024625E-16,-1.,0.));
#9462 = DIRECTION('',(-0.984807753012,-1.093356242223E-16,
    -0.173648177667));
#9463 = ORIENTED_EDGE('',*,*,#9464,.T.);
#9464 = EDGE_CURVE('',#9456,#9465,#9467,.T.);
#9465 = VERTEX_POINT('',#9466);
#9466 = CARTESIAN_POINT('',(1.4,-0.7,0.));
#9467 = LINE('',#9468,#9469);
#9468 = CARTESIAN_POINT('',(1.270530792283,-0.7,0.));
#9469 = VECTOR('',#9470,1.);
#9470 = DIRECTION('',(1.,1.110223024625E-16,0.));
#9471 = ORIENTED_EDGE('',*,*,#9472,.T.);
#9472 = EDGE_CURVE('',#9465,#9473,#9475,.T.);
#9473 = VERTEX_POINT('',#9474);
#9474 = CARTESIAN_POINT('',(1.4,-0.7,0.15));
#9475 = LINE('',#9476,#9477);
#9476 = CARTESIAN_POINT('',(1.4,-0.7,0.));
#9477 = VECTOR('',#9478,1.);
#9478 = DIRECTION('',(0.,0.,1.));
#9479 = ORIENTED_EDGE('',*,*,#9480,.T.);
#9480 = EDGE_CURVE('',#9473,#9481,#9483,.T.);
#9481 = VERTEX_POINT('',#9482);
#9482 = CARTESIAN_POINT('',(1.270530792283,-0.7,0.15));
#9483 = LINE('',#9484,#9485);
#9484 = CARTESIAN_POINT('',(1.4,-0.7,0.15));
#9485 = VECTOR('',#9486,1.);
#9486 = DIRECTION('',(-1.,-1.110223024625E-16,0.));
#9487 = ORIENTED_EDGE('',*,*,#9488,.T.);
#9488 = EDGE_CURVE('',#9481,#9489,#9491,.T.);
#9489 = VERTEX_POINT('',#9490);
#9490 = CARTESIAN_POINT('',(1.172050016982,-0.7,0.232635182233));
#9491 = CIRCLE('',#9492,0.1);
#9492 = AXIS2_PLACEMENT_3D('',#9493,#9494,#9495);
#9493 = CARTESIAN_POINT('',(1.270530792283,-0.7,0.25));
#9494 = DIRECTION('',(-1.110223024625E-16,1.,0.));
#9495 = DIRECTION('',(2.22044604925E-15,2.465190328815E-31,-1.));
#9496 = ORIENTED_EDGE('',*,*,#9497,.T.);
#9497 = EDGE_CURVE('',#9489,#9498,#9500,.T.);
#9498 = VERTEX_POINT('',#9499);
#9499 = CARTESIAN_POINT('',(1.096201938253,-0.7,0.693412044417));
#9500 = LINE('',#9501,#9502);
#9501 = CARTESIAN_POINT('',(1.172050016982,-0.7,0.232635182233));
#9502 = VECTOR('',#9503,1.);
#9503 = DIRECTION('',(-0.162423314012,-1.803261029519E-17,0.986721169868
    ));
#9504 = ORIENTED_EDGE('',*,*,#9505,.T.);
#9505 = EDGE_CURVE('',#9498,#9506,#9508,.T.);
#9506 = VERTEX_POINT('',#9507);
#9507 = CARTESIAN_POINT('',(0.85,-0.7,0.9));
#9508 = CIRCLE('',#9509,0.25);
#9509 = AXIS2_PLACEMENT_3D('',#9510,#9511,#9512);
#9510 = CARTESIAN_POINT('',(0.85,-0.7,0.65));
#9511 = DIRECTION('',(1.110223024625E-16,-1.,0.));
#9512 = DIRECTION('',(0.984807753012,1.093356242223E-16,0.173648177667)
  );
#9513 = ORIENTED_EDGE('',*,*,#9514,.T.);
#9514 = EDGE_CURVE('',#9506,#8133,#9515,.T.);
#9515 = LINE('',#9516,#9517);
#9516 = CARTESIAN_POINT('',(0.85,-0.7,0.9));
#9517 = VECTOR('',#9518,1.);
#9518 = DIRECTION('',(-1.,-1.110223024625E-16,0.));
#9519 = PLANE('',#9520);
#9520 = AXIS2_PLACEMENT_3D('',#9521,#9522,#9523);
#9521 = CARTESIAN_POINT('',(1.069123385139,-0.7,0.441695635315));
#9522 = DIRECTION('',(1.110223024625E-16,-1.,0.));
#9523 = DIRECTION('',(0.,0.,1.));
#9524 = ADVANCED_FACE('',(#9525),#9544,.F.);
#9525 = FACE_BOUND('',#9526,.F.);
#9526 = EDGE_LOOP('',(#9527,#9528,#9537,#9543));
#9527 = ORIENTED_EDGE('',*,*,#8171,.T.);
#9528 = ORIENTED_EDGE('',*,*,#9529,.T.);
#9529 = EDGE_CURVE('',#8164,#9530,#9532,.T.);
#9530 = VERTEX_POINT('',#9531);
#9531 = CARTESIAN_POINT('',(0.948480775301,-1.2,0.667364817767));
#9532 = CIRCLE('',#9533,0.1);
#9533 = AXIS2_PLACEMENT_3D('',#9534,#9535,#9536);
#9534 = CARTESIAN_POINT('',(0.85,-1.2,0.65));
#9535 = DIRECTION('',(-1.110223024625E-16,1.,0.));
#9536 = DIRECTION('',(0.,0.,1.));
#9537 = ORIENTED_EDGE('',*,*,#9538,.F.);
#9538 = EDGE_CURVE('',#9439,#9530,#9539,.T.);
#9539 = LINE('',#9540,#9541);
#9540 = CARTESIAN_POINT('',(0.948480775301,-0.7,0.667364817767));
#9541 = VECTOR('',#9542,1.);
#9542 = DIRECTION('',(1.110223024625E-16,-1.,0.));
#9543 = ORIENTED_EDGE('',*,*,#9438,.F.);
#9544 = CYLINDRICAL_SURFACE('',#9545,0.1);
#9545 = AXIS2_PLACEMENT_3D('',#9546,#9547,#9548);
#9546 = CARTESIAN_POINT('',(0.85,-0.7,0.65));
#9547 = DIRECTION('',(-1.110223024625E-16,1.,0.));
#9548 = DIRECTION('',(0.,0.,1.));
#9549 = ADVANCED_FACE('',(#9550),#9628,.T.);
#9550 = FACE_BOUND('',#9551,.T.);
#9551 = EDGE_LOOP('',(#9552,#9553,#9554,#9555,#9563,#9572,#9580,#9588,
    #9596,#9605,#9613,#9622));
#9552 = ORIENTED_EDGE('',*,*,#8185,.F.);
#9553 = ORIENTED_EDGE('',*,*,#8163,.T.);
#9554 = ORIENTED_EDGE('',*,*,#9529,.T.);
#9555 = ORIENTED_EDGE('',*,*,#9556,.T.);
#9556 = EDGE_CURVE('',#9530,#9557,#9559,.T.);
#9557 = VERTEX_POINT('',#9558);
#9558 = CARTESIAN_POINT('',(1.02432885403,-1.2,0.206587955583));
#9559 = LINE('',#9560,#9561);
#9560 = CARTESIAN_POINT('',(0.948480775301,-1.2,0.667364817767));
#9561 = VECTOR('',#9562,1.);
#9562 = DIRECTION('',(0.162423314012,1.803261029519E-17,-0.986721169868)
  );
#9563 = ORIENTED_EDGE('',*,*,#9564,.T.);
#9564 = EDGE_CURVE('',#9557,#9565,#9567,.T.);
#9565 = VERTEX_POINT('',#9566);
#9566 = CARTESIAN_POINT('',(1.270530792283,-1.2,0.));
#9567 = CIRCLE('',#9568,0.25);
#9568 = AXIS2_PLACEMENT_3D('',#9569,#9570,#9571);
#9569 = CARTESIAN_POINT('',(1.270530792283,-1.2,0.25));
#9570 = DIRECTION('',(1.110223024625E-16,-1.,0.));
#9571 = DIRECTION('',(-0.984807753012,-1.093356242223E-16,
    -0.173648177667));
#9572 = ORIENTED_EDGE('',*,*,#9573,.T.);
#9573 = EDGE_CURVE('',#9565,#9574,#9576,.T.);
#9574 = VERTEX_POINT('',#9575);
#9575 = CARTESIAN_POINT('',(1.4,-1.2,0.));
#9576 = LINE('',#9577,#9578);
#9577 = CARTESIAN_POINT('',(1.270530792283,-1.2,0.));
#9578 = VECTOR('',#9579,1.);
#9579 = DIRECTION('',(1.,1.110223024625E-16,0.));
#9580 = ORIENTED_EDGE('',*,*,#9581,.T.);
#9581 = EDGE_CURVE('',#9574,#9582,#9584,.T.);
#9582 = VERTEX_POINT('',#9583);
#9583 = CARTESIAN_POINT('',(1.4,-1.2,0.15));
#9584 = LINE('',#9585,#9586);
#9585 = CARTESIAN_POINT('',(1.4,-1.2,0.));
#9586 = VECTOR('',#9587,1.);
#9587 = DIRECTION('',(0.,0.,1.));
#9588 = ORIENTED_EDGE('',*,*,#9589,.T.);
#9589 = EDGE_CURVE('',#9582,#9590,#9592,.T.);
#9590 = VERTEX_POINT('',#9591);
#9591 = CARTESIAN_POINT('',(1.270530792283,-1.2,0.15));
#9592 = LINE('',#9593,#9594);
#9593 = CARTESIAN_POINT('',(1.4,-1.2,0.15));
#9594 = VECTOR('',#9595,1.);
#9595 = DIRECTION('',(-1.,-1.110223024625E-16,0.));
#9596 = ORIENTED_EDGE('',*,*,#9597,.T.);
#9597 = EDGE_CURVE('',#9590,#9598,#9600,.T.);
#9598 = VERTEX_POINT('',#9599);
#9599 = CARTESIAN_POINT('',(1.172050016982,-1.2,0.232635182233));
#9600 = CIRCLE('',#9601,0.1);
#9601 = AXIS2_PLACEMENT_3D('',#9602,#9603,#9604);
#9602 = CARTESIAN_POINT('',(1.270530792283,-1.2,0.25));
#9603 = DIRECTION('',(-1.110223024625E-16,1.,0.));
#9604 = DIRECTION('',(2.22044604925E-15,2.465190328815E-31,-1.));
#9605 = ORIENTED_EDGE('',*,*,#9606,.T.);
#9606 = EDGE_CURVE('',#9598,#9607,#9609,.T.);
#9607 = VERTEX_POINT('',#9608);
#9608 = CARTESIAN_POINT('',(1.096201938253,-1.2,0.693412044417));
#9609 = LINE('',#9610,#9611);
#9610 = CARTESIAN_POINT('',(1.172050016982,-1.2,0.232635182233));
#9611 = VECTOR('',#9612,1.);
#9612 = DIRECTION('',(-0.162423314012,-1.803261029519E-17,0.986721169868
    ));
#9613 = ORIENTED_EDGE('',*,*,#9614,.T.);
#9614 = EDGE_CURVE('',#9607,#9615,#9617,.T.);
#9615 = VERTEX_POINT('',#9616);
#9616 = CARTESIAN_POINT('',(0.85,-1.2,0.9));
#9617 = CIRCLE('',#9618,0.25);
#9618 = AXIS2_PLACEMENT_3D('',#9619,#9620,#9621);
#9619 = CARTESIAN_POINT('',(0.85,-1.2,0.65));
#9620 = DIRECTION('',(1.110223024625E-16,-1.,0.));
#9621 = DIRECTION('',(0.984807753012,1.093356242223E-16,0.173648177667)
  );
#9622 = ORIENTED_EDGE('',*,*,#9623,.T.);
#9623 = EDGE_CURVE('',#9615,#8186,#9624,.T.);
#9624 = LINE('',#9625,#9626);
#9625 = CARTESIAN_POINT('',(0.85,-1.2,0.9));
#9626 = VECTOR('',#9627,1.);
#9627 = DIRECTION('',(-1.,-1.110223024625E-16,0.));
#9628 = PLANE('',#9629);
#9629 = AXIS2_PLACEMENT_3D('',#9630,#9631,#9632);
#9630 = CARTESIAN_POINT('',(1.069123385139,-1.2,0.441695635315));
#9631 = DIRECTION('',(1.110223024625E-16,-1.,0.));
#9632 = DIRECTION('',(0.,0.,1.));
#9633 = ADVANCED_FACE('',(#9634),#9645,.T.);
#9634 = FACE_BOUND('',#9635,.T.);
#9635 = EDGE_LOOP('',(#9636,#9637,#9638,#9639));
#9636 = ORIENTED_EDGE('',*,*,#9114,.T.);
#9637 = ORIENTED_EDGE('',*,*,#8286,.T.);
#9638 = ORIENTED_EDGE('',*,*,#9216,.F.);
#9639 = ORIENTED_EDGE('',*,*,#9640,.F.);
#9640 = EDGE_CURVE('',#9107,#9209,#9641,.T.);
#9641 = LINE('',#9642,#9643);
#9642 = CARTESIAN_POINT('',(-1.096201938253,0.7,0.693412044417));
#9643 = VECTOR('',#9644,1.);
#9644 = DIRECTION('',(1.144237745222E-17,1.,0.));
#9645 = CYLINDRICAL_SURFACE('',#9646,0.25);
#9646 = AXIS2_PLACEMENT_3D('',#9647,#9648,#9649);
#9647 = CARTESIAN_POINT('',(-0.85,0.7,0.65));
#9648 = DIRECTION('',(-1.144237745222E-17,-1.,0.));
#9649 = DIRECTION('',(-0.984807753012,1.126854202784E-17,0.173648177667)
  );
#9650 = ADVANCED_FACE('',(#9651),#9664,.F.);
#9651 = FACE_BOUND('',#9652,.F.);
#9652 = EDGE_LOOP('',(#9653,#9654,#9660,#9661,#9662,#9663));
#9653 = ORIENTED_EDGE('',*,*,#8682,.F.);
#9654 = ORIENTED_EDGE('',*,*,#9655,.T.);
#9655 = EDGE_CURVE('',#8674,#8783,#9656,.T.);
#9656 = LINE('',#9657,#9658);
#9657 = CARTESIAN_POINT('',(-0.85,-1.2,0.9));
#9658 = VECTOR('',#9659,1.);
#9659 = DIRECTION('',(1.144237745222E-17,1.,0.));
#9660 = ORIENTED_EDGE('',*,*,#8791,.T.);
#9661 = ORIENTED_EDGE('',*,*,#8813,.T.);
#9662 = ORIENTED_EDGE('',*,*,#8333,.F.);
#9663 = ORIENTED_EDGE('',*,*,#8566,.F.);
#9664 = PLANE('',#9665);
#9665 = AXIS2_PLACEMENT_3D('',#9666,#9667,#9668);
#9666 = CARTESIAN_POINT('',(-0.85,-1.2,0.9));
#9667 = DIRECTION('',(0.,0.,-1.));
#9668 = DIRECTION('',(1.,-1.144237745222E-17,0.));
#9669 = ADVANCED_FACE('',(#9670),#9683,.F.);
#9670 = FACE_BOUND('',#9671,.F.);
#9671 = EDGE_LOOP('',(#9672,#9673,#9679,#9680,#9681,#9682));
#9672 = ORIENTED_EDGE('',*,*,#8905,.F.);
#9673 = ORIENTED_EDGE('',*,*,#9674,.T.);
#9674 = EDGE_CURVE('',#8897,#9006,#9675,.T.);
#9675 = LINE('',#9676,#9677);
#9676 = CARTESIAN_POINT('',(-0.85,-0.25,0.9));
#9677 = VECTOR('',#9678,1.);
#9678 = DIRECTION('',(1.144237745222E-17,1.,0.));
#9679 = ORIENTED_EDGE('',*,*,#9014,.T.);
#9680 = ORIENTED_EDGE('',*,*,#9031,.T.);
#9681 = ORIENTED_EDGE('',*,*,#8349,.F.);
#9682 = ORIENTED_EDGE('',*,*,#8806,.F.);
#9683 = PLANE('',#9684);
#9684 = AXIS2_PLACEMENT_3D('',#9685,#9686,#9687);
#9685 = CARTESIAN_POINT('',(-0.85,-0.25,0.9));
#9686 = DIRECTION('',(0.,0.,-1.));
#9687 = DIRECTION('',(1.,-1.144237745222E-17,0.));
#9688 = ADVANCED_FACE('',(#9689,#9718),#9729,.T.);
#9689 = FACE_BOUND('',#9690,.T.);
#9690 = EDGE_LOOP('',(#9691,#9692,#9693,#9694,#9702,#9710,#9716,#9717));
#9691 = ORIENTED_EDGE('',*,*,#8424,.F.);
#9692 = ORIENTED_EDGE('',*,*,#8401,.F.);
#9693 = ORIENTED_EDGE('',*,*,#8372,.F.);
#9694 = ORIENTED_EDGE('',*,*,#9695,.F.);
#9695 = EDGE_CURVE('',#9696,#8373,#9698,.T.);
#9696 = VERTEX_POINT('',#9697);
#9697 = CARTESIAN_POINT('',(-0.646824228722,-1.333648457443,1.55));
#9698 = LINE('',#9699,#9700);
#9699 = CARTESIAN_POINT('',(-0.646824228722,-1.333648457443,1.55));
#9700 = VECTOR('',#9701,1.);
#9701 = DIRECTION('',(-0.707106781187,0.707106781187,0.));
#9702 = ORIENTED_EDGE('',*,*,#9703,.F.);
#9703 = EDGE_CURVE('',#9704,#9696,#9706,.T.);
#9704 = VERTEX_POINT('',#9705);
#9705 = CARTESIAN_POINT('',(0.646824228722,-1.333648457443,1.55));
#9706 = LINE('',#9707,#9708);
#9707 = CARTESIAN_POINT('',(0.646824228722,-1.333648457443,1.55));
#9708 = VECTOR('',#9709,1.);
#9709 = DIRECTION('',(-1.,-1.110223024625E-16,0.));
#9710 = ORIENTED_EDGE('',*,*,#9711,.F.);
#9711 = EDGE_CURVE('',#8496,#9704,#9712,.T.);
#9712 = LINE('',#9713,#9714);
#9713 = CARTESIAN_POINT('',(0.683648457443,-1.296824228722,1.55));
#9714 = VECTOR('',#9715,1.);
#9715 = DIRECTION('',(-0.707106781187,-0.707106781187,0.));
#9716 = ORIENTED_EDGE('',*,*,#8502,.F.);
#9717 = ORIENTED_EDGE('',*,*,#8447,.F.);
#9718 = FACE_BOUND('',#9719,.T.);
#9719 = EDGE_LOOP('',(#9720));
#9720 = ORIENTED_EDGE('',*,*,#9721,.T.);
#9721 = EDGE_CURVE('',#9722,#9722,#9724,.T.);
#9722 = VERTEX_POINT('',#9723);
#9723 = CARTESIAN_POINT('',(-0.483648457443,1.083648457443,1.55));
#9724 = CIRCLE('',#9725,5.E-02);
#9725 = AXIS2_PLACEMENT_3D('',#9726,#9727,#9728);
#9726 = CARTESIAN_POINT('',(-0.483648457443,1.133648457443,1.55));
#9727 = DIRECTION('',(0.,-0.,-1.));
#9728 = DIRECTION('',(1.110223024625E-16,-1.,0.));
#9729 = PLANE('',#9730);
#9730 = AXIS2_PLACEMENT_3D('',#9731,#9732,#9733);
#9731 = CARTESIAN_POINT('',(-0.646824228722,1.333648457443,1.55));
#9732 = DIRECTION('',(0.,0.,1.));
#9733 = DIRECTION('',(0.436386464522,-0.899759330922,0.));
#9734 = ADVANCED_FACE('',(#9735),#9745,.F.);
#9735 = FACE_BOUND('',#9736,.F.);
#9736 = EDGE_LOOP('',(#9737,#9738,#9739,#9740));
#9737 = ORIENTED_EDGE('',*,*,#8573,.T.);
#9738 = ORIENTED_EDGE('',*,*,#8380,.T.);
#9739 = ORIENTED_EDGE('',*,*,#9695,.F.);
#9740 = ORIENTED_EDGE('',*,*,#9741,.F.);
#9741 = EDGE_CURVE('',#8574,#9696,#9742,.T.);
#9742 = B_SPLINE_CURVE_WITH_KNOTS('',1,(#9743,#9744),.UNSPECIFIED.,.F.,
  .F.,(2,2),(0.,1.),.PIECEWISE_BEZIER_KNOTS.);
#9743 = CARTESIAN_POINT('',(-0.6925,-1.425,0.9));
#9744 = CARTESIAN_POINT('',(-0.646824228722,-1.333648457443,1.55));
#9745 = B_SPLINE_SURFACE_WITH_KNOTS('',1,1,(
    (#9746,#9747)
    ,(#9748,#9749
    )),.UNSPECIFIED.,.F.,.F.,.F.,(2,2),(2,2),(0.,0.116672618896),(0.,1.)
  ,.PIECEWISE_BEZIER_KNOTS.);
#9746 = CARTESIAN_POINT('',(-0.6925,-1.425,0.9));
#9747 = CARTESIAN_POINT('',(-0.646824228722,-1.333648457443,1.55));
#9748 = CARTESIAN_POINT('',(-0.775,-1.3425,0.9));
#9749 = CARTESIAN_POINT('',(-0.683648457443,-1.296824228722,1.55));
#9750 = ADVANCED_FACE('',(#9751),#9764,.F.);
#9751 = FACE_BOUND('',#9752,.F.);
#9752 = EDGE_LOOP('',(#9753,#9754,#9760,#9761,#9762,#9763));
#9753 = ORIENTED_EDGE('',*,*,#9514,.F.);
#9754 = ORIENTED_EDGE('',*,*,#9755,.T.);
#9755 = EDGE_CURVE('',#9506,#9615,#9756,.T.);
#9756 = LINE('',#9757,#9758);
#9757 = CARTESIAN_POINT('',(0.85,-0.7,0.9));
#9758 = VECTOR('',#9759,1.);
#9759 = DIRECTION('',(1.110223024625E-16,-1.,0.));
#9760 = ORIENTED_EDGE('',*,*,#9623,.T.);
#9761 = ORIENTED_EDGE('',*,*,#8555,.T.);
#9762 = ORIENTED_EDGE('',*,*,#8479,.F.);
#9763 = ORIENTED_EDGE('',*,*,#9421,.F.);
#9764 = PLANE('',#9765);
#9765 = AXIS2_PLACEMENT_3D('',#9766,#9767,#9768);
#9766 = CARTESIAN_POINT('',(0.85,-0.7,0.9));
#9767 = DIRECTION('',(0.,0.,-1.));
#9768 = DIRECTION('',(-1.,-1.110223024625E-16,-0.));
#9769 = ADVANCED_FACE('',(#9770),#9780,.F.);
#9770 = FACE_BOUND('',#9771,.F.);
#9771 = EDGE_LOOP('',(#9772,#9773,#9778,#9779));
#9772 = ORIENTED_EDGE('',*,*,#8589,.T.);
#9773 = ORIENTED_EDGE('',*,*,#9774,.T.);
#9774 = EDGE_CURVE('',#8582,#9704,#9775,.T.);
#9775 = B_SPLINE_CURVE_WITH_KNOTS('',1,(#9776,#9777),.UNSPECIFIED.,.F.,
  .F.,(2,2),(0.,1.),.PIECEWISE_BEZIER_KNOTS.);
#9776 = CARTESIAN_POINT('',(0.6925,-1.425,0.9));
#9777 = CARTESIAN_POINT('',(0.646824228722,-1.333648457443,1.55));
#9778 = ORIENTED_EDGE('',*,*,#9711,.F.);
#9779 = ORIENTED_EDGE('',*,*,#8495,.F.);
#9780 = B_SPLINE_SURFACE_WITH_KNOTS('',1,1,(
    (#9781,#9782)
    ,(#9783,#9784
    )),.UNSPECIFIED.,.F.,.F.,.F.,(2,2),(2,2),(0.,0.116672618896),(0.,1.)
  ,.PIECEWISE_BEZIER_KNOTS.);
#9781 = CARTESIAN_POINT('',(0.775,-1.3425,0.9));
#9782 = CARTESIAN_POINT('',(0.683648457443,-1.296824228722,1.55));
#9783 = CARTESIAN_POINT('',(0.6925,-1.425,0.9));
#9784 = CARTESIAN_POINT('',(0.646824228722,-1.333648457443,1.55));
#9785 = ADVANCED_FACE('',(#9786),#9797,.T.);
#9786 = FACE_BOUND('',#9787,.T.);
#9787 = EDGE_LOOP('',(#9788,#9789,#9790,#9791));
#9788 = ORIENTED_EDGE('',*,*,#9301,.T.);
#9789 = ORIENTED_EDGE('',*,*,#8525,.T.);
#9790 = ORIENTED_EDGE('',*,*,#9403,.F.);
#9791 = ORIENTED_EDGE('',*,*,#9792,.F.);
#9792 = EDGE_CURVE('',#9294,#9396,#9793,.T.);
#9793 = LINE('',#9794,#9795);
#9794 = CARTESIAN_POINT('',(1.096201938253,1.2,0.693412044417));
#9795 = VECTOR('',#9796,1.);
#9796 = DIRECTION('',(1.110223024625E-16,-1.,0.));
#9797 = CYLINDRICAL_SURFACE('',#9798,0.25);
#9798 = AXIS2_PLACEMENT_3D('',#9799,#9800,#9801);
#9799 = CARTESIAN_POINT('',(0.85,1.2,0.65));
#9800 = DIRECTION('',(-1.110223024625E-16,1.,0.));
#9801 = DIRECTION('',(0.984807753012,1.093356242223E-16,0.173648177667)
  );
#9802 = ADVANCED_FACE('',(#9803),#9809,.F.);
#9803 = FACE_BOUND('',#9804,.F.);
#9804 = EDGE_LOOP('',(#9805,#9806,#9807,#9808));
#9805 = ORIENTED_EDGE('',*,*,#8581,.T.);
#9806 = ORIENTED_EDGE('',*,*,#9741,.T.);
#9807 = ORIENTED_EDGE('',*,*,#9703,.F.);
#9808 = ORIENTED_EDGE('',*,*,#9774,.F.);
#9809 = B_SPLINE_SURFACE_WITH_KNOTS('',1,1,(
    (#9810,#9811)
    ,(#9812,#9813
    )),.UNSPECIFIED.,.F.,.F.,.F.,(2,2),(2,2),(0.,1.385),(0.,1.),
  .PIECEWISE_BEZIER_KNOTS.);
#9810 = CARTESIAN_POINT('',(0.6925,-1.425,0.9));
#9811 = CARTESIAN_POINT('',(0.646824228722,-1.333648457443,1.55));
#9812 = CARTESIAN_POINT('',(-0.6925,-1.425,0.9));
#9813 = CARTESIAN_POINT('',(-0.646824228722,-1.333648457443,1.55));
#9814 = ADVANCED_FACE('',(#9815),#9826,.T.);
#9815 = FACE_BOUND('',#9816,.T.);
#9816 = EDGE_LOOP('',(#9817,#9818,#9819,#9820));
#9817 = ORIENTED_EDGE('',*,*,#8673,.T.);
#9818 = ORIENTED_EDGE('',*,*,#9655,.T.);
#9819 = ORIENTED_EDGE('',*,*,#8782,.F.);
#9820 = ORIENTED_EDGE('',*,*,#9821,.F.);
#9821 = EDGE_CURVE('',#8666,#8775,#9822,.T.);
#9822 = LINE('',#9823,#9824);
#9823 = CARTESIAN_POINT('',(-1.096201938253,-1.2,0.693412044417));
#9824 = VECTOR('',#9825,1.);
#9825 = DIRECTION('',(1.144237745222E-17,1.,0.));
#9826 = CYLINDRICAL_SURFACE('',#9827,0.25);
#9827 = AXIS2_PLACEMENT_3D('',#9828,#9829,#9830);
#9828 = CARTESIAN_POINT('',(-0.85,-1.2,0.65));
#9829 = DIRECTION('',(-1.144237745222E-17,-1.,0.));
#9830 = DIRECTION('',(-0.984807753012,1.126854202784E-17,0.173648177667)
  );
#9831 = ADVANCED_FACE('',(#9832),#9843,.F.);
#9832 = FACE_BOUND('',#9833,.F.);
#9833 = EDGE_LOOP('',(#9834,#9840,#9841,#9842));
#9834 = ORIENTED_EDGE('',*,*,#9835,.T.);
#9835 = EDGE_CURVE('',#8657,#8766,#9836,.T.);
#9836 = LINE('',#9837,#9838);
#9837 = CARTESIAN_POINT('',(-1.172050016982,-1.2,0.232635182233));
#9838 = VECTOR('',#9839,1.);
#9839 = DIRECTION('',(1.144237745222E-17,1.,0.));
#9840 = ORIENTED_EDGE('',*,*,#8774,.T.);
#9841 = ORIENTED_EDGE('',*,*,#9821,.F.);
#9842 = ORIENTED_EDGE('',*,*,#8665,.F.);
#9843 = PLANE('',#9844);
#9844 = AXIS2_PLACEMENT_3D('',#9845,#9846,#9847);
#9845 = CARTESIAN_POINT('',(-1.172050016982,-1.2,0.232635182233));
#9846 = DIRECTION('',(0.986721169868,-1.129043606572E-17,-0.162423314012
    ));
#9847 = DIRECTION('',(0.162423314012,-1.858508865964E-18,0.986721169868)
  );
#9848 = ADVANCED_FACE('',(#9849),#9860,.F.);
#9849 = FACE_BOUND('',#9850,.F.);
#9850 = EDGE_LOOP('',(#9851,#9857,#9858,#9859));
#9851 = ORIENTED_EDGE('',*,*,#9852,.T.);
#9852 = EDGE_CURVE('',#8649,#8758,#9853,.T.);
#9853 = LINE('',#9854,#9855);
#9854 = CARTESIAN_POINT('',(-1.270530792283,-1.2,0.15));
#9855 = VECTOR('',#9856,1.);
#9856 = DIRECTION('',(1.144237745222E-17,1.,0.));
#9857 = ORIENTED_EDGE('',*,*,#8765,.T.);
#9858 = ORIENTED_EDGE('',*,*,#9835,.F.);
#9859 = ORIENTED_EDGE('',*,*,#8656,.F.);
#9860 = CYLINDRICAL_SURFACE('',#9861,0.1);
#9861 = AXIS2_PLACEMENT_3D('',#9862,#9863,#9864);
#9862 = CARTESIAN_POINT('',(-1.270530792283,-1.2,0.25));
#9863 = DIRECTION('',(-1.144237745222E-17,-1.,0.));
#9864 = DIRECTION('',(-2.22044604925E-15,2.540718180781E-32,-1.));
#9865 = ADVANCED_FACE('',(#9866),#9877,.F.);
#9866 = FACE_BOUND('',#9867,.F.);
#9867 = EDGE_LOOP('',(#9868,#9874,#9875,#9876));
#9868 = ORIENTED_EDGE('',*,*,#9869,.T.);
#9869 = EDGE_CURVE('',#8641,#8750,#9870,.T.);
#9870 = LINE('',#9871,#9872);
#9871 = CARTESIAN_POINT('',(-1.4,-1.2,0.15));
#9872 = VECTOR('',#9873,1.);
#9873 = DIRECTION('',(1.144237745222E-17,1.,0.));
#9874 = ORIENTED_EDGE('',*,*,#8757,.T.);
#9875 = ORIENTED_EDGE('',*,*,#9852,.F.);
#9876 = ORIENTED_EDGE('',*,*,#8648,.F.);
#9877 = PLANE('',#9878);
#9878 = AXIS2_PLACEMENT_3D('',#9879,#9880,#9881);
#9879 = CARTESIAN_POINT('',(-1.4,-1.2,0.15));
#9880 = DIRECTION('',(0.,0.,-1.));
#9881 = DIRECTION('',(1.,-1.144237745222E-17,0.));
#9882 = ADVANCED_FACE('',(#9883),#9894,.F.);
#9883 = FACE_BOUND('',#9884,.F.);
#9884 = EDGE_LOOP('',(#9885,#9891,#9892,#9893));
#9885 = ORIENTED_EDGE('',*,*,#9886,.T.);
#9886 = EDGE_CURVE('',#8633,#8742,#9887,.T.);
#9887 = LINE('',#9888,#9889);
#9888 = CARTESIAN_POINT('',(-1.4,-1.2,0.));
#9889 = VECTOR('',#9890,1.);
#9890 = DIRECTION('',(1.144237745222E-17,1.,0.));
#9891 = ORIENTED_EDGE('',*,*,#8749,.T.);
#9892 = ORIENTED_EDGE('',*,*,#9869,.F.);
#9893 = ORIENTED_EDGE('',*,*,#8640,.F.);
#9894 = PLANE('',#9895);
#9895 = AXIS2_PLACEMENT_3D('',#9896,#9897,#9898);
#9896 = CARTESIAN_POINT('',(-1.4,-1.2,0.));
#9897 = DIRECTION('',(1.,-1.144237745222E-17,0.));
#9898 = DIRECTION('',(0.,0.,1.));
#9899 = ADVANCED_FACE('',(#9900),#9911,.F.);
#9900 = FACE_BOUND('',#9901,.F.);
#9901 = EDGE_LOOP('',(#9902,#9908,#9909,#9910));
#9902 = ORIENTED_EDGE('',*,*,#9903,.T.);
#9903 = EDGE_CURVE('',#8624,#8733,#9904,.T.);
#9904 = LINE('',#9905,#9906);
#9905 = CARTESIAN_POINT('',(-1.270530792283,-1.2,0.));
#9906 = VECTOR('',#9907,1.);
#9907 = DIRECTION('',(1.144237745222E-17,1.,0.));
#9908 = ORIENTED_EDGE('',*,*,#8741,.T.);
#9909 = ORIENTED_EDGE('',*,*,#9886,.F.);
#9910 = ORIENTED_EDGE('',*,*,#8632,.F.);
#9911 = PLANE('',#9912);
#9912 = AXIS2_PLACEMENT_3D('',#9913,#9914,#9915);
#9913 = CARTESIAN_POINT('',(-1.270530792283,-1.2,0.));
#9914 = DIRECTION('',(0.,0.,1.));
#9915 = DIRECTION('',(-1.,1.144237745222E-17,0.));
#9916 = ADVANCED_FACE('',(#9917),#9928,.T.);
#9917 = FACE_BOUND('',#9918,.T.);
#9918 = EDGE_LOOP('',(#9919,#9920,#9921,#9922));
#9919 = ORIENTED_EDGE('',*,*,#8623,.T.);
#9920 = ORIENTED_EDGE('',*,*,#9903,.T.);
#9921 = ORIENTED_EDGE('',*,*,#8732,.F.);
#9922 = ORIENTED_EDGE('',*,*,#9923,.F.);
#9923 = EDGE_CURVE('',#8616,#8725,#9924,.T.);
#9924 = LINE('',#9925,#9926);
#9925 = CARTESIAN_POINT('',(-1.02432885403,-1.2,0.206587955583));
#9926 = VECTOR('',#9927,1.);
#9927 = DIRECTION('',(1.144237745222E-17,1.,0.));
#9928 = CYLINDRICAL_SURFACE('',#9929,0.25);
#9929 = AXIS2_PLACEMENT_3D('',#9930,#9931,#9932);
#9930 = CARTESIAN_POINT('',(-1.270530792283,-1.2,0.25));
#9931 = DIRECTION('',(-1.144237745222E-17,-1.,0.));
#9932 = DIRECTION('',(0.984807753012,-1.126854202784E-17,-0.173648177667
    ));
#9933 = ADVANCED_FACE('',(#9934),#9940,.F.);
#9934 = FACE_BOUND('',#9935,.F.);
#9935 = EDGE_LOOP('',(#9936,#9937,#9938,#9939));
#9936 = ORIENTED_EDGE('',*,*,#8706,.T.);
#9937 = ORIENTED_EDGE('',*,*,#8724,.T.);
#9938 = ORIENTED_EDGE('',*,*,#9923,.F.);
#9939 = ORIENTED_EDGE('',*,*,#8615,.F.);
#9940 = PLANE('',#9941);
#9941 = AXIS2_PLACEMENT_3D('',#9942,#9943,#9944);
#9942 = CARTESIAN_POINT('',(-0.948480775301,-1.2,0.667364817767));
#9943 = DIRECTION('',(-0.986721169868,1.129043606572E-17,0.162423314012)
  );
#9944 = DIRECTION('',(-0.162423314012,1.858508865964E-18,-0.986721169868
    ));
#9945 = ADVANCED_FACE('',(#9946),#9957,.T.);
#9946 = FACE_BOUND('',#9947,.T.);
#9947 = EDGE_LOOP('',(#9948,#9949,#9950,#9951));
#9948 = ORIENTED_EDGE('',*,*,#8896,.T.);
#9949 = ORIENTED_EDGE('',*,*,#9674,.T.);
#9950 = ORIENTED_EDGE('',*,*,#9005,.F.);
#9951 = ORIENTED_EDGE('',*,*,#9952,.F.);
#9952 = EDGE_CURVE('',#8889,#8998,#9953,.T.);
#9953 = LINE('',#9954,#9955);
#9954 = CARTESIAN_POINT('',(-1.096201938253,-0.25,0.693412044417));
#9955 = VECTOR('',#9956,1.);
#9956 = DIRECTION('',(1.144237745222E-17,1.,0.));
#9957 = CYLINDRICAL_SURFACE('',#9958,0.25);
#9958 = AXIS2_PLACEMENT_3D('',#9959,#9960,#9961);
#9959 = CARTESIAN_POINT('',(-0.85,-0.25,0.65));
#9960 = DIRECTION('',(-1.144237745222E-17,-1.,0.));
#9961 = DIRECTION('',(-0.984807753012,1.126854202784E-17,0.173648177667)
  );
#9962 = ADVANCED_FACE('',(#9963),#9974,.F.);
#9963 = FACE_BOUND('',#9964,.F.);
#9964 = EDGE_LOOP('',(#9965,#9971,#9972,#9973));
#9965 = ORIENTED_EDGE('',*,*,#9966,.T.);
#9966 = EDGE_CURVE('',#8880,#8989,#9967,.T.);
#9967 = LINE('',#9968,#9969);
#9968 = CARTESIAN_POINT('',(-1.172050016982,-0.25,0.232635182233));
#9969 = VECTOR('',#9970,1.);
#9970 = DIRECTION('',(1.144237745222E-17,1.,0.));
#9971 = ORIENTED_EDGE('',*,*,#8997,.T.);
#9972 = ORIENTED_EDGE('',*,*,#9952,.F.);
#9973 = ORIENTED_EDGE('',*,*,#8888,.F.);
#9974 = PLANE('',#9975);
#9975 = AXIS2_PLACEMENT_3D('',#9976,#9977,#9978);
#9976 = CARTESIAN_POINT('',(-1.172050016982,-0.25,0.232635182233));
#9977 = DIRECTION('',(0.986721169868,-1.129043606572E-17,-0.162423314012
    ));
#9978 = DIRECTION('',(0.162423314012,-1.858508865964E-18,0.986721169868)
  );
#9979 = ADVANCED_FACE('',(#9980),#9991,.F.);
#9980 = FACE_BOUND('',#9981,.F.);
#9981 = EDGE_LOOP('',(#9982,#9988,#9989,#9990));
#9982 = ORIENTED_EDGE('',*,*,#9983,.T.);
#9983 = EDGE_CURVE('',#8872,#8981,#9984,.T.);
#9984 = LINE('',#9985,#9986);
#9985 = CARTESIAN_POINT('',(-1.270530792283,-0.25,0.15));
#9986 = VECTOR('',#9987,1.);
#9987 = DIRECTION('',(1.144237745222E-17,1.,0.));
#9988 = ORIENTED_EDGE('',*,*,#8988,.T.);
#9989 = ORIENTED_EDGE('',*,*,#9966,.F.);
#9990 = ORIENTED_EDGE('',*,*,#8879,.F.);
#9991 = CYLINDRICAL_SURFACE('',#9992,0.1);
#9992 = AXIS2_PLACEMENT_3D('',#9993,#9994,#9995);
#9993 = CARTESIAN_POINT('',(-1.270530792283,-0.25,0.25));
#9994 = DIRECTION('',(-1.144237745222E-17,-1.,0.));
#9995 = DIRECTION('',(-2.22044604925E-15,2.540718180781E-32,-1.));
#9996 = ADVANCED_FACE('',(#9997),#10008,.F.);
#9997 = FACE_BOUND('',#9998,.F.);
#9998 = EDGE_LOOP('',(#9999,#10005,#10006,#10007));
#9999 = ORIENTED_EDGE('',*,*,#10000,.T.);
#10000 = EDGE_CURVE('',#8864,#8973,#10001,.T.);
#10001 = LINE('',#10002,#10003);
#10002 = CARTESIAN_POINT('',(-1.4,-0.25,0.15));
#10003 = VECTOR('',#10004,1.);
#10004 = DIRECTION('',(1.144237745222E-17,1.,0.));
#10005 = ORIENTED_EDGE('',*,*,#8980,.T.);
#10006 = ORIENTED_EDGE('',*,*,#9983,.F.);
#10007 = ORIENTED_EDGE('',*,*,#8871,.F.);
#10008 = PLANE('',#10009);
#10009 = AXIS2_PLACEMENT_3D('',#10010,#10011,#10012);
#10010 = CARTESIAN_POINT('',(-1.4,-0.25,0.15));
#10011 = DIRECTION('',(0.,0.,-1.));
#10012 = DIRECTION('',(1.,-1.144237745222E-17,0.));
#10013 = ADVANCED_FACE('',(#10014),#10025,.F.);
#10014 = FACE_BOUND('',#10015,.F.);
#10015 = EDGE_LOOP('',(#10016,#10022,#10023,#10024));
#10016 = ORIENTED_EDGE('',*,*,#10017,.T.);
#10017 = EDGE_CURVE('',#8856,#8965,#10018,.T.);
#10018 = LINE('',#10019,#10020);
#10019 = CARTESIAN_POINT('',(-1.4,-0.25,0.));
#10020 = VECTOR('',#10021,1.);
#10021 = DIRECTION('',(1.144237745222E-17,1.,0.));
#10022 = ORIENTED_EDGE('',*,*,#8972,.T.);
#10023 = ORIENTED_EDGE('',*,*,#10000,.F.);
#10024 = ORIENTED_EDGE('',*,*,#8863,.F.);
#10025 = PLANE('',#10026);
#10026 = AXIS2_PLACEMENT_3D('',#10027,#10028,#10029);
#10027 = CARTESIAN_POINT('',(-1.4,-0.25,0.));
#10028 = DIRECTION('',(1.,-1.144237745222E-17,0.));
#10029 = DIRECTION('',(0.,0.,1.));
#10030 = ADVANCED_FACE('',(#10031),#10042,.F.);
#10031 = FACE_BOUND('',#10032,.F.);
#10032 = EDGE_LOOP('',(#10033,#10039,#10040,#10041));
#10033 = ORIENTED_EDGE('',*,*,#10034,.T.);
#10034 = EDGE_CURVE('',#8847,#8956,#10035,.T.);
#10035 = LINE('',#10036,#10037);
#10036 = CARTESIAN_POINT('',(-1.270530792283,-0.25,0.));
#10037 = VECTOR('',#10038,1.);
#10038 = DIRECTION('',(1.144237745222E-17,1.,0.));
#10039 = ORIENTED_EDGE('',*,*,#8964,.T.);
#10040 = ORIENTED_EDGE('',*,*,#10017,.F.);
#10041 = ORIENTED_EDGE('',*,*,#8855,.F.);
#10042 = PLANE('',#10043);
#10043 = AXIS2_PLACEMENT_3D('',#10044,#10045,#10046);
#10044 = CARTESIAN_POINT('',(-1.270530792283,-0.25,0.));
#10045 = DIRECTION('',(0.,0.,1.));
#10046 = DIRECTION('',(-1.,1.144237745222E-17,0.));
#10047 = ADVANCED_FACE('',(#10048),#10059,.T.);
#10048 = FACE_BOUND('',#10049,.T.);
#10049 = EDGE_LOOP('',(#10050,#10051,#10052,#10053));
#10050 = ORIENTED_EDGE('',*,*,#8846,.T.);
#10051 = ORIENTED_EDGE('',*,*,#10034,.T.);
#10052 = ORIENTED_EDGE('',*,*,#8955,.F.);
#10053 = ORIENTED_EDGE('',*,*,#10054,.F.);
#10054 = EDGE_CURVE('',#8839,#8948,#10055,.T.);
#10055 = LINE('',#10056,#10057);
#10056 = CARTESIAN_POINT('',(-1.02432885403,-0.25,0.206587955583));
#10057 = VECTOR('',#10058,1.);
#10058 = DIRECTION('',(1.144237745222E-17,1.,0.));
#10059 = CYLINDRICAL_SURFACE('',#10060,0.25);
#10060 = AXIS2_PLACEMENT_3D('',#10061,#10062,#10063);
#10061 = CARTESIAN_POINT('',(-1.270530792283,-0.25,0.25));
#10062 = DIRECTION('',(-1.144237745222E-17,-1.,0.));
#10063 = DIRECTION('',(0.984807753012,-1.126854202784E-17,
    -0.173648177667));
#10064 = ADVANCED_FACE('',(#10065),#10071,.F.);
#10065 = FACE_BOUND('',#10066,.F.);
#10066 = EDGE_LOOP('',(#10067,#10068,#10069,#10070));
#10067 = ORIENTED_EDGE('',*,*,#8929,.T.);
#10068 = ORIENTED_EDGE('',*,*,#8947,.T.);
#10069 = ORIENTED_EDGE('',*,*,#10054,.F.);
#10070 = ORIENTED_EDGE('',*,*,#8838,.F.);
#10071 = PLANE('',#10072);
#10072 = AXIS2_PLACEMENT_3D('',#10073,#10074,#10075);
#10073 = CARTESIAN_POINT('',(-0.948480775301,-0.25,0.667364817767));
#10074 = DIRECTION('',(-0.986721169868,1.129043606572E-17,0.162423314012
    ));
#10075 = DIRECTION('',(-0.162423314012,1.858508865964E-18,
    -0.986721169868));
#10076 = ADVANCED_FACE('',(#10077),#10088,.F.);
#10077 = FACE_BOUND('',#10078,.F.);
#10078 = EDGE_LOOP('',(#10079,#10085,#10086,#10087));
#10079 = ORIENTED_EDGE('',*,*,#10080,.T.);
#10080 = EDGE_CURVE('',#9098,#9200,#10081,.T.);
#10081 = LINE('',#10082,#10083);
#10082 = CARTESIAN_POINT('',(-1.172050016982,0.7,0.232635182233));
#10083 = VECTOR('',#10084,1.);
#10084 = DIRECTION('',(1.144237745222E-17,1.,0.));
#10085 = ORIENTED_EDGE('',*,*,#9208,.T.);
#10086 = ORIENTED_EDGE('',*,*,#9640,.F.);
#10087 = ORIENTED_EDGE('',*,*,#9106,.F.);
#10088 = PLANE('',#10089);
#10089 = AXIS2_PLACEMENT_3D('',#10090,#10091,#10092);
#10090 = CARTESIAN_POINT('',(-1.172050016982,0.7,0.232635182233));
#10091 = DIRECTION('',(0.986721169868,-1.129043606572E-17,
    -0.162423314012));
#10092 = DIRECTION('',(0.162423314012,-1.858508865964E-18,0.986721169868
    ));
#10093 = ADVANCED_FACE('',(#10094),#10105,.F.);
#10094 = FACE_BOUND('',#10095,.F.);
#10095 = EDGE_LOOP('',(#10096,#10102,#10103,#10104));
#10096 = ORIENTED_EDGE('',*,*,#10097,.T.);
#10097 = EDGE_CURVE('',#9090,#9192,#10098,.T.);
#10098 = LINE('',#10099,#10100);
#10099 = CARTESIAN_POINT('',(-1.270530792283,0.7,0.15));
#10100 = VECTOR('',#10101,1.);
#10101 = DIRECTION('',(1.144237745222E-17,1.,0.));
#10102 = ORIENTED_EDGE('',*,*,#9199,.T.);
#10103 = ORIENTED_EDGE('',*,*,#10080,.F.);
#10104 = ORIENTED_EDGE('',*,*,#9097,.F.);
#10105 = CYLINDRICAL_SURFACE('',#10106,0.1);
#10106 = AXIS2_PLACEMENT_3D('',#10107,#10108,#10109);
#10107 = CARTESIAN_POINT('',(-1.270530792283,0.7,0.25));
#10108 = DIRECTION('',(-1.144237745222E-17,-1.,0.));
#10109 = DIRECTION('',(-2.22044604925E-15,2.540718180781E-32,-1.));
#10110 = ADVANCED_FACE('',(#10111),#10122,.F.);
#10111 = FACE_BOUND('',#10112,.F.);
#10112 = EDGE_LOOP('',(#10113,#10119,#10120,#10121));
#10113 = ORIENTED_EDGE('',*,*,#10114,.T.);
#10114 = EDGE_CURVE('',#9082,#9184,#10115,.T.);
#10115 = LINE('',#10116,#10117);
#10116 = CARTESIAN_POINT('',(-1.4,0.7,0.15));
#10117 = VECTOR('',#10118,1.);
#10118 = DIRECTION('',(1.144237745222E-17,1.,0.));
#10119 = ORIENTED_EDGE('',*,*,#9191,.T.);
#10120 = ORIENTED_EDGE('',*,*,#10097,.F.);
#10121 = ORIENTED_EDGE('',*,*,#9089,.F.);
#10122 = PLANE('',#10123);
#10123 = AXIS2_PLACEMENT_3D('',#10124,#10125,#10126);
#10124 = CARTESIAN_POINT('',(-1.4,0.7,0.15));
#10125 = DIRECTION('',(0.,0.,-1.));
#10126 = DIRECTION('',(1.,-1.144237745222E-17,0.));
#10127 = ADVANCED_FACE('',(#10128),#10139,.F.);
#10128 = FACE_BOUND('',#10129,.F.);
#10129 = EDGE_LOOP('',(#10130,#10136,#10137,#10138));
#10130 = ORIENTED_EDGE('',*,*,#10131,.T.);
#10131 = EDGE_CURVE('',#9074,#9176,#10132,.T.);
#10132 = LINE('',#10133,#10134);
#10133 = CARTESIAN_POINT('',(-1.4,0.7,0.));
#10134 = VECTOR('',#10135,1.);
#10135 = DIRECTION('',(1.144237745222E-17,1.,0.));
#10136 = ORIENTED_EDGE('',*,*,#9183,.T.);
#10137 = ORIENTED_EDGE('',*,*,#10114,.F.);
#10138 = ORIENTED_EDGE('',*,*,#9081,.F.);
#10139 = PLANE('',#10140);
#10140 = AXIS2_PLACEMENT_3D('',#10141,#10142,#10143);
#10141 = CARTESIAN_POINT('',(-1.4,0.7,0.));
#10142 = DIRECTION('',(1.,-1.144237745222E-17,0.));
#10143 = DIRECTION('',(0.,0.,1.));
#10144 = ADVANCED_FACE('',(#10145),#10156,.F.);
#10145 = FACE_BOUND('',#10146,.F.);
#10146 = EDGE_LOOP('',(#10147,#10153,#10154,#10155));
#10147 = ORIENTED_EDGE('',*,*,#10148,.T.);
#10148 = EDGE_CURVE('',#9065,#9167,#10149,.T.);
#10149 = LINE('',#10150,#10151);
#10150 = CARTESIAN_POINT('',(-1.270530792283,0.7,0.));
#10151 = VECTOR('',#10152,1.);
#10152 = DIRECTION('',(1.144237745222E-17,1.,0.));
#10153 = ORIENTED_EDGE('',*,*,#9175,.T.);
#10154 = ORIENTED_EDGE('',*,*,#10131,.F.);
#10155 = ORIENTED_EDGE('',*,*,#9073,.F.);
#10156 = PLANE('',#10157);
#10157 = AXIS2_PLACEMENT_3D('',#10158,#10159,#10160);
#10158 = CARTESIAN_POINT('',(-1.270530792283,0.7,0.));
#10159 = DIRECTION('',(0.,0.,1.));
#10160 = DIRECTION('',(-1.,1.144237745222E-17,0.));
#10161 = ADVANCED_FACE('',(#10162),#10173,.T.);
#10162 = FACE_BOUND('',#10163,.T.);
#10163 = EDGE_LOOP('',(#10164,#10165,#10166,#10167));
#10164 = ORIENTED_EDGE('',*,*,#9064,.T.);
#10165 = ORIENTED_EDGE('',*,*,#10148,.T.);
#10166 = ORIENTED_EDGE('',*,*,#9166,.F.);
#10167 = ORIENTED_EDGE('',*,*,#10168,.F.);
#10168 = EDGE_CURVE('',#9057,#9159,#10169,.T.);
#10169 = LINE('',#10170,#10171);
#10170 = CARTESIAN_POINT('',(-1.02432885403,0.7,0.206587955583));
#10171 = VECTOR('',#10172,1.);
#10172 = DIRECTION('',(1.144237745222E-17,1.,0.));
#10173 = CYLINDRICAL_SURFACE('',#10174,0.25);
#10174 = AXIS2_PLACEMENT_3D('',#10175,#10176,#10177);
#10175 = CARTESIAN_POINT('',(-1.270530792283,0.7,0.25));
#10176 = DIRECTION('',(-1.144237745222E-17,-1.,0.));
#10177 = DIRECTION('',(0.984807753012,-1.126854202784E-17,
    -0.173648177667));
#10178 = ADVANCED_FACE('',(#10179),#10185,.F.);
#10179 = FACE_BOUND('',#10180,.F.);
#10180 = EDGE_LOOP('',(#10181,#10182,#10183,#10184));
#10181 = ORIENTED_EDGE('',*,*,#9140,.T.);
#10182 = ORIENTED_EDGE('',*,*,#9158,.T.);
#10183 = ORIENTED_EDGE('',*,*,#10168,.F.);
#10184 = ORIENTED_EDGE('',*,*,#9056,.F.);
#10185 = PLANE('',#10186);
#10186 = AXIS2_PLACEMENT_3D('',#10187,#10188,#10189);
#10187 = CARTESIAN_POINT('',(-0.948480775301,0.7,0.667364817767));
#10188 = DIRECTION('',(-0.986721169868,1.129043606572E-17,0.162423314012
    ));
#10189 = DIRECTION('',(-0.162423314012,1.858508865964E-18,
    -0.986721169868));
#10190 = ADVANCED_FACE('',(#10191),#10202,.F.);
#10191 = FACE_BOUND('',#10192,.F.);
#10192 = EDGE_LOOP('',(#10193,#10199,#10200,#10201));
#10193 = ORIENTED_EDGE('',*,*,#10194,.T.);
#10194 = EDGE_CURVE('',#9285,#9387,#10195,.T.);
#10195 = LINE('',#10196,#10197);
#10196 = CARTESIAN_POINT('',(1.172050016982,1.2,0.232635182233));
#10197 = VECTOR('',#10198,1.);
#10198 = DIRECTION('',(1.110223024625E-16,-1.,0.));
#10199 = ORIENTED_EDGE('',*,*,#9395,.T.);
#10200 = ORIENTED_EDGE('',*,*,#9792,.F.);
#10201 = ORIENTED_EDGE('',*,*,#9293,.F.);
#10202 = PLANE('',#10203);
#10203 = AXIS2_PLACEMENT_3D('',#10204,#10205,#10206);
#10204 = CARTESIAN_POINT('',(1.172050016982,1.2,0.232635182233));
#10205 = DIRECTION('',(-0.986721169868,-1.095480561672E-16,
    -0.162423314012));
#10206 = DIRECTION('',(-0.162423314012,-1.803261029519E-17,
    0.986721169868));
#10207 = ADVANCED_FACE('',(#10208),#10219,.F.);
#10208 = FACE_BOUND('',#10209,.F.);
#10209 = EDGE_LOOP('',(#10210,#10216,#10217,#10218));
#10210 = ORIENTED_EDGE('',*,*,#10211,.T.);
#10211 = EDGE_CURVE('',#9277,#9379,#10212,.T.);
#10212 = LINE('',#10213,#10214);
#10213 = CARTESIAN_POINT('',(1.270530792283,1.2,0.15));
#10214 = VECTOR('',#10215,1.);
#10215 = DIRECTION('',(1.110223024625E-16,-1.,0.));
#10216 = ORIENTED_EDGE('',*,*,#9386,.T.);
#10217 = ORIENTED_EDGE('',*,*,#10194,.F.);
#10218 = ORIENTED_EDGE('',*,*,#9284,.F.);
#10219 = CYLINDRICAL_SURFACE('',#10220,0.1);
#10220 = AXIS2_PLACEMENT_3D('',#10221,#10222,#10223);
#10221 = CARTESIAN_POINT('',(1.270530792283,1.2,0.25));
#10222 = DIRECTION('',(-1.110223024625E-16,1.,0.));
#10223 = DIRECTION('',(2.22044604925E-15,2.465190328815E-31,-1.));
#10224 = ADVANCED_FACE('',(#10225),#10236,.F.);
#10225 = FACE_BOUND('',#10226,.F.);
#10226 = EDGE_LOOP('',(#10227,#10233,#10234,#10235));
#10227 = ORIENTED_EDGE('',*,*,#10228,.T.);
#10228 = EDGE_CURVE('',#9269,#9371,#10229,.T.);
#10229 = LINE('',#10230,#10231);
#10230 = CARTESIAN_POINT('',(1.4,1.2,0.15));
#10231 = VECTOR('',#10232,1.);
#10232 = DIRECTION('',(1.110223024625E-16,-1.,0.));
#10233 = ORIENTED_EDGE('',*,*,#9378,.T.);
#10234 = ORIENTED_EDGE('',*,*,#10211,.F.);
#10235 = ORIENTED_EDGE('',*,*,#9276,.F.);
#10236 = PLANE('',#10237);
#10237 = AXIS2_PLACEMENT_3D('',#10238,#10239,#10240);
#10238 = CARTESIAN_POINT('',(1.4,1.2,0.15));
#10239 = DIRECTION('',(0.,0.,-1.));
#10240 = DIRECTION('',(-1.,-1.110223024625E-16,-0.));
#10241 = ADVANCED_FACE('',(#10242),#10253,.F.);
#10242 = FACE_BOUND('',#10243,.F.);
#10243 = EDGE_LOOP('',(#10244,#10250,#10251,#10252));
#10244 = ORIENTED_EDGE('',*,*,#10245,.T.);
#10245 = EDGE_CURVE('',#9261,#9363,#10246,.T.);
#10246 = LINE('',#10247,#10248);
#10247 = CARTESIAN_POINT('',(1.4,1.2,0.));
#10248 = VECTOR('',#10249,1.);
#10249 = DIRECTION('',(1.110223024625E-16,-1.,0.));
#10250 = ORIENTED_EDGE('',*,*,#9370,.T.);
#10251 = ORIENTED_EDGE('',*,*,#10228,.F.);
#10252 = ORIENTED_EDGE('',*,*,#9268,.F.);
#10253 = PLANE('',#10254);
#10254 = AXIS2_PLACEMENT_3D('',#10255,#10256,#10257);
#10255 = CARTESIAN_POINT('',(1.4,1.2,0.));
#10256 = DIRECTION('',(-1.,-1.110223024625E-16,0.));
#10257 = DIRECTION('',(0.,0.,1.));
#10258 = ADVANCED_FACE('',(#10259),#10270,.F.);
#10259 = FACE_BOUND('',#10260,.F.);
#10260 = EDGE_LOOP('',(#10261,#10267,#10268,#10269));
#10261 = ORIENTED_EDGE('',*,*,#10262,.T.);
#10262 = EDGE_CURVE('',#9252,#9354,#10263,.T.);
#10263 = LINE('',#10264,#10265);
#10264 = CARTESIAN_POINT('',(1.270530792283,1.2,0.));
#10265 = VECTOR('',#10266,1.);
#10266 = DIRECTION('',(1.110223024625E-16,-1.,0.));
#10267 = ORIENTED_EDGE('',*,*,#9362,.T.);
#10268 = ORIENTED_EDGE('',*,*,#10245,.F.);
#10269 = ORIENTED_EDGE('',*,*,#9260,.F.);
#10270 = PLANE('',#10271);
#10271 = AXIS2_PLACEMENT_3D('',#10272,#10273,#10274);
#10272 = CARTESIAN_POINT('',(1.270530792283,1.2,0.));
#10273 = DIRECTION('',(0.,0.,1.));
#10274 = DIRECTION('',(1.,1.110223024625E-16,-0.));
#10275 = ADVANCED_FACE('',(#10276),#10287,.T.);
#10276 = FACE_BOUND('',#10277,.T.);
#10277 = EDGE_LOOP('',(#10278,#10279,#10280,#10281));
#10278 = ORIENTED_EDGE('',*,*,#9251,.T.);
#10279 = ORIENTED_EDGE('',*,*,#10262,.T.);
#10280 = ORIENTED_EDGE('',*,*,#9353,.F.);
#10281 = ORIENTED_EDGE('',*,*,#10282,.F.);
#10282 = EDGE_CURVE('',#9244,#9346,#10283,.T.);
#10283 = LINE('',#10284,#10285);
#10284 = CARTESIAN_POINT('',(1.02432885403,1.2,0.206587955583));
#10285 = VECTOR('',#10286,1.);
#10286 = DIRECTION('',(1.110223024625E-16,-1.,0.));
#10287 = CYLINDRICAL_SURFACE('',#10288,0.25);
#10288 = AXIS2_PLACEMENT_3D('',#10289,#10290,#10291);
#10289 = CARTESIAN_POINT('',(1.270530792283,1.2,0.25));
#10290 = DIRECTION('',(-1.110223024625E-16,1.,0.));
#10291 = DIRECTION('',(-0.984807753012,-1.093356242223E-16,
    -0.173648177667));
#10292 = ADVANCED_FACE('',(#10293),#10299,.F.);
#10293 = FACE_BOUND('',#10294,.F.);
#10294 = EDGE_LOOP('',(#10295,#10296,#10297,#10298));
#10295 = ORIENTED_EDGE('',*,*,#9327,.T.);
#10296 = ORIENTED_EDGE('',*,*,#9345,.T.);
#10297 = ORIENTED_EDGE('',*,*,#10282,.F.);
#10298 = ORIENTED_EDGE('',*,*,#9243,.F.);
#10299 = PLANE('',#10300);
#10300 = AXIS2_PLACEMENT_3D('',#10301,#10302,#10303);
#10301 = CARTESIAN_POINT('',(0.948480775301,1.2,0.667364817767));
#10302 = DIRECTION('',(0.986721169868,1.095480561672E-16,0.162423314012)
  );
#10303 = DIRECTION('',(0.162423314012,1.803261029519E-17,-0.986721169868
    ));
#10304 = ADVANCED_FACE('',(#10305),#10316,.T.);
#10305 = FACE_BOUND('',#10306,.T.);
#10306 = EDGE_LOOP('',(#10307,#10308,#10309,#10310));
#10307 = ORIENTED_EDGE('',*,*,#9505,.T.);
#10308 = ORIENTED_EDGE('',*,*,#9755,.T.);
#10309 = ORIENTED_EDGE('',*,*,#9614,.F.);
#10310 = ORIENTED_EDGE('',*,*,#10311,.F.);
#10311 = EDGE_CURVE('',#9498,#9607,#10312,.T.);
#10312 = LINE('',#10313,#10314);
#10313 = CARTESIAN_POINT('',(1.096201938253,-0.7,0.693412044417));
#10314 = VECTOR('',#10315,1.);
#10315 = DIRECTION('',(1.110223024625E-16,-1.,0.));
#10316 = CYLINDRICAL_SURFACE('',#10317,0.25);
#10317 = AXIS2_PLACEMENT_3D('',#10318,#10319,#10320);
#10318 = CARTESIAN_POINT('',(0.85,-0.7,0.65));
#10319 = DIRECTION('',(-1.110223024625E-16,1.,0.));
#10320 = DIRECTION('',(0.984807753012,1.093356242223E-16,0.173648177667)
  );
#10321 = ADVANCED_FACE('',(#10322),#10333,.F.);
#10322 = FACE_BOUND('',#10323,.F.);
#10323 = EDGE_LOOP('',(#10324,#10330,#10331,#10332));
#10324 = ORIENTED_EDGE('',*,*,#10325,.T.);
#10325 = EDGE_CURVE('',#9489,#9598,#10326,.T.);
#10326 = LINE('',#10327,#10328);
#10327 = CARTESIAN_POINT('',(1.172050016982,-0.7,0.232635182233));
#10328 = VECTOR('',#10329,1.);
#10329 = DIRECTION('',(1.110223024625E-16,-1.,0.));
#10330 = ORIENTED_EDGE('',*,*,#9606,.T.);
#10331 = ORIENTED_EDGE('',*,*,#10311,.F.);
#10332 = ORIENTED_EDGE('',*,*,#9497,.F.);
#10333 = PLANE('',#10334);
#10334 = AXIS2_PLACEMENT_3D('',#10335,#10336,#10337);
#10335 = CARTESIAN_POINT('',(1.172050016982,-0.7,0.232635182233));
#10336 = DIRECTION('',(-0.986721169868,-1.095480561672E-16,
    -0.162423314012));
#10337 = DIRECTION('',(-0.162423314012,-1.803261029519E-17,
    0.986721169868));
#10338 = ADVANCED_FACE('',(#10339),#10350,.F.);
#10339 = FACE_BOUND('',#10340,.F.);
#10340 = EDGE_LOOP('',(#10341,#10347,#10348,#10349));
#10341 = ORIENTED_EDGE('',*,*,#10342,.T.);
#10342 = EDGE_CURVE('',#9481,#9590,#10343,.T.);
#10343 = LINE('',#10344,#10345);
#10344 = CARTESIAN_POINT('',(1.270530792283,-0.7,0.15));
#10345 = VECTOR('',#10346,1.);
#10346 = DIRECTION('',(1.110223024625E-16,-1.,0.));
#10347 = ORIENTED_EDGE('',*,*,#9597,.T.);
#10348 = ORIENTED_EDGE('',*,*,#10325,.F.);
#10349 = ORIENTED_EDGE('',*,*,#9488,.F.);
#10350 = CYLINDRICAL_SURFACE('',#10351,0.1);
#10351 = AXIS2_PLACEMENT_3D('',#10352,#10353,#10354);
#10352 = CARTESIAN_POINT('',(1.270530792283,-0.7,0.25));
#10353 = DIRECTION('',(-1.110223024625E-16,1.,0.));
#10354 = DIRECTION('',(2.22044604925E-15,2.465190328815E-31,-1.));
#10355 = ADVANCED_FACE('',(#10356),#10367,.F.);
#10356 = FACE_BOUND('',#10357,.F.);
#10357 = EDGE_LOOP('',(#10358,#10364,#10365,#10366));
#10358 = ORIENTED_EDGE('',*,*,#10359,.T.);
#10359 = EDGE_CURVE('',#9473,#9582,#10360,.T.);
#10360 = LINE('',#10361,#10362);
#10361 = CARTESIAN_POINT('',(1.4,-0.7,0.15));
#10362 = VECTOR('',#10363,1.);
#10363 = DIRECTION('',(1.110223024625E-16,-1.,0.));
#10364 = ORIENTED_EDGE('',*,*,#9589,.T.);
#10365 = ORIENTED_EDGE('',*,*,#10342,.F.);
#10366 = ORIENTED_EDGE('',*,*,#9480,.F.);
#10367 = PLANE('',#10368);
#10368 = AXIS2_PLACEMENT_3D('',#10369,#10370,#10371);
#10369 = CARTESIAN_POINT('',(1.4,-0.7,0.15));
#10370 = DIRECTION('',(0.,0.,-1.));
#10371 = DIRECTION('',(-1.,-1.110223024625E-16,-0.));
#10372 = ADVANCED_FACE('',(#10373),#10384,.F.);
#10373 = FACE_BOUND('',#10374,.F.);
#10374 = EDGE_LOOP('',(#10375,#10381,#10382,#10383));
#10375 = ORIENTED_EDGE('',*,*,#10376,.T.);
#10376 = EDGE_CURVE('',#9465,#9574,#10377,.T.);
#10377 = LINE('',#10378,#10379);
#10378 = CARTESIAN_POINT('',(1.4,-0.7,0.));
#10379 = VECTOR('',#10380,1.);
#10380 = DIRECTION('',(1.110223024625E-16,-1.,0.));
#10381 = ORIENTED_EDGE('',*,*,#9581,.T.);
#10382 = ORIENTED_EDGE('',*,*,#10359,.F.);
#10383 = ORIENTED_EDGE('',*,*,#9472,.F.);
#10384 = PLANE('',#10385);
#10385 = AXIS2_PLACEMENT_3D('',#10386,#10387,#10388);
#10386 = CARTESIAN_POINT('',(1.4,-0.7,0.));
#10387 = DIRECTION('',(-1.,-1.110223024625E-16,0.));
#10388 = DIRECTION('',(0.,0.,1.));
#10389 = ADVANCED_FACE('',(#10390),#10401,.F.);
#10390 = FACE_BOUND('',#10391,.F.);
#10391 = EDGE_LOOP('',(#10392,#10398,#10399,#10400));
#10392 = ORIENTED_EDGE('',*,*,#10393,.T.);
#10393 = EDGE_CURVE('',#9456,#9565,#10394,.T.);
#10394 = LINE('',#10395,#10396);
#10395 = CARTESIAN_POINT('',(1.270530792283,-0.7,0.));
#10396 = VECTOR('',#10397,1.);
#10397 = DIRECTION('',(1.110223024625E-16,-1.,0.));
#10398 = ORIENTED_EDGE('',*,*,#9573,.T.);
#10399 = ORIENTED_EDGE('',*,*,#10376,.F.);
#10400 = ORIENTED_EDGE('',*,*,#9464,.F.);
#10401 = PLANE('',#10402);
#10402 = AXIS2_PLACEMENT_3D('',#10403,#10404,#10405);
#10403 = CARTESIAN_POINT('',(1.270530792283,-0.7,0.));
#10404 = DIRECTION('',(0.,0.,1.));
#10405 = DIRECTION('',(1.,1.110223024625E-16,-0.));
#10406 = ADVANCED_FACE('',(#10407),#10418,.T.);
#10407 = FACE_BOUND('',#10408,.T.);
#10408 = EDGE_LOOP('',(#10409,#10410,#10411,#10412));
#10409 = ORIENTED_EDGE('',*,*,#9455,.T.);
#10410 = ORIENTED_EDGE('',*,*,#10393,.T.);
#10411 = ORIENTED_EDGE('',*,*,#9564,.F.);
#10412 = ORIENTED_EDGE('',*,*,#10413,.F.);
#10413 = EDGE_CURVE('',#9448,#9557,#10414,.T.);
#10414 = LINE('',#10415,#10416);
#10415 = CARTESIAN_POINT('',(1.02432885403,-0.7,0.206587955583));
#10416 = VECTOR('',#10417,1.);
#10417 = DIRECTION('',(1.110223024625E-16,-1.,0.));
#10418 = CYLINDRICAL_SURFACE('',#10419,0.25);
#10419 = AXIS2_PLACEMENT_3D('',#10420,#10421,#10422);
#10420 = CARTESIAN_POINT('',(1.270530792283,-0.7,0.25));
#10421 = DIRECTION('',(-1.110223024625E-16,1.,0.));
#10422 = DIRECTION('',(-0.984807753012,-1.093356242223E-16,
    -0.173648177667));
#10423 = ADVANCED_FACE('',(#10424),#10430,.F.);
#10424 = FACE_BOUND('',#10425,.F.);
#10425 = EDGE_LOOP('',(#10426,#10427,#10428,#10429));
#10426 = ORIENTED_EDGE('',*,*,#9538,.T.);
#10427 = ORIENTED_EDGE('',*,*,#9556,.T.);
#10428 = ORIENTED_EDGE('',*,*,#10413,.F.);
#10429 = ORIENTED_EDGE('',*,*,#9447,.F.);
#10430 = PLANE('',#10431);
#10431 = AXIS2_PLACEMENT_3D('',#10432,#10433,#10434);
#10432 = CARTESIAN_POINT('',(0.948480775301,-0.7,0.667364817767));
#10433 = DIRECTION('',(0.986721169868,1.095480561672E-16,0.162423314012)
  );
#10434 = DIRECTION('',(0.162423314012,1.803261029519E-17,-0.986721169868
    ));
#10435 = ADVANCED_FACE('',(#10436),#10439,.F.);
#10436 = FACE_BOUND('',#10437,.T.);
#10437 = EDGE_LOOP('',(#10438));
#10438 = ORIENTED_EDGE('',*,*,#9721,.F.);
#10439 = PLANE('',#10440);
#10440 = AXIS2_PLACEMENT_3D('',#10441,#10442,#10443);
#10441 = CARTESIAN_POINT('',(-0.483648457443,1.133648457443,1.55));
#10442 = DIRECTION('',(0.,0.,-1.));
#10443 = DIRECTION('',(1.110223024625E-16,-1.,0.));
#10444 = ( GEOMETRIC_REPRESENTATION_CONTEXT(3) 
GLOBAL_UNCERTAINTY_ASSIGNED_CONTEXT((#10448)) 
GLOBAL_UNIT_ASSIGNED_CONTEXT((#10445,#10446,#10447)) 
REPRESENTATION_CONTEXT('Context #1',
  '3D Context with UNIT and UNCERTAINTY') );
#10445 = ( LENGTH_UNIT() NAMED_UNIT(*) SI_UNIT(.MILLI.,.METRE.) );
#10446 = ( NAMED_UNIT(*) PLANE_ANGLE_UNIT() SI_UNIT($,.RADIAN.) );
#10447 = ( NAMED_UNIT(*) SI_UNIT($,.STERADIAN.) SOLID_ANGLE_UNIT() );
#10448 = UNCERTAINTY_MEASURE_WITH_UNIT(LENGTH_MEASURE(1.E-07),#10445,
  'distance_accuracy_value','confusion accuracy');
#10449 = CONTEXT_DEPENDENT_SHAPE_REPRESENTATION(#10450,#10452);
#10450 = ( REPRESENTATION_RELATIONSHIP('','',#7374,#7351) 
REPRESENTATION_RELATIONSHIP_WITH_TRANSFORMATION(#10451) 
SHAPE_REPRESENTATION_RELATIONSHIP() );
#10451 = ITEM_DEFINED_TRANSFORMATION('','',#11,#7352);
#10452 = PRODUCT_DEFINITION_SHAPE('Placement','Placement of an item',
  #10453);
#10453 = NEXT_ASSEMBLY_USAGE_OCCURRENCE('36','=>[0:1:1:13]','',#7346,
  #7369,$);
#10454 = PRODUCT_RELATED_PRODUCT_CATEGORY('part',$,(#7371));
#10455 = CONTEXT_DEPENDENT_SHAPE_REPRESENTATION(#10456,#10458);
#10456 = ( REPRESENTATION_RELATIONSHIP('','',#2772,#10) 
REPRESENTATION_RELATIONSHIP_WITH_TRANSFORMATION(#10457) 
SHAPE_REPRESENTATION_RELATIONSHIP() );
#10457 = ITEM_DEFINED_TRANSFORMATION('','',#11,#139);
#10458 = PRODUCT_DEFINITION_SHAPE('Placement','Placement of an item',
  #10459);
#10459 = NEXT_ASSEMBLY_USAGE_OCCURRENCE('38','C7','',#5,#2767,$);
#10460 = CONTEXT_DEPENDENT_SHAPE_REPRESENTATION(#10461,#10463);
#10461 = ( REPRESENTATION_RELATIONSHIP('','',#1920,#10) 
REPRESENTATION_RELATIONSHIP_WITH_TRANSFORMATION(#10462) 
SHAPE_REPRESENTATION_RELATIONSHIP() );
#10462 = ITEM_DEFINED_TRANSFORMATION('','',#11,#143);
#10463 = PRODUCT_DEFINITION_SHAPE('Placement','Placement of an item',
  #10464);
#10464 = NEXT_ASSEMBLY_USAGE_OCCURRENCE('39','R14','',#5,#1915,$);
#10465 = CONTEXT_DEPENDENT_SHAPE_REPRESENTATION(#10466,#10468);
#10466 = ( REPRESENTATION_RELATIONSHIP('','',#192,#10) 
REPRESENTATION_RELATIONSHIP_WITH_TRANSFORMATION(#10467) 
SHAPE_REPRESENTATION_RELATIONSHIP() );
#10467 = ITEM_DEFINED_TRANSFORMATION('','',#11,#147);
#10468 = PRODUCT_DEFINITION_SHAPE('Placement','Placement of an item',
  #10469);
#10469 = NEXT_ASSEMBLY_USAGE_OCCURRENCE('40','C9','',#5,#187,$);
#10470 = CONTEXT_DEPENDENT_SHAPE_REPRESENTATION(#10471,#10473);
#10471 = ( REPRESENTATION_RELATIONSHIP('','',#2772,#10) 
REPRESENTATION_RELATIONSHIP_WITH_TRANSFORMATION(#10472) 
SHAPE_REPRESENTATION_RELATIONSHIP() );
#10472 = ITEM_DEFINED_TRANSFORMATION('','',#11,#151);
#10473 = PRODUCT_DEFINITION_SHAPE('Placement','Placement of an item',
  #10474);
#10474 = NEXT_ASSEMBLY_USAGE_OCCURRENCE('41','C4','',#5,#2767,$);
#10475 = CONTEXT_DEPENDENT_SHAPE_REPRESENTATION(#10476,#10478);
#10476 = ( REPRESENTATION_RELATIONSHIP('','',#2772,#10) 
REPRESENTATION_RELATIONSHIP_WITH_TRANSFORMATION(#10477) 
SHAPE_REPRESENTATION_RELATIONSHIP() );
#10477 = ITEM_DEFINED_TRANSFORMATION('','',#11,#155);
#10478 = PRODUCT_DEFINITION_SHAPE('Placement','Placement of an item',
  #10479);
#10479 = NEXT_ASSEMBLY_USAGE_OCCURRENCE('42','C18','',#5,#2767,$);
#10480 = CONTEXT_DEPENDENT_SHAPE_REPRESENTATION(#10481,#10483);
#10481 = ( REPRESENTATION_RELATIONSHIP('','',#1920,#10) 
REPRESENTATION_RELATIONSHIP_WITH_TRANSFORMATION(#10482) 
SHAPE_REPRESENTATION_RELATIONSHIP() );
#10482 = ITEM_DEFINED_TRANSFORMATION('','',#11,#159);
#10483 = PRODUCT_DEFINITION_SHAPE('Placement','Placement of an item',
  #10484);
#10484 = NEXT_ASSEMBLY_USAGE_OCCURRENCE('43','R8','',#5,#1915,$);
#10485 = CONTEXT_DEPENDENT_SHAPE_REPRESENTATION(#10486,#10488);
#10486 = ( REPRESENTATION_RELATIONSHIP('','',#192,#10) 
REPRESENTATION_RELATIONSHIP_WITH_TRANSFORMATION(#10487) 
SHAPE_REPRESENTATION_RELATIONSHIP() );
#10487 = ITEM_DEFINED_TRANSFORMATION('','',#11,#163);
#10488 = PRODUCT_DEFINITION_SHAPE('Placement','Placement of an item',
  #10489);
#10489 = NEXT_ASSEMBLY_USAGE_OCCURRENCE('44','C22','',#5,#187,$);
#10490 = CONTEXT_DEPENDENT_SHAPE_REPRESENTATION(#10491,#10493);
#10491 = ( REPRESENTATION_RELATIONSHIP('','',#2772,#10) 
REPRESENTATION_RELATIONSHIP_WITH_TRANSFORMATION(#10492) 
SHAPE_REPRESENTATION_RELATIONSHIP() );
#10492 = ITEM_DEFINED_TRANSFORMATION('','',#11,#167);
#10493 = PRODUCT_DEFINITION_SHAPE('Placement','Placement of an item',
  #10494);
#10494 = NEXT_ASSEMBLY_USAGE_OCCURRENCE('45','C6','',#5,#2767,$);
#10495 = CONTEXT_DEPENDENT_SHAPE_REPRESENTATION(#10496,#10498);
#10496 = ( REPRESENTATION_RELATIONSHIP('','',#2772,#10) 
REPRESENTATION_RELATIONSHIP_WITH_TRANSFORMATION(#10497) 
SHAPE_REPRESENTATION_RELATIONSHIP() );
#10497 = ITEM_DEFINED_TRANSFORMATION('','',#11,#171);
#10498 = PRODUCT_DEFINITION_SHAPE('Placement','Placement of an item',
  #10499);
#10499 = NEXT_ASSEMBLY_USAGE_OCCURRENCE('46','C12','',#5,#2767,$);
#10500 = SHAPE_DEFINITION_REPRESENTATION(#10501,#10507);
#10501 = PRODUCT_DEFINITION_SHAPE('','',#10502);
#10502 = PRODUCT_DEFINITION('design','',#10503,#10506);
#10503 = PRODUCT_DEFINITION_FORMATION('','',#10504);
#10504 = PRODUCT('kibot_6w0zavv4_PCB','kibot_6w0zavv4_PCB','',(#10505));
#10505 = PRODUCT_CONTEXT('',#2,'mechanical');
#10506 = PRODUCT_DEFINITION_CONTEXT('part definition',#2,'design');
#10507 = ADVANCED_BREP_SHAPE_REPRESENTATION('',(#11,#10508),#11920);
#10508 = MANIFOLD_SOLID_BREP('',#10509);
#10509 = CLOSED_SHELL('',(#10510,#10550,#10581,#10612,#10971,#11330,
    #11342,#11364,#11381,#11398,#11410,#11432,#11449,#11466,#11478,
    #11495,#11517,#11534,#11551,#11563,#11580,#11602,#11619,#11636,
    #11648,#11665,#11682,#11699,#11716,#11733,#11750,#11767,#11784,
    #11801,#11818,#11835,#11852,#11869,#11886,#11903));
#10510 = ADVANCED_FACE('',(#10511),#10545,.T.);
#10511 = FACE_BOUND('',#10512,.T.);
#10512 = EDGE_LOOP('',(#10513,#10523,#10531,#10539));
#10513 = ORIENTED_EDGE('',*,*,#10514,.T.);
#10514 = EDGE_CURVE('',#10515,#10517,#10519,.T.);
#10515 = VERTEX_POINT('',#10516);
#10516 = CARTESIAN_POINT('',(166.5,-115.5,0.));
#10517 = VERTEX_POINT('',#10518);
#10518 = CARTESIAN_POINT('',(166.5,-115.5,1.51));
#10519 = LINE('',#10520,#10521);
#10520 = CARTESIAN_POINT('',(166.5,-115.5,0.));
#10521 = VECTOR('',#10522,1.);
#10522 = DIRECTION('',(0.,0.,1.));
#10523 = ORIENTED_EDGE('',*,*,#10524,.T.);
#10524 = EDGE_CURVE('',#10517,#10525,#10527,.T.);
#10525 = VERTEX_POINT('',#10526);
#10526 = CARTESIAN_POINT('',(124.5,-115.5,1.51));
#10527 = LINE('',#10528,#10529);
#10528 = CARTESIAN_POINT('',(166.5,-115.5,1.51));
#10529 = VECTOR('',#10530,1.);
#10530 = DIRECTION('',(-1.,0.,0.));
#10531 = ORIENTED_EDGE('',*,*,#10532,.F.);
#10532 = EDGE_CURVE('',#10533,#10525,#10535,.T.);
#10533 = VERTEX_POINT('',#10534);
#10534 = CARTESIAN_POINT('',(124.5,-115.5,0.));
#10535 = LINE('',#10536,#10537);
#10536 = CARTESIAN_POINT('',(124.5,-115.5,0.));
#10537 = VECTOR('',#10538,1.);
#10538 = DIRECTION('',(0.,0.,1.));
#10539 = ORIENTED_EDGE('',*,*,#10540,.F.);
#10540 = EDGE_CURVE('',#10515,#10533,#10541,.T.);
#10541 = LINE('',#10542,#10543);
#10542 = CARTESIAN_POINT('',(166.5,-115.5,0.));
#10543 = VECTOR('',#10544,1.);
#10544 = DIRECTION('',(-1.,0.,0.));
#10545 = PLANE('',#10546);
#10546 = AXIS2_PLACEMENT_3D('',#10547,#10548,#10549);
#10547 = CARTESIAN_POINT('',(166.5,-115.5,0.));
#10548 = DIRECTION('',(0.,-1.,0.));
#10549 = DIRECTION('',(-1.,0.,0.));
#10550 = ADVANCED_FACE('',(#10551),#10576,.T.);
#10551 = FACE_BOUND('',#10552,.T.);
#10552 = EDGE_LOOP('',(#10553,#10563,#10569,#10570));
#10553 = ORIENTED_EDGE('',*,*,#10554,.T.);
#10554 = EDGE_CURVE('',#10555,#10557,#10559,.T.);
#10555 = VERTEX_POINT('',#10556);
#10556 = CARTESIAN_POINT('',(166.5,-73.5,0.));
#10557 = VERTEX_POINT('',#10558);
#10558 = CARTESIAN_POINT('',(166.5,-73.5,1.51));
#10559 = LINE('',#10560,#10561);
#10560 = CARTESIAN_POINT('',(166.5,-73.5,0.));
#10561 = VECTOR('',#10562,1.);
#10562 = DIRECTION('',(0.,0.,1.));
#10563 = ORIENTED_EDGE('',*,*,#10564,.T.);
#10564 = EDGE_CURVE('',#10557,#10517,#10565,.T.);
#10565 = LINE('',#10566,#10567);
#10566 = CARTESIAN_POINT('',(166.5,-73.5,1.51));
#10567 = VECTOR('',#10568,1.);
#10568 = DIRECTION('',(0.,-1.,0.));
#10569 = ORIENTED_EDGE('',*,*,#10514,.F.);
#10570 = ORIENTED_EDGE('',*,*,#10571,.F.);
#10571 = EDGE_CURVE('',#10555,#10515,#10572,.T.);
#10572 = LINE('',#10573,#10574);
#10573 = CARTESIAN_POINT('',(166.5,-73.5,0.));
#10574 = VECTOR('',#10575,1.);
#10575 = DIRECTION('',(0.,-1.,0.));
#10576 = PLANE('',#10577);
#10577 = AXIS2_PLACEMENT_3D('',#10578,#10579,#10580);
#10578 = CARTESIAN_POINT('',(166.5,-73.5,0.));
#10579 = DIRECTION('',(1.,0.,-0.));
#10580 = DIRECTION('',(0.,-1.,0.));
#10581 = ADVANCED_FACE('',(#10582),#10607,.T.);
#10582 = FACE_BOUND('',#10583,.T.);
#10583 = EDGE_LOOP('',(#10584,#10585,#10593,#10601));
#10584 = ORIENTED_EDGE('',*,*,#10532,.T.);
#10585 = ORIENTED_EDGE('',*,*,#10586,.T.);
#10586 = EDGE_CURVE('',#10525,#10587,#10589,.T.);
#10587 = VERTEX_POINT('',#10588);
#10588 = CARTESIAN_POINT('',(124.5,-73.5,1.51));
#10589 = LINE('',#10590,#10591);
#10590 = CARTESIAN_POINT('',(124.5,-115.5,1.51));
#10591 = VECTOR('',#10592,1.);
#10592 = DIRECTION('',(0.,1.,0.));
#10593 = ORIENTED_EDGE('',*,*,#10594,.F.);
#10594 = EDGE_CURVE('',#10595,#10587,#10597,.T.);
#10595 = VERTEX_POINT('',#10596);
#10596 = CARTESIAN_POINT('',(124.5,-73.5,0.));
#10597 = LINE('',#10598,#10599);
#10598 = CARTESIAN_POINT('',(124.5,-73.5,0.));
#10599 = VECTOR('',#10600,1.);
#10600 = DIRECTION('',(0.,0.,1.));
#10601 = ORIENTED_EDGE('',*,*,#10602,.F.);
#10602 = EDGE_CURVE('',#10533,#10595,#10603,.T.);
#10603 = LINE('',#10604,#10605);
#10604 = CARTESIAN_POINT('',(124.5,-115.5,0.));
#10605 = VECTOR('',#10606,1.);
#10606 = DIRECTION('',(0.,1.,0.));
#10607 = PLANE('',#10608);
#10608 = AXIS2_PLACEMENT_3D('',#10609,#10610,#10611);
#10609 = CARTESIAN_POINT('',(124.5,-115.5,0.));
#10610 = DIRECTION('',(-1.,0.,0.));
#10611 = DIRECTION('',(0.,1.,0.));
#10612 = ADVANCED_FACE('',(#10613,#10624,#10660,#10696,#10707,#10743,
    #10754,#10790,#10801,#10812,#10823,#10834,#10845,#10856,#10867,
    #10878,#10889,#10900,#10911,#10922,#10933,#10944,#10955),#10966,.F.
  );
#10613 = FACE_BOUND('',#10614,.F.);
#10614 = EDGE_LOOP('',(#10615,#10616,#10617,#10623));
#10615 = ORIENTED_EDGE('',*,*,#10540,.F.);
#10616 = ORIENTED_EDGE('',*,*,#10571,.F.);
#10617 = ORIENTED_EDGE('',*,*,#10618,.F.);
#10618 = EDGE_CURVE('',#10595,#10555,#10619,.T.);
#10619 = LINE('',#10620,#10621);
#10620 = CARTESIAN_POINT('',(124.5,-73.5,0.));
#10621 = VECTOR('',#10622,1.);
#10622 = DIRECTION('',(1.,0.,0.));
#10623 = ORIENTED_EDGE('',*,*,#10602,.F.);
#10624 = FACE_BOUND('',#10625,.F.);
#10625 = EDGE_LOOP('',(#10626,#10637,#10645,#10654));
#10626 = ORIENTED_EDGE('',*,*,#10627,.T.);
#10627 = EDGE_CURVE('',#10628,#10630,#10632,.T.);
#10628 = VERTEX_POINT('',#10629);
#10629 = CARTESIAN_POINT('',(139.625,-110.375,0.));
#10630 = VERTEX_POINT('',#10631);
#10631 = CARTESIAN_POINT('',(140.225,-110.375,0.));
#10632 = CIRCLE('',#10633,0.3);
#10633 = AXIS2_PLACEMENT_3D('',#10634,#10635,#10636);
#10634 = CARTESIAN_POINT('',(139.925,-110.375,0.));
#10635 = DIRECTION('',(0.,-0.,-1.));
#10636 = DIRECTION('',(1.,-4.736951571734E-14,0.));
#10637 = ORIENTED_EDGE('',*,*,#10638,.T.);
#10638 = EDGE_CURVE('',#10630,#10639,#10641,.T.);
#10639 = VERTEX_POINT('',#10640);
#10640 = CARTESIAN_POINT('',(140.225,-111.175,0.));
#10641 = LINE('',#10642,#10643);
#10642 = CARTESIAN_POINT('',(140.225,-55.5875,0.));
#10643 = VECTOR('',#10644,1.);
#10644 = DIRECTION('',(0.,-1.,0.));
#10645 = ORIENTED_EDGE('',*,*,#10646,.T.);
#10646 = EDGE_CURVE('',#10639,#10647,#10649,.T.);
#10647 = VERTEX_POINT('',#10648);
#10648 = CARTESIAN_POINT('',(139.625,-111.175,0.));
#10649 = CIRCLE('',#10650,0.3);
#10650 = AXIS2_PLACEMENT_3D('',#10651,#10652,#10653);
#10651 = CARTESIAN_POINT('',(139.925,-111.175,0.));
#10652 = DIRECTION('',(-0.,0.,-1.));
#10653 = DIRECTION('',(-1.,0.,0.));
#10654 = ORIENTED_EDGE('',*,*,#10655,.T.);
#10655 = EDGE_CURVE('',#10647,#10628,#10656,.T.);
#10656 = LINE('',#10657,#10658);
#10657 = CARTESIAN_POINT('',(139.625,-55.1875,0.));
#10658 = VECTOR('',#10659,1.);
#10659 = DIRECTION('',(-0.,1.,0.));
#10660 = FACE_BOUND('',#10661,.F.);
#10661 = EDGE_LOOP('',(#10662,#10673,#10681,#10690));
#10662 = ORIENTED_EDGE('',*,*,#10663,.T.);
#10663 = EDGE_CURVE('',#10664,#10666,#10668,.T.);
#10664 = VERTEX_POINT('',#10665);
#10665 = CARTESIAN_POINT('',(139.625,-106.055,0.));
#10666 = VERTEX_POINT('',#10667);
#10667 = CARTESIAN_POINT('',(140.225,-106.055,0.));
#10668 = CIRCLE('',#10669,0.3);
#10669 = AXIS2_PLACEMENT_3D('',#10670,#10671,#10672);
#10670 = CARTESIAN_POINT('',(139.925,-106.055,0.));
#10671 = DIRECTION('',(0.,-0.,-1.));
#10672 = DIRECTION('',(1.,-9.473903143468E-14,0.));
#10673 = ORIENTED_EDGE('',*,*,#10674,.T.);
#10674 = EDGE_CURVE('',#10666,#10675,#10677,.T.);
#10675 = VERTEX_POINT('',#10676);
#10676 = CARTESIAN_POINT('',(140.225,-107.155,0.));
#10677 = LINE('',#10678,#10679);
#10678 = CARTESIAN_POINT('',(140.225,-53.5775,0.));
#10679 = VECTOR('',#10680,1.);
#10680 = DIRECTION('',(0.,-1.,0.));
#10681 = ORIENTED_EDGE('',*,*,#10682,.T.);
#10682 = EDGE_CURVE('',#10675,#10683,#10685,.T.);
#10683 = VERTEX_POINT('',#10684);
#10684 = CARTESIAN_POINT('',(139.625,-107.155,0.));
#10685 = CIRCLE('',#10686,0.3);
#10686 = AXIS2_PLACEMENT_3D('',#10687,#10688,#10689);
#10687 = CARTESIAN_POINT('',(139.925,-107.155,0.));
#10688 = DIRECTION('',(-0.,0.,-1.));
#10689 = DIRECTION('',(-1.,4.736951571734E-14,0.));
#10690 = ORIENTED_EDGE('',*,*,#10691,.T.);
#10691 = EDGE_CURVE('',#10683,#10664,#10692,.T.);
#10692 = LINE('',#10693,#10694);
#10693 = CARTESIAN_POINT('',(139.625,-53.0275,0.));
#10694 = VECTOR('',#10695,1.);
#10695 = DIRECTION('',(-0.,1.,0.));
#10696 = FACE_BOUND('',#10697,.F.);
#10697 = EDGE_LOOP('',(#10698));
#10698 = ORIENTED_EDGE('',*,*,#10699,.T.);
#10699 = EDGE_CURVE('',#10700,#10700,#10702,.T.);
#10700 = VERTEX_POINT('',#10701);
#10701 = CARTESIAN_POINT('',(141.355,-107.385,0.));
#10702 = CIRCLE('',#10703,0.3);
#10703 = AXIS2_PLACEMENT_3D('',#10704,#10705,#10706);
#10704 = CARTESIAN_POINT('',(141.355,-107.085,0.));
#10705 = DIRECTION('',(-0.,0.,-1.));
#10706 = DIRECTION('',(-9.473903143469E-14,-1.,0.));
#10707 = FACE_BOUND('',#10708,.F.);
#10708 = EDGE_LOOP('',(#10709,#10720,#10728,#10737));
#10709 = ORIENTED_EDGE('',*,*,#10710,.T.);
#10710 = EDGE_CURVE('',#10711,#10713,#10715,.T.);
#10711 = VERTEX_POINT('',#10712);
#10712 = CARTESIAN_POINT('',(148.265,-110.375,0.));
#10713 = VERTEX_POINT('',#10714);
#10714 = CARTESIAN_POINT('',(148.865,-110.375,0.));
#10715 = CIRCLE('',#10716,0.3);
#10716 = AXIS2_PLACEMENT_3D('',#10717,#10718,#10719);
#10717 = CARTESIAN_POINT('',(148.565,-110.375,0.));
#10718 = DIRECTION('',(0.,-0.,-1.));
#10719 = DIRECTION('',(1.,4.736951571734E-14,-0.));
#10720 = ORIENTED_EDGE('',*,*,#10721,.T.);
#10721 = EDGE_CURVE('',#10713,#10722,#10724,.T.);
#10722 = VERTEX_POINT('',#10723);
#10723 = CARTESIAN_POINT('',(148.865,-111.175,0.));
#10724 = LINE('',#10725,#10726);
#10725 = CARTESIAN_POINT('',(148.865,-55.5875,0.));
#10726 = VECTOR('',#10727,1.);
#10727 = DIRECTION('',(0.,-1.,0.));
#10728 = ORIENTED_EDGE('',*,*,#10729,.T.);
#10729 = EDGE_CURVE('',#10722,#10730,#10732,.T.);
#10730 = VERTEX_POINT('',#10731);
#10731 = CARTESIAN_POINT('',(148.265,-111.175,0.));
#10732 = CIRCLE('',#10733,0.3);
#10733 = AXIS2_PLACEMENT_3D('',#10734,#10735,#10736);
#10734 = CARTESIAN_POINT('',(148.565,-111.175,0.));
#10735 = DIRECTION('',(-0.,0.,-1.));
#10736 = DIRECTION('',(-1.,-9.473903143468E-14,0.));
#10737 = ORIENTED_EDGE('',*,*,#10738,.T.);
#10738 = EDGE_CURVE('',#10730,#10711,#10739,.T.);
#10739 = LINE('',#10740,#10741);
#10740 = CARTESIAN_POINT('',(148.265,-55.1875,0.));
#10741 = VECTOR('',#10742,1.);
#10742 = DIRECTION('',(-0.,1.,0.));
#10743 = FACE_BOUND('',#10744,.F.);
#10744 = EDGE_LOOP('',(#10745));
#10745 = ORIENTED_EDGE('',*,*,#10746,.T.);
#10746 = EDGE_CURVE('',#10747,#10747,#10749,.T.);
#10747 = VERTEX_POINT('',#10748);
#10748 = CARTESIAN_POINT('',(147.135,-107.385,0.));
#10749 = CIRCLE('',#10750,0.3);
#10750 = AXIS2_PLACEMENT_3D('',#10751,#10752,#10753);
#10751 = CARTESIAN_POINT('',(147.135,-107.085,0.));
#10752 = DIRECTION('',(-0.,0.,-1.));
#10753 = DIRECTION('',(-0.,-1.,0.));
#10754 = FACE_BOUND('',#10755,.F.);
#10755 = EDGE_LOOP('',(#10756,#10767,#10775,#10784));
#10756 = ORIENTED_EDGE('',*,*,#10757,.T.);
#10757 = EDGE_CURVE('',#10758,#10760,#10762,.T.);
#10758 = VERTEX_POINT('',#10759);
#10759 = CARTESIAN_POINT('',(148.265,-106.055,0.));
#10760 = VERTEX_POINT('',#10761);
#10761 = CARTESIAN_POINT('',(148.865,-106.055,0.));
#10762 = CIRCLE('',#10763,0.3);
#10763 = AXIS2_PLACEMENT_3D('',#10764,#10765,#10766);
#10764 = CARTESIAN_POINT('',(148.565,-106.055,0.));
#10765 = DIRECTION('',(0.,-0.,-1.));
#10766 = DIRECTION('',(1.,0.,-0.));
#10767 = ORIENTED_EDGE('',*,*,#10768,.T.);
#10768 = EDGE_CURVE('',#10760,#10769,#10771,.T.);
#10769 = VERTEX_POINT('',#10770);
#10770 = CARTESIAN_POINT('',(148.865,-107.155,0.));
#10771 = LINE('',#10772,#10773);
#10772 = CARTESIAN_POINT('',(148.865,-53.5775,0.));
#10773 = VECTOR('',#10774,1.);
#10774 = DIRECTION('',(0.,-1.,0.));
#10775 = ORIENTED_EDGE('',*,*,#10776,.T.);
#10776 = EDGE_CURVE('',#10769,#10777,#10779,.T.);
#10777 = VERTEX_POINT('',#10778);
#10778 = CARTESIAN_POINT('',(148.265,-107.155,0.));
#10779 = CIRCLE('',#10780,0.3);
#10780 = AXIS2_PLACEMENT_3D('',#10781,#10782,#10783);
#10781 = CARTESIAN_POINT('',(148.565,-107.155,0.));
#10782 = DIRECTION('',(-0.,0.,-1.));
#10783 = DIRECTION('',(-1.,-4.736951571734E-14,0.));
#10784 = ORIENTED_EDGE('',*,*,#10785,.T.);
#10785 = EDGE_CURVE('',#10777,#10758,#10786,.T.);
#10786 = LINE('',#10787,#10788);
#10787 = CARTESIAN_POINT('',(148.265,-53.0275,0.));
#10788 = VECTOR('',#10789,1.);
#10789 = DIRECTION('',(-0.,1.,0.));
#10790 = FACE_BOUND('',#10791,.F.);
#10791 = EDGE_LOOP('',(#10792));
#10792 = ORIENTED_EDGE('',*,*,#10793,.T.);
#10793 = EDGE_CURVE('',#10794,#10794,#10796,.T.);
#10794 = VERTEX_POINT('',#10795);
#10795 = CARTESIAN_POINT('',(141.8,-101.75,0.));
#10796 = CIRCLE('',#10797,0.15);
#10797 = AXIS2_PLACEMENT_3D('',#10798,#10799,#10800);
#10798 = CARTESIAN_POINT('',(141.8,-101.6,0.));
#10799 = DIRECTION('',(-0.,0.,-1.));
#10800 = DIRECTION('',(-0.,-1.,0.));
#10801 = FACE_BOUND('',#10802,.F.);
#10802 = EDGE_LOOP('',(#10803));
#10803 = ORIENTED_EDGE('',*,*,#10804,.T.);
#10804 = EDGE_CURVE('',#10805,#10805,#10807,.T.);
#10805 = VERTEX_POINT('',#10806);
#10806 = CARTESIAN_POINT('',(143.95,-101.75,0.));
#10807 = CIRCLE('',#10808,0.15);
#10808 = AXIS2_PLACEMENT_3D('',#10809,#10810,#10811);
#10809 = CARTESIAN_POINT('',(143.95,-101.6,0.));
#10810 = DIRECTION('',(-0.,0.,-1.));
#10811 = DIRECTION('',(-0.,-1.,0.));
#10812 = FACE_BOUND('',#10813,.F.);
#10813 = EDGE_LOOP('',(#10814));
#10814 = ORIENTED_EDGE('',*,*,#10815,.T.);
#10815 = EDGE_CURVE('',#10816,#10816,#10818,.T.);
#10816 = VERTEX_POINT('',#10817);
#10817 = CARTESIAN_POINT('',(141.8,-99.883333,0.));
#10818 = CIRCLE('',#10819,0.15);
#10819 = AXIS2_PLACEMENT_3D('',#10820,#10821,#10822);
#10820 = CARTESIAN_POINT('',(141.8,-99.733333,0.));
#10821 = DIRECTION('',(-0.,0.,-1.));
#10822 = DIRECTION('',(-0.,-1.,0.));
#10823 = FACE_BOUND('',#10824,.F.);
#10824 = EDGE_LOOP('',(#10825));
#10825 = ORIENTED_EDGE('',*,*,#10826,.T.);
#10826 = EDGE_CURVE('',#10827,#10827,#10829,.T.);
#10827 = VERTEX_POINT('',#10828);
#10828 = CARTESIAN_POINT('',(141.8,-98.016667,0.));
#10829 = CIRCLE('',#10830,0.15);
#10830 = AXIS2_PLACEMENT_3D('',#10831,#10832,#10833);
#10831 = CARTESIAN_POINT('',(141.8,-97.866667,0.));
#10832 = DIRECTION('',(-0.,0.,-1.));
#10833 = DIRECTION('',(-0.,-1.,0.));
#10834 = FACE_BOUND('',#10835,.F.);
#10835 = EDGE_LOOP('',(#10836));
#10836 = ORIENTED_EDGE('',*,*,#10837,.T.);
#10837 = EDGE_CURVE('',#10838,#10838,#10840,.T.);
#10838 = VERTEX_POINT('',#10839);
#10839 = CARTESIAN_POINT('',(141.8,-96.15,0.));
#10840 = CIRCLE('',#10841,0.15);
#10841 = AXIS2_PLACEMENT_3D('',#10842,#10843,#10844);
#10842 = CARTESIAN_POINT('',(141.8,-96.,0.));
#10843 = DIRECTION('',(-0.,0.,-1.));
#10844 = DIRECTION('',(-0.,-1.,0.));
#10845 = FACE_BOUND('',#10846,.F.);
#10846 = EDGE_LOOP('',(#10847));
#10847 = ORIENTED_EDGE('',*,*,#10848,.T.);
#10848 = EDGE_CURVE('',#10849,#10849,#10851,.T.);
#10849 = VERTEX_POINT('',#10850);
#10850 = CARTESIAN_POINT('',(143.95,-99.883333,0.));
#10851 = CIRCLE('',#10852,0.15);
#10852 = AXIS2_PLACEMENT_3D('',#10853,#10854,#10855);
#10853 = CARTESIAN_POINT('',(143.95,-99.733333,0.));
#10854 = DIRECTION('',(-0.,0.,-1.));
#10855 = DIRECTION('',(-0.,-1.,0.));
#10856 = FACE_BOUND('',#10857,.F.);
#10857 = EDGE_LOOP('',(#10858));
#10858 = ORIENTED_EDGE('',*,*,#10859,.T.);
#10859 = EDGE_CURVE('',#10860,#10860,#10862,.T.);
#10860 = VERTEX_POINT('',#10861);
#10861 = CARTESIAN_POINT('',(143.95,-98.016667,0.));
#10862 = CIRCLE('',#10863,0.15);
#10863 = AXIS2_PLACEMENT_3D('',#10864,#10865,#10866);
#10864 = CARTESIAN_POINT('',(143.95,-97.866667,0.));
#10865 = DIRECTION('',(-0.,0.,-1.));
#10866 = DIRECTION('',(-0.,-1.,0.));
#10867 = FACE_BOUND('',#10868,.F.);
#10868 = EDGE_LOOP('',(#10869));
#10869 = ORIENTED_EDGE('',*,*,#10870,.T.);
#10870 = EDGE_CURVE('',#10871,#10871,#10873,.T.);
#10871 = VERTEX_POINT('',#10872);
#10872 = CARTESIAN_POINT('',(143.95,-96.15,0.));
#10873 = CIRCLE('',#10874,0.15);
#10874 = AXIS2_PLACEMENT_3D('',#10875,#10876,#10877);
#10875 = CARTESIAN_POINT('',(143.95,-96.,0.));
#10876 = DIRECTION('',(-0.,0.,-1.));
#10877 = DIRECTION('',(-0.,-1.,0.));
#10878 = FACE_BOUND('',#10879,.F.);
#10879 = EDGE_LOOP('',(#10880));
#10880 = ORIENTED_EDGE('',*,*,#10881,.T.);
#10881 = EDGE_CURVE('',#10882,#10882,#10884,.T.);
#10882 = VERTEX_POINT('',#10883);
#10883 = CARTESIAN_POINT('',(150.65,-101.75,0.));
#10884 = CIRCLE('',#10885,0.15);
#10885 = AXIS2_PLACEMENT_3D('',#10886,#10887,#10888);
#10886 = CARTESIAN_POINT('',(150.65,-101.6,0.));
#10887 = DIRECTION('',(-0.,0.,-1.));
#10888 = DIRECTION('',(-0.,-1.,0.));
#10889 = FACE_BOUND('',#10890,.F.);
#10890 = EDGE_LOOP('',(#10891));
#10891 = ORIENTED_EDGE('',*,*,#10892,.T.);
#10892 = EDGE_CURVE('',#10893,#10893,#10895,.T.);
#10893 = VERTEX_POINT('',#10894);
#10894 = CARTESIAN_POINT('',(152.8,-101.75,0.));
#10895 = CIRCLE('',#10896,0.15);
#10896 = AXIS2_PLACEMENT_3D('',#10897,#10898,#10899);
#10897 = CARTESIAN_POINT('',(152.8,-101.6,0.));
#10898 = DIRECTION('',(-0.,0.,-1.));
#10899 = DIRECTION('',(-0.,-1.,0.));
#10900 = FACE_BOUND('',#10901,.F.);
#10901 = EDGE_LOOP('',(#10902));
#10902 = ORIENTED_EDGE('',*,*,#10903,.T.);
#10903 = EDGE_CURVE('',#10904,#10904,#10906,.T.);
#10904 = VERTEX_POINT('',#10905);
#10905 = CARTESIAN_POINT('',(150.65,-99.883333,0.));
#10906 = CIRCLE('',#10907,0.15);
#10907 = AXIS2_PLACEMENT_3D('',#10908,#10909,#10910);
#10908 = CARTESIAN_POINT('',(150.65,-99.733333,0.));
#10909 = DIRECTION('',(-0.,0.,-1.));
#10910 = DIRECTION('',(-0.,-1.,0.));
#10911 = FACE_BOUND('',#10912,.F.);
#10912 = EDGE_LOOP('',(#10913));
#10913 = ORIENTED_EDGE('',*,*,#10914,.T.);
#10914 = EDGE_CURVE('',#10915,#10915,#10917,.T.);
#10915 = VERTEX_POINT('',#10916);
#10916 = CARTESIAN_POINT('',(150.65,-98.016667,0.));
#10917 = CIRCLE('',#10918,0.15);
#10918 = AXIS2_PLACEMENT_3D('',#10919,#10920,#10921);
#10919 = CARTESIAN_POINT('',(150.65,-97.866667,0.));
#10920 = DIRECTION('',(-0.,0.,-1.));
#10921 = DIRECTION('',(-0.,-1.,0.));
#10922 = FACE_BOUND('',#10923,.F.);
#10923 = EDGE_LOOP('',(#10924));
#10924 = ORIENTED_EDGE('',*,*,#10925,.T.);
#10925 = EDGE_CURVE('',#10926,#10926,#10928,.T.);
#10926 = VERTEX_POINT('',#10927);
#10927 = CARTESIAN_POINT('',(152.8,-99.883333,0.));
#10928 = CIRCLE('',#10929,0.15);
#10929 = AXIS2_PLACEMENT_3D('',#10930,#10931,#10932);
#10930 = CARTESIAN_POINT('',(152.8,-99.733333,0.));
#10931 = DIRECTION('',(-0.,0.,-1.));
#10932 = DIRECTION('',(-0.,-1.,0.));
#10933 = FACE_BOUND('',#10934,.F.);
#10934 = EDGE_LOOP('',(#10935));
#10935 = ORIENTED_EDGE('',*,*,#10936,.T.);
#10936 = EDGE_CURVE('',#10937,#10937,#10939,.T.);
#10937 = VERTEX_POINT('',#10938);
#10938 = CARTESIAN_POINT('',(152.8,-98.016667,0.));
#10939 = CIRCLE('',#10940,0.15);
#10940 = AXIS2_PLACEMENT_3D('',#10941,#10942,#10943);
#10941 = CARTESIAN_POINT('',(152.8,-97.866667,0.));
#10942 = DIRECTION('',(-0.,0.,-1.));
#10943 = DIRECTION('',(-0.,-1.,0.));
#10944 = FACE_BOUND('',#10945,.F.);
#10945 = EDGE_LOOP('',(#10946));
#10946 = ORIENTED_EDGE('',*,*,#10947,.T.);
#10947 = EDGE_CURVE('',#10948,#10948,#10950,.T.);
#10948 = VERTEX_POINT('',#10949);
#10949 = CARTESIAN_POINT('',(150.65,-96.15,0.));
#10950 = CIRCLE('',#10951,0.15);
#10951 = AXIS2_PLACEMENT_3D('',#10952,#10953,#10954);
#10952 = CARTESIAN_POINT('',(150.65,-96.,0.));
#10953 = DIRECTION('',(-0.,0.,-1.));
#10954 = DIRECTION('',(-0.,-1.,0.));
#10955 = FACE_BOUND('',#10956,.F.);
#10956 = EDGE_LOOP('',(#10957));
#10957 = ORIENTED_EDGE('',*,*,#10958,.T.);
#10958 = EDGE_CURVE('',#10959,#10959,#10961,.T.);
#10959 = VERTEX_POINT('',#10960);
#10960 = CARTESIAN_POINT('',(152.8,-96.15,0.));
#10961 = CIRCLE('',#10962,0.15);
#10962 = AXIS2_PLACEMENT_3D('',#10963,#10964,#10965);
#10963 = CARTESIAN_POINT('',(152.8,-96.,0.));
#10964 = DIRECTION('',(-0.,0.,-1.));
#10965 = DIRECTION('',(-0.,-1.,0.));
#10966 = PLANE('',#10967);
#10967 = AXIS2_PLACEMENT_3D('',#10968,#10969,#10970);
#10968 = CARTESIAN_POINT('',(0.,0.,0.));
#10969 = DIRECTION('',(0.,0.,1.));
#10970 = DIRECTION('',(1.,0.,-0.));
#10971 = ADVANCED_FACE('',(#10972,#10983,#11019,#11055,#11066,#11102,
    #11113,#11149,#11160,#11171,#11182,#11193,#11204,#11215,#11226,
    #11237,#11248,#11259,#11270,#11281,#11292,#11303,#11314),#11325,.T.
  );
#10972 = FACE_BOUND('',#10973,.T.);
#10973 = EDGE_LOOP('',(#10974,#10975,#10976,#10982));
#10974 = ORIENTED_EDGE('',*,*,#10524,.F.);
#10975 = ORIENTED_EDGE('',*,*,#10564,.F.);
#10976 = ORIENTED_EDGE('',*,*,#10977,.F.);
#10977 = EDGE_CURVE('',#10587,#10557,#10978,.T.);
#10978 = LINE('',#10979,#10980);
#10979 = CARTESIAN_POINT('',(124.5,-73.5,1.51));
#10980 = VECTOR('',#10981,1.);
#10981 = DIRECTION('',(1.,0.,0.));
#10982 = ORIENTED_EDGE('',*,*,#10586,.F.);
#10983 = FACE_BOUND('',#10984,.T.);
#10984 = EDGE_LOOP('',(#10985,#10996,#11004,#11013));
#10985 = ORIENTED_EDGE('',*,*,#10986,.T.);
#10986 = EDGE_CURVE('',#10987,#10989,#10991,.T.);
#10987 = VERTEX_POINT('',#10988);
#10988 = CARTESIAN_POINT('',(139.625,-110.375,1.51));
#10989 = VERTEX_POINT('',#10990);
#10990 = CARTESIAN_POINT('',(140.225,-110.375,1.51));
#10991 = CIRCLE('',#10992,0.3);
#10992 = AXIS2_PLACEMENT_3D('',#10993,#10994,#10995);
#10993 = CARTESIAN_POINT('',(139.925,-110.375,1.51));
#10994 = DIRECTION('',(0.,-0.,-1.));
#10995 = DIRECTION('',(1.,-4.736951571734E-14,0.));
#10996 = ORIENTED_EDGE('',*,*,#10997,.T.);
#10997 = EDGE_CURVE('',#10989,#10998,#11000,.T.);
#10998 = VERTEX_POINT('',#10999);
#10999 = CARTESIAN_POINT('',(140.225,-111.175,1.51));
#11000 = LINE('',#11001,#11002);
#11001 = CARTESIAN_POINT('',(140.225,-55.5875,1.51));
#11002 = VECTOR('',#11003,1.);
#11003 = DIRECTION('',(0.,-1.,0.));
#11004 = ORIENTED_EDGE('',*,*,#11005,.T.);
#11005 = EDGE_CURVE('',#10998,#11006,#11008,.T.);
#11006 = VERTEX_POINT('',#11007);
#11007 = CARTESIAN_POINT('',(139.625,-111.175,1.51));
#11008 = CIRCLE('',#11009,0.3);
#11009 = AXIS2_PLACEMENT_3D('',#11010,#11011,#11012);
#11010 = CARTESIAN_POINT('',(139.925,-111.175,1.51));
#11011 = DIRECTION('',(-0.,0.,-1.));
#11012 = DIRECTION('',(-1.,0.,0.));
#11013 = ORIENTED_EDGE('',*,*,#11014,.T.);
#11014 = EDGE_CURVE('',#11006,#10987,#11015,.T.);
#11015 = LINE('',#11016,#11017);
#11016 = CARTESIAN_POINT('',(139.625,-55.1875,1.51));
#11017 = VECTOR('',#11018,1.);
#11018 = DIRECTION('',(-0.,1.,0.));
#11019 = FACE_BOUND('',#11020,.T.);
#11020 = EDGE_LOOP('',(#11021,#11032,#11040,#11049));
#11021 = ORIENTED_EDGE('',*,*,#11022,.T.);
#11022 = EDGE_CURVE('',#11023,#11025,#11027,.T.);
#11023 = VERTEX_POINT('',#11024);
#11024 = CARTESIAN_POINT('',(139.625,-106.055,1.51));
#11025 = VERTEX_POINT('',#11026);
#11026 = CARTESIAN_POINT('',(140.225,-106.055,1.51));
#11027 = CIRCLE('',#11028,0.3);
#11028 = AXIS2_PLACEMENT_3D('',#11029,#11030,#11031);
#11029 = CARTESIAN_POINT('',(139.925,-106.055,1.51));
#11030 = DIRECTION('',(0.,-0.,-1.));
#11031 = DIRECTION('',(1.,-9.473903143468E-14,0.));
#11032 = ORIENTED_EDGE('',*,*,#11033,.T.);
#11033 = EDGE_CURVE('',#11025,#11034,#11036,.T.);
#11034 = VERTEX_POINT('',#11035);
#11035 = CARTESIAN_POINT('',(140.225,-107.155,1.51));
#11036 = LINE('',#11037,#11038);
#11037 = CARTESIAN_POINT('',(140.225,-53.5775,1.51));
#11038 = VECTOR('',#11039,1.);
#11039 = DIRECTION('',(0.,-1.,0.));
#11040 = ORIENTED_EDGE('',*,*,#11041,.T.);
#11041 = EDGE_CURVE('',#11034,#11042,#11044,.T.);
#11042 = VERTEX_POINT('',#11043);
#11043 = CARTESIAN_POINT('',(139.625,-107.155,1.51));
#11044 = CIRCLE('',#11045,0.3);
#11045 = AXIS2_PLACEMENT_3D('',#11046,#11047,#11048);
#11046 = CARTESIAN_POINT('',(139.925,-107.155,1.51));
#11047 = DIRECTION('',(-0.,0.,-1.));
#11048 = DIRECTION('',(-1.,4.736951571734E-14,0.));
#11049 = ORIENTED_EDGE('',*,*,#11050,.T.);
#11050 = EDGE_CURVE('',#11042,#11023,#11051,.T.);
#11051 = LINE('',#11052,#11053);
#11052 = CARTESIAN_POINT('',(139.625,-53.0275,1.51));
#11053 = VECTOR('',#11054,1.);
#11054 = DIRECTION('',(-0.,1.,0.));
#11055 = FACE_BOUND('',#11056,.T.);
#11056 = EDGE_LOOP('',(#11057));
#11057 = ORIENTED_EDGE('',*,*,#11058,.T.);
#11058 = EDGE_CURVE('',#11059,#11059,#11061,.T.);
#11059 = VERTEX_POINT('',#11060);
#11060 = CARTESIAN_POINT('',(141.355,-107.385,1.51));
#11061 = CIRCLE('',#11062,0.3);
#11062 = AXIS2_PLACEMENT_3D('',#11063,#11064,#11065);
#11063 = CARTESIAN_POINT('',(141.355,-107.085,1.51));
#11064 = DIRECTION('',(-0.,0.,-1.));
#11065 = DIRECTION('',(-9.473903143469E-14,-1.,0.));
#11066 = FACE_BOUND('',#11067,.T.);
#11067 = EDGE_LOOP('',(#11068,#11079,#11087,#11096));
#11068 = ORIENTED_EDGE('',*,*,#11069,.T.);
#11069 = EDGE_CURVE('',#11070,#11072,#11074,.T.);
#11070 = VERTEX_POINT('',#11071);
#11071 = CARTESIAN_POINT('',(148.265,-110.375,1.51));
#11072 = VERTEX_POINT('',#11073);
#11073 = CARTESIAN_POINT('',(148.865,-110.375,1.51));
#11074 = CIRCLE('',#11075,0.3);
#11075 = AXIS2_PLACEMENT_3D('',#11076,#11077,#11078);
#11076 = CARTESIAN_POINT('',(148.565,-110.375,1.51));
#11077 = DIRECTION('',(0.,-0.,-1.));
#11078 = DIRECTION('',(1.,4.736951571734E-14,-0.));
#11079 = ORIENTED_EDGE('',*,*,#11080,.T.);
#11080 = EDGE_CURVE('',#11072,#11081,#11083,.T.);
#11081 = VERTEX_POINT('',#11082);
#11082 = CARTESIAN_POINT('',(148.865,-111.175,1.51));
#11083 = LINE('',#11084,#11085);
#11084 = CARTESIAN_POINT('',(148.865,-55.5875,1.51));
#11085 = VECTOR('',#11086,1.);
#11086 = DIRECTION('',(0.,-1.,0.));
#11087 = ORIENTED_EDGE('',*,*,#11088,.T.);
#11088 = EDGE_CURVE('',#11081,#11089,#11091,.T.);
#11089 = VERTEX_POINT('',#11090);
#11090 = CARTESIAN_POINT('',(148.265,-111.175,1.51));
#11091 = CIRCLE('',#11092,0.3);
#11092 = AXIS2_PLACEMENT_3D('',#11093,#11094,#11095);
#11093 = CARTESIAN_POINT('',(148.565,-111.175,1.51));
#11094 = DIRECTION('',(-0.,0.,-1.));
#11095 = DIRECTION('',(-1.,-9.473903143468E-14,0.));
#11096 = ORIENTED_EDGE('',*,*,#11097,.T.);
#11097 = EDGE_CURVE('',#11089,#11070,#11098,.T.);
#11098 = LINE('',#11099,#11100);
#11099 = CARTESIAN_POINT('',(148.265,-55.1875,1.51));
#11100 = VECTOR('',#11101,1.);
#11101 = DIRECTION('',(-0.,1.,0.));
#11102 = FACE_BOUND('',#11103,.T.);
#11103 = EDGE_LOOP('',(#11104));
#11104 = ORIENTED_EDGE('',*,*,#11105,.T.);
#11105 = EDGE_CURVE('',#11106,#11106,#11108,.T.);
#11106 = VERTEX_POINT('',#11107);
#11107 = CARTESIAN_POINT('',(147.135,-107.385,1.51));
#11108 = CIRCLE('',#11109,0.3);
#11109 = AXIS2_PLACEMENT_3D('',#11110,#11111,#11112);
#11110 = CARTESIAN_POINT('',(147.135,-107.085,1.51));
#11111 = DIRECTION('',(-0.,0.,-1.));
#11112 = DIRECTION('',(-0.,-1.,0.));
#11113 = FACE_BOUND('',#11114,.T.);
#11114 = EDGE_LOOP('',(#11115,#11126,#11134,#11143));
#11115 = ORIENTED_EDGE('',*,*,#11116,.T.);
#11116 = EDGE_CURVE('',#11117,#11119,#11121,.T.);
#11117 = VERTEX_POINT('',#11118);
#11118 = CARTESIAN_POINT('',(148.265,-106.055,1.51));
#11119 = VERTEX_POINT('',#11120);
#11120 = CARTESIAN_POINT('',(148.865,-106.055,1.51));
#11121 = CIRCLE('',#11122,0.3);
#11122 = AXIS2_PLACEMENT_3D('',#11123,#11124,#11125);
#11123 = CARTESIAN_POINT('',(148.565,-106.055,1.51));
#11124 = DIRECTION('',(0.,-0.,-1.));
#11125 = DIRECTION('',(1.,0.,-0.));
#11126 = ORIENTED_EDGE('',*,*,#11127,.T.);
#11127 = EDGE_CURVE('',#11119,#11128,#11130,.T.);
#11128 = VERTEX_POINT('',#11129);
#11129 = CARTESIAN_POINT('',(148.865,-107.155,1.51));
#11130 = LINE('',#11131,#11132);
#11131 = CARTESIAN_POINT('',(148.865,-53.5775,1.51));
#11132 = VECTOR('',#11133,1.);
#11133 = DIRECTION('',(0.,-1.,0.));
#11134 = ORIENTED_EDGE('',*,*,#11135,.T.);
#11135 = EDGE_CURVE('',#11128,#11136,#11138,.T.);
#11136 = VERTEX_POINT('',#11137);
#11137 = CARTESIAN_POINT('',(148.265,-107.155,1.51));
#11138 = CIRCLE('',#11139,0.3);
#11139 = AXIS2_PLACEMENT_3D('',#11140,#11141,#11142);
#11140 = CARTESIAN_POINT('',(148.565,-107.155,1.51));
#11141 = DIRECTION('',(-0.,0.,-1.));
#11142 = DIRECTION('',(-1.,-4.736951571734E-14,0.));
#11143 = ORIENTED_EDGE('',*,*,#11144,.T.);
#11144 = EDGE_CURVE('',#11136,#11117,#11145,.T.);
#11145 = LINE('',#11146,#11147);
#11146 = CARTESIAN_POINT('',(148.265,-53.0275,1.51));
#11147 = VECTOR('',#11148,1.);
#11148 = DIRECTION('',(-0.,1.,0.));
#11149 = FACE_BOUND('',#11150,.T.);
#11150 = EDGE_LOOP('',(#11151));
#11151 = ORIENTED_EDGE('',*,*,#11152,.T.);
#11152 = EDGE_CURVE('',#11153,#11153,#11155,.T.);
#11153 = VERTEX_POINT('',#11154);
#11154 = CARTESIAN_POINT('',(141.8,-101.75,1.51));
#11155 = CIRCLE('',#11156,0.15);
#11156 = AXIS2_PLACEMENT_3D('',#11157,#11158,#11159);
#11157 = CARTESIAN_POINT('',(141.8,-101.6,1.51));
#11158 = DIRECTION('',(-0.,0.,-1.));
#11159 = DIRECTION('',(-0.,-1.,0.));
#11160 = FACE_BOUND('',#11161,.T.);
#11161 = EDGE_LOOP('',(#11162));
#11162 = ORIENTED_EDGE('',*,*,#11163,.T.);
#11163 = EDGE_CURVE('',#11164,#11164,#11166,.T.);
#11164 = VERTEX_POINT('',#11165);
#11165 = CARTESIAN_POINT('',(143.95,-101.75,1.51));
#11166 = CIRCLE('',#11167,0.15);
#11167 = AXIS2_PLACEMENT_3D('',#11168,#11169,#11170);
#11168 = CARTESIAN_POINT('',(143.95,-101.6,1.51));
#11169 = DIRECTION('',(-0.,0.,-1.));
#11170 = DIRECTION('',(-0.,-1.,0.));
#11171 = FACE_BOUND('',#11172,.T.);
#11172 = EDGE_LOOP('',(#11173));
#11173 = ORIENTED_EDGE('',*,*,#11174,.T.);
#11174 = EDGE_CURVE('',#11175,#11175,#11177,.T.);
#11175 = VERTEX_POINT('',#11176);
#11176 = CARTESIAN_POINT('',(141.8,-99.883333,1.51));
#11177 = CIRCLE('',#11178,0.15);
#11178 = AXIS2_PLACEMENT_3D('',#11179,#11180,#11181);
#11179 = CARTESIAN_POINT('',(141.8,-99.733333,1.51));
#11180 = DIRECTION('',(-0.,0.,-1.));
#11181 = DIRECTION('',(-0.,-1.,0.));
#11182 = FACE_BOUND('',#11183,.T.);
#11183 = EDGE_LOOP('',(#11184));
#11184 = ORIENTED_EDGE('',*,*,#11185,.T.);
#11185 = EDGE_CURVE('',#11186,#11186,#11188,.T.);
#11186 = VERTEX_POINT('',#11187);
#11187 = CARTESIAN_POINT('',(141.8,-98.016667,1.51));
#11188 = CIRCLE('',#11189,0.15);
#11189 = AXIS2_PLACEMENT_3D('',#11190,#11191,#11192);
#11190 = CARTESIAN_POINT('',(141.8,-97.866667,1.51));
#11191 = DIRECTION('',(-0.,0.,-1.));
#11192 = DIRECTION('',(-0.,-1.,0.));
#11193 = FACE_BOUND('',#11194,.T.);
#11194 = EDGE_LOOP('',(#11195));
#11195 = ORIENTED_EDGE('',*,*,#11196,.T.);
#11196 = EDGE_CURVE('',#11197,#11197,#11199,.T.);
#11197 = VERTEX_POINT('',#11198);
#11198 = CARTESIAN_POINT('',(141.8,-96.15,1.51));
#11199 = CIRCLE('',#11200,0.15);
#11200 = AXIS2_PLACEMENT_3D('',#11201,#11202,#11203);
#11201 = CARTESIAN_POINT('',(141.8,-96.,1.51));
#11202 = DIRECTION('',(-0.,0.,-1.));
#11203 = DIRECTION('',(-0.,-1.,0.));
#11204 = FACE_BOUND('',#11205,.T.);
#11205 = EDGE_LOOP('',(#11206));
#11206 = ORIENTED_EDGE('',*,*,#11207,.T.);
#11207 = EDGE_CURVE('',#11208,#11208,#11210,.T.);
#11208 = VERTEX_POINT('',#11209);
#11209 = CARTESIAN_POINT('',(143.95,-99.883333,1.51));
#11210 = CIRCLE('',#11211,0.15);
#11211 = AXIS2_PLACEMENT_3D('',#11212,#11213,#11214);
#11212 = CARTESIAN_POINT('',(143.95,-99.733333,1.51));
#11213 = DIRECTION('',(-0.,0.,-1.));
#11214 = DIRECTION('',(-0.,-1.,0.));
#11215 = FACE_BOUND('',#11216,.T.);
#11216 = EDGE_LOOP('',(#11217));
#11217 = ORIENTED_EDGE('',*,*,#11218,.T.);
#11218 = EDGE_CURVE('',#11219,#11219,#11221,.T.);
#11219 = VERTEX_POINT('',#11220);
#11220 = CARTESIAN_POINT('',(143.95,-98.016667,1.51));
#11221 = CIRCLE('',#11222,0.15);
#11222 = AXIS2_PLACEMENT_3D('',#11223,#11224,#11225);
#11223 = CARTESIAN_POINT('',(143.95,-97.866667,1.51));
#11224 = DIRECTION('',(-0.,0.,-1.));
#11225 = DIRECTION('',(-0.,-1.,0.));
#11226 = FACE_BOUND('',#11227,.T.);
#11227 = EDGE_LOOP('',(#11228));
#11228 = ORIENTED_EDGE('',*,*,#11229,.T.);
#11229 = EDGE_CURVE('',#11230,#11230,#11232,.T.);
#11230 = VERTEX_POINT('',#11231);
#11231 = CARTESIAN_POINT('',(143.95,-96.15,1.51));
#11232 = CIRCLE('',#11233,0.15);
#11233 = AXIS2_PLACEMENT_3D('',#11234,#11235,#11236);
#11234 = CARTESIAN_POINT('',(143.95,-96.,1.51));
#11235 = DIRECTION('',(-0.,0.,-1.));
#11236 = DIRECTION('',(-0.,-1.,0.));
#11237 = FACE_BOUND('',#11238,.T.);
#11238 = EDGE_LOOP('',(#11239));
#11239 = ORIENTED_EDGE('',*,*,#11240,.T.);
#11240 = EDGE_CURVE('',#11241,#11241,#11243,.T.);
#11241 = VERTEX_POINT('',#11242);
#11242 = CARTESIAN_POINT('',(150.65,-101.75,1.51));
#11243 = CIRCLE('',#11244,0.15);
#11244 = AXIS2_PLACEMENT_3D('',#11245,#11246,#11247);
#11245 = CARTESIAN_POINT('',(150.65,-101.6,1.51));
#11246 = DIRECTION('',(-0.,0.,-1.));
#11247 = DIRECTION('',(-0.,-1.,0.));
#11248 = FACE_BOUND('',#11249,.T.);
#11249 = EDGE_LOOP('',(#11250));
#11250 = ORIENTED_EDGE('',*,*,#11251,.T.);
#11251 = EDGE_CURVE('',#11252,#11252,#11254,.T.);
#11252 = VERTEX_POINT('',#11253);
#11253 = CARTESIAN_POINT('',(152.8,-101.75,1.51));
#11254 = CIRCLE('',#11255,0.15);
#11255 = AXIS2_PLACEMENT_3D('',#11256,#11257,#11258);
#11256 = CARTESIAN_POINT('',(152.8,-101.6,1.51));
#11257 = DIRECTION('',(-0.,0.,-1.));
#11258 = DIRECTION('',(-0.,-1.,0.));
#11259 = FACE_BOUND('',#11260,.T.);
#11260 = EDGE_LOOP('',(#11261));
#11261 = ORIENTED_EDGE('',*,*,#11262,.T.);
#11262 = EDGE_CURVE('',#11263,#11263,#11265,.T.);
#11263 = VERTEX_POINT('',#11264);
#11264 = CARTESIAN_POINT('',(150.65,-99.883333,1.51));
#11265 = CIRCLE('',#11266,0.15);
#11266 = AXIS2_PLACEMENT_3D('',#11267,#11268,#11269);
#11267 = CARTESIAN_POINT('',(150.65,-99.733333,1.51));
#11268 = DIRECTION('',(-0.,0.,-1.));
#11269 = DIRECTION('',(-0.,-1.,0.));
#11270 = FACE_BOUND('',#11271,.T.);
#11271 = EDGE_LOOP('',(#11272));
#11272 = ORIENTED_EDGE('',*,*,#11273,.T.);
#11273 = EDGE_CURVE('',#11274,#11274,#11276,.T.);
#11274 = VERTEX_POINT('',#11275);
#11275 = CARTESIAN_POINT('',(150.65,-98.016667,1.51));
#11276 = CIRCLE('',#11277,0.15);
#11277 = AXIS2_PLACEMENT_3D('',#11278,#11279,#11280);
#11278 = CARTESIAN_POINT('',(150.65,-97.866667,1.51));
#11279 = DIRECTION('',(-0.,0.,-1.));
#11280 = DIRECTION('',(-0.,-1.,0.));
#11281 = FACE_BOUND('',#11282,.T.);
#11282 = EDGE_LOOP('',(#11283));
#11283 = ORIENTED_EDGE('',*,*,#11284,.T.);
#11284 = EDGE_CURVE('',#11285,#11285,#11287,.T.);
#11285 = VERTEX_POINT('',#11286);
#11286 = CARTESIAN_POINT('',(152.8,-99.883333,1.51));
#11287 = CIRCLE('',#11288,0.15);
#11288 = AXIS2_PLACEMENT_3D('',#11289,#11290,#11291);
#11289 = CARTESIAN_POINT('',(152.8,-99.733333,1.51));
#11290 = DIRECTION('',(-0.,0.,-1.));
#11291 = DIRECTION('',(-0.,-1.,0.));
#11292 = FACE_BOUND('',#11293,.T.);
#11293 = EDGE_LOOP('',(#11294));
#11294 = ORIENTED_EDGE('',*,*,#11295,.T.);
#11295 = EDGE_CURVE('',#11296,#11296,#11298,.T.);
#11296 = VERTEX_POINT('',#11297);
#11297 = CARTESIAN_POINT('',(152.8,-98.016667,1.51));
#11298 = CIRCLE('',#11299,0.15);
#11299 = AXIS2_PLACEMENT_3D('',#11300,#11301,#11302);
#11300 = CARTESIAN_POINT('',(152.8,-97.866667,1.51));
#11301 = DIRECTION('',(-0.,0.,-1.));
#11302 = DIRECTION('',(-0.,-1.,0.));
#11303 = FACE_BOUND('',#11304,.T.);
#11304 = EDGE_LOOP('',(#11305));
#11305 = ORIENTED_EDGE('',*,*,#11306,.T.);
#11306 = EDGE_CURVE('',#11307,#11307,#11309,.T.);
#11307 = VERTEX_POINT('',#11308);
#11308 = CARTESIAN_POINT('',(150.65,-96.15,1.51));
#11309 = CIRCLE('',#11310,0.15);
#11310 = AXIS2_PLACEMENT_3D('',#11311,#11312,#11313);
#11311 = CARTESIAN_POINT('',(150.65,-96.,1.51));
#11312 = DIRECTION('',(-0.,0.,-1.));
#11313 = DIRECTION('',(-0.,-1.,0.));
#11314 = FACE_BOUND('',#11315,.T.);
#11315 = EDGE_LOOP('',(#11316));
#11316 = ORIENTED_EDGE('',*,*,#11317,.T.);
#11317 = EDGE_CURVE('',#11318,#11318,#11320,.T.);
#11318 = VERTEX_POINT('',#11319);
#11319 = CARTESIAN_POINT('',(152.8,-96.15,1.51));
#11320 = CIRCLE('',#11321,0.15);
#11321 = AXIS2_PLACEMENT_3D('',#11322,#11323,#11324);
#11322 = CARTESIAN_POINT('',(152.8,-96.,1.51));
#11323 = DIRECTION('',(-0.,0.,-1.));
#11324 = DIRECTION('',(-0.,-1.,0.));
#11325 = PLANE('',#11326);
#11326 = AXIS2_PLACEMENT_3D('',#11327,#11328,#11329);
#11327 = CARTESIAN_POINT('',(0.,0.,1.51));
#11328 = DIRECTION('',(0.,0.,1.));
#11329 = DIRECTION('',(1.,0.,-0.));
#11330 = ADVANCED_FACE('',(#11331),#11337,.T.);
#11331 = FACE_BOUND('',#11332,.T.);
#11332 = EDGE_LOOP('',(#11333,#11334,#11335,#11336));
#11333 = ORIENTED_EDGE('',*,*,#10594,.T.);
#11334 = ORIENTED_EDGE('',*,*,#10977,.T.);
#11335 = ORIENTED_EDGE('',*,*,#10554,.F.);
#11336 = ORIENTED_EDGE('',*,*,#10618,.F.);
#11337 = PLANE('',#11338);
#11338 = AXIS2_PLACEMENT_3D('',#11339,#11340,#11341);
#11339 = CARTESIAN_POINT('',(124.5,-73.5,0.));
#11340 = DIRECTION('',(0.,1.,0.));
#11341 = DIRECTION('',(1.,0.,0.));
#11342 = ADVANCED_FACE('',(#11343),#11359,.F.);
#11343 = FACE_BOUND('',#11344,.T.);
#11344 = EDGE_LOOP('',(#11345,#11346,#11352,#11353));
#11345 = ORIENTED_EDGE('',*,*,#10627,.T.);
#11346 = ORIENTED_EDGE('',*,*,#11347,.T.);
#11347 = EDGE_CURVE('',#10630,#10989,#11348,.T.);
#11348 = LINE('',#11349,#11350);
#11349 = CARTESIAN_POINT('',(140.225,-110.375,-4.6E-02));
#11350 = VECTOR('',#11351,1.);
#11351 = DIRECTION('',(0.,0.,1.));
#11352 = ORIENTED_EDGE('',*,*,#10986,.F.);
#11353 = ORIENTED_EDGE('',*,*,#11354,.F.);
#11354 = EDGE_CURVE('',#10628,#10987,#11355,.T.);
#11355 = LINE('',#11356,#11357);
#11356 = CARTESIAN_POINT('',(139.625,-110.375,-4.6E-02));
#11357 = VECTOR('',#11358,1.);
#11358 = DIRECTION('',(0.,0.,1.));
#11359 = CYLINDRICAL_SURFACE('',#11360,0.3);
#11360 = AXIS2_PLACEMENT_3D('',#11361,#11362,#11363);
#11361 = CARTESIAN_POINT('',(139.925,-110.375,-4.6E-02));
#11362 = DIRECTION('',(-0.,-0.,-1.));
#11363 = DIRECTION('',(1.,-4.736951571734E-14,0.));
#11364 = ADVANCED_FACE('',(#11365),#11376,.T.);
#11365 = FACE_BOUND('',#11366,.T.);
#11366 = EDGE_LOOP('',(#11367,#11368,#11369,#11370));
#11367 = ORIENTED_EDGE('',*,*,#10655,.T.);
#11368 = ORIENTED_EDGE('',*,*,#11354,.T.);
#11369 = ORIENTED_EDGE('',*,*,#11014,.F.);
#11370 = ORIENTED_EDGE('',*,*,#11371,.F.);
#11371 = EDGE_CURVE('',#10647,#11006,#11372,.T.);
#11372 = LINE('',#11373,#11374);
#11373 = CARTESIAN_POINT('',(139.625,-111.175,-4.6E-02));
#11374 = VECTOR('',#11375,1.);
#11375 = DIRECTION('',(0.,0.,1.));
#11376 = PLANE('',#11377);
#11377 = AXIS2_PLACEMENT_3D('',#11378,#11379,#11380);
#11378 = CARTESIAN_POINT('',(139.625,-110.375,-4.6E-02));
#11379 = DIRECTION('',(1.,0.,-0.));
#11380 = DIRECTION('',(0.,-1.,0.));
#11381 = ADVANCED_FACE('',(#11382),#11393,.F.);
#11382 = FACE_BOUND('',#11383,.T.);
#11383 = EDGE_LOOP('',(#11384,#11385,#11386,#11387));
#11384 = ORIENTED_EDGE('',*,*,#10646,.T.);
#11385 = ORIENTED_EDGE('',*,*,#11371,.T.);
#11386 = ORIENTED_EDGE('',*,*,#11005,.F.);
#11387 = ORIENTED_EDGE('',*,*,#11388,.F.);
#11388 = EDGE_CURVE('',#10639,#10998,#11389,.T.);
#11389 = LINE('',#11390,#11391);
#11390 = CARTESIAN_POINT('',(140.225,-111.175,-4.6E-02));
#11391 = VECTOR('',#11392,1.);
#11392 = DIRECTION('',(0.,0.,1.));
#11393 = CYLINDRICAL_SURFACE('',#11394,0.3);
#11394 = AXIS2_PLACEMENT_3D('',#11395,#11396,#11397);
#11395 = CARTESIAN_POINT('',(139.925,-111.175,-4.6E-02));
#11396 = DIRECTION('',(-0.,-0.,-1.));
#11397 = DIRECTION('',(-1.,0.,-0.));
#11398 = ADVANCED_FACE('',(#11399),#11405,.T.);
#11399 = FACE_BOUND('',#11400,.T.);
#11400 = EDGE_LOOP('',(#11401,#11402,#11403,#11404));
#11401 = ORIENTED_EDGE('',*,*,#10638,.T.);
#11402 = ORIENTED_EDGE('',*,*,#11388,.T.);
#11403 = ORIENTED_EDGE('',*,*,#10997,.F.);
#11404 = ORIENTED_EDGE('',*,*,#11347,.F.);
#11405 = PLANE('',#11406);
#11406 = AXIS2_PLACEMENT_3D('',#11407,#11408,#11409);
#11407 = CARTESIAN_POINT('',(140.225,-111.175,-4.6E-02));
#11408 = DIRECTION('',(-1.,0.,0.));
#11409 = DIRECTION('',(0.,1.,0.));
#11410 = ADVANCED_FACE('',(#11411),#11427,.F.);
#11411 = FACE_BOUND('',#11412,.T.);
#11412 = EDGE_LOOP('',(#11413,#11414,#11420,#11421));
#11413 = ORIENTED_EDGE('',*,*,#10663,.T.);
#11414 = ORIENTED_EDGE('',*,*,#11415,.T.);
#11415 = EDGE_CURVE('',#10666,#11025,#11416,.T.);
#11416 = LINE('',#11417,#11418);
#11417 = CARTESIAN_POINT('',(140.225,-106.055,-4.6E-02));
#11418 = VECTOR('',#11419,1.);
#11419 = DIRECTION('',(0.,0.,1.));
#11420 = ORIENTED_EDGE('',*,*,#11022,.F.);
#11421 = ORIENTED_EDGE('',*,*,#11422,.F.);
#11422 = EDGE_CURVE('',#10664,#11023,#11423,.T.);
#11423 = LINE('',#11424,#11425);
#11424 = CARTESIAN_POINT('',(139.625,-106.055,-4.6E-02));
#11425 = VECTOR('',#11426,1.);
#11426 = DIRECTION('',(0.,0.,1.));
#11427 = CYLINDRICAL_SURFACE('',#11428,0.3);
#11428 = AXIS2_PLACEMENT_3D('',#11429,#11430,#11431);
#11429 = CARTESIAN_POINT('',(139.925,-106.055,-4.6E-02));
#11430 = DIRECTION('',(-0.,-0.,-1.));
#11431 = DIRECTION('',(1.,-9.473903143468E-14,0.));
#11432 = ADVANCED_FACE('',(#11433),#11444,.T.);
#11433 = FACE_BOUND('',#11434,.T.);
#11434 = EDGE_LOOP('',(#11435,#11436,#11437,#11438));
#11435 = ORIENTED_EDGE('',*,*,#10691,.T.);
#11436 = ORIENTED_EDGE('',*,*,#11422,.T.);
#11437 = ORIENTED_EDGE('',*,*,#11050,.F.);
#11438 = ORIENTED_EDGE('',*,*,#11439,.F.);
#11439 = EDGE_CURVE('',#10683,#11042,#11440,.T.);
#11440 = LINE('',#11441,#11442);
#11441 = CARTESIAN_POINT('',(139.625,-107.155,-4.6E-02));
#11442 = VECTOR('',#11443,1.);
#11443 = DIRECTION('',(0.,0.,1.));
#11444 = PLANE('',#11445);
#11445 = AXIS2_PLACEMENT_3D('',#11446,#11447,#11448);
#11446 = CARTESIAN_POINT('',(139.625,-106.055,-4.6E-02));
#11447 = DIRECTION('',(1.,0.,-0.));
#11448 = DIRECTION('',(0.,-1.,0.));
#11449 = ADVANCED_FACE('',(#11450),#11461,.F.);
#11450 = FACE_BOUND('',#11451,.T.);
#11451 = EDGE_LOOP('',(#11452,#11453,#11454,#11455));
#11452 = ORIENTED_EDGE('',*,*,#10682,.T.);
#11453 = ORIENTED_EDGE('',*,*,#11439,.T.);
#11454 = ORIENTED_EDGE('',*,*,#11041,.F.);
#11455 = ORIENTED_EDGE('',*,*,#11456,.F.);
#11456 = EDGE_CURVE('',#10675,#11034,#11457,.T.);
#11457 = LINE('',#11458,#11459);
#11458 = CARTESIAN_POINT('',(140.225,-107.155,-4.6E-02));
#11459 = VECTOR('',#11460,1.);
#11460 = DIRECTION('',(0.,0.,1.));
#11461 = CYLINDRICAL_SURFACE('',#11462,0.3);
#11462 = AXIS2_PLACEMENT_3D('',#11463,#11464,#11465);
#11463 = CARTESIAN_POINT('',(139.925,-107.155,-4.6E-02));
#11464 = DIRECTION('',(-0.,-0.,-1.));
#11465 = DIRECTION('',(-1.,4.736951571734E-14,-0.));
#11466 = ADVANCED_FACE('',(#11467),#11473,.T.);
#11467 = FACE_BOUND('',#11468,.T.);
#11468 = EDGE_LOOP('',(#11469,#11470,#11471,#11472));
#11469 = ORIENTED_EDGE('',*,*,#10674,.T.);
#11470 = ORIENTED_EDGE('',*,*,#11456,.T.);
#11471 = ORIENTED_EDGE('',*,*,#11033,.F.);
#11472 = ORIENTED_EDGE('',*,*,#11415,.F.);
#11473 = PLANE('',#11474);
#11474 = AXIS2_PLACEMENT_3D('',#11475,#11476,#11477);
#11475 = CARTESIAN_POINT('',(140.225,-107.155,-4.6E-02));
#11476 = DIRECTION('',(-1.,0.,0.));
#11477 = DIRECTION('',(0.,1.,0.));
#11478 = ADVANCED_FACE('',(#11479),#11490,.F.);
#11479 = FACE_BOUND('',#11480,.T.);
#11480 = EDGE_LOOP('',(#11481,#11482,#11488,#11489));
#11481 = ORIENTED_EDGE('',*,*,#10699,.T.);
#11482 = ORIENTED_EDGE('',*,*,#11483,.T.);
#11483 = EDGE_CURVE('',#10700,#11059,#11484,.T.);
#11484 = LINE('',#11485,#11486);
#11485 = CARTESIAN_POINT('',(141.355,-107.385,-4.6E-02));
#11486 = VECTOR('',#11487,1.);
#11487 = DIRECTION('',(0.,0.,1.));
#11488 = ORIENTED_EDGE('',*,*,#11058,.F.);
#11489 = ORIENTED_EDGE('',*,*,#11483,.F.);
#11490 = CYLINDRICAL_SURFACE('',#11491,0.3);
#11491 = AXIS2_PLACEMENT_3D('',#11492,#11493,#11494);
#11492 = CARTESIAN_POINT('',(141.355,-107.085,-4.6E-02));
#11493 = DIRECTION('',(-0.,-0.,-1.));
#11494 = DIRECTION('',(-9.473903143469E-14,-1.,0.));
#11495 = ADVANCED_FACE('',(#11496),#11512,.F.);
#11496 = FACE_BOUND('',#11497,.T.);
#11497 = EDGE_LOOP('',(#11498,#11499,#11505,#11506));
#11498 = ORIENTED_EDGE('',*,*,#10710,.T.);
#11499 = ORIENTED_EDGE('',*,*,#11500,.T.);
#11500 = EDGE_CURVE('',#10713,#11072,#11501,.T.);
#11501 = LINE('',#11502,#11503);
#11502 = CARTESIAN_POINT('',(148.865,-110.375,-4.6E-02));
#11503 = VECTOR('',#11504,1.);
#11504 = DIRECTION('',(0.,0.,1.));
#11505 = ORIENTED_EDGE('',*,*,#11069,.F.);
#11506 = ORIENTED_EDGE('',*,*,#11507,.F.);
#11507 = EDGE_CURVE('',#10711,#11070,#11508,.T.);
#11508 = LINE('',#11509,#11510);
#11509 = CARTESIAN_POINT('',(148.265,-110.375,-4.6E-02));
#11510 = VECTOR('',#11511,1.);
#11511 = DIRECTION('',(0.,0.,1.));
#11512 = CYLINDRICAL_SURFACE('',#11513,0.3);
#11513 = AXIS2_PLACEMENT_3D('',#11514,#11515,#11516);
#11514 = CARTESIAN_POINT('',(148.565,-110.375,-4.6E-02));
#11515 = DIRECTION('',(-0.,-0.,-1.));
#11516 = DIRECTION('',(1.,4.736951571734E-14,-0.));
#11517 = ADVANCED_FACE('',(#11518),#11529,.T.);
#11518 = FACE_BOUND('',#11519,.T.);
#11519 = EDGE_LOOP('',(#11520,#11521,#11522,#11523));
#11520 = ORIENTED_EDGE('',*,*,#10738,.T.);
#11521 = ORIENTED_EDGE('',*,*,#11507,.T.);
#11522 = ORIENTED_EDGE('',*,*,#11097,.F.);
#11523 = ORIENTED_EDGE('',*,*,#11524,.F.);
#11524 = EDGE_CURVE('',#10730,#11089,#11525,.T.);
#11525 = LINE('',#11526,#11527);
#11526 = CARTESIAN_POINT('',(148.265,-111.175,-4.6E-02));
#11527 = VECTOR('',#11528,1.);
#11528 = DIRECTION('',(0.,0.,1.));
#11529 = PLANE('',#11530);
#11530 = AXIS2_PLACEMENT_3D('',#11531,#11532,#11533);
#11531 = CARTESIAN_POINT('',(148.265,-110.375,-4.6E-02));
#11532 = DIRECTION('',(1.,0.,-0.));
#11533 = DIRECTION('',(0.,-1.,0.));
#11534 = ADVANCED_FACE('',(#11535),#11546,.F.);
#11535 = FACE_BOUND('',#11536,.T.);
#11536 = EDGE_LOOP('',(#11537,#11538,#11539,#11540));
#11537 = ORIENTED_EDGE('',*,*,#10729,.T.);
#11538 = ORIENTED_EDGE('',*,*,#11524,.T.);
#11539 = ORIENTED_EDGE('',*,*,#11088,.F.);
#11540 = ORIENTED_EDGE('',*,*,#11541,.F.);
#11541 = EDGE_CURVE('',#10722,#11081,#11542,.T.);
#11542 = LINE('',#11543,#11544);
#11543 = CARTESIAN_POINT('',(148.865,-111.175,-4.6E-02));
#11544 = VECTOR('',#11545,1.);
#11545 = DIRECTION('',(0.,0.,1.));
#11546 = CYLINDRICAL_SURFACE('',#11547,0.3);
#11547 = AXIS2_PLACEMENT_3D('',#11548,#11549,#11550);
#11548 = CARTESIAN_POINT('',(148.565,-111.175,-4.6E-02));
#11549 = DIRECTION('',(-0.,-0.,-1.));
#11550 = DIRECTION('',(-1.,-9.473903143468E-14,0.));
#11551 = ADVANCED_FACE('',(#11552),#11558,.T.);
#11552 = FACE_BOUND('',#11553,.T.);
#11553 = EDGE_LOOP('',(#11554,#11555,#11556,#11557));
#11554 = ORIENTED_EDGE('',*,*,#10721,.T.);
#11555 = ORIENTED_EDGE('',*,*,#11541,.T.);
#11556 = ORIENTED_EDGE('',*,*,#11080,.F.);
#11557 = ORIENTED_EDGE('',*,*,#11500,.F.);
#11558 = PLANE('',#11559);
#11559 = AXIS2_PLACEMENT_3D('',#11560,#11561,#11562);
#11560 = CARTESIAN_POINT('',(148.865,-111.175,-4.6E-02));
#11561 = DIRECTION('',(-1.,0.,0.));
#11562 = DIRECTION('',(0.,1.,0.));
#11563 = ADVANCED_FACE('',(#11564),#11575,.F.);
#11564 = FACE_BOUND('',#11565,.T.);
#11565 = EDGE_LOOP('',(#11566,#11567,#11573,#11574));
#11566 = ORIENTED_EDGE('',*,*,#10746,.T.);
#11567 = ORIENTED_EDGE('',*,*,#11568,.T.);
#11568 = EDGE_CURVE('',#10747,#11106,#11569,.T.);
#11569 = LINE('',#11570,#11571);
#11570 = CARTESIAN_POINT('',(147.135,-107.385,-4.6E-02));
#11571 = VECTOR('',#11572,1.);
#11572 = DIRECTION('',(0.,0.,1.));
#11573 = ORIENTED_EDGE('',*,*,#11105,.F.);
#11574 = ORIENTED_EDGE('',*,*,#11568,.F.);
#11575 = CYLINDRICAL_SURFACE('',#11576,0.3);
#11576 = AXIS2_PLACEMENT_3D('',#11577,#11578,#11579);
#11577 = CARTESIAN_POINT('',(147.135,-107.085,-4.6E-02));
#11578 = DIRECTION('',(-0.,-0.,-1.));
#11579 = DIRECTION('',(-0.,-1.,0.));
#11580 = ADVANCED_FACE('',(#11581),#11597,.F.);
#11581 = FACE_BOUND('',#11582,.T.);
#11582 = EDGE_LOOP('',(#11583,#11584,#11590,#11591));
#11583 = ORIENTED_EDGE('',*,*,#10757,.T.);
#11584 = ORIENTED_EDGE('',*,*,#11585,.T.);
#11585 = EDGE_CURVE('',#10760,#11119,#11586,.T.);
#11586 = LINE('',#11587,#11588);
#11587 = CARTESIAN_POINT('',(148.865,-106.055,-4.6E-02));
#11588 = VECTOR('',#11589,1.);
#11589 = DIRECTION('',(0.,0.,1.));
#11590 = ORIENTED_EDGE('',*,*,#11116,.F.);
#11591 = ORIENTED_EDGE('',*,*,#11592,.F.);
#11592 = EDGE_CURVE('',#10758,#11117,#11593,.T.);
#11593 = LINE('',#11594,#11595);
#11594 = CARTESIAN_POINT('',(148.265,-106.055,-4.6E-02));
#11595 = VECTOR('',#11596,1.);
#11596 = DIRECTION('',(0.,0.,1.));
#11597 = CYLINDRICAL_SURFACE('',#11598,0.3);
#11598 = AXIS2_PLACEMENT_3D('',#11599,#11600,#11601);
#11599 = CARTESIAN_POINT('',(148.565,-106.055,-4.6E-02));
#11600 = DIRECTION('',(-0.,-0.,-1.));
#11601 = DIRECTION('',(1.,0.,-0.));
#11602 = ADVANCED_FACE('',(#11603),#11614,.T.);
#11603 = FACE_BOUND('',#11604,.T.);
#11604 = EDGE_LOOP('',(#11605,#11606,#11607,#11608));
#11605 = ORIENTED_EDGE('',*,*,#10785,.T.);
#11606 = ORIENTED_EDGE('',*,*,#11592,.T.);
#11607 = ORIENTED_EDGE('',*,*,#11144,.F.);
#11608 = ORIENTED_EDGE('',*,*,#11609,.F.);
#11609 = EDGE_CURVE('',#10777,#11136,#11610,.T.);
#11610 = LINE('',#11611,#11612);
#11611 = CARTESIAN_POINT('',(148.265,-107.155,-4.6E-02));
#11612 = VECTOR('',#11613,1.);
#11613 = DIRECTION('',(0.,0.,1.));
#11614 = PLANE('',#11615);
#11615 = AXIS2_PLACEMENT_3D('',#11616,#11617,#11618);
#11616 = CARTESIAN_POINT('',(148.265,-106.055,-4.6E-02));
#11617 = DIRECTION('',(1.,0.,-0.));
#11618 = DIRECTION('',(0.,-1.,0.));
#11619 = ADVANCED_FACE('',(#11620),#11631,.F.);
#11620 = FACE_BOUND('',#11621,.T.);
#11621 = EDGE_LOOP('',(#11622,#11623,#11624,#11625));
#11622 = ORIENTED_EDGE('',*,*,#10776,.T.);
#11623 = ORIENTED_EDGE('',*,*,#11609,.T.);
#11624 = ORIENTED_EDGE('',*,*,#11135,.F.);
#11625 = ORIENTED_EDGE('',*,*,#11626,.F.);
#11626 = EDGE_CURVE('',#10769,#11128,#11627,.T.);
#11627 = LINE('',#11628,#11629);
#11628 = CARTESIAN_POINT('',(148.865,-107.155,-4.6E-02));
#11629 = VECTOR('',#11630,1.);
#11630 = DIRECTION('',(0.,0.,1.));
#11631 = CYLINDRICAL_SURFACE('',#11632,0.3);
#11632 = AXIS2_PLACEMENT_3D('',#11633,#11634,#11635);
#11633 = CARTESIAN_POINT('',(148.565,-107.155,-4.6E-02));
#11634 = DIRECTION('',(-0.,-0.,-1.));
#11635 = DIRECTION('',(-1.,-4.736951571734E-14,0.));
#11636 = ADVANCED_FACE('',(#11637),#11643,.T.);
#11637 = FACE_BOUND('',#11638,.T.);
#11638 = EDGE_LOOP('',(#11639,#11640,#11641,#11642));
#11639 = ORIENTED_EDGE('',*,*,#10768,.T.);
#11640 = ORIENTED_EDGE('',*,*,#11626,.T.);
#11641 = ORIENTED_EDGE('',*,*,#11127,.F.);
#11642 = ORIENTED_EDGE('',*,*,#11585,.F.);
#11643 = PLANE('',#11644);
#11644 = AXIS2_PLACEMENT_3D('',#11645,#11646,#11647);
#11645 = CARTESIAN_POINT('',(148.865,-107.155,-4.6E-02));
#11646 = DIRECTION('',(-1.,0.,0.));
#11647 = DIRECTION('',(0.,1.,0.));
#11648 = ADVANCED_FACE('',(#11649),#11660,.F.);
#11649 = FACE_BOUND('',#11650,.T.);
#11650 = EDGE_LOOP('',(#11651,#11652,#11658,#11659));
#11651 = ORIENTED_EDGE('',*,*,#10793,.T.);
#11652 = ORIENTED_EDGE('',*,*,#11653,.T.);
#11653 = EDGE_CURVE('',#10794,#11153,#11654,.T.);
#11654 = LINE('',#11655,#11656);
#11655 = CARTESIAN_POINT('',(141.8,-101.75,-4.6E-02));
#11656 = VECTOR('',#11657,1.);
#11657 = DIRECTION('',(0.,0.,1.));
#11658 = ORIENTED_EDGE('',*,*,#11152,.F.);
#11659 = ORIENTED_EDGE('',*,*,#11653,.F.);
#11660 = CYLINDRICAL_SURFACE('',#11661,0.15);
#11661 = AXIS2_PLACEMENT_3D('',#11662,#11663,#11664);
#11662 = CARTESIAN_POINT('',(141.8,-101.6,-4.6E-02));
#11663 = DIRECTION('',(-0.,-0.,-1.));
#11664 = DIRECTION('',(-0.,-1.,0.));
#11665 = ADVANCED_FACE('',(#11666),#11677,.F.);
#11666 = FACE_BOUND('',#11667,.T.);
#11667 = EDGE_LOOP('',(#11668,#11669,#11675,#11676));
#11668 = ORIENTED_EDGE('',*,*,#10804,.T.);
#11669 = ORIENTED_EDGE('',*,*,#11670,.T.);
#11670 = EDGE_CURVE('',#10805,#11164,#11671,.T.);
#11671 = LINE('',#11672,#11673);
#11672 = CARTESIAN_POINT('',(143.95,-101.75,-4.6E-02));
#11673 = VECTOR('',#11674,1.);
#11674 = DIRECTION('',(0.,0.,1.));
#11675 = ORIENTED_EDGE('',*,*,#11163,.F.);
#11676 = ORIENTED_EDGE('',*,*,#11670,.F.);
#11677 = CYLINDRICAL_SURFACE('',#11678,0.15);
#11678 = AXIS2_PLACEMENT_3D('',#11679,#11680,#11681);
#11679 = CARTESIAN_POINT('',(143.95,-101.6,-4.6E-02));
#11680 = DIRECTION('',(-0.,-0.,-1.));
#11681 = DIRECTION('',(-0.,-1.,0.));
#11682 = ADVANCED_FACE('',(#11683),#11694,.F.);
#11683 = FACE_BOUND('',#11684,.T.);
#11684 = EDGE_LOOP('',(#11685,#11686,#11692,#11693));
#11685 = ORIENTED_EDGE('',*,*,#10815,.T.);
#11686 = ORIENTED_EDGE('',*,*,#11687,.T.);
#11687 = EDGE_CURVE('',#10816,#11175,#11688,.T.);
#11688 = LINE('',#11689,#11690);
#11689 = CARTESIAN_POINT('',(141.8,-99.883333,-4.6E-02));
#11690 = VECTOR('',#11691,1.);
#11691 = DIRECTION('',(0.,0.,1.));
#11692 = ORIENTED_EDGE('',*,*,#11174,.F.);
#11693 = ORIENTED_EDGE('',*,*,#11687,.F.);
#11694 = CYLINDRICAL_SURFACE('',#11695,0.15);
#11695 = AXIS2_PLACEMENT_3D('',#11696,#11697,#11698);
#11696 = CARTESIAN_POINT('',(141.8,-99.733333,-4.6E-02));
#11697 = DIRECTION('',(-0.,-0.,-1.));
#11698 = DIRECTION('',(-0.,-1.,0.));
#11699 = ADVANCED_FACE('',(#11700),#11711,.F.);
#11700 = FACE_BOUND('',#11701,.T.);
#11701 = EDGE_LOOP('',(#11702,#11703,#11709,#11710));
#11702 = ORIENTED_EDGE('',*,*,#10826,.T.);
#11703 = ORIENTED_EDGE('',*,*,#11704,.T.);
#11704 = EDGE_CURVE('',#10827,#11186,#11705,.T.);
#11705 = LINE('',#11706,#11707);
#11706 = CARTESIAN_POINT('',(141.8,-98.016667,-4.6E-02));
#11707 = VECTOR('',#11708,1.);
#11708 = DIRECTION('',(0.,0.,1.));
#11709 = ORIENTED_EDGE('',*,*,#11185,.F.);
#11710 = ORIENTED_EDGE('',*,*,#11704,.F.);
#11711 = CYLINDRICAL_SURFACE('',#11712,0.15);
#11712 = AXIS2_PLACEMENT_3D('',#11713,#11714,#11715);
#11713 = CARTESIAN_POINT('',(141.8,-97.866667,-4.6E-02));
#11714 = DIRECTION('',(-0.,-0.,-1.));
#11715 = DIRECTION('',(-0.,-1.,0.));
#11716 = ADVANCED_FACE('',(#11717),#11728,.F.);
#11717 = FACE_BOUND('',#11718,.T.);
#11718 = EDGE_LOOP('',(#11719,#11720,#11726,#11727));
#11719 = ORIENTED_EDGE('',*,*,#10837,.T.);
#11720 = ORIENTED_EDGE('',*,*,#11721,.T.);
#11721 = EDGE_CURVE('',#10838,#11197,#11722,.T.);
#11722 = LINE('',#11723,#11724);
#11723 = CARTESIAN_POINT('',(141.8,-96.15,-4.6E-02));
#11724 = VECTOR('',#11725,1.);
#11725 = DIRECTION('',(0.,0.,1.));
#11726 = ORIENTED_EDGE('',*,*,#11196,.F.);
#11727 = ORIENTED_EDGE('',*,*,#11721,.F.);
#11728 = CYLINDRICAL_SURFACE('',#11729,0.15);
#11729 = AXIS2_PLACEMENT_3D('',#11730,#11731,#11732);
#11730 = CARTESIAN_POINT('',(141.8,-96.,-4.6E-02));
#11731 = DIRECTION('',(-0.,-0.,-1.));
#11732 = DIRECTION('',(-0.,-1.,0.));
#11733 = ADVANCED_FACE('',(#11734),#11745,.F.);
#11734 = FACE_BOUND('',#11735,.T.);
#11735 = EDGE_LOOP('',(#11736,#11737,#11743,#11744));
#11736 = ORIENTED_EDGE('',*,*,#10848,.T.);
#11737 = ORIENTED_EDGE('',*,*,#11738,.T.);
#11738 = EDGE_CURVE('',#10849,#11208,#11739,.T.);
#11739 = LINE('',#11740,#11741);
#11740 = CARTESIAN_POINT('',(143.95,-99.883333,-4.6E-02));
#11741 = VECTOR('',#11742,1.);
#11742 = DIRECTION('',(0.,0.,1.));
#11743 = ORIENTED_EDGE('',*,*,#11207,.F.);
#11744 = ORIENTED_EDGE('',*,*,#11738,.F.);
#11745 = CYLINDRICAL_SURFACE('',#11746,0.15);
#11746 = AXIS2_PLACEMENT_3D('',#11747,#11748,#11749);
#11747 = CARTESIAN_POINT('',(143.95,-99.733333,-4.6E-02));
#11748 = DIRECTION('',(-0.,-0.,-1.));
#11749 = DIRECTION('',(-0.,-1.,0.));
#11750 = ADVANCED_FACE('',(#11751),#11762,.F.);
#11751 = FACE_BOUND('',#11752,.T.);
#11752 = EDGE_LOOP('',(#11753,#11754,#11760,#11761));
#11753 = ORIENTED_EDGE('',*,*,#10859,.T.);
#11754 = ORIENTED_EDGE('',*,*,#11755,.T.);
#11755 = EDGE_CURVE('',#10860,#11219,#11756,.T.);
#11756 = LINE('',#11757,#11758);
#11757 = CARTESIAN_POINT('',(143.95,-98.016667,-4.6E-02));
#11758 = VECTOR('',#11759,1.);
#11759 = DIRECTION('',(0.,0.,1.));
#11760 = ORIENTED_EDGE('',*,*,#11218,.F.);
#11761 = ORIENTED_EDGE('',*,*,#11755,.F.);
#11762 = CYLINDRICAL_SURFACE('',#11763,0.15);
#11763 = AXIS2_PLACEMENT_3D('',#11764,#11765,#11766);
#11764 = CARTESIAN_POINT('',(143.95,-97.866667,-4.6E-02));
#11765 = DIRECTION('',(-0.,-0.,-1.));
#11766 = DIRECTION('',(-0.,-1.,0.));
#11767 = ADVANCED_FACE('',(#11768),#11779,.F.);
#11768 = FACE_BOUND('',#11769,.T.);
#11769 = EDGE_LOOP('',(#11770,#11771,#11777,#11778));
#11770 = ORIENTED_EDGE('',*,*,#10870,.T.);
#11771 = ORIENTED_EDGE('',*,*,#11772,.T.);
#11772 = EDGE_CURVE('',#10871,#11230,#11773,.T.);
#11773 = LINE('',#11774,#11775);
#11774 = CARTESIAN_POINT('',(143.95,-96.15,-4.6E-02));
#11775 = VECTOR('',#11776,1.);
#11776 = DIRECTION('',(0.,0.,1.));
#11777 = ORIENTED_EDGE('',*,*,#11229,.F.);
#11778 = ORIENTED_EDGE('',*,*,#11772,.F.);
#11779 = CYLINDRICAL_SURFACE('',#11780,0.15);
#11780 = AXIS2_PLACEMENT_3D('',#11781,#11782,#11783);
#11781 = CARTESIAN_POINT('',(143.95,-96.,-4.6E-02));
#11782 = DIRECTION('',(-0.,-0.,-1.));
#11783 = DIRECTION('',(-0.,-1.,0.));
#11784 = ADVANCED_FACE('',(#11785),#11796,.F.);
#11785 = FACE_BOUND('',#11786,.T.);
#11786 = EDGE_LOOP('',(#11787,#11788,#11794,#11795));
#11787 = ORIENTED_EDGE('',*,*,#10881,.T.);
#11788 = ORIENTED_EDGE('',*,*,#11789,.T.);
#11789 = EDGE_CURVE('',#10882,#11241,#11790,.T.);
#11790 = LINE('',#11791,#11792);
#11791 = CARTESIAN_POINT('',(150.65,-101.75,-4.6E-02));
#11792 = VECTOR('',#11793,1.);
#11793 = DIRECTION('',(0.,0.,1.));
#11794 = ORIENTED_EDGE('',*,*,#11240,.F.);
#11795 = ORIENTED_EDGE('',*,*,#11789,.F.);
#11796 = CYLINDRICAL_SURFACE('',#11797,0.15);
#11797 = AXIS2_PLACEMENT_3D('',#11798,#11799,#11800);
#11798 = CARTESIAN_POINT('',(150.65,-101.6,-4.6E-02));
#11799 = DIRECTION('',(-0.,-0.,-1.));
#11800 = DIRECTION('',(-0.,-1.,0.));
#11801 = ADVANCED_FACE('',(#11802),#11813,.F.);
#11802 = FACE_BOUND('',#11803,.T.);
#11803 = EDGE_LOOP('',(#11804,#11805,#11811,#11812));
#11804 = ORIENTED_EDGE('',*,*,#10892,.T.);
#11805 = ORIENTED_EDGE('',*,*,#11806,.T.);
#11806 = EDGE_CURVE('',#10893,#11252,#11807,.T.);
#11807 = LINE('',#11808,#11809);
#11808 = CARTESIAN_POINT('',(152.8,-101.75,-4.6E-02));
#11809 = VECTOR('',#11810,1.);
#11810 = DIRECTION('',(0.,0.,1.));
#11811 = ORIENTED_EDGE('',*,*,#11251,.F.);
#11812 = ORIENTED_EDGE('',*,*,#11806,.F.);
#11813 = CYLINDRICAL_SURFACE('',#11814,0.15);
#11814 = AXIS2_PLACEMENT_3D('',#11815,#11816,#11817);
#11815 = CARTESIAN_POINT('',(152.8,-101.6,-4.6E-02));
#11816 = DIRECTION('',(-0.,-0.,-1.));
#11817 = DIRECTION('',(-0.,-1.,0.));
#11818 = ADVANCED_FACE('',(#11819),#11830,.F.);
#11819 = FACE_BOUND('',#11820,.T.);
#11820 = EDGE_LOOP('',(#11821,#11822,#11828,#11829));
#11821 = ORIENTED_EDGE('',*,*,#10903,.T.);
#11822 = ORIENTED_EDGE('',*,*,#11823,.T.);
#11823 = EDGE_CURVE('',#10904,#11263,#11824,.T.);
#11824 = LINE('',#11825,#11826);
#11825 = CARTESIAN_POINT('',(150.65,-99.883333,-4.6E-02));
#11826 = VECTOR('',#11827,1.);
#11827 = DIRECTION('',(0.,0.,1.));
#11828 = ORIENTED_EDGE('',*,*,#11262,.F.);
#11829 = ORIENTED_EDGE('',*,*,#11823,.F.);
#11830 = CYLINDRICAL_SURFACE('',#11831,0.15);
#11831 = AXIS2_PLACEMENT_3D('',#11832,#11833,#11834);
#11832 = CARTESIAN_POINT('',(150.65,-99.733333,-4.6E-02));
#11833 = DIRECTION('',(-0.,-0.,-1.));
#11834 = DIRECTION('',(-0.,-1.,0.));
#11835 = ADVANCED_FACE('',(#11836),#11847,.F.);
#11836 = FACE_BOUND('',#11837,.T.);
#11837 = EDGE_LOOP('',(#11838,#11839,#11845,#11846));
#11838 = ORIENTED_EDGE('',*,*,#10914,.T.);
#11839 = ORIENTED_EDGE('',*,*,#11840,.T.);
#11840 = EDGE_CURVE('',#10915,#11274,#11841,.T.);
#11841 = LINE('',#11842,#11843);
#11842 = CARTESIAN_POINT('',(150.65,-98.016667,-4.6E-02));
#11843 = VECTOR('',#11844,1.);
#11844 = DIRECTION('',(0.,0.,1.));
#11845 = ORIENTED_EDGE('',*,*,#11273,.F.);
#11846 = ORIENTED_EDGE('',*,*,#11840,.F.);
#11847 = CYLINDRICAL_SURFACE('',#11848,0.15);
#11848 = AXIS2_PLACEMENT_3D('',#11849,#11850,#11851);
#11849 = CARTESIAN_POINT('',(150.65,-97.866667,-4.6E-02));
#11850 = DIRECTION('',(-0.,-0.,-1.));
#11851 = DIRECTION('',(-0.,-1.,0.));
#11852 = ADVANCED_FACE('',(#11853),#11864,.F.);
#11853 = FACE_BOUND('',#11854,.T.);
#11854 = EDGE_LOOP('',(#11855,#11856,#11862,#11863));
#11855 = ORIENTED_EDGE('',*,*,#10925,.T.);
#11856 = ORIENTED_EDGE('',*,*,#11857,.T.);
#11857 = EDGE_CURVE('',#10926,#11285,#11858,.T.);
#11858 = LINE('',#11859,#11860);
#11859 = CARTESIAN_POINT('',(152.8,-99.883333,-4.6E-02));
#11860 = VECTOR('',#11861,1.);
#11861 = DIRECTION('',(0.,0.,1.));
#11862 = ORIENTED_EDGE('',*,*,#11284,.F.);
#11863 = ORIENTED_EDGE('',*,*,#11857,.F.);
#11864 = CYLINDRICAL_SURFACE('',#11865,0.15);
#11865 = AXIS2_PLACEMENT_3D('',#11866,#11867,#11868);
#11866 = CARTESIAN_POINT('',(152.8,-99.733333,-4.6E-02));
#11867 = DIRECTION('',(-0.,-0.,-1.));
#11868 = DIRECTION('',(-0.,-1.,0.));
#11869 = ADVANCED_FACE('',(#11870),#11881,.F.);
#11870 = FACE_BOUND('',#11871,.T.);
#11871 = EDGE_LOOP('',(#11872,#11873,#11879,#11880));
#11872 = ORIENTED_EDGE('',*,*,#10936,.T.);
#11873 = ORIENTED_EDGE('',*,*,#11874,.T.);
#11874 = EDGE_CURVE('',#10937,#11296,#11875,.T.);
#11875 = LINE('',#11876,#11877);
#11876 = CARTESIAN_POINT('',(152.8,-98.016667,-4.6E-02));
#11877 = VECTOR('',#11878,1.);
#11878 = DIRECTION('',(0.,0.,1.));
#11879 = ORIENTED_EDGE('',*,*,#11295,.F.);
#11880 = ORIENTED_EDGE('',*,*,#11874,.F.);
#11881 = CYLINDRICAL_SURFACE('',#11882,0.15);
#11882 = AXIS2_PLACEMENT_3D('',#11883,#11884,#11885);
#11883 = CARTESIAN_POINT('',(152.8,-97.866667,-4.6E-02));
#11884 = DIRECTION('',(-0.,-0.,-1.));
#11885 = DIRECTION('',(-0.,-1.,0.));
#11886 = ADVANCED_FACE('',(#11887),#11898,.F.);
#11887 = FACE_BOUND('',#11888,.T.);
#11888 = EDGE_LOOP('',(#11889,#11890,#11896,#11897));
#11889 = ORIENTED_EDGE('',*,*,#10947,.T.);
#11890 = ORIENTED_EDGE('',*,*,#11891,.T.);
#11891 = EDGE_CURVE('',#10948,#11307,#11892,.T.);
#11892 = LINE('',#11893,#11894);
#11893 = CARTESIAN_POINT('',(150.65,-96.15,-4.6E-02));
#11894 = VECTOR('',#11895,1.);
#11895 = DIRECTION('',(0.,0.,1.));
#11896 = ORIENTED_EDGE('',*,*,#11306,.F.);
#11897 = ORIENTED_EDGE('',*,*,#11891,.F.);
#11898 = CYLINDRICAL_SURFACE('',#11899,0.15);
#11899 = AXIS2_PLACEMENT_3D('',#11900,#11901,#11902);
#11900 = CARTESIAN_POINT('',(150.65,-96.,-4.6E-02));
#11901 = DIRECTION('',(-0.,-0.,-1.));
#11902 = DIRECTION('',(-0.,-1.,0.));
#11903 = ADVANCED_FACE('',(#11904),#11915,.F.);
#11904 = FACE_BOUND('',#11905,.T.);
#11905 = EDGE_LOOP('',(#11906,#11907,#11913,#11914));
#11906 = ORIENTED_EDGE('',*,*,#10958,.T.);
#11907 = ORIENTED_EDGE('',*,*,#11908,.T.);
#11908 = EDGE_CURVE('',#10959,#11318,#11909,.T.);
#11909 = LINE('',#11910,#11911);
#11910 = CARTESIAN_POINT('',(152.8,-96.15,-4.6E-02));
#11911 = VECTOR('',#11912,1.);
#11912 = DIRECTION('',(0.,0.,1.));
#11913 = ORIENTED_EDGE('',*,*,#11317,.F.);
#11914 = ORIENTED_EDGE('',*,*,#11908,.F.);
#11915 = CYLINDRICAL_SURFACE('',#11916,0.15);
#11916 = AXIS2_PLACEMENT_3D('',#11917,#11918,#11919);
#11917 = CARTESIAN_POINT('',(152.8,-96.,-4.6E-02));
#11918 = DIRECTION('',(-0.,-0.,-1.));
#11919 = DIRECTION('',(-0.,-1.,0.));
#11920 = ( GEOMETRIC_REPRESENTATION_CONTEXT(3) 
GLOBAL_UNCERTAINTY_ASSIGNED_CONTEXT((#11924)) 
GLOBAL_UNIT_ASSIGNED_CONTEXT((#11921,#11922,#11923)) 
REPRESENTATION_CONTEXT('Context #1',
  '3D Context with UNIT and UNCERTAINTY') );
#11921 = ( LENGTH_UNIT() NAMED_UNIT(*) SI_UNIT(.MILLI.,.METRE.) );
#11922 = ( NAMED_UNIT(*) PLANE_ANGLE_UNIT() SI_UNIT($,.RADIAN.) );
#11923 = ( NAMED_UNIT(*) SI_UNIT($,.STERADIAN.) SOLID_ANGLE_UNIT() );
#11924 = UNCERTAINTY_MEASURE_WITH_UNIT(LENGTH_MEASURE(1.E-07),#11921,
  'distance_accuracy_value','confusion accuracy');
#11925 = CONTEXT_DEPENDENT_SHAPE_REPRESENTATION(#11926,#11928);
#11926 = ( REPRESENTATION_RELATIONSHIP('','',#10507,#10) 
REPRESENTATION_RELATIONSHIP_WITH_TRANSFORMATION(#11927) 
SHAPE_REPRESENTATION_RELATIONSHIP() );
#11927 = ITEM_DEFINED_TRANSFORMATION('','',#11,#175);
#11928 = PRODUCT_DEFINITION_SHAPE('Placement','Placement of an item',
  #11929);
#11929 = NEXT_ASSEMBLY_USAGE_OCCURRENCE('47','=>[0:1:1:14]','',#5,#10502
  ,$);
#11930 = PRODUCT_RELATED_PRODUCT_CATEGORY('part',$,(#10504));
#11931 = MECHANICAL_DESIGN_GEOMETRIC_PRESENTATION_REPRESENTATION('',(
    #11932,#11940,#11947,#11954,#11961,#11968,#11975,#11982,#11990,
    #11997,#12004,#12011,#12018,#12025,#12033,#12040,#12047,#12054,
    #12061,#12068,#12075,#12082,#12089,#12096,#12103,#12110),#1902);
#11932 = STYLED_ITEM('color',(#11933),#1114);
#11933 = PRESENTATION_STYLE_ASSIGNMENT((#11934));
#11934 = SURFACE_STYLE_USAGE(.BOTH.,#11935);
#11935 = SURFACE_SIDE_STYLE('',(#11936));
#11936 = SURFACE_STYLE_FILL_AREA(#11937);
#11937 = FILL_AREA_STYLE('',(#11938));
#11938 = FILL_AREA_STYLE_COLOUR('',#11939);
#11939 = COLOUR_RGB('',0.823999987314,0.819999987296,0.781000009244);
#11940 = STYLED_ITEM('color',(#11941),#1154);
#11941 = PRESENTATION_STYLE_ASSIGNMENT((#11942));
#11942 = SURFACE_STYLE_USAGE(.BOTH.,#11943);
#11943 = SURFACE_SIDE_STYLE('',(#11944));
#11944 = SURFACE_STYLE_FILL_AREA(#11945);
#11945 = FILL_AREA_STYLE('',(#11946));
#11946 = FILL_AREA_STYLE_COLOUR('',#11939);
#11947 = STYLED_ITEM('color',(#11948),#1237);
#11948 = PRESENTATION_STYLE_ASSIGNMENT((#11949));
#11949 = SURFACE_STYLE_USAGE(.BOTH.,#11950);
#11950 = SURFACE_SIDE_STYLE('',(#11951));
#11951 = SURFACE_STYLE_FILL_AREA(#11952);
#11952 = FILL_AREA_STYLE('',(#11953));
#11953 = FILL_AREA_STYLE_COLOUR('',#11939);
#11954 = STYLED_ITEM('color',(#11955),#1262);
#11955 = PRESENTATION_STYLE_ASSIGNMENT((#11956));
#11956 = SURFACE_STYLE_USAGE(.BOTH.,#11957);
#11957 = SURFACE_SIDE_STYLE('',(#11958));
#11958 = SURFACE_STYLE_FILL_AREA(#11959);
#11959 = FILL_AREA_STYLE('',(#11960));
#11960 = FILL_AREA_STYLE_COLOUR('',#11939);
#11961 = STYLED_ITEM('color',(#11962),#1287);
#11962 = PRESENTATION_STYLE_ASSIGNMENT((#11963));
#11963 = SURFACE_STYLE_USAGE(.BOTH.,#11964);
#11964 = SURFACE_SIDE_STYLE('',(#11965));
#11965 = SURFACE_STYLE_FILL_AREA(#11966);
#11966 = FILL_AREA_STYLE('',(#11967));
#11967 = FILL_AREA_STYLE_COLOUR('',#11939);
#11968 = STYLED_ITEM('color',(#11969),#1354);
#11969 = PRESENTATION_STYLE_ASSIGNMENT((#11970));
#11970 = SURFACE_STYLE_USAGE(.BOTH.,#11971);
#11971 = SURFACE_SIDE_STYLE('',(#11972));
#11972 = SURFACE_STYLE_FILL_AREA(#11973);
#11973 = FILL_AREA_STYLE('',(#11974));
#11974 = FILL_AREA_STYLE_COLOUR('',#11939);
#11975 = STYLED_ITEM('color',(#11976),#1371);
#11976 = PRESENTATION_STYLE_ASSIGNMENT((#11977));
#11977 = SURFACE_STYLE_USAGE(.BOTH.,#11978);
#11978 = SURFACE_SIDE_STYLE('',(#11979));
#11979 = SURFACE_STYLE_FILL_AREA(#11980);
#11980 = FILL_AREA_STYLE('',(#11981));
#11981 = FILL_AREA_STYLE_COLOUR('',#11939);
#11982 = STYLED_ITEM('color',(#11983),#1388);
#11983 = PRESENTATION_STYLE_ASSIGNMENT((#11984));
#11984 = SURFACE_STYLE_USAGE(.BOTH.,#11985);
#11985 = SURFACE_SIDE_STYLE('',(#11986));
#11986 = SURFACE_STYLE_FILL_AREA(#11987);
#11987 = FILL_AREA_STYLE('',(#11988));
#11988 = FILL_AREA_STYLE_COLOUR('',#11989);
#11989 = COLOUR_RGB('',0.894999966383,0.890999961016,0.813000030345);
#11990 = STYLED_ITEM('color',(#11991),#1437);
#11991 = PRESENTATION_STYLE_ASSIGNMENT((#11992));
#11992 = SURFACE_STYLE_USAGE(.BOTH.,#11993);
#11993 = SURFACE_SIDE_STYLE('',(#11994));
#11994 = SURFACE_STYLE_FILL_AREA(#11995);
#11995 = FILL_AREA_STYLE('',(#11996));
#11996 = FILL_AREA_STYLE_COLOUR('',#11939);
#11997 = STYLED_ITEM('color',(#11998),#1454);
#11998 = PRESENTATION_STYLE_ASSIGNMENT((#11999));
#11999 = SURFACE_STYLE_USAGE(.BOTH.,#12000);
#12000 = SURFACE_SIDE_STYLE('',(#12001));
#12001 = SURFACE_STYLE_FILL_AREA(#12002);
#12002 = FILL_AREA_STYLE('',(#12003));
#12003 = FILL_AREA_STYLE_COLOUR('',#11939);
#12004 = STYLED_ITEM('color',(#12005),#1471);
#12005 = PRESENTATION_STYLE_ASSIGNMENT((#12006));
#12006 = SURFACE_STYLE_USAGE(.BOTH.,#12007);
#12007 = SURFACE_SIDE_STYLE('',(#12008));
#12008 = SURFACE_STYLE_FILL_AREA(#12009);
#12009 = FILL_AREA_STYLE('',(#12010));
#12010 = FILL_AREA_STYLE_COLOUR('',#11989);
#12011 = STYLED_ITEM('color',(#12012),#1520);
#12012 = PRESENTATION_STYLE_ASSIGNMENT((#12013));
#12013 = SURFACE_STYLE_USAGE(.BOTH.,#12014);
#12014 = SURFACE_SIDE_STYLE('',(#12015));
#12015 = SURFACE_STYLE_FILL_AREA(#12016);
#12016 = FILL_AREA_STYLE('',(#12017));
#12017 = FILL_AREA_STYLE_COLOUR('',#11989);
#12018 = STYLED_ITEM('color',(#12019),#1537);
#12019 = PRESENTATION_STYLE_ASSIGNMENT((#12020));
#12020 = SURFACE_STYLE_USAGE(.BOTH.,#12021);
#12021 = SURFACE_SIDE_STYLE('',(#12022));
#12022 = SURFACE_STYLE_FILL_AREA(#12023);
#12023 = FILL_AREA_STYLE('',(#12024));
#12024 = FILL_AREA_STYLE_COLOUR('',#11939);
#12025 = STYLED_ITEM('color',(#12026),#1606);
#12026 = PRESENTATION_STYLE_ASSIGNMENT((#12027));
#12027 = SURFACE_STYLE_USAGE(.BOTH.,#12028);
#12028 = SURFACE_SIDE_STYLE('',(#12029));
#12029 = SURFACE_STYLE_FILL_AREA(#12030);
#12030 = FILL_AREA_STYLE('',(#12031));
#12031 = FILL_AREA_STYLE_COLOUR('',#12032);
#12032 = COLOUR_RGB('',8.200000279077E-02,8.600000121357E-02,
  9.399999706163E-02);
#12033 = STYLED_ITEM('color',(#12034),#1637);
#12034 = PRESENTATION_STYLE_ASSIGNMENT((#12035));
#12035 = SURFACE_STYLE_USAGE(.BOTH.,#12036);
#12036 = SURFACE_SIDE_STYLE('',(#12037));
#12037 = SURFACE_STYLE_FILL_AREA(#12038);
#12038 = FILL_AREA_STYLE('',(#12039));
#12039 = FILL_AREA_STYLE_COLOUR('',#12032);
#12040 = STYLED_ITEM('color',(#12041),#1661);
#12041 = PRESENTATION_STYLE_ASSIGNMENT((#12042));
#12042 = SURFACE_STYLE_USAGE(.BOTH.,#12043);
#12043 = SURFACE_SIDE_STYLE('',(#12044));
#12044 = SURFACE_STYLE_FILL_AREA(#12045);
#12045 = FILL_AREA_STYLE('',(#12046));
#12046 = FILL_AREA_STYLE_COLOUR('',#11939);
#12047 = STYLED_ITEM('color',(#12048),#1730);
#12048 = PRESENTATION_STYLE_ASSIGNMENT((#12049));
#12049 = SURFACE_STYLE_USAGE(.BOTH.,#12050);
#12050 = SURFACE_SIDE_STYLE('',(#12051));
#12051 = SURFACE_STYLE_FILL_AREA(#12052);
#12052 = FILL_AREA_STYLE('',(#12053));
#12053 = FILL_AREA_STYLE_COLOUR('',#12032);
#12054 = STYLED_ITEM('color',(#12055),#1754);
#12055 = PRESENTATION_STYLE_ASSIGNMENT((#12056));
#12056 = SURFACE_STYLE_USAGE(.BOTH.,#12057);
#12057 = SURFACE_SIDE_STYLE('',(#12058));
#12058 = SURFACE_STYLE_FILL_AREA(#12059);
#12059 = FILL_AREA_STYLE('',(#12060));
#12060 = FILL_AREA_STYLE_COLOUR('',#11939);
#12061 = STYLED_ITEM('color',(#12062),#1771);
#12062 = PRESENTATION_STYLE_ASSIGNMENT((#12063));
#12063 = SURFACE_STYLE_USAGE(.BOTH.,#12064);
#12064 = SURFACE_SIDE_STYLE('',(#12065));
#12065 = SURFACE_STYLE_FILL_AREA(#12066);
#12066 = FILL_AREA_STYLE('',(#12067));
#12067 = FILL_AREA_STYLE_COLOUR('',#11939);
#12068 = STYLED_ITEM('color',(#12069),#1788);
#12069 = PRESENTATION_STYLE_ASSIGNMENT((#12070));
#12070 = SURFACE_STYLE_USAGE(.BOTH.,#12071);
#12071 = SURFACE_SIDE_STYLE('',(#12072));
#12072 = SURFACE_STYLE_FILL_AREA(#12073);
#12073 = FILL_AREA_STYLE('',(#12074));
#12074 = FILL_AREA_STYLE_COLOUR('',#11939);
#12075 = STYLED_ITEM('color',(#12076),#1805);
#12076 = PRESENTATION_STYLE_ASSIGNMENT((#12077));
#12077 = SURFACE_STYLE_USAGE(.BOTH.,#12078);
#12078 = SURFACE_SIDE_STYLE('',(#12079));
#12079 = SURFACE_STYLE_FILL_AREA(#12080);
#12080 = FILL_AREA_STYLE('',(#12081));
#12081 = FILL_AREA_STYLE_COLOUR('',#11939);
#12082 = STYLED_ITEM('color',(#12083),#1822);
#12083 = PRESENTATION_STYLE_ASSIGNMENT((#12084));
#12084 = SURFACE_STYLE_USAGE(.BOTH.,#12085);
#12085 = SURFACE_SIDE_STYLE('',(#12086));
#12086 = SURFACE_STYLE_FILL_AREA(#12087);
#12087 = FILL_AREA_STYLE('',(#12088));
#12088 = FILL_AREA_STYLE_COLOUR('',#11939);
#12089 = STYLED_ITEM('color',(#12090),#1839);
#12090 = PRESENTATION_STYLE_ASSIGNMENT((#12091));
#12091 = SURFACE_STYLE_USAGE(.BOTH.,#12092);
#12092 = SURFACE_SIDE_STYLE('',(#12093));
#12093 = SURFACE_STYLE_FILL_AREA(#12094);
#12094 = FILL_AREA_STYLE('',(#12095));
#12095 = FILL_AREA_STYLE_COLOUR('',#11939);
#12096 = STYLED_ITEM('color',(#12097),#1856);
#12097 = PRESENTATION_STYLE_ASSIGNMENT((#12098));
#12098 = SURFACE_STYLE_USAGE(.BOTH.,#12099);
#12099 = SURFACE_SIDE_STYLE('',(#12100));
#12100 = SURFACE_STYLE_FILL_AREA(#12101);
#12101 = FILL_AREA_STYLE('',(#12102));
#12102 = FILL_AREA_STYLE_COLOUR('',#11939);
#12103 = STYLED_ITEM('color',(#12104),#1873);
#12104 = PRESENTATION_STYLE_ASSIGNMENT((#12105));
#12105 = SURFACE_STYLE_USAGE(.BOTH.,#12106);
#12106 = SURFACE_SIDE_STYLE('',(#12107));
#12107 = SURFACE_STYLE_FILL_AREA(#12108);
#12108 = FILL_AREA_STYLE('',(#12109));
#12109 = FILL_AREA_STYLE_COLOUR('',#12032);
#12110 = STYLED_ITEM('color',(#12111),#1890);
#12111 = PRESENTATION_STYLE_ASSIGNMENT((#12112));
#12112 = SURFACE_STYLE_USAGE(.BOTH.,#12113);
#12113 = SURFACE_SIDE_STYLE('',(#12114));
#12114 = SURFACE_STYLE_FILL_AREA(#12115);
#12115 = FILL_AREA_STYLE('',(#12116));
#12116 = FILL_AREA_STYLE_COLOUR('',#12032);
#12117 = MECHANICAL_DESIGN_GEOMETRIC_PRESENTATION_REPRESENTATION('',(
    #12118,#12128,#12137,#12146,#12155,#12164,#12173,#12182,#12191,
    #12200,#12209,#12218,#12227,#12236,#12245,#12254,#12263,#12272,
    #12281,#12290,#12299,#12308,#12317,#12326,#12335,#12344,#12353,
    #12362,#12371,#12380,#12389,#12398,#12407,#12416,#12425,#12434,
    #12443,#12452,#12461,#12470,#12479,#12488,#12497,#12506,#12515,
    #12524,#12533,#12542,#12551,#12560,#12569,#12578,#12587,#12596,
    #12605,#12614,#12623,#12632,#12641,#12650,#12659,#12668,#12677,
    #12686,#12695,#12704,#12713,#12722,#12731,#12740,#12749,#12758,
    #12767,#12776,#12785,#12794,#12803,#12812,#12821,#12830,#12839,
    #12848,#12857,#12866,#12875,#12884,#12893,#12902,#12911,#12920,
    #12929,#12938,#12947,#12956,#12965,#12974,#12983,#12992,#13001,
    #13010,#13019,#13028),#10444);
#12118 = STYLED_ITEM('color',(#12119),#7377);
#12119 = PRESENTATION_STYLE_ASSIGNMENT((#12120,#12126));
#12120 = SURFACE_STYLE_USAGE(.BOTH.,#12121);
#12121 = SURFACE_SIDE_STYLE('',(#12122));
#12122 = SURFACE_STYLE_FILL_AREA(#12123);
#12123 = FILL_AREA_STYLE('',(#12124));
#12124 = FILL_AREA_STYLE_COLOUR('',#12125);
#12125 = COLOUR_RGB('',0.147999998088,0.145000001626,0.145000001626);
#12126 = CURVE_STYLE('',#12127,POSITIVE_LENGTH_MEASURE(0.1),#12125);
#12127 = DRAUGHTING_PRE_DEFINED_CURVE_FONT('continuous');
#12128 = STYLED_ITEM('color',(#12129),#7415);
#12129 = PRESENTATION_STYLE_ASSIGNMENT((#12130,#12135));
#12130 = SURFACE_STYLE_USAGE(.BOTH.,#12131);
#12131 = SURFACE_SIDE_STYLE('',(#12132));
#12132 = SURFACE_STYLE_FILL_AREA(#12133);
#12133 = FILL_AREA_STYLE('',(#12134));
#12134 = FILL_AREA_STYLE_COLOUR('',#12125);
#12135 = CURVE_STYLE('',#12136,POSITIVE_LENGTH_MEASURE(0.1),#12125);
#12136 = DRAUGHTING_PRE_DEFINED_CURVE_FONT('continuous');
#12137 = STYLED_ITEM('color',(#12138),#7478);
#12138 = PRESENTATION_STYLE_ASSIGNMENT((#12139,#12144));
#12139 = SURFACE_STYLE_USAGE(.BOTH.,#12140);
#12140 = SURFACE_SIDE_STYLE('',(#12141));
#12141 = SURFACE_STYLE_FILL_AREA(#12142);
#12142 = FILL_AREA_STYLE('',(#12143));
#12143 = FILL_AREA_STYLE_COLOUR('',#12125);
#12144 = CURVE_STYLE('',#12145,POSITIVE_LENGTH_MEASURE(0.1),#12125);
#12145 = DRAUGHTING_PRE_DEFINED_CURVE_FONT('continuous');
#12146 = STYLED_ITEM('color',(#12147),#7501);
#12147 = PRESENTATION_STYLE_ASSIGNMENT((#12148,#12153));
#12148 = SURFACE_STYLE_USAGE(.BOTH.,#12149);
#12149 = SURFACE_SIDE_STYLE('',(#12150));
#12150 = SURFACE_STYLE_FILL_AREA(#12151);
#12151 = FILL_AREA_STYLE('',(#12152));
#12152 = FILL_AREA_STYLE_COLOUR('',#12125);
#12153 = CURVE_STYLE('',#12154,POSITIVE_LENGTH_MEASURE(0.1),#12125);
#12154 = DRAUGHTING_PRE_DEFINED_CURVE_FONT('continuous');
#12155 = STYLED_ITEM('color',(#12156),#7530);
#12156 = PRESENTATION_STYLE_ASSIGNMENT((#12157,#12162));
#12157 = SURFACE_STYLE_USAGE(.BOTH.,#12158);
#12158 = SURFACE_SIDE_STYLE('',(#12159));
#12159 = SURFACE_STYLE_FILL_AREA(#12160);
#12160 = FILL_AREA_STYLE('',(#12161));
#12161 = FILL_AREA_STYLE_COLOUR('',#12125);
#12162 = CURVE_STYLE('',#12163,POSITIVE_LENGTH_MEASURE(0.1),#12125);
#12163 = DRAUGHTING_PRE_DEFINED_CURVE_FONT('continuous');
#12164 = STYLED_ITEM('color',(#12165),#7553);
#12165 = PRESENTATION_STYLE_ASSIGNMENT((#12166,#12171));
#12166 = SURFACE_STYLE_USAGE(.BOTH.,#12167);
#12167 = SURFACE_SIDE_STYLE('',(#12168));
#12168 = SURFACE_STYLE_FILL_AREA(#12169);
#12169 = FILL_AREA_STYLE('',(#12170));
#12170 = FILL_AREA_STYLE_COLOUR('',#12125);
#12171 = CURVE_STYLE('',#12172,POSITIVE_LENGTH_MEASURE(0.1),#12125);
#12172 = DRAUGHTING_PRE_DEFINED_CURVE_FONT('continuous');
#12173 = STYLED_ITEM('color',(#12174),#7624);
#12174 = PRESENTATION_STYLE_ASSIGNMENT((#12175,#12180));
#12175 = SURFACE_STYLE_USAGE(.BOTH.,#12176);
#12176 = SURFACE_SIDE_STYLE('',(#12177));
#12177 = SURFACE_STYLE_FILL_AREA(#12178);
#12178 = FILL_AREA_STYLE('',(#12179));
#12179 = FILL_AREA_STYLE_COLOUR('',#12125);
#12180 = CURVE_STYLE('',#12181,POSITIVE_LENGTH_MEASURE(0.1),#12125);
#12181 = DRAUGHTING_PRE_DEFINED_CURVE_FONT('continuous');
#12182 = STYLED_ITEM('color',(#12183),#7679);
#12183 = PRESENTATION_STYLE_ASSIGNMENT((#12184,#12189));
#12184 = SURFACE_STYLE_USAGE(.BOTH.,#12185);
#12185 = SURFACE_SIDE_STYLE('',(#12186));
#12186 = SURFACE_STYLE_FILL_AREA(#12187);
#12187 = FILL_AREA_STYLE('',(#12188));
#12188 = FILL_AREA_STYLE_COLOUR('',#12125);
#12189 = CURVE_STYLE('',#12190,POSITIVE_LENGTH_MEASURE(0.1),#12125);
#12190 = DRAUGHTING_PRE_DEFINED_CURVE_FONT('continuous');
#12191 = STYLED_ITEM('color',(#12192),#7702);
#12192 = PRESENTATION_STYLE_ASSIGNMENT((#12193,#12198));
#12193 = SURFACE_STYLE_USAGE(.BOTH.,#12194);
#12194 = SURFACE_SIDE_STYLE('',(#12195));
#12195 = SURFACE_STYLE_FILL_AREA(#12196);
#12196 = FILL_AREA_STYLE('',(#12197));
#12197 = FILL_AREA_STYLE_COLOUR('',#12125);
#12198 = CURVE_STYLE('',#12199,POSITIVE_LENGTH_MEASURE(0.1),#12125);
#12199 = DRAUGHTING_PRE_DEFINED_CURVE_FONT('continuous');
#12200 = STYLED_ITEM('color',(#12201),#7725);
#12201 = PRESENTATION_STYLE_ASSIGNMENT((#12202,#12207));
#12202 = SURFACE_STYLE_USAGE(.BOTH.,#12203);
#12203 = SURFACE_SIDE_STYLE('',(#12204));
#12204 = SURFACE_STYLE_FILL_AREA(#12205);
#12205 = FILL_AREA_STYLE('',(#12206));
#12206 = FILL_AREA_STYLE_COLOUR('',#12125);
#12207 = CURVE_STYLE('',#12208,POSITIVE_LENGTH_MEASURE(0.1),#12125);
#12208 = DRAUGHTING_PRE_DEFINED_CURVE_FONT('continuous');
#12209 = STYLED_ITEM('color',(#12210),#7742);
#12210 = PRESENTATION_STYLE_ASSIGNMENT((#12211,#12216));
#12211 = SURFACE_STYLE_USAGE(.BOTH.,#12212);
#12212 = SURFACE_SIDE_STYLE('',(#12213));
#12213 = SURFACE_STYLE_FILL_AREA(#12214);
#12214 = FILL_AREA_STYLE('',(#12215));
#12215 = FILL_AREA_STYLE_COLOUR('',#12125);
#12216 = CURVE_STYLE('',#12217,POSITIVE_LENGTH_MEASURE(0.1),#12125);
#12217 = DRAUGHTING_PRE_DEFINED_CURVE_FONT('continuous');
#12218 = STYLED_ITEM('color',(#12219),#7765);
#12219 = PRESENTATION_STYLE_ASSIGNMENT((#12220,#12225));
#12220 = SURFACE_STYLE_USAGE(.BOTH.,#12221);
#12221 = SURFACE_SIDE_STYLE('',(#12222));
#12222 = SURFACE_STYLE_FILL_AREA(#12223);
#12223 = FILL_AREA_STYLE('',(#12224));
#12224 = FILL_AREA_STYLE_COLOUR('',#12125);
#12225 = CURVE_STYLE('',#12226,POSITIVE_LENGTH_MEASURE(0.1),#12125);
#12226 = DRAUGHTING_PRE_DEFINED_CURVE_FONT('continuous');
#12227 = STYLED_ITEM('color',(#12228),#7853);
#12228 = PRESENTATION_STYLE_ASSIGNMENT((#12229,#12234));
#12229 = SURFACE_STYLE_USAGE(.BOTH.,#12230);
#12230 = SURFACE_SIDE_STYLE('',(#12231));
#12231 = SURFACE_STYLE_FILL_AREA(#12232);
#12232 = FILL_AREA_STYLE('',(#12233));
#12233 = FILL_AREA_STYLE_COLOUR('',#12125);
#12234 = CURVE_STYLE('',#12235,POSITIVE_LENGTH_MEASURE(0.1),#12125);
#12235 = DRAUGHTING_PRE_DEFINED_CURVE_FONT('continuous');
#12236 = STYLED_ITEM('color',(#12237),#7869);
#12237 = PRESENTATION_STYLE_ASSIGNMENT((#12238,#12243));
#12238 = SURFACE_STYLE_USAGE(.BOTH.,#12239);
#12239 = SURFACE_SIDE_STYLE('',(#12240));
#12240 = SURFACE_STYLE_FILL_AREA(#12241);
#12241 = FILL_AREA_STYLE('',(#12242));
#12242 = FILL_AREA_STYLE_COLOUR('',#12125);
#12243 = CURVE_STYLE('',#12244,POSITIVE_LENGTH_MEASURE(0.1),#12125);
#12244 = DRAUGHTING_PRE_DEFINED_CURVE_FONT('continuous');
#12245 = STYLED_ITEM('color',(#12246),#7899);
#12246 = PRESENTATION_STYLE_ASSIGNMENT((#12247,#12252));
#12247 = SURFACE_STYLE_USAGE(.BOTH.,#12248);
#12248 = SURFACE_SIDE_STYLE('',(#12249));
#12249 = SURFACE_STYLE_FILL_AREA(#12250);
#12250 = FILL_AREA_STYLE('',(#12251));
#12251 = FILL_AREA_STYLE_COLOUR('',#11939);
#12252 = CURVE_STYLE('',#12253,POSITIVE_LENGTH_MEASURE(0.1),#11939);
#12253 = DRAUGHTING_PRE_DEFINED_CURVE_FONT('continuous');
#12254 = STYLED_ITEM('color',(#12255),#7930);
#12255 = PRESENTATION_STYLE_ASSIGNMENT((#12256,#12261));
#12256 = SURFACE_STYLE_USAGE(.BOTH.,#12257);
#12257 = SURFACE_SIDE_STYLE('',(#12258));
#12258 = SURFACE_STYLE_FILL_AREA(#12259);
#12259 = FILL_AREA_STYLE('',(#12260));
#12260 = FILL_AREA_STYLE_COLOUR('',#12125);
#12261 = CURVE_STYLE('',#12262,POSITIVE_LENGTH_MEASURE(0.1),#12125);
#12262 = DRAUGHTING_PRE_DEFINED_CURVE_FONT('continuous');
#12263 = STYLED_ITEM('color',(#12264),#7961);
#12264 = PRESENTATION_STYLE_ASSIGNMENT((#12265,#12270));
#12265 = SURFACE_STYLE_USAGE(.BOTH.,#12266);
#12266 = SURFACE_SIDE_STYLE('',(#12267));
#12267 = SURFACE_STYLE_FILL_AREA(#12268);
#12268 = FILL_AREA_STYLE('',(#12269));
#12269 = FILL_AREA_STYLE_COLOUR('',#11939);
#12270 = CURVE_STYLE('',#12271,POSITIVE_LENGTH_MEASURE(0.1),#11939);
#12271 = DRAUGHTING_PRE_DEFINED_CURVE_FONT('continuous');
#12272 = STYLED_ITEM('color',(#12273),#7992);
#12273 = PRESENTATION_STYLE_ASSIGNMENT((#12274,#12279));
#12274 = SURFACE_STYLE_USAGE(.BOTH.,#12275);
#12275 = SURFACE_SIDE_STYLE('',(#12276));
#12276 = SURFACE_STYLE_FILL_AREA(#12277);
#12277 = FILL_AREA_STYLE('',(#12278));
#12278 = FILL_AREA_STYLE_COLOUR('',#12125);
#12279 = CURVE_STYLE('',#12280,POSITIVE_LENGTH_MEASURE(0.1),#12125);
#12280 = DRAUGHTING_PRE_DEFINED_CURVE_FONT('continuous');
#12281 = STYLED_ITEM('color',(#12282),#8023);
#12282 = PRESENTATION_STYLE_ASSIGNMENT((#12283,#12288));
#12283 = SURFACE_STYLE_USAGE(.BOTH.,#12284);
#12284 = SURFACE_SIDE_STYLE('',(#12285));
#12285 = SURFACE_STYLE_FILL_AREA(#12286);
#12286 = FILL_AREA_STYLE('',(#12287));
#12287 = FILL_AREA_STYLE_COLOUR('',#11939);
#12288 = CURVE_STYLE('',#12289,POSITIVE_LENGTH_MEASURE(0.1),#11939);
#12289 = DRAUGHTING_PRE_DEFINED_CURVE_FONT('continuous');
#12290 = STYLED_ITEM('color',(#12291),#8054);
#12291 = PRESENTATION_STYLE_ASSIGNMENT((#12292,#12297));
#12292 = SURFACE_STYLE_USAGE(.BOTH.,#12293);
#12293 = SURFACE_SIDE_STYLE('',(#12294));
#12294 = SURFACE_STYLE_FILL_AREA(#12295);
#12295 = FILL_AREA_STYLE('',(#12296));
#12296 = FILL_AREA_STYLE_COLOUR('',#12125);
#12297 = CURVE_STYLE('',#12298,POSITIVE_LENGTH_MEASURE(0.1),#12125);
#12298 = DRAUGHTING_PRE_DEFINED_CURVE_FONT('continuous');
#12299 = STYLED_ITEM('color',(#12300),#8071);
#12300 = PRESENTATION_STYLE_ASSIGNMENT((#12301,#12306));
#12301 = SURFACE_STYLE_USAGE(.BOTH.,#12302);
#12302 = SURFACE_SIDE_STYLE('',(#12303));
#12303 = SURFACE_STYLE_FILL_AREA(#12304);
#12304 = FILL_AREA_STYLE('',(#12305));
#12305 = FILL_AREA_STYLE_COLOUR('',#12125);
#12306 = CURVE_STYLE('',#12307,POSITIVE_LENGTH_MEASURE(0.1),#12125);
#12307 = DRAUGHTING_PRE_DEFINED_CURVE_FONT('continuous');
#12308 = STYLED_ITEM('color',(#12309),#8088);
#12309 = PRESENTATION_STYLE_ASSIGNMENT((#12310,#12315));
#12310 = SURFACE_STYLE_USAGE(.BOTH.,#12311);
#12311 = SURFACE_SIDE_STYLE('',(#12312));
#12312 = SURFACE_STYLE_FILL_AREA(#12313);
#12313 = FILL_AREA_STYLE('',(#12314));
#12314 = FILL_AREA_STYLE_COLOUR('',#11939);
#12315 = CURVE_STYLE('',#12316,POSITIVE_LENGTH_MEASURE(0.1),#11939);
#12316 = DRAUGHTING_PRE_DEFINED_CURVE_FONT('continuous');
#12317 = STYLED_ITEM('color',(#12318),#8119);
#12318 = PRESENTATION_STYLE_ASSIGNMENT((#12319,#12324));
#12319 = SURFACE_STYLE_USAGE(.BOTH.,#12320);
#12320 = SURFACE_SIDE_STYLE('',(#12321));
#12321 = SURFACE_STYLE_FILL_AREA(#12322);
#12322 = FILL_AREA_STYLE('',(#12323));
#12323 = FILL_AREA_STYLE_COLOUR('',#12125);
#12324 = CURVE_STYLE('',#12325,POSITIVE_LENGTH_MEASURE(0.1),#12125);
#12325 = DRAUGHTING_PRE_DEFINED_CURVE_FONT('continuous');
#12326 = STYLED_ITEM('color',(#12327),#8150);
#12327 = PRESENTATION_STYLE_ASSIGNMENT((#12328,#12333));
#12328 = SURFACE_STYLE_USAGE(.BOTH.,#12329);
#12329 = SURFACE_SIDE_STYLE('',(#12330));
#12330 = SURFACE_STYLE_FILL_AREA(#12331);
#12331 = FILL_AREA_STYLE('',(#12332));
#12332 = FILL_AREA_STYLE_COLOUR('',#11939);
#12333 = CURVE_STYLE('',#12334,POSITIVE_LENGTH_MEASURE(0.1),#11939);
#12334 = DRAUGHTING_PRE_DEFINED_CURVE_FONT('continuous');
#12335 = STYLED_ITEM('color',(#12336),#8181);
#12336 = PRESENTATION_STYLE_ASSIGNMENT((#12337,#12342));
#12337 = SURFACE_STYLE_USAGE(.BOTH.,#12338);
#12338 = SURFACE_SIDE_STYLE('',(#12339));
#12339 = SURFACE_STYLE_FILL_AREA(#12340);
#12340 = FILL_AREA_STYLE('',(#12341));
#12341 = FILL_AREA_STYLE_COLOUR('',#12125);
#12342 = CURVE_STYLE('',#12343,POSITIVE_LENGTH_MEASURE(0.1),#12125);
#12343 = DRAUGHTING_PRE_DEFINED_CURVE_FONT('continuous');
#12344 = STYLED_ITEM('color',(#12345),#8211);
#12345 = PRESENTATION_STYLE_ASSIGNMENT((#12346,#12351));
#12346 = SURFACE_STYLE_USAGE(.BOTH.,#12347);
#12347 = SURFACE_SIDE_STYLE('',(#12348));
#12348 = SURFACE_STYLE_FILL_AREA(#12349);
#12349 = FILL_AREA_STYLE('',(#12350));
#12350 = FILL_AREA_STYLE_COLOUR('',#12125);
#12351 = CURVE_STYLE('',#12352,POSITIVE_LENGTH_MEASURE(0.1),#12125);
#12352 = DRAUGHTING_PRE_DEFINED_CURVE_FONT('continuous');
#12353 = STYLED_ITEM('color',(#12354),#8234);
#12354 = PRESENTATION_STYLE_ASSIGNMENT((#12355,#12360));
#12355 = SURFACE_STYLE_USAGE(.BOTH.,#12356);
#12356 = SURFACE_SIDE_STYLE('',(#12357));
#12357 = SURFACE_STYLE_FILL_AREA(#12358);
#12358 = FILL_AREA_STYLE('',(#12359));
#12359 = FILL_AREA_STYLE_COLOUR('',#12125);
#12360 = CURVE_STYLE('',#12361,POSITIVE_LENGTH_MEASURE(0.1),#12125);
#12361 = DRAUGHTING_PRE_DEFINED_CURVE_FONT('continuous');
#12362 = STYLED_ITEM('color',(#12363),#8257);
#12363 = PRESENTATION_STYLE_ASSIGNMENT((#12364,#12369));
#12364 = SURFACE_STYLE_USAGE(.BOTH.,#12365);
#12365 = SURFACE_SIDE_STYLE('',(#12366));
#12366 = SURFACE_STYLE_FILL_AREA(#12367);
#12367 = FILL_AREA_STYLE('',(#12368));
#12368 = FILL_AREA_STYLE_COLOUR('',#12125);
#12369 = CURVE_STYLE('',#12370,POSITIVE_LENGTH_MEASURE(0.1),#12125);
#12370 = DRAUGHTING_PRE_DEFINED_CURVE_FONT('continuous');
#12371 = STYLED_ITEM('color',(#12372),#8274);
#12372 = PRESENTATION_STYLE_ASSIGNMENT((#12373,#12378));
#12373 = SURFACE_STYLE_USAGE(.BOTH.,#12374);
#12374 = SURFACE_SIDE_STYLE('',(#12375));
#12375 = SURFACE_STYLE_FILL_AREA(#12376);
#12376 = FILL_AREA_STYLE('',(#12377));
#12377 = FILL_AREA_STYLE_COLOUR('',#11939);
#12378 = CURVE_STYLE('',#12379,POSITIVE_LENGTH_MEASURE(0.1),#11939);
#12379 = DRAUGHTING_PRE_DEFINED_CURVE_FONT('continuous');
#12380 = STYLED_ITEM('color',(#12381),#8319);
#12381 = PRESENTATION_STYLE_ASSIGNMENT((#12382,#12387));
#12382 = SURFACE_STYLE_USAGE(.BOTH.,#12383);
#12383 = SURFACE_SIDE_STYLE('',(#12384));
#12384 = SURFACE_STYLE_FILL_AREA(#12385);
#12385 = FILL_AREA_STYLE('',(#12386));
#12386 = FILL_AREA_STYLE_COLOUR('',#12125);
#12387 = CURVE_STYLE('',#12388,POSITIVE_LENGTH_MEASURE(0.1),#12125);
#12388 = DRAUGHTING_PRE_DEFINED_CURVE_FONT('continuous');
#12389 = STYLED_ITEM('color',(#12390),#8389);
#12390 = PRESENTATION_STYLE_ASSIGNMENT((#12391,#12396));
#12391 = SURFACE_STYLE_USAGE(.BOTH.,#12392);
#12392 = SURFACE_SIDE_STYLE('',(#12393));
#12393 = SURFACE_STYLE_FILL_AREA(#12394);
#12394 = FILL_AREA_STYLE('',(#12395));
#12395 = FILL_AREA_STYLE_COLOUR('',#12125);
#12396 = CURVE_STYLE('',#12397,POSITIVE_LENGTH_MEASURE(0.1),#12125);
#12397 = DRAUGHTING_PRE_DEFINED_CURVE_FONT('continuous');
#12398 = STYLED_ITEM('color',(#12399),#8412);
#12399 = PRESENTATION_STYLE_ASSIGNMENT((#12400,#12405));
#12400 = SURFACE_STYLE_USAGE(.BOTH.,#12401);
#12401 = SURFACE_SIDE_STYLE('',(#12402));
#12402 = SURFACE_STYLE_FILL_AREA(#12403);
#12403 = FILL_AREA_STYLE('',(#12404));
#12404 = FILL_AREA_STYLE_COLOUR('',#12125);
#12405 = CURVE_STYLE('',#12406,POSITIVE_LENGTH_MEASURE(0.1),#12125);
#12406 = DRAUGHTING_PRE_DEFINED_CURVE_FONT('continuous');
#12407 = STYLED_ITEM('color',(#12408),#8435);
#12408 = PRESENTATION_STYLE_ASSIGNMENT((#12409,#12414));
#12409 = SURFACE_STYLE_USAGE(.BOTH.,#12410);
#12410 = SURFACE_SIDE_STYLE('',(#12411));
#12411 = SURFACE_STYLE_FILL_AREA(#12412);
#12412 = FILL_AREA_STYLE('',(#12413));
#12413 = FILL_AREA_STYLE_COLOUR('',#12125);
#12414 = CURVE_STYLE('',#12415,POSITIVE_LENGTH_MEASURE(0.1),#12125);
#12415 = DRAUGHTING_PRE_DEFINED_CURVE_FONT('continuous');
#12416 = STYLED_ITEM('color',(#12417),#8458);
#12417 = PRESENTATION_STYLE_ASSIGNMENT((#12418,#12423));
#12418 = SURFACE_STYLE_USAGE(.BOTH.,#12419);
#12419 = SURFACE_SIDE_STYLE('',(#12420));
#12420 = SURFACE_STYLE_FILL_AREA(#12421);
#12421 = FILL_AREA_STYLE('',(#12422));
#12422 = FILL_AREA_STYLE_COLOUR('',#12125);
#12423 = CURVE_STYLE('',#12424,POSITIVE_LENGTH_MEASURE(0.1),#12125);
#12424 = DRAUGHTING_PRE_DEFINED_CURVE_FONT('continuous');
#12425 = STYLED_ITEM('color',(#12426),#8513);
#12426 = PRESENTATION_STYLE_ASSIGNMENT((#12427,#12432));
#12427 = SURFACE_STYLE_USAGE(.BOTH.,#12428);
#12428 = SURFACE_SIDE_STYLE('',(#12429));
#12429 = SURFACE_STYLE_FILL_AREA(#12430);
#12430 = FILL_AREA_STYLE('',(#12431));
#12431 = FILL_AREA_STYLE_COLOUR('',#11939);
#12432 = CURVE_STYLE('',#12433,POSITIVE_LENGTH_MEASURE(0.1),#11939);
#12433 = DRAUGHTING_PRE_DEFINED_CURVE_FONT('continuous');
#12434 = STYLED_ITEM('color',(#12435),#8551);
#12435 = PRESENTATION_STYLE_ASSIGNMENT((#12436,#12441));
#12436 = SURFACE_STYLE_USAGE(.BOTH.,#12437);
#12437 = SURFACE_SIDE_STYLE('',(#12438));
#12438 = SURFACE_STYLE_FILL_AREA(#12439);
#12439 = FILL_AREA_STYLE('',(#12440));
#12440 = FILL_AREA_STYLE_COLOUR('',#12125);
#12441 = CURVE_STYLE('',#12442,POSITIVE_LENGTH_MEASURE(0.1),#12125);
#12442 = DRAUGHTING_PRE_DEFINED_CURVE_FONT('continuous');
#12443 = STYLED_ITEM('color',(#12444),#8600);
#12444 = PRESENTATION_STYLE_ASSIGNMENT((#12445,#12450));
#12445 = SURFACE_STYLE_USAGE(.BOTH.,#12446);
#12446 = SURFACE_SIDE_STYLE('',(#12447));
#12447 = SURFACE_STYLE_FILL_AREA(#12448);
#12448 = FILL_AREA_STYLE('',(#12449));
#12449 = FILL_AREA_STYLE_COLOUR('',#11939);
#12450 = CURVE_STYLE('',#12451,POSITIVE_LENGTH_MEASURE(0.1),#11939);
#12451 = DRAUGHTING_PRE_DEFINED_CURVE_FONT('continuous');
#12452 = STYLED_ITEM('color',(#12453),#8692);
#12453 = PRESENTATION_STYLE_ASSIGNMENT((#12454,#12459));
#12454 = SURFACE_STYLE_USAGE(.BOTH.,#12455);
#12455 = SURFACE_SIDE_STYLE('',(#12456));
#12456 = SURFACE_STYLE_FILL_AREA(#12457);
#12457 = FILL_AREA_STYLE('',(#12458));
#12458 = FILL_AREA_STYLE_COLOUR('',#11939);
#12459 = CURVE_STYLE('',#12460,POSITIVE_LENGTH_MEASURE(0.1),#11939);
#12460 = DRAUGHTING_PRE_DEFINED_CURVE_FONT('continuous');
#12461 = STYLED_ITEM('color',(#12462),#8717);
#12462 = PRESENTATION_STYLE_ASSIGNMENT((#12463,#12468));
#12463 = SURFACE_STYLE_USAGE(.BOTH.,#12464);
#12464 = SURFACE_SIDE_STYLE('',(#12465));
#12465 = SURFACE_STYLE_FILL_AREA(#12466);
#12466 = FILL_AREA_STYLE('',(#12467));
#12467 = FILL_AREA_STYLE_COLOUR('',#11939);
#12468 = CURVE_STYLE('',#12469,POSITIVE_LENGTH_MEASURE(0.1),#11939);
#12469 = DRAUGHTING_PRE_DEFINED_CURVE_FONT('continuous');
#12470 = STYLED_ITEM('color',(#12471),#8801);
#12471 = PRESENTATION_STYLE_ASSIGNMENT((#12472,#12477));
#12472 = SURFACE_STYLE_USAGE(.BOTH.,#12473);
#12473 = SURFACE_SIDE_STYLE('',(#12474));
#12474 = SURFACE_STYLE_FILL_AREA(#12475);
#12475 = FILL_AREA_STYLE('',(#12476));
#12476 = FILL_AREA_STYLE_COLOUR('',#12125);
#12477 = CURVE_STYLE('',#12478,POSITIVE_LENGTH_MEASURE(0.1),#12125);
#12478 = DRAUGHTING_PRE_DEFINED_CURVE_FONT('continuous');
#12479 = STYLED_ITEM('color',(#12480),#8823);
#12480 = PRESENTATION_STYLE_ASSIGNMENT((#12481,#12486));
#12481 = SURFACE_STYLE_USAGE(.BOTH.,#12482);
#12482 = SURFACE_SIDE_STYLE('',(#12483));
#12483 = SURFACE_STYLE_FILL_AREA(#12484);
#12484 = FILL_AREA_STYLE('',(#12485));
#12485 = FILL_AREA_STYLE_COLOUR('',#11939);
#12486 = CURVE_STYLE('',#12487,POSITIVE_LENGTH_MEASURE(0.1),#11939);
#12487 = DRAUGHTING_PRE_DEFINED_CURVE_FONT('continuous');
#12488 = STYLED_ITEM('color',(#12489),#8915);
#12489 = PRESENTATION_STYLE_ASSIGNMENT((#12490,#12495));
#12490 = SURFACE_STYLE_USAGE(.BOTH.,#12491);
#12491 = SURFACE_SIDE_STYLE('',(#12492));
#12492 = SURFACE_STYLE_FILL_AREA(#12493);
#12493 = FILL_AREA_STYLE('',(#12494));
#12494 = FILL_AREA_STYLE_COLOUR('',#11939);
#12495 = CURVE_STYLE('',#12496,POSITIVE_LENGTH_MEASURE(0.1),#11939);
#12496 = DRAUGHTING_PRE_DEFINED_CURVE_FONT('continuous');
#12497 = STYLED_ITEM('color',(#12498),#8940);
#12498 = PRESENTATION_STYLE_ASSIGNMENT((#12499,#12504));
#12499 = SURFACE_STYLE_USAGE(.BOTH.,#12500);
#12500 = SURFACE_SIDE_STYLE('',(#12501));
#12501 = SURFACE_STYLE_FILL_AREA(#12502);
#12502 = FILL_AREA_STYLE('',(#12503));
#12503 = FILL_AREA_STYLE_COLOUR('',#11939);
#12504 = CURVE_STYLE('',#12505,POSITIVE_LENGTH_MEASURE(0.1),#11939);
#12505 = DRAUGHTING_PRE_DEFINED_CURVE_FONT('continuous');
#12506 = STYLED_ITEM('color',(#12507),#9024);
#12507 = PRESENTATION_STYLE_ASSIGNMENT((#12508,#12513));
#12508 = SURFACE_STYLE_USAGE(.BOTH.,#12509);
#12509 = SURFACE_SIDE_STYLE('',(#12510));
#12510 = SURFACE_STYLE_FILL_AREA(#12511);
#12511 = FILL_AREA_STYLE('',(#12512));
#12512 = FILL_AREA_STYLE_COLOUR('',#12125);
#12513 = CURVE_STYLE('',#12514,POSITIVE_LENGTH_MEASURE(0.1),#12125);
#12514 = DRAUGHTING_PRE_DEFINED_CURVE_FONT('continuous');
#12515 = STYLED_ITEM('color',(#12516),#9041);
#12516 = PRESENTATION_STYLE_ASSIGNMENT((#12517,#12522));
#12517 = SURFACE_STYLE_USAGE(.BOTH.,#12518);
#12518 = SURFACE_SIDE_STYLE('',(#12519));
#12519 = SURFACE_STYLE_FILL_AREA(#12520);
#12520 = FILL_AREA_STYLE('',(#12521));
#12521 = FILL_AREA_STYLE_COLOUR('',#11939);
#12522 = CURVE_STYLE('',#12523,POSITIVE_LENGTH_MEASURE(0.1),#11939);
#12523 = DRAUGHTING_PRE_DEFINED_CURVE_FONT('continuous');
#12524 = STYLED_ITEM('color',(#12525),#9126);
#12525 = PRESENTATION_STYLE_ASSIGNMENT((#12526,#12531));
#12526 = SURFACE_STYLE_USAGE(.BOTH.,#12527);
#12527 = SURFACE_SIDE_STYLE('',(#12528));
#12528 = SURFACE_STYLE_FILL_AREA(#12529);
#12529 = FILL_AREA_STYLE('',(#12530));
#12530 = FILL_AREA_STYLE_COLOUR('',#11939);
#12531 = CURVE_STYLE('',#12532,POSITIVE_LENGTH_MEASURE(0.1),#11939);
#12532 = DRAUGHTING_PRE_DEFINED_CURVE_FONT('continuous');
#12533 = STYLED_ITEM('color',(#12534),#9151);
#12534 = PRESENTATION_STYLE_ASSIGNMENT((#12535,#12540));
#12535 = SURFACE_STYLE_USAGE(.BOTH.,#12536);
#12536 = SURFACE_SIDE_STYLE('',(#12537));
#12537 = SURFACE_STYLE_FILL_AREA(#12538);
#12538 = FILL_AREA_STYLE('',(#12539));
#12539 = FILL_AREA_STYLE_COLOUR('',#11939);
#12540 = CURVE_STYLE('',#12541,POSITIVE_LENGTH_MEASURE(0.1),#11939);
#12541 = DRAUGHTING_PRE_DEFINED_CURVE_FONT('continuous');
#12542 = STYLED_ITEM('color',(#12543),#9228);
#12543 = PRESENTATION_STYLE_ASSIGNMENT((#12544,#12549));
#12544 = SURFACE_STYLE_USAGE(.BOTH.,#12545);
#12545 = SURFACE_SIDE_STYLE('',(#12546));
#12546 = SURFACE_STYLE_FILL_AREA(#12547);
#12547 = FILL_AREA_STYLE('',(#12548));
#12548 = FILL_AREA_STYLE_COLOUR('',#11939);
#12549 = CURVE_STYLE('',#12550,POSITIVE_LENGTH_MEASURE(0.1),#11939);
#12550 = DRAUGHTING_PRE_DEFINED_CURVE_FONT('continuous');
#12551 = STYLED_ITEM('color',(#12552),#9313);
#12552 = PRESENTATION_STYLE_ASSIGNMENT((#12553,#12558));
#12553 = SURFACE_STYLE_USAGE(.BOTH.,#12554);
#12554 = SURFACE_SIDE_STYLE('',(#12555));
#12555 = SURFACE_STYLE_FILL_AREA(#12556);
#12556 = FILL_AREA_STYLE('',(#12557));
#12557 = FILL_AREA_STYLE_COLOUR('',#11939);
#12558 = CURVE_STYLE('',#12559,POSITIVE_LENGTH_MEASURE(0.1),#11939);
#12559 = DRAUGHTING_PRE_DEFINED_CURVE_FONT('continuous');
#12560 = STYLED_ITEM('color',(#12561),#9338);
#12561 = PRESENTATION_STYLE_ASSIGNMENT((#12562,#12567));
#12562 = SURFACE_STYLE_USAGE(.BOTH.,#12563);
#12563 = SURFACE_SIDE_STYLE('',(#12564));
#12564 = SURFACE_STYLE_FILL_AREA(#12565);
#12565 = FILL_AREA_STYLE('',(#12566));
#12566 = FILL_AREA_STYLE_COLOUR('',#11939);
#12567 = CURVE_STYLE('',#12568,POSITIVE_LENGTH_MEASURE(0.1),#11939);
#12568 = DRAUGHTING_PRE_DEFINED_CURVE_FONT('continuous');
#12569 = STYLED_ITEM('color',(#12570),#9415);
#12570 = PRESENTATION_STYLE_ASSIGNMENT((#12571,#12576));
#12571 = SURFACE_STYLE_USAGE(.BOTH.,#12572);
#12572 = SURFACE_SIDE_STYLE('',(#12573));
#12573 = SURFACE_STYLE_FILL_AREA(#12574);
#12574 = FILL_AREA_STYLE('',(#12575));
#12575 = FILL_AREA_STYLE_COLOUR('',#12125);
#12576 = CURVE_STYLE('',#12577,POSITIVE_LENGTH_MEASURE(0.1),#12125);
#12577 = DRAUGHTING_PRE_DEFINED_CURVE_FONT('continuous');
#12578 = STYLED_ITEM('color',(#12579),#9432);
#12579 = PRESENTATION_STYLE_ASSIGNMENT((#12580,#12585));
#12580 = SURFACE_STYLE_USAGE(.BOTH.,#12581);
#12581 = SURFACE_SIDE_STYLE('',(#12582));
#12582 = SURFACE_STYLE_FILL_AREA(#12583);
#12583 = FILL_AREA_STYLE('',(#12584));
#12584 = FILL_AREA_STYLE_COLOUR('',#11939);
#12585 = CURVE_STYLE('',#12586,POSITIVE_LENGTH_MEASURE(0.1),#11939);
#12586 = DRAUGHTING_PRE_DEFINED_CURVE_FONT('continuous');
#12587 = STYLED_ITEM('color',(#12588),#9524);
#12588 = PRESENTATION_STYLE_ASSIGNMENT((#12589,#12594));
#12589 = SURFACE_STYLE_USAGE(.BOTH.,#12590);
#12590 = SURFACE_SIDE_STYLE('',(#12591));
#12591 = SURFACE_STYLE_FILL_AREA(#12592);
#12592 = FILL_AREA_STYLE('',(#12593));
#12593 = FILL_AREA_STYLE_COLOUR('',#11939);
#12594 = CURVE_STYLE('',#12595,POSITIVE_LENGTH_MEASURE(0.1),#11939);
#12595 = DRAUGHTING_PRE_DEFINED_CURVE_FONT('continuous');
#12596 = STYLED_ITEM('color',(#12597),#9549);
#12597 = PRESENTATION_STYLE_ASSIGNMENT((#12598,#12603));
#12598 = SURFACE_STYLE_USAGE(.BOTH.,#12599);
#12599 = SURFACE_SIDE_STYLE('',(#12600));
#12600 = SURFACE_STYLE_FILL_AREA(#12601);
#12601 = FILL_AREA_STYLE('',(#12602));
#12602 = FILL_AREA_STYLE_COLOUR('',#11939);
#12603 = CURVE_STYLE('',#12604,POSITIVE_LENGTH_MEASURE(0.1),#11939);
#12604 = DRAUGHTING_PRE_DEFINED_CURVE_FONT('continuous');
#12605 = STYLED_ITEM('color',(#12606),#9633);
#12606 = PRESENTATION_STYLE_ASSIGNMENT((#12607,#12612));
#12607 = SURFACE_STYLE_USAGE(.BOTH.,#12608);
#12608 = SURFACE_SIDE_STYLE('',(#12609));
#12609 = SURFACE_STYLE_FILL_AREA(#12610);
#12610 = FILL_AREA_STYLE('',(#12611));
#12611 = FILL_AREA_STYLE_COLOUR('',#11939);
#12612 = CURVE_STYLE('',#12613,POSITIVE_LENGTH_MEASURE(0.1),#11939);
#12613 = DRAUGHTING_PRE_DEFINED_CURVE_FONT('continuous');
#12614 = STYLED_ITEM('color',(#12615),#9650);
#12615 = PRESENTATION_STYLE_ASSIGNMENT((#12616,#12621));
#12616 = SURFACE_STYLE_USAGE(.BOTH.,#12617);
#12617 = SURFACE_SIDE_STYLE('',(#12618));
#12618 = SURFACE_STYLE_FILL_AREA(#12619);
#12619 = FILL_AREA_STYLE('',(#12620));
#12620 = FILL_AREA_STYLE_COLOUR('',#11939);
#12621 = CURVE_STYLE('',#12622,POSITIVE_LENGTH_MEASURE(0.1),#11939);
#12622 = DRAUGHTING_PRE_DEFINED_CURVE_FONT('continuous');
#12623 = STYLED_ITEM('color',(#12624),#9669);
#12624 = PRESENTATION_STYLE_ASSIGNMENT((#12625,#12630));
#12625 = SURFACE_STYLE_USAGE(.BOTH.,#12626);
#12626 = SURFACE_SIDE_STYLE('',(#12627));
#12627 = SURFACE_STYLE_FILL_AREA(#12628);
#12628 = FILL_AREA_STYLE('',(#12629));
#12629 = FILL_AREA_STYLE_COLOUR('',#11939);
#12630 = CURVE_STYLE('',#12631,POSITIVE_LENGTH_MEASURE(0.1),#11939);
#12631 = DRAUGHTING_PRE_DEFINED_CURVE_FONT('continuous');
#12632 = STYLED_ITEM('color',(#12633),#9688);
#12633 = PRESENTATION_STYLE_ASSIGNMENT((#12634,#12639));
#12634 = SURFACE_STYLE_USAGE(.BOTH.,#12635);
#12635 = SURFACE_SIDE_STYLE('',(#12636));
#12636 = SURFACE_STYLE_FILL_AREA(#12637);
#12637 = FILL_AREA_STYLE('',(#12638));
#12638 = FILL_AREA_STYLE_COLOUR('',#12125);
#12639 = CURVE_STYLE('',#12640,POSITIVE_LENGTH_MEASURE(0.1),#12125);
#12640 = DRAUGHTING_PRE_DEFINED_CURVE_FONT('continuous');
#12641 = STYLED_ITEM('color',(#12642),#9734);
#12642 = PRESENTATION_STYLE_ASSIGNMENT((#12643,#12648));
#12643 = SURFACE_STYLE_USAGE(.BOTH.,#12644);
#12644 = SURFACE_SIDE_STYLE('',(#12645));
#12645 = SURFACE_STYLE_FILL_AREA(#12646);
#12646 = FILL_AREA_STYLE('',(#12647));
#12647 = FILL_AREA_STYLE_COLOUR('',#12125);
#12648 = CURVE_STYLE('',#12649,POSITIVE_LENGTH_MEASURE(0.1),#12125);
#12649 = DRAUGHTING_PRE_DEFINED_CURVE_FONT('continuous');
#12650 = STYLED_ITEM('color',(#12651),#9750);
#12651 = PRESENTATION_STYLE_ASSIGNMENT((#12652,#12657));
#12652 = SURFACE_STYLE_USAGE(.BOTH.,#12653);
#12653 = SURFACE_SIDE_STYLE('',(#12654));
#12654 = SURFACE_STYLE_FILL_AREA(#12655);
#12655 = FILL_AREA_STYLE('',(#12656));
#12656 = FILL_AREA_STYLE_COLOUR('',#11939);
#12657 = CURVE_STYLE('',#12658,POSITIVE_LENGTH_MEASURE(0.1),#11939);
#12658 = DRAUGHTING_PRE_DEFINED_CURVE_FONT('continuous');
#12659 = STYLED_ITEM('color',(#12660),#9769);
#12660 = PRESENTATION_STYLE_ASSIGNMENT((#12661,#12666));
#12661 = SURFACE_STYLE_USAGE(.BOTH.,#12662);
#12662 = SURFACE_SIDE_STYLE('',(#12663));
#12663 = SURFACE_STYLE_FILL_AREA(#12664);
#12664 = FILL_AREA_STYLE('',(#12665));
#12665 = FILL_AREA_STYLE_COLOUR('',#12125);
#12666 = CURVE_STYLE('',#12667,POSITIVE_LENGTH_MEASURE(0.1),#12125);
#12667 = DRAUGHTING_PRE_DEFINED_CURVE_FONT('continuous');
#12668 = STYLED_ITEM('color',(#12669),#9785);
#12669 = PRESENTATION_STYLE_ASSIGNMENT((#12670,#12675));
#12670 = SURFACE_STYLE_USAGE(.BOTH.,#12671);
#12671 = SURFACE_SIDE_STYLE('',(#12672));
#12672 = SURFACE_STYLE_FILL_AREA(#12673);
#12673 = FILL_AREA_STYLE('',(#12674));
#12674 = FILL_AREA_STYLE_COLOUR('',#11939);
#12675 = CURVE_STYLE('',#12676,POSITIVE_LENGTH_MEASURE(0.1),#11939);
#12676 = DRAUGHTING_PRE_DEFINED_CURVE_FONT('continuous');
#12677 = STYLED_ITEM('color',(#12678),#9802);
#12678 = PRESENTATION_STYLE_ASSIGNMENT((#12679,#12684));
#12679 = SURFACE_STYLE_USAGE(.BOTH.,#12680);
#12680 = SURFACE_SIDE_STYLE('',(#12681));
#12681 = SURFACE_STYLE_FILL_AREA(#12682);
#12682 = FILL_AREA_STYLE('',(#12683));
#12683 = FILL_AREA_STYLE_COLOUR('',#12125);
#12684 = CURVE_STYLE('',#12685,POSITIVE_LENGTH_MEASURE(0.1),#12125);
#12685 = DRAUGHTING_PRE_DEFINED_CURVE_FONT('continuous');
#12686 = STYLED_ITEM('color',(#12687),#9814);
#12687 = PRESENTATION_STYLE_ASSIGNMENT((#12688,#12693));
#12688 = SURFACE_STYLE_USAGE(.BOTH.,#12689);
#12689 = SURFACE_SIDE_STYLE('',(#12690));
#12690 = SURFACE_STYLE_FILL_AREA(#12691);
#12691 = FILL_AREA_STYLE('',(#12692));
#12692 = FILL_AREA_STYLE_COLOUR('',#11939);
#12693 = CURVE_STYLE('',#12694,POSITIVE_LENGTH_MEASURE(0.1),#11939);
#12694 = DRAUGHTING_PRE_DEFINED_CURVE_FONT('continuous');
#12695 = STYLED_ITEM('color',(#12696),#9831);
#12696 = PRESENTATION_STYLE_ASSIGNMENT((#12697,#12702));
#12697 = SURFACE_STYLE_USAGE(.BOTH.,#12698);
#12698 = SURFACE_SIDE_STYLE('',(#12699));
#12699 = SURFACE_STYLE_FILL_AREA(#12700);
#12700 = FILL_AREA_STYLE('',(#12701));
#12701 = FILL_AREA_STYLE_COLOUR('',#11939);
#12702 = CURVE_STYLE('',#12703,POSITIVE_LENGTH_MEASURE(0.1),#11939);
#12703 = DRAUGHTING_PRE_DEFINED_CURVE_FONT('continuous');
#12704 = STYLED_ITEM('color',(#12705),#9848);
#12705 = PRESENTATION_STYLE_ASSIGNMENT((#12706,#12711));
#12706 = SURFACE_STYLE_USAGE(.BOTH.,#12707);
#12707 = SURFACE_SIDE_STYLE('',(#12708));
#12708 = SURFACE_STYLE_FILL_AREA(#12709);
#12709 = FILL_AREA_STYLE('',(#12710));
#12710 = FILL_AREA_STYLE_COLOUR('',#11939);
#12711 = CURVE_STYLE('',#12712,POSITIVE_LENGTH_MEASURE(0.1),#11939);
#12712 = DRAUGHTING_PRE_DEFINED_CURVE_FONT('continuous');
#12713 = STYLED_ITEM('color',(#12714),#9865);
#12714 = PRESENTATION_STYLE_ASSIGNMENT((#12715,#12720));
#12715 = SURFACE_STYLE_USAGE(.BOTH.,#12716);
#12716 = SURFACE_SIDE_STYLE('',(#12717));
#12717 = SURFACE_STYLE_FILL_AREA(#12718);
#12718 = FILL_AREA_STYLE('',(#12719));
#12719 = FILL_AREA_STYLE_COLOUR('',#11939);
#12720 = CURVE_STYLE('',#12721,POSITIVE_LENGTH_MEASURE(0.1),#11939);
#12721 = DRAUGHTING_PRE_DEFINED_CURVE_FONT('continuous');
#12722 = STYLED_ITEM('color',(#12723),#9882);
#12723 = PRESENTATION_STYLE_ASSIGNMENT((#12724,#12729));
#12724 = SURFACE_STYLE_USAGE(.BOTH.,#12725);
#12725 = SURFACE_SIDE_STYLE('',(#12726));
#12726 = SURFACE_STYLE_FILL_AREA(#12727);
#12727 = FILL_AREA_STYLE('',(#12728));
#12728 = FILL_AREA_STYLE_COLOUR('',#11939);
#12729 = CURVE_STYLE('',#12730,POSITIVE_LENGTH_MEASURE(0.1),#11939);
#12730 = DRAUGHTING_PRE_DEFINED_CURVE_FONT('continuous');
#12731 = STYLED_ITEM('color',(#12732),#9899);
#12732 = PRESENTATION_STYLE_ASSIGNMENT((#12733,#12738));
#12733 = SURFACE_STYLE_USAGE(.BOTH.,#12734);
#12734 = SURFACE_SIDE_STYLE('',(#12735));
#12735 = SURFACE_STYLE_FILL_AREA(#12736);
#12736 = FILL_AREA_STYLE('',(#12737));
#12737 = FILL_AREA_STYLE_COLOUR('',#11939);
#12738 = CURVE_STYLE('',#12739,POSITIVE_LENGTH_MEASURE(0.1),#11939);
#12739 = DRAUGHTING_PRE_DEFINED_CURVE_FONT('continuous');
#12740 = STYLED_ITEM('color',(#12741),#9916);
#12741 = PRESENTATION_STYLE_ASSIGNMENT((#12742,#12747));
#12742 = SURFACE_STYLE_USAGE(.BOTH.,#12743);
#12743 = SURFACE_SIDE_STYLE('',(#12744));
#12744 = SURFACE_STYLE_FILL_AREA(#12745);
#12745 = FILL_AREA_STYLE('',(#12746));
#12746 = FILL_AREA_STYLE_COLOUR('',#11939);
#12747 = CURVE_STYLE('',#12748,POSITIVE_LENGTH_MEASURE(0.1),#11939);
#12748 = DRAUGHTING_PRE_DEFINED_CURVE_FONT('continuous');
#12749 = STYLED_ITEM('color',(#12750),#9933);
#12750 = PRESENTATION_STYLE_ASSIGNMENT((#12751,#12756));
#12751 = SURFACE_STYLE_USAGE(.BOTH.,#12752);
#12752 = SURFACE_SIDE_STYLE('',(#12753));
#12753 = SURFACE_STYLE_FILL_AREA(#12754);
#12754 = FILL_AREA_STYLE('',(#12755));
#12755 = FILL_AREA_STYLE_COLOUR('',#11939);
#12756 = CURVE_STYLE('',#12757,POSITIVE_LENGTH_MEASURE(0.1),#11939);
#12757 = DRAUGHTING_PRE_DEFINED_CURVE_FONT('continuous');
#12758 = STYLED_ITEM('color',(#12759),#9945);
#12759 = PRESENTATION_STYLE_ASSIGNMENT((#12760,#12765));
#12760 = SURFACE_STYLE_USAGE(.BOTH.,#12761);
#12761 = SURFACE_SIDE_STYLE('',(#12762));
#12762 = SURFACE_STYLE_FILL_AREA(#12763);
#12763 = FILL_AREA_STYLE('',(#12764));
#12764 = FILL_AREA_STYLE_COLOUR('',#11939);
#12765 = CURVE_STYLE('',#12766,POSITIVE_LENGTH_MEASURE(0.1),#11939);
#12766 = DRAUGHTING_PRE_DEFINED_CURVE_FONT('continuous');
#12767 = STYLED_ITEM('color',(#12768),#9962);
#12768 = PRESENTATION_STYLE_ASSIGNMENT((#12769,#12774));
#12769 = SURFACE_STYLE_USAGE(.BOTH.,#12770);
#12770 = SURFACE_SIDE_STYLE('',(#12771));
#12771 = SURFACE_STYLE_FILL_AREA(#12772);
#12772 = FILL_AREA_STYLE('',(#12773));
#12773 = FILL_AREA_STYLE_COLOUR('',#11939);
#12774 = CURVE_STYLE('',#12775,POSITIVE_LENGTH_MEASURE(0.1),#11939);
#12775 = DRAUGHTING_PRE_DEFINED_CURVE_FONT('continuous');
#12776 = STYLED_ITEM('color',(#12777),#9979);
#12777 = PRESENTATION_STYLE_ASSIGNMENT((#12778,#12783));
#12778 = SURFACE_STYLE_USAGE(.BOTH.,#12779);
#12779 = SURFACE_SIDE_STYLE('',(#12780));
#12780 = SURFACE_STYLE_FILL_AREA(#12781);
#12781 = FILL_AREA_STYLE('',(#12782));
#12782 = FILL_AREA_STYLE_COLOUR('',#11939);
#12783 = CURVE_STYLE('',#12784,POSITIVE_LENGTH_MEASURE(0.1),#11939);
#12784 = DRAUGHTING_PRE_DEFINED_CURVE_FONT('continuous');
#12785 = STYLED_ITEM('color',(#12786),#9996);
#12786 = PRESENTATION_STYLE_ASSIGNMENT((#12787,#12792));
#12787 = SURFACE_STYLE_USAGE(.BOTH.,#12788);
#12788 = SURFACE_SIDE_STYLE('',(#12789));
#12789 = SURFACE_STYLE_FILL_AREA(#12790);
#12790 = FILL_AREA_STYLE('',(#12791));
#12791 = FILL_AREA_STYLE_COLOUR('',#11939);
#12792 = CURVE_STYLE('',#12793,POSITIVE_LENGTH_MEASURE(0.1),#11939);
#12793 = DRAUGHTING_PRE_DEFINED_CURVE_FONT('continuous');
#12794 = STYLED_ITEM('color',(#12795),#10013);
#12795 = PRESENTATION_STYLE_ASSIGNMENT((#12796,#12801));
#12796 = SURFACE_STYLE_USAGE(.BOTH.,#12797);
#12797 = SURFACE_SIDE_STYLE('',(#12798));
#12798 = SURFACE_STYLE_FILL_AREA(#12799);
#12799 = FILL_AREA_STYLE('',(#12800));
#12800 = FILL_AREA_STYLE_COLOUR('',#11939);
#12801 = CURVE_STYLE('',#12802,POSITIVE_LENGTH_MEASURE(0.1),#11939);
#12802 = DRAUGHTING_PRE_DEFINED_CURVE_FONT('continuous');
#12803 = STYLED_ITEM('color',(#12804),#10030);
#12804 = PRESENTATION_STYLE_ASSIGNMENT((#12805,#12810));
#12805 = SURFACE_STYLE_USAGE(.BOTH.,#12806);
#12806 = SURFACE_SIDE_STYLE('',(#12807));
#12807 = SURFACE_STYLE_FILL_AREA(#12808);
#12808 = FILL_AREA_STYLE('',(#12809));
#12809 = FILL_AREA_STYLE_COLOUR('',#11939);
#12810 = CURVE_STYLE('',#12811,POSITIVE_LENGTH_MEASURE(0.1),#11939);
#12811 = DRAUGHTING_PRE_DEFINED_CURVE_FONT('continuous');
#12812 = STYLED_ITEM('color',(#12813),#10047);
#12813 = PRESENTATION_STYLE_ASSIGNMENT((#12814,#12819));
#12814 = SURFACE_STYLE_USAGE(.BOTH.,#12815);
#12815 = SURFACE_SIDE_STYLE('',(#12816));
#12816 = SURFACE_STYLE_FILL_AREA(#12817);
#12817 = FILL_AREA_STYLE('',(#12818));
#12818 = FILL_AREA_STYLE_COLOUR('',#11939);
#12819 = CURVE_STYLE('',#12820,POSITIVE_LENGTH_MEASURE(0.1),#11939);
#12820 = DRAUGHTING_PRE_DEFINED_CURVE_FONT('continuous');
#12821 = STYLED_ITEM('color',(#12822),#10064);
#12822 = PRESENTATION_STYLE_ASSIGNMENT((#12823,#12828));
#12823 = SURFACE_STYLE_USAGE(.BOTH.,#12824);
#12824 = SURFACE_SIDE_STYLE('',(#12825));
#12825 = SURFACE_STYLE_FILL_AREA(#12826);
#12826 = FILL_AREA_STYLE('',(#12827));
#12827 = FILL_AREA_STYLE_COLOUR('',#11939);
#12828 = CURVE_STYLE('',#12829,POSITIVE_LENGTH_MEASURE(0.1),#11939);
#12829 = DRAUGHTING_PRE_DEFINED_CURVE_FONT('continuous');
#12830 = STYLED_ITEM('color',(#12831),#10076);
#12831 = PRESENTATION_STYLE_ASSIGNMENT((#12832,#12837));
#12832 = SURFACE_STYLE_USAGE(.BOTH.,#12833);
#12833 = SURFACE_SIDE_STYLE('',(#12834));
#12834 = SURFACE_STYLE_FILL_AREA(#12835);
#12835 = FILL_AREA_STYLE('',(#12836));
#12836 = FILL_AREA_STYLE_COLOUR('',#11939);
#12837 = CURVE_STYLE('',#12838,POSITIVE_LENGTH_MEASURE(0.1),#11939);
#12838 = DRAUGHTING_PRE_DEFINED_CURVE_FONT('continuous');
#12839 = STYLED_ITEM('color',(#12840),#10093);
#12840 = PRESENTATION_STYLE_ASSIGNMENT((#12841,#12846));
#12841 = SURFACE_STYLE_USAGE(.BOTH.,#12842);
#12842 = SURFACE_SIDE_STYLE('',(#12843));
#12843 = SURFACE_STYLE_FILL_AREA(#12844);
#12844 = FILL_AREA_STYLE('',(#12845));
#12845 = FILL_AREA_STYLE_COLOUR('',#11939);
#12846 = CURVE_STYLE('',#12847,POSITIVE_LENGTH_MEASURE(0.1),#11939);
#12847 = DRAUGHTING_PRE_DEFINED_CURVE_FONT('continuous');
#12848 = STYLED_ITEM('color',(#12849),#10110);
#12849 = PRESENTATION_STYLE_ASSIGNMENT((#12850,#12855));
#12850 = SURFACE_STYLE_USAGE(.BOTH.,#12851);
#12851 = SURFACE_SIDE_STYLE('',(#12852));
#12852 = SURFACE_STYLE_FILL_AREA(#12853);
#12853 = FILL_AREA_STYLE('',(#12854));
#12854 = FILL_AREA_STYLE_COLOUR('',#11939);
#12855 = CURVE_STYLE('',#12856,POSITIVE_LENGTH_MEASURE(0.1),#11939);
#12856 = DRAUGHTING_PRE_DEFINED_CURVE_FONT('continuous');
#12857 = STYLED_ITEM('color',(#12858),#10127);
#12858 = PRESENTATION_STYLE_ASSIGNMENT((#12859,#12864));
#12859 = SURFACE_STYLE_USAGE(.BOTH.,#12860);
#12860 = SURFACE_SIDE_STYLE('',(#12861));
#12861 = SURFACE_STYLE_FILL_AREA(#12862);
#12862 = FILL_AREA_STYLE('',(#12863));
#12863 = FILL_AREA_STYLE_COLOUR('',#11939);
#12864 = CURVE_STYLE('',#12865,POSITIVE_LENGTH_MEASURE(0.1),#11939);
#12865 = DRAUGHTING_PRE_DEFINED_CURVE_FONT('continuous');
#12866 = STYLED_ITEM('color',(#12867),#10144);
#12867 = PRESENTATION_STYLE_ASSIGNMENT((#12868,#12873));
#12868 = SURFACE_STYLE_USAGE(.BOTH.,#12869);
#12869 = SURFACE_SIDE_STYLE('',(#12870));
#12870 = SURFACE_STYLE_FILL_AREA(#12871);
#12871 = FILL_AREA_STYLE('',(#12872));
#12872 = FILL_AREA_STYLE_COLOUR('',#11939);
#12873 = CURVE_STYLE('',#12874,POSITIVE_LENGTH_MEASURE(0.1),#11939);
#12874 = DRAUGHTING_PRE_DEFINED_CURVE_FONT('continuous');
#12875 = STYLED_ITEM('color',(#12876),#10161);
#12876 = PRESENTATION_STYLE_ASSIGNMENT((#12877,#12882));
#12877 = SURFACE_STYLE_USAGE(.BOTH.,#12878);
#12878 = SURFACE_SIDE_STYLE('',(#12879));
#12879 = SURFACE_STYLE_FILL_AREA(#12880);
#12880 = FILL_AREA_STYLE('',(#12881));
#12881 = FILL_AREA_STYLE_COLOUR('',#11939);
#12882 = CURVE_STYLE('',#12883,POSITIVE_LENGTH_MEASURE(0.1),#11939);
#12883 = DRAUGHTING_PRE_DEFINED_CURVE_FONT('continuous');
#12884 = STYLED_ITEM('color',(#12885),#10178);
#12885 = PRESENTATION_STYLE_ASSIGNMENT((#12886,#12891));
#12886 = SURFACE_STYLE_USAGE(.BOTH.,#12887);
#12887 = SURFACE_SIDE_STYLE('',(#12888));
#12888 = SURFACE_STYLE_FILL_AREA(#12889);
#12889 = FILL_AREA_STYLE('',(#12890));
#12890 = FILL_AREA_STYLE_COLOUR('',#11939);
#12891 = CURVE_STYLE('',#12892,POSITIVE_LENGTH_MEASURE(0.1),#11939);
#12892 = DRAUGHTING_PRE_DEFINED_CURVE_FONT('continuous');
#12893 = STYLED_ITEM('color',(#12894),#10190);
#12894 = PRESENTATION_STYLE_ASSIGNMENT((#12895,#12900));
#12895 = SURFACE_STYLE_USAGE(.BOTH.,#12896);
#12896 = SURFACE_SIDE_STYLE('',(#12897));
#12897 = SURFACE_STYLE_FILL_AREA(#12898);
#12898 = FILL_AREA_STYLE('',(#12899));
#12899 = FILL_AREA_STYLE_COLOUR('',#11939);
#12900 = CURVE_STYLE('',#12901,POSITIVE_LENGTH_MEASURE(0.1),#11939);
#12901 = DRAUGHTING_PRE_DEFINED_CURVE_FONT('continuous');
#12902 = STYLED_ITEM('color',(#12903),#10207);
#12903 = PRESENTATION_STYLE_ASSIGNMENT((#12904,#12909));
#12904 = SURFACE_STYLE_USAGE(.BOTH.,#12905);
#12905 = SURFACE_SIDE_STYLE('',(#12906));
#12906 = SURFACE_STYLE_FILL_AREA(#12907);
#12907 = FILL_AREA_STYLE('',(#12908));
#12908 = FILL_AREA_STYLE_COLOUR('',#11939);
#12909 = CURVE_STYLE('',#12910,POSITIVE_LENGTH_MEASURE(0.1),#11939);
#12910 = DRAUGHTING_PRE_DEFINED_CURVE_FONT('continuous');
#12911 = STYLED_ITEM('color',(#12912),#10224);
#12912 = PRESENTATION_STYLE_ASSIGNMENT((#12913,#12918));
#12913 = SURFACE_STYLE_USAGE(.BOTH.,#12914);
#12914 = SURFACE_SIDE_STYLE('',(#12915));
#12915 = SURFACE_STYLE_FILL_AREA(#12916);
#12916 = FILL_AREA_STYLE('',(#12917));
#12917 = FILL_AREA_STYLE_COLOUR('',#11939);
#12918 = CURVE_STYLE('',#12919,POSITIVE_LENGTH_MEASURE(0.1),#11939);
#12919 = DRAUGHTING_PRE_DEFINED_CURVE_FONT('continuous');
#12920 = STYLED_ITEM('color',(#12921),#10241);
#12921 = PRESENTATION_STYLE_ASSIGNMENT((#12922,#12927));
#12922 = SURFACE_STYLE_USAGE(.BOTH.,#12923);
#12923 = SURFACE_SIDE_STYLE('',(#12924));
#12924 = SURFACE_STYLE_FILL_AREA(#12925);
#12925 = FILL_AREA_STYLE('',(#12926));
#12926 = FILL_AREA_STYLE_COLOUR('',#11939);
#12927 = CURVE_STYLE('',#12928,POSITIVE_LENGTH_MEASURE(0.1),#11939);
#12928 = DRAUGHTING_PRE_DEFINED_CURVE_FONT('continuous');
#12929 = STYLED_ITEM('color',(#12930),#10258);
#12930 = PRESENTATION_STYLE_ASSIGNMENT((#12931,#12936));
#12931 = SURFACE_STYLE_USAGE(.BOTH.,#12932);
#12932 = SURFACE_SIDE_STYLE('',(#12933));
#12933 = SURFACE_STYLE_FILL_AREA(#12934);
#12934 = FILL_AREA_STYLE('',(#12935));
#12935 = FILL_AREA_STYLE_COLOUR('',#11939);
#12936 = CURVE_STYLE('',#12937,POSITIVE_LENGTH_MEASURE(0.1),#11939);
#12937 = DRAUGHTING_PRE_DEFINED_CURVE_FONT('continuous');
#12938 = STYLED_ITEM('color',(#12939),#10275);
#12939 = PRESENTATION_STYLE_ASSIGNMENT((#12940,#12945));
#12940 = SURFACE_STYLE_USAGE(.BOTH.,#12941);
#12941 = SURFACE_SIDE_STYLE('',(#12942));
#12942 = SURFACE_STYLE_FILL_AREA(#12943);
#12943 = FILL_AREA_STYLE('',(#12944));
#12944 = FILL_AREA_STYLE_COLOUR('',#11939);
#12945 = CURVE_STYLE('',#12946,POSITIVE_LENGTH_MEASURE(0.1),#11939);
#12946 = DRAUGHTING_PRE_DEFINED_CURVE_FONT('continuous');
#12947 = STYLED_ITEM('color',(#12948),#10292);
#12948 = PRESENTATION_STYLE_ASSIGNMENT((#12949,#12954));
#12949 = SURFACE_STYLE_USAGE(.BOTH.,#12950);
#12950 = SURFACE_SIDE_STYLE('',(#12951));
#12951 = SURFACE_STYLE_FILL_AREA(#12952);
#12952 = FILL_AREA_STYLE('',(#12953));
#12953 = FILL_AREA_STYLE_COLOUR('',#11939);
#12954 = CURVE_STYLE('',#12955,POSITIVE_LENGTH_MEASURE(0.1),#11939);
#12955 = DRAUGHTING_PRE_DEFINED_CURVE_FONT('continuous');
#12956 = STYLED_ITEM('color',(#12957),#10304);
#12957 = PRESENTATION_STYLE_ASSIGNMENT((#12958,#12963));
#12958 = SURFACE_STYLE_USAGE(.BOTH.,#12959);
#12959 = SURFACE_SIDE_STYLE('',(#12960));
#12960 = SURFACE_STYLE_FILL_AREA(#12961);
#12961 = FILL_AREA_STYLE('',(#12962));
#12962 = FILL_AREA_STYLE_COLOUR('',#11939);
#12963 = CURVE_STYLE('',#12964,POSITIVE_LENGTH_MEASURE(0.1),#11939);
#12964 = DRAUGHTING_PRE_DEFINED_CURVE_FONT('continuous');
#12965 = STYLED_ITEM('color',(#12966),#10321);
#12966 = PRESENTATION_STYLE_ASSIGNMENT((#12967,#12972));
#12967 = SURFACE_STYLE_USAGE(.BOTH.,#12968);
#12968 = SURFACE_SIDE_STYLE('',(#12969));
#12969 = SURFACE_STYLE_FILL_AREA(#12970);
#12970 = FILL_AREA_STYLE('',(#12971));
#12971 = FILL_AREA_STYLE_COLOUR('',#11939);
#12972 = CURVE_STYLE('',#12973,POSITIVE_LENGTH_MEASURE(0.1),#11939);
#12973 = DRAUGHTING_PRE_DEFINED_CURVE_FONT('continuous');
#12974 = STYLED_ITEM('color',(#12975),#10338);
#12975 = PRESENTATION_STYLE_ASSIGNMENT((#12976,#12981));
#12976 = SURFACE_STYLE_USAGE(.BOTH.,#12977);
#12977 = SURFACE_SIDE_STYLE('',(#12978));
#12978 = SURFACE_STYLE_FILL_AREA(#12979);
#12979 = FILL_AREA_STYLE('',(#12980));
#12980 = FILL_AREA_STYLE_COLOUR('',#11939);
#12981 = CURVE_STYLE('',#12982,POSITIVE_LENGTH_MEASURE(0.1),#11939);
#12982 = DRAUGHTING_PRE_DEFINED_CURVE_FONT('continuous');
#12983 = STYLED_ITEM('color',(#12984),#10355);
#12984 = PRESENTATION_STYLE_ASSIGNMENT((#12985,#12990));
#12985 = SURFACE_STYLE_USAGE(.BOTH.,#12986);
#12986 = SURFACE_SIDE_STYLE('',(#12987));
#12987 = SURFACE_STYLE_FILL_AREA(#12988);
#12988 = FILL_AREA_STYLE('',(#12989));
#12989 = FILL_AREA_STYLE_COLOUR('',#11939);
#12990 = CURVE_STYLE('',#12991,POSITIVE_LENGTH_MEASURE(0.1),#11939);
#12991 = DRAUGHTING_PRE_DEFINED_CURVE_FONT('continuous');
#12992 = STYLED_ITEM('color',(#12993),#10372);
#12993 = PRESENTATION_STYLE_ASSIGNMENT((#12994,#12999));
#12994 = SURFACE_STYLE_USAGE(.BOTH.,#12995);
#12995 = SURFACE_SIDE_STYLE('',(#12996));
#12996 = SURFACE_STYLE_FILL_AREA(#12997);
#12997 = FILL_AREA_STYLE('',(#12998));
#12998 = FILL_AREA_STYLE_COLOUR('',#11939);
#12999 = CURVE_STYLE('',#13000,POSITIVE_LENGTH_MEASURE(0.1),#11939);
#13000 = DRAUGHTING_PRE_DEFINED_CURVE_FONT('continuous');
#13001 = STYLED_ITEM('color',(#13002),#10389);
#13002 = PRESENTATION_STYLE_ASSIGNMENT((#13003,#13008));
#13003 = SURFACE_STYLE_USAGE(.BOTH.,#13004);
#13004 = SURFACE_SIDE_STYLE('',(#13005));
#13005 = SURFACE_STYLE_FILL_AREA(#13006);
#13006 = FILL_AREA_STYLE('',(#13007));
#13007 = FILL_AREA_STYLE_COLOUR('',#11939);
#13008 = CURVE_STYLE('',#13009,POSITIVE_LENGTH_MEASURE(0.1),#11939);
#13009 = DRAUGHTING_PRE_DEFINED_CURVE_FONT('continuous');
#13010 = STYLED_ITEM('color',(#13011),#10406);
#13011 = PRESENTATION_STYLE_ASSIGNMENT((#13012,#13017));
#13012 = SURFACE_STYLE_USAGE(.BOTH.,#13013);
#13013 = SURFACE_SIDE_STYLE('',(#13014));
#13014 = SURFACE_STYLE_FILL_AREA(#13015);
#13015 = FILL_AREA_STYLE('',(#13016));
#13016 = FILL_AREA_STYLE_COLOUR('',#11939);
#13017 = CURVE_STYLE('',#13018,POSITIVE_LENGTH_MEASURE(0.1),#11939);
#13018 = DRAUGHTING_PRE_DEFINED_CURVE_FONT('continuous');
#13019 = STYLED_ITEM('color',(#13020),#10423);
#13020 = PRESENTATION_STYLE_ASSIGNMENT((#13021,#13026));
#13021 = SURFACE_STYLE_USAGE(.BOTH.,#13022);
#13022 = SURFACE_SIDE_STYLE('',(#13023));
#13023 = SURFACE_STYLE_FILL_AREA(#13024);
#13024 = FILL_AREA_STYLE('',(#13025));
#13025 = FILL_AREA_STYLE_COLOUR('',#11939);
#13026 = CURVE_STYLE('',#13027,POSITIVE_LENGTH_MEASURE(0.1),#11939);
#13027 = DRAUGHTING_PRE_DEFINED_CURVE_FONT('continuous');
#13028 = STYLED_ITEM('color',(#13029),#10435);
#13029 = PRESENTATION_STYLE_ASSIGNMENT((#13030,#13036));
#13030 = SURFACE_STYLE_USAGE(.BOTH.,#13031);
#13031 = SURFACE_SIDE_STYLE('',(#13032));
#13032 = SURFACE_STYLE_FILL_AREA(#13033);
#13033 = FILL_AREA_STYLE('',(#13034));
#13034 = FILL_AREA_STYLE_COLOUR('',#13035);
#13035 = COLOUR_RGB('',0.690999998585,0.664000007176,0.597999987832);
#13036 = CURVE_STYLE('',#13037,POSITIVE_LENGTH_MEASURE(0.1),#13035);
#13037 = DRAUGHTING_PRE_DEFINED_CURVE_FONT('continuous');
#13038 = MECHANICAL_DESIGN_GEOMETRIC_PRESENTATION_REPRESENTATION('',(
    #13039),#11920);
#13039 = STYLED_ITEM('color',(#13040),#10508);
#13040 = PRESENTATION_STYLE_ASSIGNMENT((#13041));
#13041 = SURFACE_STYLE_USAGE(.BOTH.,#13042);
#13042 = SURFACE_SIDE_STYLE('',(#13043));
#13043 = SURFACE_STYLE_FILL_AREA(#13044);
#13044 = FILL_AREA_STYLE('',(#13045));
#13045 = FILL_AREA_STYLE_COLOUR('',#13046);
#13046 = COLOUR_RGB('',0.313304153717,0.484529207832,0.410020903123);
#13047 = MECHANICAL_DESIGN_GEOMETRIC_PRESENTATION_REPRESENTATION('',(
    #13048,#13057,#13066,#13075,#13084,#13093,#13102,#13111,#13120,
    #13129,#13138,#13147,#13156,#13165,#13174,#13183,#13192,#13201,
    #13210,#13219,#13228,#13237,#13246,#13255,#13264,#13273,#13282,
    #13291,#13300,#13309,#13318,#13327,#13336,#13345,#13354,#13363,
    #13372,#13381,#13390,#13399,#13408,#13417,#13426,#13435,#13444,
    #13453,#13462,#13471,#13480,#13489,#13498,#13507,#13516,#13525,
    #13534,#13543,#13552,#13561,#13570,#13579,#13588,#13597,#13606,
    #13615,#13624,#13633,#13642,#13651,#13660,#13669,#13678,#13687,
    #13696,#13705,#13714,#13723,#13732,#13741,#13750,#13759,#13768,
    #13777,#13786,#13795,#13804,#13813,#13822,#13831,#13840,#13849,
    #13858,#13867,#13876,#13885,#13894,#13903,#13912,#13921,#13930,
    #13939,#13948,#13957,#13966,#13975,#13984,#13993,#14002,#14011,
    #14020,#14029,#14038,#14047,#14056,#14065,#14074,#14083,#14092),
  #7298);
#13048 = STYLED_ITEM('color',(#13049),#3764);
#13049 = PRESENTATION_STYLE_ASSIGNMENT((#13050,#13055));
#13050 = SURFACE_STYLE_USAGE(.BOTH.,#13051);
#13051 = SURFACE_SIDE_STYLE('',(#13052));
#13052 = SURFACE_STYLE_FILL_AREA(#13053);
#13053 = FILL_AREA_STYLE('',(#13054));
#13054 = FILL_AREA_STYLE_COLOUR('',#12125);
#13055 = CURVE_STYLE('',#13056,POSITIVE_LENGTH_MEASURE(0.1),#12125);
#13056 = DRAUGHTING_PRE_DEFINED_CURVE_FONT('continuous');
#13057 = STYLED_ITEM('color',(#13058),#3802);
#13058 = PRESENTATION_STYLE_ASSIGNMENT((#13059,#13064));
#13059 = SURFACE_STYLE_USAGE(.BOTH.,#13060);
#13060 = SURFACE_SIDE_STYLE('',(#13061));
#13061 = SURFACE_STYLE_FILL_AREA(#13062);
#13062 = FILL_AREA_STYLE('',(#13063));
#13063 = FILL_AREA_STYLE_COLOUR('',#12125);
#13064 = CURVE_STYLE('',#13065,POSITIVE_LENGTH_MEASURE(0.1),#12125);
#13065 = DRAUGHTING_PRE_DEFINED_CURVE_FONT('continuous');
#13066 = STYLED_ITEM('color',(#13067),#3865);
#13067 = PRESENTATION_STYLE_ASSIGNMENT((#13068,#13073));
#13068 = SURFACE_STYLE_USAGE(.BOTH.,#13069);
#13069 = SURFACE_SIDE_STYLE('',(#13070));
#13070 = SURFACE_STYLE_FILL_AREA(#13071);
#13071 = FILL_AREA_STYLE('',(#13072));
#13072 = FILL_AREA_STYLE_COLOUR('',#12125);
#13073 = CURVE_STYLE('',#13074,POSITIVE_LENGTH_MEASURE(0.1),#12125);
#13074 = DRAUGHTING_PRE_DEFINED_CURVE_FONT('continuous');
#13075 = STYLED_ITEM('color',(#13076),#3888);
#13076 = PRESENTATION_STYLE_ASSIGNMENT((#13077,#13082));
#13077 = SURFACE_STYLE_USAGE(.BOTH.,#13078);
#13078 = SURFACE_SIDE_STYLE('',(#13079));
#13079 = SURFACE_STYLE_FILL_AREA(#13080);
#13080 = FILL_AREA_STYLE('',(#13081));
#13081 = FILL_AREA_STYLE_COLOUR('',#12125);
#13082 = CURVE_STYLE('',#13083,POSITIVE_LENGTH_MEASURE(0.1),#12125);
#13083 = DRAUGHTING_PRE_DEFINED_CURVE_FONT('continuous');
#13084 = STYLED_ITEM('color',(#13085),#3917);
#13085 = PRESENTATION_STYLE_ASSIGNMENT((#13086,#13091));
#13086 = SURFACE_STYLE_USAGE(.BOTH.,#13087);
#13087 = SURFACE_SIDE_STYLE('',(#13088));
#13088 = SURFACE_STYLE_FILL_AREA(#13089);
#13089 = FILL_AREA_STYLE('',(#13090));
#13090 = FILL_AREA_STYLE_COLOUR('',#12125);
#13091 = CURVE_STYLE('',#13092,POSITIVE_LENGTH_MEASURE(0.1),#12125);
#13092 = DRAUGHTING_PRE_DEFINED_CURVE_FONT('continuous');
#13093 = STYLED_ITEM('color',(#13094),#3940);
#13094 = PRESENTATION_STYLE_ASSIGNMENT((#13095,#13100));
#13095 = SURFACE_STYLE_USAGE(.BOTH.,#13096);
#13096 = SURFACE_SIDE_STYLE('',(#13097));
#13097 = SURFACE_STYLE_FILL_AREA(#13098);
#13098 = FILL_AREA_STYLE('',(#13099));
#13099 = FILL_AREA_STYLE_COLOUR('',#12125);
#13100 = CURVE_STYLE('',#13101,POSITIVE_LENGTH_MEASURE(0.1),#12125);
#13101 = DRAUGHTING_PRE_DEFINED_CURVE_FONT('continuous');
#13102 = STYLED_ITEM('color',(#13103),#4011);
#13103 = PRESENTATION_STYLE_ASSIGNMENT((#13104,#13109));
#13104 = SURFACE_STYLE_USAGE(.BOTH.,#13105);
#13105 = SURFACE_SIDE_STYLE('',(#13106));
#13106 = SURFACE_STYLE_FILL_AREA(#13107);
#13107 = FILL_AREA_STYLE('',(#13108));
#13108 = FILL_AREA_STYLE_COLOUR('',#12125);
#13109 = CURVE_STYLE('',#13110,POSITIVE_LENGTH_MEASURE(0.1),#12125);
#13110 = DRAUGHTING_PRE_DEFINED_CURVE_FONT('continuous');
#13111 = STYLED_ITEM('color',(#13112),#4082);
#13112 = PRESENTATION_STYLE_ASSIGNMENT((#13113,#13118));
#13113 = SURFACE_STYLE_USAGE(.BOTH.,#13114);
#13114 = SURFACE_SIDE_STYLE('',(#13115));
#13115 = SURFACE_STYLE_FILL_AREA(#13116);
#13116 = FILL_AREA_STYLE('',(#13117));
#13117 = FILL_AREA_STYLE_COLOUR('',#12125);
#13118 = CURVE_STYLE('',#13119,POSITIVE_LENGTH_MEASURE(0.1),#12125);
#13119 = DRAUGHTING_PRE_DEFINED_CURVE_FONT('continuous');
#13120 = STYLED_ITEM('color',(#13121),#4105);
#13121 = PRESENTATION_STYLE_ASSIGNMENT((#13122,#13127));
#13122 = SURFACE_STYLE_USAGE(.BOTH.,#13123);
#13123 = SURFACE_SIDE_STYLE('',(#13124));
#13124 = SURFACE_STYLE_FILL_AREA(#13125);
#13125 = FILL_AREA_STYLE('',(#13126));
#13126 = FILL_AREA_STYLE_COLOUR('',#12125);
#13127 = CURVE_STYLE('',#13128,POSITIVE_LENGTH_MEASURE(0.1),#12125);
#13128 = DRAUGHTING_PRE_DEFINED_CURVE_FONT('continuous');
#13129 = STYLED_ITEM('color',(#13130),#4128);
#13130 = PRESENTATION_STYLE_ASSIGNMENT((#13131,#13136));
#13131 = SURFACE_STYLE_USAGE(.BOTH.,#13132);
#13132 = SURFACE_SIDE_STYLE('',(#13133));
#13133 = SURFACE_STYLE_FILL_AREA(#13134);
#13134 = FILL_AREA_STYLE('',(#13135));
#13135 = FILL_AREA_STYLE_COLOUR('',#12125);
#13136 = CURVE_STYLE('',#13137,POSITIVE_LENGTH_MEASURE(0.1),#12125);
#13137 = DRAUGHTING_PRE_DEFINED_CURVE_FONT('continuous');
#13138 = STYLED_ITEM('color',(#13139),#4145);
#13139 = PRESENTATION_STYLE_ASSIGNMENT((#13140,#13145));
#13140 = SURFACE_STYLE_USAGE(.BOTH.,#13141);
#13141 = SURFACE_SIDE_STYLE('',(#13142));
#13142 = SURFACE_STYLE_FILL_AREA(#13143);
#13143 = FILL_AREA_STYLE('',(#13144));
#13144 = FILL_AREA_STYLE_COLOUR('',#12125);
#13145 = CURVE_STYLE('',#13146,POSITIVE_LENGTH_MEASURE(0.1),#12125);
#13146 = DRAUGHTING_PRE_DEFINED_CURVE_FONT('continuous');
#13147 = STYLED_ITEM('color',(#13148),#4168);
#13148 = PRESENTATION_STYLE_ASSIGNMENT((#13149,#13154));
#13149 = SURFACE_STYLE_USAGE(.BOTH.,#13150);
#13150 = SURFACE_SIDE_STYLE('',(#13151));
#13151 = SURFACE_STYLE_FILL_AREA(#13152);
#13152 = FILL_AREA_STYLE('',(#13153));
#13153 = FILL_AREA_STYLE_COLOUR('',#12125);
#13154 = CURVE_STYLE('',#13155,POSITIVE_LENGTH_MEASURE(0.1),#12125);
#13155 = DRAUGHTING_PRE_DEFINED_CURVE_FONT('continuous');
#13156 = STYLED_ITEM('color',(#13157),#4256);
#13157 = PRESENTATION_STYLE_ASSIGNMENT((#13158,#13163));
#13158 = SURFACE_STYLE_USAGE(.BOTH.,#13159);
#13159 = SURFACE_SIDE_STYLE('',(#13160));
#13160 = SURFACE_STYLE_FILL_AREA(#13161);
#13161 = FILL_AREA_STYLE('',(#13162));
#13162 = FILL_AREA_STYLE_COLOUR('',#12125);
#13163 = CURVE_STYLE('',#13164,POSITIVE_LENGTH_MEASURE(0.1),#12125);
#13164 = DRAUGHTING_PRE_DEFINED_CURVE_FONT('continuous');
#13165 = STYLED_ITEM('color',(#13166),#4272);
#13166 = PRESENTATION_STYLE_ASSIGNMENT((#13167,#13172));
#13167 = SURFACE_STYLE_USAGE(.BOTH.,#13168);
#13168 = SURFACE_SIDE_STYLE('',(#13169));
#13169 = SURFACE_STYLE_FILL_AREA(#13170);
#13170 = FILL_AREA_STYLE('',(#13171));
#13171 = FILL_AREA_STYLE_COLOUR('',#12125);
#13172 = CURVE_STYLE('',#13173,POSITIVE_LENGTH_MEASURE(0.1),#12125);
#13173 = DRAUGHTING_PRE_DEFINED_CURVE_FONT('continuous');
#13174 = STYLED_ITEM('color',(#13175),#4302);
#13175 = PRESENTATION_STYLE_ASSIGNMENT((#13176,#13181));
#13176 = SURFACE_STYLE_USAGE(.BOTH.,#13177);
#13177 = SURFACE_SIDE_STYLE('',(#13178));
#13178 = SURFACE_STYLE_FILL_AREA(#13179);
#13179 = FILL_AREA_STYLE('',(#13180));
#13180 = FILL_AREA_STYLE_COLOUR('',#11939);
#13181 = CURVE_STYLE('',#13182,POSITIVE_LENGTH_MEASURE(0.1),#11939);
#13182 = DRAUGHTING_PRE_DEFINED_CURVE_FONT('continuous');
#13183 = STYLED_ITEM('color',(#13184),#4333);
#13184 = PRESENTATION_STYLE_ASSIGNMENT((#13185,#13190));
#13185 = SURFACE_STYLE_USAGE(.BOTH.,#13186);
#13186 = SURFACE_SIDE_STYLE('',(#13187));
#13187 = SURFACE_STYLE_FILL_AREA(#13188);
#13188 = FILL_AREA_STYLE('',(#13189));
#13189 = FILL_AREA_STYLE_COLOUR('',#12125);
#13190 = CURVE_STYLE('',#13191,POSITIVE_LENGTH_MEASURE(0.1),#12125);
#13191 = DRAUGHTING_PRE_DEFINED_CURVE_FONT('continuous');
#13192 = STYLED_ITEM('color',(#13193),#4364);
#13193 = PRESENTATION_STYLE_ASSIGNMENT((#13194,#13199));
#13194 = SURFACE_STYLE_USAGE(.BOTH.,#13195);
#13195 = SURFACE_SIDE_STYLE('',(#13196));
#13196 = SURFACE_STYLE_FILL_AREA(#13197);
#13197 = FILL_AREA_STYLE('',(#13198));
#13198 = FILL_AREA_STYLE_COLOUR('',#11939);
#13199 = CURVE_STYLE('',#13200,POSITIVE_LENGTH_MEASURE(0.1),#11939);
#13200 = DRAUGHTING_PRE_DEFINED_CURVE_FONT('continuous');
#13201 = STYLED_ITEM('color',(#13202),#4395);
#13202 = PRESENTATION_STYLE_ASSIGNMENT((#13203,#13208));
#13203 = SURFACE_STYLE_USAGE(.BOTH.,#13204);
#13204 = SURFACE_SIDE_STYLE('',(#13205));
#13205 = SURFACE_STYLE_FILL_AREA(#13206);
#13206 = FILL_AREA_STYLE('',(#13207));
#13207 = FILL_AREA_STYLE_COLOUR('',#12125);
#13208 = CURVE_STYLE('',#13209,POSITIVE_LENGTH_MEASURE(0.1),#12125);
#13209 = DRAUGHTING_PRE_DEFINED_CURVE_FONT('continuous');
#13210 = STYLED_ITEM('color',(#13211),#4426);
#13211 = PRESENTATION_STYLE_ASSIGNMENT((#13212,#13217));
#13212 = SURFACE_STYLE_USAGE(.BOTH.,#13213);
#13213 = SURFACE_SIDE_STYLE('',(#13214));
#13214 = SURFACE_STYLE_FILL_AREA(#13215);
#13215 = FILL_AREA_STYLE('',(#13216));
#13216 = FILL_AREA_STYLE_COLOUR('',#11939);
#13217 = CURVE_STYLE('',#13218,POSITIVE_LENGTH_MEASURE(0.1),#11939);
#13218 = DRAUGHTING_PRE_DEFINED_CURVE_FONT('continuous');
#13219 = STYLED_ITEM('color',(#13220),#4457);
#13220 = PRESENTATION_STYLE_ASSIGNMENT((#13221,#13226));
#13221 = SURFACE_STYLE_USAGE(.BOTH.,#13222);
#13222 = SURFACE_SIDE_STYLE('',(#13223));
#13223 = SURFACE_STYLE_FILL_AREA(#13224);
#13224 = FILL_AREA_STYLE('',(#13225));
#13225 = FILL_AREA_STYLE_COLOUR('',#12125);
#13226 = CURVE_STYLE('',#13227,POSITIVE_LENGTH_MEASURE(0.1),#12125);
#13227 = DRAUGHTING_PRE_DEFINED_CURVE_FONT('continuous');
#13228 = STYLED_ITEM('color',(#13229),#4474);
#13229 = PRESENTATION_STYLE_ASSIGNMENT((#13230,#13235));
#13230 = SURFACE_STYLE_USAGE(.BOTH.,#13231);
#13231 = SURFACE_SIDE_STYLE('',(#13232));
#13232 = SURFACE_STYLE_FILL_AREA(#13233);
#13233 = FILL_AREA_STYLE('',(#13234));
#13234 = FILL_AREA_STYLE_COLOUR('',#12125);
#13235 = CURVE_STYLE('',#13236,POSITIVE_LENGTH_MEASURE(0.1),#12125);
#13236 = DRAUGHTING_PRE_DEFINED_CURVE_FONT('continuous');
#13237 = STYLED_ITEM('color',(#13238),#4491);
#13238 = PRESENTATION_STYLE_ASSIGNMENT((#13239,#13244));
#13239 = SURFACE_STYLE_USAGE(.BOTH.,#13240);
#13240 = SURFACE_SIDE_STYLE('',(#13241));
#13241 = SURFACE_STYLE_FILL_AREA(#13242);
#13242 = FILL_AREA_STYLE('',(#13243));
#13243 = FILL_AREA_STYLE_COLOUR('',#11939);
#13244 = CURVE_STYLE('',#13245,POSITIVE_LENGTH_MEASURE(0.1),#11939);
#13245 = DRAUGHTING_PRE_DEFINED_CURVE_FONT('continuous');
#13246 = STYLED_ITEM('color',(#13247),#4522);
#13247 = PRESENTATION_STYLE_ASSIGNMENT((#13248,#13253));
#13248 = SURFACE_STYLE_USAGE(.BOTH.,#13249);
#13249 = SURFACE_SIDE_STYLE('',(#13250));
#13250 = SURFACE_STYLE_FILL_AREA(#13251);
#13251 = FILL_AREA_STYLE('',(#13252));
#13252 = FILL_AREA_STYLE_COLOUR('',#12125);
#13253 = CURVE_STYLE('',#13254,POSITIVE_LENGTH_MEASURE(0.1),#12125);
#13254 = DRAUGHTING_PRE_DEFINED_CURVE_FONT('continuous');
#13255 = STYLED_ITEM('color',(#13256),#4553);
#13256 = PRESENTATION_STYLE_ASSIGNMENT((#13257,#13262));
#13257 = SURFACE_STYLE_USAGE(.BOTH.,#13258);
#13258 = SURFACE_SIDE_STYLE('',(#13259));
#13259 = SURFACE_STYLE_FILL_AREA(#13260);
#13260 = FILL_AREA_STYLE('',(#13261));
#13261 = FILL_AREA_STYLE_COLOUR('',#11939);
#13262 = CURVE_STYLE('',#13263,POSITIVE_LENGTH_MEASURE(0.1),#11939);
#13263 = DRAUGHTING_PRE_DEFINED_CURVE_FONT('continuous');
#13264 = STYLED_ITEM('color',(#13265),#4584);
#13265 = PRESENTATION_STYLE_ASSIGNMENT((#13266,#13271));
#13266 = SURFACE_STYLE_USAGE(.BOTH.,#13267);
#13267 = SURFACE_SIDE_STYLE('',(#13268));
#13268 = SURFACE_STYLE_FILL_AREA(#13269);
#13269 = FILL_AREA_STYLE('',(#13270));
#13270 = FILL_AREA_STYLE_COLOUR('',#12125);
#13271 = CURVE_STYLE('',#13272,POSITIVE_LENGTH_MEASURE(0.1),#12125);
#13272 = DRAUGHTING_PRE_DEFINED_CURVE_FONT('continuous');
#13273 = STYLED_ITEM('color',(#13274),#4615);
#13274 = PRESENTATION_STYLE_ASSIGNMENT((#13275,#13280));
#13275 = SURFACE_STYLE_USAGE(.BOTH.,#13276);
#13276 = SURFACE_SIDE_STYLE('',(#13277));
#13277 = SURFACE_STYLE_FILL_AREA(#13278);
#13278 = FILL_AREA_STYLE('',(#13279));
#13279 = FILL_AREA_STYLE_COLOUR('',#11939);
#13280 = CURVE_STYLE('',#13281,POSITIVE_LENGTH_MEASURE(0.1),#11939);
#13281 = DRAUGHTING_PRE_DEFINED_CURVE_FONT('continuous');
#13282 = STYLED_ITEM('color',(#13283),#4646);
#13283 = PRESENTATION_STYLE_ASSIGNMENT((#13284,#13289));
#13284 = SURFACE_STYLE_USAGE(.BOTH.,#13285);
#13285 = SURFACE_SIDE_STYLE('',(#13286));
#13286 = SURFACE_STYLE_FILL_AREA(#13287);
#13287 = FILL_AREA_STYLE('',(#13288));
#13288 = FILL_AREA_STYLE_COLOUR('',#12125);
#13289 = CURVE_STYLE('',#13290,POSITIVE_LENGTH_MEASURE(0.1),#12125);
#13290 = DRAUGHTING_PRE_DEFINED_CURVE_FONT('continuous');
#13291 = STYLED_ITEM('color',(#13292),#4676);
#13292 = PRESENTATION_STYLE_ASSIGNMENT((#13293,#13298));
#13293 = SURFACE_STYLE_USAGE(.BOTH.,#13294);
#13294 = SURFACE_SIDE_STYLE('',(#13295));
#13295 = SURFACE_STYLE_FILL_AREA(#13296);
#13296 = FILL_AREA_STYLE('',(#13297));
#13297 = FILL_AREA_STYLE_COLOUR('',#12125);
#13298 = CURVE_STYLE('',#13299,POSITIVE_LENGTH_MEASURE(0.1),#12125);
#13299 = DRAUGHTING_PRE_DEFINED_CURVE_FONT('continuous');
#13300 = STYLED_ITEM('color',(#13301),#4699);
#13301 = PRESENTATION_STYLE_ASSIGNMENT((#13302,#13307));
#13302 = SURFACE_STYLE_USAGE(.BOTH.,#13303);
#13303 = SURFACE_SIDE_STYLE('',(#13304));
#13304 = SURFACE_STYLE_FILL_AREA(#13305);
#13305 = FILL_AREA_STYLE('',(#13306));
#13306 = FILL_AREA_STYLE_COLOUR('',#12125);
#13307 = CURVE_STYLE('',#13308,POSITIVE_LENGTH_MEASURE(0.1),#12125);
#13308 = DRAUGHTING_PRE_DEFINED_CURVE_FONT('continuous');
#13309 = STYLED_ITEM('color',(#13310),#4722);
#13310 = PRESENTATION_STYLE_ASSIGNMENT((#13311,#13316));
#13311 = SURFACE_STYLE_USAGE(.BOTH.,#13312);
#13312 = SURFACE_SIDE_STYLE('',(#13313));
#13313 = SURFACE_STYLE_FILL_AREA(#13314);
#13314 = FILL_AREA_STYLE('',(#13315));
#13315 = FILL_AREA_STYLE_COLOUR('',#12125);
#13316 = CURVE_STYLE('',#13317,POSITIVE_LENGTH_MEASURE(0.1),#12125);
#13317 = DRAUGHTING_PRE_DEFINED_CURVE_FONT('continuous');
#13318 = STYLED_ITEM('color',(#13319),#4739);
#13319 = PRESENTATION_STYLE_ASSIGNMENT((#13320,#13325));
#13320 = SURFACE_STYLE_USAGE(.BOTH.,#13321);
#13321 = SURFACE_SIDE_STYLE('',(#13322));
#13322 = SURFACE_STYLE_FILL_AREA(#13323);
#13323 = FILL_AREA_STYLE('',(#13324));
#13324 = FILL_AREA_STYLE_COLOUR('',#11939);
#13325 = CURVE_STYLE('',#13326,POSITIVE_LENGTH_MEASURE(0.1),#11939);
#13326 = DRAUGHTING_PRE_DEFINED_CURVE_FONT('continuous');
#13327 = STYLED_ITEM('color',(#13328),#4784);
#13328 = PRESENTATION_STYLE_ASSIGNMENT((#13329,#13334));
#13329 = SURFACE_STYLE_USAGE(.BOTH.,#13330);
#13330 = SURFACE_SIDE_STYLE('',(#13331));
#13331 = SURFACE_STYLE_FILL_AREA(#13332);
#13332 = FILL_AREA_STYLE('',(#13333));
#13333 = FILL_AREA_STYLE_COLOUR('',#12125);
#13334 = CURVE_STYLE('',#13335,POSITIVE_LENGTH_MEASURE(0.1),#12125);
#13335 = DRAUGHTING_PRE_DEFINED_CURVE_FONT('continuous');
#13336 = STYLED_ITEM('color',(#13337),#4854);
#13337 = PRESENTATION_STYLE_ASSIGNMENT((#13338,#13343));
#13338 = SURFACE_STYLE_USAGE(.BOTH.,#13339);
#13339 = SURFACE_SIDE_STYLE('',(#13340));
#13340 = SURFACE_STYLE_FILL_AREA(#13341);
#13341 = FILL_AREA_STYLE('',(#13342));
#13342 = FILL_AREA_STYLE_COLOUR('',#12125);
#13343 = CURVE_STYLE('',#13344,POSITIVE_LENGTH_MEASURE(0.1),#12125);
#13344 = DRAUGHTING_PRE_DEFINED_CURVE_FONT('continuous');
#13345 = STYLED_ITEM('color',(#13346),#4877);
#13346 = PRESENTATION_STYLE_ASSIGNMENT((#13347,#13352));
#13347 = SURFACE_STYLE_USAGE(.BOTH.,#13348);
#13348 = SURFACE_SIDE_STYLE('',(#13349));
#13349 = SURFACE_STYLE_FILL_AREA(#13350);
#13350 = FILL_AREA_STYLE('',(#13351));
#13351 = FILL_AREA_STYLE_COLOUR('',#12125);
#13352 = CURVE_STYLE('',#13353,POSITIVE_LENGTH_MEASURE(0.1),#12125);
#13353 = DRAUGHTING_PRE_DEFINED_CURVE_FONT('continuous');
#13354 = STYLED_ITEM('color',(#13355),#4900);
#13355 = PRESENTATION_STYLE_ASSIGNMENT((#13356,#13361));
#13356 = SURFACE_STYLE_USAGE(.BOTH.,#13357);
#13357 = SURFACE_SIDE_STYLE('',(#13358));
#13358 = SURFACE_STYLE_FILL_AREA(#13359);
#13359 = FILL_AREA_STYLE('',(#13360));
#13360 = FILL_AREA_STYLE_COLOUR('',#12125);
#13361 = CURVE_STYLE('',#13362,POSITIVE_LENGTH_MEASURE(0.1),#12125);
#13362 = DRAUGHTING_PRE_DEFINED_CURVE_FONT('continuous');
#13363 = STYLED_ITEM('color',(#13364),#4923);
#13364 = PRESENTATION_STYLE_ASSIGNMENT((#13365,#13370));
#13365 = SURFACE_STYLE_USAGE(.BOTH.,#13366);
#13366 = SURFACE_SIDE_STYLE('',(#13367));
#13367 = SURFACE_STYLE_FILL_AREA(#13368);
#13368 = FILL_AREA_STYLE('',(#13369));
#13369 = FILL_AREA_STYLE_COLOUR('',#12125);
#13370 = CURVE_STYLE('',#13371,POSITIVE_LENGTH_MEASURE(0.1),#12125);
#13371 = DRAUGHTING_PRE_DEFINED_CURVE_FONT('continuous');
#13372 = STYLED_ITEM('color',(#13373),#4994);
#13373 = PRESENTATION_STYLE_ASSIGNMENT((#13374,#13379));
#13374 = SURFACE_STYLE_USAGE(.BOTH.,#13375);
#13375 = SURFACE_SIDE_STYLE('',(#13376));
#13376 = SURFACE_STYLE_FILL_AREA(#13377);
#13377 = FILL_AREA_STYLE('',(#13378));
#13378 = FILL_AREA_STYLE_COLOUR('',#11939);
#13379 = CURVE_STYLE('',#13380,POSITIVE_LENGTH_MEASURE(0.1),#11939);
#13380 = DRAUGHTING_PRE_DEFINED_CURVE_FONT('continuous');
#13381 = STYLED_ITEM('color',(#13382),#5032);
#13382 = PRESENTATION_STYLE_ASSIGNMENT((#13383,#13388));
#13383 = SURFACE_STYLE_USAGE(.BOTH.,#13384);
#13384 = SURFACE_SIDE_STYLE('',(#13385));
#13385 = SURFACE_STYLE_FILL_AREA(#13386);
#13386 = FILL_AREA_STYLE('',(#13387));
#13387 = FILL_AREA_STYLE_COLOUR('',#12125);
#13388 = CURVE_STYLE('',#13389,POSITIVE_LENGTH_MEASURE(0.1),#12125);
#13389 = DRAUGHTING_PRE_DEFINED_CURVE_FONT('continuous');
#13390 = STYLED_ITEM('color',(#13391),#5081);
#13391 = PRESENTATION_STYLE_ASSIGNMENT((#13392,#13397));
#13392 = SURFACE_STYLE_USAGE(.BOTH.,#13393);
#13393 = SURFACE_SIDE_STYLE('',(#13394));
#13394 = SURFACE_STYLE_FILL_AREA(#13395);
#13395 = FILL_AREA_STYLE('',(#13396));
#13396 = FILL_AREA_STYLE_COLOUR('',#11939);
#13397 = CURVE_STYLE('',#13398,POSITIVE_LENGTH_MEASURE(0.1),#11939);
#13398 = DRAUGHTING_PRE_DEFINED_CURVE_FONT('continuous');
#13399 = STYLED_ITEM('color',(#13400),#5173);
#13400 = PRESENTATION_STYLE_ASSIGNMENT((#13401,#13406));
#13401 = SURFACE_STYLE_USAGE(.BOTH.,#13402);
#13402 = SURFACE_SIDE_STYLE('',(#13403));
#13403 = SURFACE_STYLE_FILL_AREA(#13404);
#13404 = FILL_AREA_STYLE('',(#13405));
#13405 = FILL_AREA_STYLE_COLOUR('',#11939);
#13406 = CURVE_STYLE('',#13407,POSITIVE_LENGTH_MEASURE(0.1),#11939);
#13407 = DRAUGHTING_PRE_DEFINED_CURVE_FONT('continuous');
#13408 = STYLED_ITEM('color',(#13409),#5198);
#13409 = PRESENTATION_STYLE_ASSIGNMENT((#13410,#13415));
#13410 = SURFACE_STYLE_USAGE(.BOTH.,#13411);
#13411 = SURFACE_SIDE_STYLE('',(#13412));
#13412 = SURFACE_STYLE_FILL_AREA(#13413);
#13413 = FILL_AREA_STYLE('',(#13414));
#13414 = FILL_AREA_STYLE_COLOUR('',#11939);
#13415 = CURVE_STYLE('',#13416,POSITIVE_LENGTH_MEASURE(0.1),#11939);
#13416 = DRAUGHTING_PRE_DEFINED_CURVE_FONT('continuous');
#13417 = STYLED_ITEM('color',(#13418),#5282);
#13418 = PRESENTATION_STYLE_ASSIGNMENT((#13419,#13424));
#13419 = SURFACE_STYLE_USAGE(.BOTH.,#13420);
#13420 = SURFACE_SIDE_STYLE('',(#13421));
#13421 = SURFACE_STYLE_FILL_AREA(#13422);
#13422 = FILL_AREA_STYLE('',(#13423));
#13423 = FILL_AREA_STYLE_COLOUR('',#12125);
#13424 = CURVE_STYLE('',#13425,POSITIVE_LENGTH_MEASURE(0.1),#12125);
#13425 = DRAUGHTING_PRE_DEFINED_CURVE_FONT('continuous');
#13426 = STYLED_ITEM('color',(#13427),#5304);
#13427 = PRESENTATION_STYLE_ASSIGNMENT((#13428,#13433));
#13428 = SURFACE_STYLE_USAGE(.BOTH.,#13429);
#13429 = SURFACE_SIDE_STYLE('',(#13430));
#13430 = SURFACE_STYLE_FILL_AREA(#13431);
#13431 = FILL_AREA_STYLE('',(#13432));
#13432 = FILL_AREA_STYLE_COLOUR('',#11939);
#13433 = CURVE_STYLE('',#13434,POSITIVE_LENGTH_MEASURE(0.1),#11939);
#13434 = DRAUGHTING_PRE_DEFINED_CURVE_FONT('continuous');
#13435 = STYLED_ITEM('color',(#13436),#5396);
#13436 = PRESENTATION_STYLE_ASSIGNMENT((#13437,#13442));
#13437 = SURFACE_STYLE_USAGE(.BOTH.,#13438);
#13438 = SURFACE_SIDE_STYLE('',(#13439));
#13439 = SURFACE_STYLE_FILL_AREA(#13440);
#13440 = FILL_AREA_STYLE('',(#13441));
#13441 = FILL_AREA_STYLE_COLOUR('',#11939);
#13442 = CURVE_STYLE('',#13443,POSITIVE_LENGTH_MEASURE(0.1),#11939);
#13443 = DRAUGHTING_PRE_DEFINED_CURVE_FONT('continuous');
#13444 = STYLED_ITEM('color',(#13445),#5421);
#13445 = PRESENTATION_STYLE_ASSIGNMENT((#13446,#13451));
#13446 = SURFACE_STYLE_USAGE(.BOTH.,#13447);
#13447 = SURFACE_SIDE_STYLE('',(#13448));
#13448 = SURFACE_STYLE_FILL_AREA(#13449);
#13449 = FILL_AREA_STYLE('',(#13450));
#13450 = FILL_AREA_STYLE_COLOUR('',#11939);
#13451 = CURVE_STYLE('',#13452,POSITIVE_LENGTH_MEASURE(0.1),#11939);
#13452 = DRAUGHTING_PRE_DEFINED_CURVE_FONT('continuous');
#13453 = STYLED_ITEM('color',(#13454),#5505);
#13454 = PRESENTATION_STYLE_ASSIGNMENT((#13455,#13460));
#13455 = SURFACE_STYLE_USAGE(.BOTH.,#13456);
#13456 = SURFACE_SIDE_STYLE('',(#13457));
#13457 = SURFACE_STYLE_FILL_AREA(#13458);
#13458 = FILL_AREA_STYLE('',(#13459));
#13459 = FILL_AREA_STYLE_COLOUR('',#12125);
#13460 = CURVE_STYLE('',#13461,POSITIVE_LENGTH_MEASURE(0.1),#12125);
#13461 = DRAUGHTING_PRE_DEFINED_CURVE_FONT('continuous');
#13462 = STYLED_ITEM('color',(#13463),#5522);
#13463 = PRESENTATION_STYLE_ASSIGNMENT((#13464,#13469));
#13464 = SURFACE_STYLE_USAGE(.BOTH.,#13465);
#13465 = SURFACE_SIDE_STYLE('',(#13466));
#13466 = SURFACE_STYLE_FILL_AREA(#13467);
#13467 = FILL_AREA_STYLE('',(#13468));
#13468 = FILL_AREA_STYLE_COLOUR('',#11939);
#13469 = CURVE_STYLE('',#13470,POSITIVE_LENGTH_MEASURE(0.1),#11939);
#13470 = DRAUGHTING_PRE_DEFINED_CURVE_FONT('continuous');
#13471 = STYLED_ITEM('color',(#13472),#5607);
#13472 = PRESENTATION_STYLE_ASSIGNMENT((#13473,#13478));
#13473 = SURFACE_STYLE_USAGE(.BOTH.,#13474);
#13474 = SURFACE_SIDE_STYLE('',(#13475));
#13475 = SURFACE_STYLE_FILL_AREA(#13476);
#13476 = FILL_AREA_STYLE('',(#13477));
#13477 = FILL_AREA_STYLE_COLOUR('',#11939);
#13478 = CURVE_STYLE('',#13479,POSITIVE_LENGTH_MEASURE(0.1),#11939);
#13479 = DRAUGHTING_PRE_DEFINED_CURVE_FONT('continuous');
#13480 = STYLED_ITEM('color',(#13481),#5632);
#13481 = PRESENTATION_STYLE_ASSIGNMENT((#13482,#13487));
#13482 = SURFACE_STYLE_USAGE(.BOTH.,#13483);
#13483 = SURFACE_SIDE_STYLE('',(#13484));
#13484 = SURFACE_STYLE_FILL_AREA(#13485);
#13485 = FILL_AREA_STYLE('',(#13486));
#13486 = FILL_AREA_STYLE_COLOUR('',#11939);
#13487 = CURVE_STYLE('',#13488,POSITIVE_LENGTH_MEASURE(0.1),#11939);
#13488 = DRAUGHTING_PRE_DEFINED_CURVE_FONT('continuous');
#13489 = STYLED_ITEM('color',(#13490),#5709);
#13490 = PRESENTATION_STYLE_ASSIGNMENT((#13491,#13496));
#13491 = SURFACE_STYLE_USAGE(.BOTH.,#13492);
#13492 = SURFACE_SIDE_STYLE('',(#13493));
#13493 = SURFACE_STYLE_FILL_AREA(#13494);
#13494 = FILL_AREA_STYLE('',(#13495));
#13495 = FILL_AREA_STYLE_COLOUR('',#11939);
#13496 = CURVE_STYLE('',#13497,POSITIVE_LENGTH_MEASURE(0.1),#11939);
#13497 = DRAUGHTING_PRE_DEFINED_CURVE_FONT('continuous');
#13498 = STYLED_ITEM('color',(#13499),#5794);
#13499 = PRESENTATION_STYLE_ASSIGNMENT((#13500,#13505));
#13500 = SURFACE_STYLE_USAGE(.BOTH.,#13501);
#13501 = SURFACE_SIDE_STYLE('',(#13502));
#13502 = SURFACE_STYLE_FILL_AREA(#13503);
#13503 = FILL_AREA_STYLE('',(#13504));
#13504 = FILL_AREA_STYLE_COLOUR('',#11939);
#13505 = CURVE_STYLE('',#13506,POSITIVE_LENGTH_MEASURE(0.1),#11939);
#13506 = DRAUGHTING_PRE_DEFINED_CURVE_FONT('continuous');
#13507 = STYLED_ITEM('color',(#13508),#5819);
#13508 = PRESENTATION_STYLE_ASSIGNMENT((#13509,#13514));
#13509 = SURFACE_STYLE_USAGE(.BOTH.,#13510);
#13510 = SURFACE_SIDE_STYLE('',(#13511));
#13511 = SURFACE_STYLE_FILL_AREA(#13512);
#13512 = FILL_AREA_STYLE('',(#13513));
#13513 = FILL_AREA_STYLE_COLOUR('',#11939);
#13514 = CURVE_STYLE('',#13515,POSITIVE_LENGTH_MEASURE(0.1),#11939);
#13515 = DRAUGHTING_PRE_DEFINED_CURVE_FONT('continuous');
#13516 = STYLED_ITEM('color',(#13517),#5896);
#13517 = PRESENTATION_STYLE_ASSIGNMENT((#13518,#13523));
#13518 = SURFACE_STYLE_USAGE(.BOTH.,#13519);
#13519 = SURFACE_SIDE_STYLE('',(#13520));
#13520 = SURFACE_STYLE_FILL_AREA(#13521);
#13521 = FILL_AREA_STYLE('',(#13522));
#13522 = FILL_AREA_STYLE_COLOUR('',#12125);
#13523 = CURVE_STYLE('',#13524,POSITIVE_LENGTH_MEASURE(0.1),#12125);
#13524 = DRAUGHTING_PRE_DEFINED_CURVE_FONT('continuous');
#13525 = STYLED_ITEM('color',(#13526),#5913);
#13526 = PRESENTATION_STYLE_ASSIGNMENT((#13527,#13532));
#13527 = SURFACE_STYLE_USAGE(.BOTH.,#13528);
#13528 = SURFACE_SIDE_STYLE('',(#13529));
#13529 = SURFACE_STYLE_FILL_AREA(#13530);
#13530 = FILL_AREA_STYLE('',(#13531));
#13531 = FILL_AREA_STYLE_COLOUR('',#11939);
#13532 = CURVE_STYLE('',#13533,POSITIVE_LENGTH_MEASURE(0.1),#11939);
#13533 = DRAUGHTING_PRE_DEFINED_CURVE_FONT('continuous');
#13534 = STYLED_ITEM('color',(#13535),#6005);
#13535 = PRESENTATION_STYLE_ASSIGNMENT((#13536,#13541));
#13536 = SURFACE_STYLE_USAGE(.BOTH.,#13537);
#13537 = SURFACE_SIDE_STYLE('',(#13538));
#13538 = SURFACE_STYLE_FILL_AREA(#13539);
#13539 = FILL_AREA_STYLE('',(#13540));
#13540 = FILL_AREA_STYLE_COLOUR('',#11939);
#13541 = CURVE_STYLE('',#13542,POSITIVE_LENGTH_MEASURE(0.1),#11939);
#13542 = DRAUGHTING_PRE_DEFINED_CURVE_FONT('continuous');
#13543 = STYLED_ITEM('color',(#13544),#6030);
#13544 = PRESENTATION_STYLE_ASSIGNMENT((#13545,#13550));
#13545 = SURFACE_STYLE_USAGE(.BOTH.,#13546);
#13546 = SURFACE_SIDE_STYLE('',(#13547));
#13547 = SURFACE_STYLE_FILL_AREA(#13548);
#13548 = FILL_AREA_STYLE('',(#13549));
#13549 = FILL_AREA_STYLE_COLOUR('',#11939);
#13550 = CURVE_STYLE('',#13551,POSITIVE_LENGTH_MEASURE(0.1),#11939);
#13551 = DRAUGHTING_PRE_DEFINED_CURVE_FONT('continuous');
#13552 = STYLED_ITEM('color',(#13553),#6114);
#13553 = PRESENTATION_STYLE_ASSIGNMENT((#13554,#13559));
#13554 = SURFACE_STYLE_USAGE(.BOTH.,#13555);
#13555 = SURFACE_SIDE_STYLE('',(#13556));
#13556 = SURFACE_STYLE_FILL_AREA(#13557);
#13557 = FILL_AREA_STYLE('',(#13558));
#13558 = FILL_AREA_STYLE_COLOUR('',#12125);
#13559 = CURVE_STYLE('',#13560,POSITIVE_LENGTH_MEASURE(0.1),#12125);
#13560 = DRAUGHTING_PRE_DEFINED_CURVE_FONT('continuous');
#13561 = STYLED_ITEM('color',(#13562),#6136);
#13562 = PRESENTATION_STYLE_ASSIGNMENT((#13563,#13568));
#13563 = SURFACE_STYLE_USAGE(.BOTH.,#13564);
#13564 = SURFACE_SIDE_STYLE('',(#13565));
#13565 = SURFACE_STYLE_FILL_AREA(#13566);
#13566 = FILL_AREA_STYLE('',(#13567));
#13567 = FILL_AREA_STYLE_COLOUR('',#11939);
#13568 = CURVE_STYLE('',#13569,POSITIVE_LENGTH_MEASURE(0.1),#11939);
#13569 = DRAUGHTING_PRE_DEFINED_CURVE_FONT('continuous');
#13570 = STYLED_ITEM('color',(#13571),#6228);
#13571 = PRESENTATION_STYLE_ASSIGNMENT((#13572,#13577));
#13572 = SURFACE_STYLE_USAGE(.BOTH.,#13573);
#13573 = SURFACE_SIDE_STYLE('',(#13574));
#13574 = SURFACE_STYLE_FILL_AREA(#13575);
#13575 = FILL_AREA_STYLE('',(#13576));
#13576 = FILL_AREA_STYLE_COLOUR('',#11939);
#13577 = CURVE_STYLE('',#13578,POSITIVE_LENGTH_MEASURE(0.1),#11939);
#13578 = DRAUGHTING_PRE_DEFINED_CURVE_FONT('continuous');
#13579 = STYLED_ITEM('color',(#13580),#6253);
#13580 = PRESENTATION_STYLE_ASSIGNMENT((#13581,#13586));
#13581 = SURFACE_STYLE_USAGE(.BOTH.,#13582);
#13582 = SURFACE_SIDE_STYLE('',(#13583));
#13583 = SURFACE_STYLE_FILL_AREA(#13584);
#13584 = FILL_AREA_STYLE('',(#13585));
#13585 = FILL_AREA_STYLE_COLOUR('',#11939);
#13586 = CURVE_STYLE('',#13587,POSITIVE_LENGTH_MEASURE(0.1),#11939);
#13587 = DRAUGHTING_PRE_DEFINED_CURVE_FONT('continuous');
#13588 = STYLED_ITEM('color',(#13589),#6337);
#13589 = PRESENTATION_STYLE_ASSIGNMENT((#13590,#13595));
#13590 = SURFACE_STYLE_USAGE(.BOTH.,#13591);
#13591 = SURFACE_SIDE_STYLE('',(#13592));
#13592 = SURFACE_STYLE_FILL_AREA(#13593);
#13593 = FILL_AREA_STYLE('',(#13594));
#13594 = FILL_AREA_STYLE_COLOUR('',#11939);
#13595 = CURVE_STYLE('',#13596,POSITIVE_LENGTH_MEASURE(0.1),#11939);
#13596 = DRAUGHTING_PRE_DEFINED_CURVE_FONT('continuous');
#13597 = STYLED_ITEM('color',(#13598),#6354);
#13598 = PRESENTATION_STYLE_ASSIGNMENT((#13599,#13604));
#13599 = SURFACE_STYLE_USAGE(.BOTH.,#13600);
#13600 = SURFACE_SIDE_STYLE('',(#13601));
#13601 = SURFACE_STYLE_FILL_AREA(#13602);
#13602 = FILL_AREA_STYLE('',(#13603));
#13603 = FILL_AREA_STYLE_COLOUR('',#11939);
#13604 = CURVE_STYLE('',#13605,POSITIVE_LENGTH_MEASURE(0.1),#11939);
#13605 = DRAUGHTING_PRE_DEFINED_CURVE_FONT('continuous');
#13606 = STYLED_ITEM('color',(#13607),#6373);
#13607 = PRESENTATION_STYLE_ASSIGNMENT((#13608,#13613));
#13608 = SURFACE_STYLE_USAGE(.BOTH.,#13609);
#13609 = SURFACE_SIDE_STYLE('',(#13610));
#13610 = SURFACE_STYLE_FILL_AREA(#13611);
#13611 = FILL_AREA_STYLE('',(#13612));
#13612 = FILL_AREA_STYLE_COLOUR('',#11939);
#13613 = CURVE_STYLE('',#13614,POSITIVE_LENGTH_MEASURE(0.1),#11939);
#13614 = DRAUGHTING_PRE_DEFINED_CURVE_FONT('continuous');
#13615 = STYLED_ITEM('color',(#13616),#6392);
#13616 = PRESENTATION_STYLE_ASSIGNMENT((#13617,#13622));
#13617 = SURFACE_STYLE_USAGE(.BOTH.,#13618);
#13618 = SURFACE_SIDE_STYLE('',(#13619));
#13619 = SURFACE_STYLE_FILL_AREA(#13620);
#13620 = FILL_AREA_STYLE('',(#13621));
#13621 = FILL_AREA_STYLE_COLOUR('',#12125);
#13622 = CURVE_STYLE('',#13623,POSITIVE_LENGTH_MEASURE(0.1),#12125);
#13623 = DRAUGHTING_PRE_DEFINED_CURVE_FONT('continuous');
#13624 = STYLED_ITEM('color',(#13625),#6438);
#13625 = PRESENTATION_STYLE_ASSIGNMENT((#13626,#13631));
#13626 = SURFACE_STYLE_USAGE(.BOTH.,#13627);
#13627 = SURFACE_SIDE_STYLE('',(#13628));
#13628 = SURFACE_STYLE_FILL_AREA(#13629);
#13629 = FILL_AREA_STYLE('',(#13630));
#13630 = FILL_AREA_STYLE_COLOUR('',#12125);
#13631 = CURVE_STYLE('',#13632,POSITIVE_LENGTH_MEASURE(0.1),#12125);
#13632 = DRAUGHTING_PRE_DEFINED_CURVE_FONT('continuous');
#13633 = STYLED_ITEM('color',(#13634),#6454);
#13634 = PRESENTATION_STYLE_ASSIGNMENT((#13635,#13640));
#13635 = SURFACE_STYLE_USAGE(.BOTH.,#13636);
#13636 = SURFACE_SIDE_STYLE('',(#13637));
#13637 = SURFACE_STYLE_FILL_AREA(#13638);
#13638 = FILL_AREA_STYLE('',(#13639));
#13639 = FILL_AREA_STYLE_COLOUR('',#11939);
#13640 = CURVE_STYLE('',#13641,POSITIVE_LENGTH_MEASURE(0.1),#11939);
#13641 = DRAUGHTING_PRE_DEFINED_CURVE_FONT('continuous');
#13642 = STYLED_ITEM('color',(#13643),#6473);
#13643 = PRESENTATION_STYLE_ASSIGNMENT((#13644,#13649));
#13644 = SURFACE_STYLE_USAGE(.BOTH.,#13645);
#13645 = SURFACE_SIDE_STYLE('',(#13646));
#13646 = SURFACE_STYLE_FILL_AREA(#13647);
#13647 = FILL_AREA_STYLE('',(#13648));
#13648 = FILL_AREA_STYLE_COLOUR('',#11939);
#13649 = CURVE_STYLE('',#13650,POSITIVE_LENGTH_MEASURE(0.1),#11939);
#13650 = DRAUGHTING_PRE_DEFINED_CURVE_FONT('continuous');
#13651 = STYLED_ITEM('color',(#13652),#6492);
#13652 = PRESENTATION_STYLE_ASSIGNMENT((#13653,#13658));
#13653 = SURFACE_STYLE_USAGE(.BOTH.,#13654);
#13654 = SURFACE_SIDE_STYLE('',(#13655));
#13655 = SURFACE_STYLE_FILL_AREA(#13656);
#13656 = FILL_AREA_STYLE('',(#13657));
#13657 = FILL_AREA_STYLE_COLOUR('',#12125);
#13658 = CURVE_STYLE('',#13659,POSITIVE_LENGTH_MEASURE(0.1),#12125);
#13659 = DRAUGHTING_PRE_DEFINED_CURVE_FONT('continuous');
#13660 = STYLED_ITEM('color',(#13661),#6508);
#13661 = PRESENTATION_STYLE_ASSIGNMENT((#13662,#13667));
#13662 = SURFACE_STYLE_USAGE(.BOTH.,#13663);
#13663 = SURFACE_SIDE_STYLE('',(#13664));
#13664 = SURFACE_STYLE_FILL_AREA(#13665);
#13665 = FILL_AREA_STYLE('',(#13666));
#13666 = FILL_AREA_STYLE_COLOUR('',#11939);
#13667 = CURVE_STYLE('',#13668,POSITIVE_LENGTH_MEASURE(0.1),#11939);
#13668 = DRAUGHTING_PRE_DEFINED_CURVE_FONT('continuous');
#13669 = STYLED_ITEM('color',(#13670),#6525);
#13670 = PRESENTATION_STYLE_ASSIGNMENT((#13671,#13676));
#13671 = SURFACE_STYLE_USAGE(.BOTH.,#13672);
#13672 = SURFACE_SIDE_STYLE('',(#13673));
#13673 = SURFACE_STYLE_FILL_AREA(#13674);
#13674 = FILL_AREA_STYLE('',(#13675));
#13675 = FILL_AREA_STYLE_COLOUR('',#12125);
#13676 = CURVE_STYLE('',#13677,POSITIVE_LENGTH_MEASURE(0.1),#12125);
#13677 = DRAUGHTING_PRE_DEFINED_CURVE_FONT('continuous');
#13678 = STYLED_ITEM('color',(#13679),#6537);
#13679 = PRESENTATION_STYLE_ASSIGNMENT((#13680,#13685));
#13680 = SURFACE_STYLE_USAGE(.BOTH.,#13681);
#13681 = SURFACE_SIDE_STYLE('',(#13682));
#13682 = SURFACE_STYLE_FILL_AREA(#13683);
#13683 = FILL_AREA_STYLE('',(#13684));
#13684 = FILL_AREA_STYLE_COLOUR('',#11939);
#13685 = CURVE_STYLE('',#13686,POSITIVE_LENGTH_MEASURE(0.1),#11939);
#13686 = DRAUGHTING_PRE_DEFINED_CURVE_FONT('continuous');
#13687 = STYLED_ITEM('color',(#13688),#6554);
#13688 = PRESENTATION_STYLE_ASSIGNMENT((#13689,#13694));
#13689 = SURFACE_STYLE_USAGE(.BOTH.,#13690);
#13690 = SURFACE_SIDE_STYLE('',(#13691));
#13691 = SURFACE_STYLE_FILL_AREA(#13692);
#13692 = FILL_AREA_STYLE('',(#13693));
#13693 = FILL_AREA_STYLE_COLOUR('',#11939);
#13694 = CURVE_STYLE('',#13695,POSITIVE_LENGTH_MEASURE(0.1),#11939);
#13695 = DRAUGHTING_PRE_DEFINED_CURVE_FONT('continuous');
#13696 = STYLED_ITEM('color',(#13697),#6571);
#13697 = PRESENTATION_STYLE_ASSIGNMENT((#13698,#13703));
#13698 = SURFACE_STYLE_USAGE(.BOTH.,#13699);
#13699 = SURFACE_SIDE_STYLE('',(#13700));
#13700 = SURFACE_STYLE_FILL_AREA(#13701);
#13701 = FILL_AREA_STYLE('',(#13702));
#13702 = FILL_AREA_STYLE_COLOUR('',#11939);
#13703 = CURVE_STYLE('',#13704,POSITIVE_LENGTH_MEASURE(0.1),#11939);
#13704 = DRAUGHTING_PRE_DEFINED_CURVE_FONT('continuous');
#13705 = STYLED_ITEM('color',(#13706),#6588);
#13706 = PRESENTATION_STYLE_ASSIGNMENT((#13707,#13712));
#13707 = SURFACE_STYLE_USAGE(.BOTH.,#13708);
#13708 = SURFACE_SIDE_STYLE('',(#13709));
#13709 = SURFACE_STYLE_FILL_AREA(#13710);
#13710 = FILL_AREA_STYLE('',(#13711));
#13711 = FILL_AREA_STYLE_COLOUR('',#11939);
#13712 = CURVE_STYLE('',#13713,POSITIVE_LENGTH_MEASURE(0.1),#11939);
#13713 = DRAUGHTING_PRE_DEFINED_CURVE_FONT('continuous');
#13714 = STYLED_ITEM('color',(#13715),#6605);
#13715 = PRESENTATION_STYLE_ASSIGNMENT((#13716,#13721));
#13716 = SURFACE_STYLE_USAGE(.BOTH.,#13717);
#13717 = SURFACE_SIDE_STYLE('',(#13718));
#13718 = SURFACE_STYLE_FILL_AREA(#13719);
#13719 = FILL_AREA_STYLE('',(#13720));
#13720 = FILL_AREA_STYLE_COLOUR('',#11939);
#13721 = CURVE_STYLE('',#13722,POSITIVE_LENGTH_MEASURE(0.1),#11939);
#13722 = DRAUGHTING_PRE_DEFINED_CURVE_FONT('continuous');
#13723 = STYLED_ITEM('color',(#13724),#6622);
#13724 = PRESENTATION_STYLE_ASSIGNMENT((#13725,#13730));
#13725 = SURFACE_STYLE_USAGE(.BOTH.,#13726);
#13726 = SURFACE_SIDE_STYLE('',(#13727));
#13727 = SURFACE_STYLE_FILL_AREA(#13728);
#13728 = FILL_AREA_STYLE('',(#13729));
#13729 = FILL_AREA_STYLE_COLOUR('',#11939);
#13730 = CURVE_STYLE('',#13731,POSITIVE_LENGTH_MEASURE(0.1),#11939);
#13731 = DRAUGHTING_PRE_DEFINED_CURVE_FONT('continuous');
#13732 = STYLED_ITEM('color',(#13733),#6639);
#13733 = PRESENTATION_STYLE_ASSIGNMENT((#13734,#13739));
#13734 = SURFACE_STYLE_USAGE(.BOTH.,#13735);
#13735 = SURFACE_SIDE_STYLE('',(#13736));
#13736 = SURFACE_STYLE_FILL_AREA(#13737);
#13737 = FILL_AREA_STYLE('',(#13738));
#13738 = FILL_AREA_STYLE_COLOUR('',#11939);
#13739 = CURVE_STYLE('',#13740,POSITIVE_LENGTH_MEASURE(0.1),#11939);
#13740 = DRAUGHTING_PRE_DEFINED_CURVE_FONT('continuous');
#13741 = STYLED_ITEM('color',(#13742),#6656);
#13742 = PRESENTATION_STYLE_ASSIGNMENT((#13743,#13748));
#13743 = SURFACE_STYLE_USAGE(.BOTH.,#13744);
#13744 = SURFACE_SIDE_STYLE('',(#13745));
#13745 = SURFACE_STYLE_FILL_AREA(#13746);
#13746 = FILL_AREA_STYLE('',(#13747));
#13747 = FILL_AREA_STYLE_COLOUR('',#11939);
#13748 = CURVE_STYLE('',#13749,POSITIVE_LENGTH_MEASURE(0.1),#11939);
#13749 = DRAUGHTING_PRE_DEFINED_CURVE_FONT('continuous');
#13750 = STYLED_ITEM('color',(#13751),#6668);
#13751 = PRESENTATION_STYLE_ASSIGNMENT((#13752,#13757));
#13752 = SURFACE_STYLE_USAGE(.BOTH.,#13753);
#13753 = SURFACE_SIDE_STYLE('',(#13754));
#13754 = SURFACE_STYLE_FILL_AREA(#13755);
#13755 = FILL_AREA_STYLE('',(#13756));
#13756 = FILL_AREA_STYLE_COLOUR('',#11939);
#13757 = CURVE_STYLE('',#13758,POSITIVE_LENGTH_MEASURE(0.1),#11939);
#13758 = DRAUGHTING_PRE_DEFINED_CURVE_FONT('continuous');
#13759 = STYLED_ITEM('color',(#13760),#6685);
#13760 = PRESENTATION_STYLE_ASSIGNMENT((#13761,#13766));
#13761 = SURFACE_STYLE_USAGE(.BOTH.,#13762);
#13762 = SURFACE_SIDE_STYLE('',(#13763));
#13763 = SURFACE_STYLE_FILL_AREA(#13764);
#13764 = FILL_AREA_STYLE('',(#13765));
#13765 = FILL_AREA_STYLE_COLOUR('',#11939);
#13766 = CURVE_STYLE('',#13767,POSITIVE_LENGTH_MEASURE(0.1),#11939);
#13767 = DRAUGHTING_PRE_DEFINED_CURVE_FONT('continuous');
#13768 = STYLED_ITEM('color',(#13769),#6702);
#13769 = PRESENTATION_STYLE_ASSIGNMENT((#13770,#13775));
#13770 = SURFACE_STYLE_USAGE(.BOTH.,#13771);
#13771 = SURFACE_SIDE_STYLE('',(#13772));
#13772 = SURFACE_STYLE_FILL_AREA(#13773);
#13773 = FILL_AREA_STYLE('',(#13774));
#13774 = FILL_AREA_STYLE_COLOUR('',#11939);
#13775 = CURVE_STYLE('',#13776,POSITIVE_LENGTH_MEASURE(0.1),#11939);
#13776 = DRAUGHTING_PRE_DEFINED_CURVE_FONT('continuous');
#13777 = STYLED_ITEM('color',(#13778),#6719);
#13778 = PRESENTATION_STYLE_ASSIGNMENT((#13779,#13784));
#13779 = SURFACE_STYLE_USAGE(.BOTH.,#13780);
#13780 = SURFACE_SIDE_STYLE('',(#13781));
#13781 = SURFACE_STYLE_FILL_AREA(#13782);
#13782 = FILL_AREA_STYLE('',(#13783));
#13783 = FILL_AREA_STYLE_COLOUR('',#11939);
#13784 = CURVE_STYLE('',#13785,POSITIVE_LENGTH_MEASURE(0.1),#11939);
#13785 = DRAUGHTING_PRE_DEFINED_CURVE_FONT('continuous');
#13786 = STYLED_ITEM('color',(#13787),#6736);
#13787 = PRESENTATION_STYLE_ASSIGNMENT((#13788,#13793));
#13788 = SURFACE_STYLE_USAGE(.BOTH.,#13789);
#13789 = SURFACE_SIDE_STYLE('',(#13790));
#13790 = SURFACE_STYLE_FILL_AREA(#13791);
#13791 = FILL_AREA_STYLE('',(#13792));
#13792 = FILL_AREA_STYLE_COLOUR('',#11939);
#13793 = CURVE_STYLE('',#13794,POSITIVE_LENGTH_MEASURE(0.1),#11939);
#13794 = DRAUGHTING_PRE_DEFINED_CURVE_FONT('continuous');
#13795 = STYLED_ITEM('color',(#13796),#6753);
#13796 = PRESENTATION_STYLE_ASSIGNMENT((#13797,#13802));
#13797 = SURFACE_STYLE_USAGE(.BOTH.,#13798);
#13798 = SURFACE_SIDE_STYLE('',(#13799));
#13799 = SURFACE_STYLE_FILL_AREA(#13800);
#13800 = FILL_AREA_STYLE('',(#13801));
#13801 = FILL_AREA_STYLE_COLOUR('',#11939);
#13802 = CURVE_STYLE('',#13803,POSITIVE_LENGTH_MEASURE(0.1),#11939);
#13803 = DRAUGHTING_PRE_DEFINED_CURVE_FONT('continuous');
#13804 = STYLED_ITEM('color',(#13805),#6770);
#13805 = PRESENTATION_STYLE_ASSIGNMENT((#13806,#13811));
#13806 = SURFACE_STYLE_USAGE(.BOTH.,#13807);
#13807 = SURFACE_SIDE_STYLE('',(#13808));
#13808 = SURFACE_STYLE_FILL_AREA(#13809);
#13809 = FILL_AREA_STYLE('',(#13810));
#13810 = FILL_AREA_STYLE_COLOUR('',#11939);
#13811 = CURVE_STYLE('',#13812,POSITIVE_LENGTH_MEASURE(0.1),#11939);
#13812 = DRAUGHTING_PRE_DEFINED_CURVE_FONT('continuous');
#13813 = STYLED_ITEM('color',(#13814),#6787);
#13814 = PRESENTATION_STYLE_ASSIGNMENT((#13815,#13820));
#13815 = SURFACE_STYLE_USAGE(.BOTH.,#13816);
#13816 = SURFACE_SIDE_STYLE('',(#13817));
#13817 = SURFACE_STYLE_FILL_AREA(#13818);
#13818 = FILL_AREA_STYLE('',(#13819));
#13819 = FILL_AREA_STYLE_COLOUR('',#11939);
#13820 = CURVE_STYLE('',#13821,POSITIVE_LENGTH_MEASURE(0.1),#11939);
#13821 = DRAUGHTING_PRE_DEFINED_CURVE_FONT('continuous');
#13822 = STYLED_ITEM('color',(#13823),#6799);
#13823 = PRESENTATION_STYLE_ASSIGNMENT((#13824,#13829));
#13824 = SURFACE_STYLE_USAGE(.BOTH.,#13825);
#13825 = SURFACE_SIDE_STYLE('',(#13826));
#13826 = SURFACE_STYLE_FILL_AREA(#13827);
#13827 = FILL_AREA_STYLE('',(#13828));
#13828 = FILL_AREA_STYLE_COLOUR('',#11939);
#13829 = CURVE_STYLE('',#13830,POSITIVE_LENGTH_MEASURE(0.1),#11939);
#13830 = DRAUGHTING_PRE_DEFINED_CURVE_FONT('continuous');
#13831 = STYLED_ITEM('color',(#13832),#6816);
#13832 = PRESENTATION_STYLE_ASSIGNMENT((#13833,#13838));
#13833 = SURFACE_STYLE_USAGE(.BOTH.,#13834);
#13834 = SURFACE_SIDE_STYLE('',(#13835));
#13835 = SURFACE_STYLE_FILL_AREA(#13836);
#13836 = FILL_AREA_STYLE('',(#13837));
#13837 = FILL_AREA_STYLE_COLOUR('',#11939);
#13838 = CURVE_STYLE('',#13839,POSITIVE_LENGTH_MEASURE(0.1),#11939);
#13839 = DRAUGHTING_PRE_DEFINED_CURVE_FONT('continuous');
#13840 = STYLED_ITEM('color',(#13841),#6833);
#13841 = PRESENTATION_STYLE_ASSIGNMENT((#13842,#13847));
#13842 = SURFACE_STYLE_USAGE(.BOTH.,#13843);
#13843 = SURFACE_SIDE_STYLE('',(#13844));
#13844 = SURFACE_STYLE_FILL_AREA(#13845);
#13845 = FILL_AREA_STYLE('',(#13846));
#13846 = FILL_AREA_STYLE_COLOUR('',#11939);
#13847 = CURVE_STYLE('',#13848,POSITIVE_LENGTH_MEASURE(0.1),#11939);
#13848 = DRAUGHTING_PRE_DEFINED_CURVE_FONT('continuous');
#13849 = STYLED_ITEM('color',(#13850),#6850);
#13850 = PRESENTATION_STYLE_ASSIGNMENT((#13851,#13856));
#13851 = SURFACE_STYLE_USAGE(.BOTH.,#13852);
#13852 = SURFACE_SIDE_STYLE('',(#13853));
#13853 = SURFACE_STYLE_FILL_AREA(#13854);
#13854 = FILL_AREA_STYLE('',(#13855));
#13855 = FILL_AREA_STYLE_COLOUR('',#11939);
#13856 = CURVE_STYLE('',#13857,POSITIVE_LENGTH_MEASURE(0.1),#11939);
#13857 = DRAUGHTING_PRE_DEFINED_CURVE_FONT('continuous');
#13858 = STYLED_ITEM('color',(#13859),#6867);
#13859 = PRESENTATION_STYLE_ASSIGNMENT((#13860,#13865));
#13860 = SURFACE_STYLE_USAGE(.BOTH.,#13861);
#13861 = SURFACE_SIDE_STYLE('',(#13862));
#13862 = SURFACE_STYLE_FILL_AREA(#13863);
#13863 = FILL_AREA_STYLE('',(#13864));
#13864 = FILL_AREA_STYLE_COLOUR('',#11939);
#13865 = CURVE_STYLE('',#13866,POSITIVE_LENGTH_MEASURE(0.1),#11939);
#13866 = DRAUGHTING_PRE_DEFINED_CURVE_FONT('continuous');
#13867 = STYLED_ITEM('color',(#13868),#6884);
#13868 = PRESENTATION_STYLE_ASSIGNMENT((#13869,#13874));
#13869 = SURFACE_STYLE_USAGE(.BOTH.,#13870);
#13870 = SURFACE_SIDE_STYLE('',(#13871));
#13871 = SURFACE_STYLE_FILL_AREA(#13872);
#13872 = FILL_AREA_STYLE('',(#13873));
#13873 = FILL_AREA_STYLE_COLOUR('',#11939);
#13874 = CURVE_STYLE('',#13875,POSITIVE_LENGTH_MEASURE(0.1),#11939);
#13875 = DRAUGHTING_PRE_DEFINED_CURVE_FONT('continuous');
#13876 = STYLED_ITEM('color',(#13877),#6901);
#13877 = PRESENTATION_STYLE_ASSIGNMENT((#13878,#13883));
#13878 = SURFACE_STYLE_USAGE(.BOTH.,#13879);
#13879 = SURFACE_SIDE_STYLE('',(#13880));
#13880 = SURFACE_STYLE_FILL_AREA(#13881);
#13881 = FILL_AREA_STYLE('',(#13882));
#13882 = FILL_AREA_STYLE_COLOUR('',#11939);
#13883 = CURVE_STYLE('',#13884,POSITIVE_LENGTH_MEASURE(0.1),#11939);
#13884 = DRAUGHTING_PRE_DEFINED_CURVE_FONT('continuous');
#13885 = STYLED_ITEM('color',(#13886),#6913);
#13886 = PRESENTATION_STYLE_ASSIGNMENT((#13887,#13892));
#13887 = SURFACE_STYLE_USAGE(.BOTH.,#13888);
#13888 = SURFACE_SIDE_STYLE('',(#13889));
#13889 = SURFACE_STYLE_FILL_AREA(#13890);
#13890 = FILL_AREA_STYLE('',(#13891));
#13891 = FILL_AREA_STYLE_COLOUR('',#11939);
#13892 = CURVE_STYLE('',#13893,POSITIVE_LENGTH_MEASURE(0.1),#11939);
#13893 = DRAUGHTING_PRE_DEFINED_CURVE_FONT('continuous');
#13894 = STYLED_ITEM('color',(#13895),#6930);
#13895 = PRESENTATION_STYLE_ASSIGNMENT((#13896,#13901));
#13896 = SURFACE_STYLE_USAGE(.BOTH.,#13897);
#13897 = SURFACE_SIDE_STYLE('',(#13898));
#13898 = SURFACE_STYLE_FILL_AREA(#13899);
#13899 = FILL_AREA_STYLE('',(#13900));
#13900 = FILL_AREA_STYLE_COLOUR('',#11939);
#13901 = CURVE_STYLE('',#13902,POSITIVE_LENGTH_MEASURE(0.1),#11939);
#13902 = DRAUGHTING_PRE_DEFINED_CURVE_FONT('continuous');
#13903 = STYLED_ITEM('color',(#13904),#6947);
#13904 = PRESENTATION_STYLE_ASSIGNMENT((#13905,#13910));
#13905 = SURFACE_STYLE_USAGE(.BOTH.,#13906);
#13906 = SURFACE_SIDE_STYLE('',(#13907));
#13907 = SURFACE_STYLE_FILL_AREA(#13908);
#13908 = FILL_AREA_STYLE('',(#13909));
#13909 = FILL_AREA_STYLE_COLOUR('',#11939);
#13910 = CURVE_STYLE('',#13911,POSITIVE_LENGTH_MEASURE(0.1),#11939);
#13911 = DRAUGHTING_PRE_DEFINED_CURVE_FONT('continuous');
#13912 = STYLED_ITEM('color',(#13913),#6964);
#13913 = PRESENTATION_STYLE_ASSIGNMENT((#13914,#13919));
#13914 = SURFACE_STYLE_USAGE(.BOTH.,#13915);
#13915 = SURFACE_SIDE_STYLE('',(#13916));
#13916 = SURFACE_STYLE_FILL_AREA(#13917);
#13917 = FILL_AREA_STYLE('',(#13918));
#13918 = FILL_AREA_STYLE_COLOUR('',#11939);
#13919 = CURVE_STYLE('',#13920,POSITIVE_LENGTH_MEASURE(0.1),#11939);
#13920 = DRAUGHTING_PRE_DEFINED_CURVE_FONT('continuous');
#13921 = STYLED_ITEM('color',(#13922),#6981);
#13922 = PRESENTATION_STYLE_ASSIGNMENT((#13923,#13928));
#13923 = SURFACE_STYLE_USAGE(.BOTH.,#13924);
#13924 = SURFACE_SIDE_STYLE('',(#13925));
#13925 = SURFACE_STYLE_FILL_AREA(#13926);
#13926 = FILL_AREA_STYLE('',(#13927));
#13927 = FILL_AREA_STYLE_COLOUR('',#11939);
#13928 = CURVE_STYLE('',#13929,POSITIVE_LENGTH_MEASURE(0.1),#11939);
#13929 = DRAUGHTING_PRE_DEFINED_CURVE_FONT('continuous');
#13930 = STYLED_ITEM('color',(#13931),#6998);
#13931 = PRESENTATION_STYLE_ASSIGNMENT((#13932,#13937));
#13932 = SURFACE_STYLE_USAGE(.BOTH.,#13933);
#13933 = SURFACE_SIDE_STYLE('',(#13934));
#13934 = SURFACE_STYLE_FILL_AREA(#13935);
#13935 = FILL_AREA_STYLE('',(#13936));
#13936 = FILL_AREA_STYLE_COLOUR('',#11939);
#13937 = CURVE_STYLE('',#13938,POSITIVE_LENGTH_MEASURE(0.1),#11939);
#13938 = DRAUGHTING_PRE_DEFINED_CURVE_FONT('continuous');
#13939 = STYLED_ITEM('color',(#13940),#7015);
#13940 = PRESENTATION_STYLE_ASSIGNMENT((#13941,#13946));
#13941 = SURFACE_STYLE_USAGE(.BOTH.,#13942);
#13942 = SURFACE_SIDE_STYLE('',(#13943));
#13943 = SURFACE_STYLE_FILL_AREA(#13944);
#13944 = FILL_AREA_STYLE('',(#13945));
#13945 = FILL_AREA_STYLE_COLOUR('',#11939);
#13946 = CURVE_STYLE('',#13947,POSITIVE_LENGTH_MEASURE(0.1),#11939);
#13947 = DRAUGHTING_PRE_DEFINED_CURVE_FONT('continuous');
#13948 = STYLED_ITEM('color',(#13949),#7027);
#13949 = PRESENTATION_STYLE_ASSIGNMENT((#13950,#13955));
#13950 = SURFACE_STYLE_USAGE(.BOTH.,#13951);
#13951 = SURFACE_SIDE_STYLE('',(#13952));
#13952 = SURFACE_STYLE_FILL_AREA(#13953);
#13953 = FILL_AREA_STYLE('',(#13954));
#13954 = FILL_AREA_STYLE_COLOUR('',#11939);
#13955 = CURVE_STYLE('',#13956,POSITIVE_LENGTH_MEASURE(0.1),#11939);
#13956 = DRAUGHTING_PRE_DEFINED_CURVE_FONT('continuous');
#13957 = STYLED_ITEM('color',(#13958),#7044);
#13958 = PRESENTATION_STYLE_ASSIGNMENT((#13959,#13964));
#13959 = SURFACE_STYLE_USAGE(.BOTH.,#13960);
#13960 = SURFACE_SIDE_STYLE('',(#13961));
#13961 = SURFACE_STYLE_FILL_AREA(#13962);
#13962 = FILL_AREA_STYLE('',(#13963));
#13963 = FILL_AREA_STYLE_COLOUR('',#11939);
#13964 = CURVE_STYLE('',#13965,POSITIVE_LENGTH_MEASURE(0.1),#11939);
#13965 = DRAUGHTING_PRE_DEFINED_CURVE_FONT('continuous');
#13966 = STYLED_ITEM('color',(#13967),#7061);
#13967 = PRESENTATION_STYLE_ASSIGNMENT((#13968,#13973));
#13968 = SURFACE_STYLE_USAGE(.BOTH.,#13969);
#13969 = SURFACE_SIDE_STYLE('',(#13970));
#13970 = SURFACE_STYLE_FILL_AREA(#13971);
#13971 = FILL_AREA_STYLE('',(#13972));
#13972 = FILL_AREA_STYLE_COLOUR('',#11939);
#13973 = CURVE_STYLE('',#13974,POSITIVE_LENGTH_MEASURE(0.1),#11939);
#13974 = DRAUGHTING_PRE_DEFINED_CURVE_FONT('continuous');
#13975 = STYLED_ITEM('color',(#13976),#7078);
#13976 = PRESENTATION_STYLE_ASSIGNMENT((#13977,#13982));
#13977 = SURFACE_STYLE_USAGE(.BOTH.,#13978);
#13978 = SURFACE_SIDE_STYLE('',(#13979));
#13979 = SURFACE_STYLE_FILL_AREA(#13980);
#13980 = FILL_AREA_STYLE('',(#13981));
#13981 = FILL_AREA_STYLE_COLOUR('',#11939);
#13982 = CURVE_STYLE('',#13983,POSITIVE_LENGTH_MEASURE(0.1),#11939);
#13983 = DRAUGHTING_PRE_DEFINED_CURVE_FONT('continuous');
#13984 = STYLED_ITEM('color',(#13985),#7095);
#13985 = PRESENTATION_STYLE_ASSIGNMENT((#13986,#13991));
#13986 = SURFACE_STYLE_USAGE(.BOTH.,#13987);
#13987 = SURFACE_SIDE_STYLE('',(#13988));
#13988 = SURFACE_STYLE_FILL_AREA(#13989);
#13989 = FILL_AREA_STYLE('',(#13990));
#13990 = FILL_AREA_STYLE_COLOUR('',#11939);
#13991 = CURVE_STYLE('',#13992,POSITIVE_LENGTH_MEASURE(0.1),#11939);
#13992 = DRAUGHTING_PRE_DEFINED_CURVE_FONT('continuous');
#13993 = STYLED_ITEM('color',(#13994),#7112);
#13994 = PRESENTATION_STYLE_ASSIGNMENT((#13995,#14000));
#13995 = SURFACE_STYLE_USAGE(.BOTH.,#13996);
#13996 = SURFACE_SIDE_STYLE('',(#13997));
#13997 = SURFACE_STYLE_FILL_AREA(#13998);
#13998 = FILL_AREA_STYLE('',(#13999));
#13999 = FILL_AREA_STYLE_COLOUR('',#11939);
#14000 = CURVE_STYLE('',#14001,POSITIVE_LENGTH_MEASURE(0.1),#11939);
#14001 = DRAUGHTING_PRE_DEFINED_CURVE_FONT('continuous');
#14002 = STYLED_ITEM('color',(#14003),#7129);
#14003 = PRESENTATION_STYLE_ASSIGNMENT((#14004,#14009));
#14004 = SURFACE_STYLE_USAGE(.BOTH.,#14005);
#14005 = SURFACE_SIDE_STYLE('',(#14006));
#14006 = SURFACE_STYLE_FILL_AREA(#14007);
#14007 = FILL_AREA_STYLE('',(#14008));
#14008 = FILL_AREA_STYLE_COLOUR('',#11939);
#14009 = CURVE_STYLE('',#14010,POSITIVE_LENGTH_MEASURE(0.1),#11939);
#14010 = DRAUGHTING_PRE_DEFINED_CURVE_FONT('continuous');
#14011 = STYLED_ITEM('color',(#14012),#7146);
#14012 = PRESENTATION_STYLE_ASSIGNMENT((#14013,#14018));
#14013 = SURFACE_STYLE_USAGE(.BOTH.,#14014);
#14014 = SURFACE_SIDE_STYLE('',(#14015));
#14015 = SURFACE_STYLE_FILL_AREA(#14016);
#14016 = FILL_AREA_STYLE('',(#14017));
#14017 = FILL_AREA_STYLE_COLOUR('',#11939);
#14018 = CURVE_STYLE('',#14019,POSITIVE_LENGTH_MEASURE(0.1),#11939);
#14019 = DRAUGHTING_PRE_DEFINED_CURVE_FONT('continuous');
#14020 = STYLED_ITEM('color',(#14021),#7158);
#14021 = PRESENTATION_STYLE_ASSIGNMENT((#14022,#14027));
#14022 = SURFACE_STYLE_USAGE(.BOTH.,#14023);
#14023 = SURFACE_SIDE_STYLE('',(#14024));
#14024 = SURFACE_STYLE_FILL_AREA(#14025);
#14025 = FILL_AREA_STYLE('',(#14026));
#14026 = FILL_AREA_STYLE_COLOUR('',#11939);
#14027 = CURVE_STYLE('',#14028,POSITIVE_LENGTH_MEASURE(0.1),#11939);
#14028 = DRAUGHTING_PRE_DEFINED_CURVE_FONT('continuous');
#14029 = STYLED_ITEM('color',(#14030),#7175);
#14030 = PRESENTATION_STYLE_ASSIGNMENT((#14031,#14036));
#14031 = SURFACE_STYLE_USAGE(.BOTH.,#14032);
#14032 = SURFACE_SIDE_STYLE('',(#14033));
#14033 = SURFACE_STYLE_FILL_AREA(#14034);
#14034 = FILL_AREA_STYLE('',(#14035));
#14035 = FILL_AREA_STYLE_COLOUR('',#11939);
#14036 = CURVE_STYLE('',#14037,POSITIVE_LENGTH_MEASURE(0.1),#11939);
#14037 = DRAUGHTING_PRE_DEFINED_CURVE_FONT('continuous');
#14038 = STYLED_ITEM('color',(#14039),#7192);
#14039 = PRESENTATION_STYLE_ASSIGNMENT((#14040,#14045));
#14040 = SURFACE_STYLE_USAGE(.BOTH.,#14041);
#14041 = SURFACE_SIDE_STYLE('',(#14042));
#14042 = SURFACE_STYLE_FILL_AREA(#14043);
#14043 = FILL_AREA_STYLE('',(#14044));
#14044 = FILL_AREA_STYLE_COLOUR('',#11939);
#14045 = CURVE_STYLE('',#14046,POSITIVE_LENGTH_MEASURE(0.1),#11939);
#14046 = DRAUGHTING_PRE_DEFINED_CURVE_FONT('continuous');
#14047 = STYLED_ITEM('color',(#14048),#7209);
#14048 = PRESENTATION_STYLE_ASSIGNMENT((#14049,#14054));
#14049 = SURFACE_STYLE_USAGE(.BOTH.,#14050);
#14050 = SURFACE_SIDE_STYLE('',(#14051));
#14051 = SURFACE_STYLE_FILL_AREA(#14052);
#14052 = FILL_AREA_STYLE('',(#14053));
#14053 = FILL_AREA_STYLE_COLOUR('',#11939);
#14054 = CURVE_STYLE('',#14055,POSITIVE_LENGTH_MEASURE(0.1),#11939);
#14055 = DRAUGHTING_PRE_DEFINED_CURVE_FONT('continuous');
#14056 = STYLED_ITEM('color',(#14057),#7226);
#14057 = PRESENTATION_STYLE_ASSIGNMENT((#14058,#14063));
#14058 = SURFACE_STYLE_USAGE(.BOTH.,#14059);
#14059 = SURFACE_SIDE_STYLE('',(#14060));
#14060 = SURFACE_STYLE_FILL_AREA(#14061);
#14061 = FILL_AREA_STYLE('',(#14062));
#14062 = FILL_AREA_STYLE_COLOUR('',#11939);
#14063 = CURVE_STYLE('',#14064,POSITIVE_LENGTH_MEASURE(0.1),#11939);
#14064 = DRAUGHTING_PRE_DEFINED_CURVE_FONT('continuous');
#14065 = STYLED_ITEM('color',(#14066),#7243);
#14066 = PRESENTATION_STYLE_ASSIGNMENT((#14067,#14072));
#14067 = SURFACE_STYLE_USAGE(.BOTH.,#14068);
#14068 = SURFACE_SIDE_STYLE('',(#14069));
#14069 = SURFACE_STYLE_FILL_AREA(#14070);
#14070 = FILL_AREA_STYLE('',(#14071));
#14071 = FILL_AREA_STYLE_COLOUR('',#11939);
#14072 = CURVE_STYLE('',#14073,POSITIVE_LENGTH_MEASURE(0.1),#11939);
#14073 = DRAUGHTING_PRE_DEFINED_CURVE_FONT('continuous');
#14074 = STYLED_ITEM('color',(#14075),#7260);
#14075 = PRESENTATION_STYLE_ASSIGNMENT((#14076,#14081));
#14076 = SURFACE_STYLE_USAGE(.BOTH.,#14077);
#14077 = SURFACE_SIDE_STYLE('',(#14078));
#14078 = SURFACE_STYLE_FILL_AREA(#14079);
#14079 = FILL_AREA_STYLE('',(#14080));
#14080 = FILL_AREA_STYLE_COLOUR('',#11939);
#14081 = CURVE_STYLE('',#14082,POSITIVE_LENGTH_MEASURE(0.1),#11939);
#14082 = DRAUGHTING_PRE_DEFINED_CURVE_FONT('continuous');
#14083 = STYLED_ITEM('color',(#14084),#7277);
#14084 = PRESENTATION_STYLE_ASSIGNMENT((#14085,#14090));
#14085 = SURFACE_STYLE_USAGE(.BOTH.,#14086);
#14086 = SURFACE_SIDE_STYLE('',(#14087));
#14087 = SURFACE_STYLE_FILL_AREA(#14088);
#14088 = FILL_AREA_STYLE('',(#14089));
#14089 = FILL_AREA_STYLE_COLOUR('',#11939);
#14090 = CURVE_STYLE('',#14091,POSITIVE_LENGTH_MEASURE(0.1),#11939);
#14091 = DRAUGHTING_PRE_DEFINED_CURVE_FONT('continuous');
#14092 = STYLED_ITEM('color',(#14093),#7289);
#14093 = PRESENTATION_STYLE_ASSIGNMENT((#14094,#14099));
#14094 = SURFACE_STYLE_USAGE(.BOTH.,#14095);
#14095 = SURFACE_SIDE_STYLE('',(#14096));
#14096 = SURFACE_STYLE_FILL_AREA(#14097);
#14097 = FILL_AREA_STYLE('',(#14098));
#14098 = FILL_AREA_STYLE_COLOUR('',#13035);
#14099 = CURVE_STYLE('',#14100,POSITIVE_LENGTH_MEASURE(0.1),#13035);
#14100 = DRAUGHTING_PRE_DEFINED_CURVE_FONT('continuous');
#14101 = MECHANICAL_DESIGN_GEOMETRIC_PRESENTATION_REPRESENTATION('',(
    #14102,#14109,#14116,#14123,#14130,#14137,#14144,#14151,#14158,
    #14165,#14172,#14180,#14187,#14194,#14201,#14208,#14215,#14222,
    #14229,#14236,#14243,#14250,#14257,#14264,#14271,#14278,#14285,
    #14292),#3650);
#14102 = STYLED_ITEM('color',(#14103),#2798);
#14103 = PRESENTATION_STYLE_ASSIGNMENT((#14104));
#14104 = SURFACE_STYLE_USAGE(.BOTH.,#14105);
#14105 = SURFACE_SIDE_STYLE('',(#14106));
#14106 = SURFACE_STYLE_FILL_AREA(#14107);
#14107 = FILL_AREA_STYLE('',(#14108));
#14108 = FILL_AREA_STYLE_COLOUR('',#11939);
#14109 = STYLED_ITEM('color',(#14110),#2874);
#14110 = PRESENTATION_STYLE_ASSIGNMENT((#14111));
#14111 = SURFACE_STYLE_USAGE(.BOTH.,#14112);
#14112 = SURFACE_SIDE_STYLE('',(#14113));
#14113 = SURFACE_STYLE_FILL_AREA(#14114);
#14114 = FILL_AREA_STYLE('',(#14115));
#14115 = FILL_AREA_STYLE_COLOUR('',#11939);
#14116 = STYLED_ITEM('color',(#14117),#2905);
#14117 = PRESENTATION_STYLE_ASSIGNMENT((#14118));
#14118 = SURFACE_STYLE_USAGE(.BOTH.,#14119);
#14119 = SURFACE_SIDE_STYLE('',(#14120));
#14120 = SURFACE_STYLE_FILL_AREA(#14121);
#14121 = FILL_AREA_STYLE('',(#14122));
#14122 = FILL_AREA_STYLE_COLOUR('',#11939);
#14123 = STYLED_ITEM('color',(#14124),#2930);
#14124 = PRESENTATION_STYLE_ASSIGNMENT((#14125));
#14125 = SURFACE_STYLE_USAGE(.BOTH.,#14126);
#14126 = SURFACE_SIDE_STYLE('',(#14127));
#14127 = SURFACE_STYLE_FILL_AREA(#14128);
#14128 = FILL_AREA_STYLE('',(#14129));
#14129 = FILL_AREA_STYLE_COLOUR('',#11939);
#14130 = STYLED_ITEM('color',(#14131),#2955);
#14131 = PRESENTATION_STYLE_ASSIGNMENT((#14132));
#14132 = SURFACE_STYLE_USAGE(.BOTH.,#14133);
#14133 = SURFACE_SIDE_STYLE('',(#14134));
#14134 = SURFACE_STYLE_FILL_AREA(#14135);
#14135 = FILL_AREA_STYLE('',(#14136));
#14136 = FILL_AREA_STYLE_COLOUR('',#11939);
#14137 = STYLED_ITEM('color',(#14138),#2979);
#14138 = PRESENTATION_STYLE_ASSIGNMENT((#14139));
#14139 = SURFACE_STYLE_USAGE(.BOTH.,#14140);
#14140 = SURFACE_SIDE_STYLE('',(#14141));
#14141 = SURFACE_STYLE_FILL_AREA(#14142);
#14142 = FILL_AREA_STYLE('',(#14143));
#14143 = FILL_AREA_STYLE_COLOUR('',#11939);
#14144 = STYLED_ITEM('color',(#14145),#3003);
#14145 = PRESENTATION_STYLE_ASSIGNMENT((#14146));
#14146 = SURFACE_STYLE_USAGE(.BOTH.,#14147);
#14147 = SURFACE_SIDE_STYLE('',(#14148));
#14148 = SURFACE_STYLE_FILL_AREA(#14149);
#14149 = FILL_AREA_STYLE('',(#14150));
#14150 = FILL_AREA_STYLE_COLOUR('',#11939);
#14151 = STYLED_ITEM('color',(#14152),#3028);
#14152 = PRESENTATION_STYLE_ASSIGNMENT((#14153));
#14153 = SURFACE_STYLE_USAGE(.BOTH.,#14154);
#14154 = SURFACE_SIDE_STYLE('',(#14155));
#14155 = SURFACE_STYLE_FILL_AREA(#14156);
#14156 = FILL_AREA_STYLE('',(#14157));
#14157 = FILL_AREA_STYLE_COLOUR('',#11939);
#14158 = STYLED_ITEM('color',(#14159),#3053);
#14159 = PRESENTATION_STYLE_ASSIGNMENT((#14160));
#14160 = SURFACE_STYLE_USAGE(.BOTH.,#14161);
#14161 = SURFACE_SIDE_STYLE('',(#14162));
#14162 = SURFACE_STYLE_FILL_AREA(#14163);
#14163 = FILL_AREA_STYLE('',(#14164));
#14164 = FILL_AREA_STYLE_COLOUR('',#11939);
#14165 = STYLED_ITEM('color',(#14166),#3070);
#14166 = PRESENTATION_STYLE_ASSIGNMENT((#14167));
#14167 = SURFACE_STYLE_USAGE(.BOTH.,#14168);
#14168 = SURFACE_SIDE_STYLE('',(#14169));
#14169 = SURFACE_STYLE_FILL_AREA(#14170);
#14170 = FILL_AREA_STYLE('',(#14171));
#14171 = FILL_AREA_STYLE_COLOUR('',#11939);
#14172 = STYLED_ITEM('color',(#14173),#3156);
#14173 = PRESENTATION_STYLE_ASSIGNMENT((#14174));
#14174 = SURFACE_STYLE_USAGE(.BOTH.,#14175);
#14175 = SURFACE_SIDE_STYLE('',(#14176));
#14176 = SURFACE_STYLE_FILL_AREA(#14177);
#14177 = FILL_AREA_STYLE('',(#14178));
#14178 = FILL_AREA_STYLE_COLOUR('',#14179);
#14179 = COLOUR_RGB('',0.379000005575,0.270000008848,0.214999999939);
#14180 = STYLED_ITEM('color',(#14181),#3188);
#14181 = PRESENTATION_STYLE_ASSIGNMENT((#14182));
#14182 = SURFACE_STYLE_USAGE(.BOTH.,#14183);
#14183 = SURFACE_SIDE_STYLE('',(#14184));
#14184 = SURFACE_STYLE_FILL_AREA(#14185);
#14185 = FILL_AREA_STYLE('',(#14186));
#14186 = FILL_AREA_STYLE_COLOUR('',#14179);
#14187 = STYLED_ITEM('color',(#14188),#3212);
#14188 = PRESENTATION_STYLE_ASSIGNMENT((#14189));
#14189 = SURFACE_STYLE_USAGE(.BOTH.,#14190);
#14190 = SURFACE_SIDE_STYLE('',(#14191));
#14191 = SURFACE_STYLE_FILL_AREA(#14192);
#14192 = FILL_AREA_STYLE('',(#14193));
#14193 = FILL_AREA_STYLE_COLOUR('',#14179);
#14194 = STYLED_ITEM('color',(#14195),#3237);
#14195 = PRESENTATION_STYLE_ASSIGNMENT((#14196));
#14196 = SURFACE_STYLE_USAGE(.BOTH.,#14197);
#14197 = SURFACE_SIDE_STYLE('',(#14198));
#14198 = SURFACE_STYLE_FILL_AREA(#14199);
#14199 = FILL_AREA_STYLE('',(#14200));
#14200 = FILL_AREA_STYLE_COLOUR('',#14179);
#14201 = STYLED_ITEM('color',(#14202),#3261);
#14202 = PRESENTATION_STYLE_ASSIGNMENT((#14203));
#14203 = SURFACE_STYLE_USAGE(.BOTH.,#14204);
#14204 = SURFACE_SIDE_STYLE('',(#14205));
#14205 = SURFACE_STYLE_FILL_AREA(#14206);
#14206 = FILL_AREA_STYLE('',(#14207));
#14207 = FILL_AREA_STYLE_COLOUR('',#14179);
#14208 = STYLED_ITEM('color',(#14209),#3286);
#14209 = PRESENTATION_STYLE_ASSIGNMENT((#14210));
#14210 = SURFACE_STYLE_USAGE(.BOTH.,#14211);
#14211 = SURFACE_SIDE_STYLE('',(#14212));
#14212 = SURFACE_STYLE_FILL_AREA(#14213);
#14213 = FILL_AREA_STYLE('',(#14214));
#14214 = FILL_AREA_STYLE_COLOUR('',#14179);
#14215 = STYLED_ITEM('color',(#14216),#3310);
#14216 = PRESENTATION_STYLE_ASSIGNMENT((#14217));
#14217 = SURFACE_STYLE_USAGE(.BOTH.,#14218);
#14218 = SURFACE_SIDE_STYLE('',(#14219));
#14219 = SURFACE_STYLE_FILL_AREA(#14220);
#14220 = FILL_AREA_STYLE('',(#14221));
#14221 = FILL_AREA_STYLE_COLOUR('',#14179);
#14222 = STYLED_ITEM('color',(#14223),#3335);
#14223 = PRESENTATION_STYLE_ASSIGNMENT((#14224));
#14224 = SURFACE_STYLE_USAGE(.BOTH.,#14225);
#14225 = SURFACE_SIDE_STYLE('',(#14226));
#14226 = SURFACE_STYLE_FILL_AREA(#14227);
#14227 = FILL_AREA_STYLE('',(#14228));
#14228 = FILL_AREA_STYLE_COLOUR('',#14179);
#14229 = STYLED_ITEM('color',(#14230),#3352);
#14230 = PRESENTATION_STYLE_ASSIGNMENT((#14231));
#14231 = SURFACE_STYLE_USAGE(.BOTH.,#14232);
#14232 = SURFACE_SIDE_STYLE('',(#14233));
#14233 = SURFACE_STYLE_FILL_AREA(#14234);
#14234 = FILL_AREA_STYLE('',(#14235));
#14235 = FILL_AREA_STYLE_COLOUR('',#11939);
#14236 = STYLED_ITEM('color',(#14237),#3438);
#14237 = PRESENTATION_STYLE_ASSIGNMENT((#14238));
#14238 = SURFACE_STYLE_USAGE(.BOTH.,#14239);
#14239 = SURFACE_SIDE_STYLE('',(#14240));
#14240 = SURFACE_STYLE_FILL_AREA(#14241);
#14241 = FILL_AREA_STYLE('',(#14242));
#14242 = FILL_AREA_STYLE_COLOUR('',#11939);
#14243 = STYLED_ITEM('color',(#14244),#3469);
#14244 = PRESENTATION_STYLE_ASSIGNMENT((#14245));
#14245 = SURFACE_STYLE_USAGE(.BOTH.,#14246);
#14246 = SURFACE_SIDE_STYLE('',(#14247));
#14247 = SURFACE_STYLE_FILL_AREA(#14248);
#14248 = FILL_AREA_STYLE('',(#14249));
#14249 = FILL_AREA_STYLE_COLOUR('',#11939);
#14250 = STYLED_ITEM('color',(#14251),#3494);
#14251 = PRESENTATION_STYLE_ASSIGNMENT((#14252));
#14252 = SURFACE_STYLE_USAGE(.BOTH.,#14253);
#14253 = SURFACE_SIDE_STYLE('',(#14254));
#14254 = SURFACE_STYLE_FILL_AREA(#14255);
#14255 = FILL_AREA_STYLE('',(#14256));
#14256 = FILL_AREA_STYLE_COLOUR('',#11939);
#14257 = STYLED_ITEM('color',(#14258),#3519);
#14258 = PRESENTATION_STYLE_ASSIGNMENT((#14259));
#14259 = SURFACE_STYLE_USAGE(.BOTH.,#14260);
#14260 = SURFACE_SIDE_STYLE('',(#14261));
#14261 = SURFACE_STYLE_FILL_AREA(#14262);
#14262 = FILL_AREA_STYLE('',(#14263));
#14263 = FILL_AREA_STYLE_COLOUR('',#11939);
#14264 = STYLED_ITEM('color',(#14265),#3543);
#14265 = PRESENTATION_STYLE_ASSIGNMENT((#14266));
#14266 = SURFACE_STYLE_USAGE(.BOTH.,#14267);
#14267 = SURFACE_SIDE_STYLE('',(#14268));
#14268 = SURFACE_STYLE_FILL_AREA(#14269);
#14269 = FILL_AREA_STYLE('',(#14270));
#14270 = FILL_AREA_STYLE_COLOUR('',#11939);
#14271 = STYLED_ITEM('color',(#14272),#3567);
#14272 = PRESENTATION_STYLE_ASSIGNMENT((#14273));
#14273 = SURFACE_STYLE_USAGE(.BOTH.,#14274);
#14274 = SURFACE_SIDE_STYLE('',(#14275));
#14275 = SURFACE_STYLE_FILL_AREA(#14276);
#14276 = FILL_AREA_STYLE('',(#14277));
#14277 = FILL_AREA_STYLE_COLOUR('',#11939);
#14278 = STYLED_ITEM('color',(#14279),#3592);
#14279 = PRESENTATION_STYLE_ASSIGNMENT((#14280));
#14280 = SURFACE_STYLE_USAGE(.BOTH.,#14281);
#14281 = SURFACE_SIDE_STYLE('',(#14282));
#14282 = SURFACE_STYLE_FILL_AREA(#14283);
#14283 = FILL_AREA_STYLE('',(#14284));
#14284 = FILL_AREA_STYLE_COLOUR('',#11939);
#14285 = STYLED_ITEM('color',(#14286),#3617);
#14286 = PRESENTATION_STYLE_ASSIGNMENT((#14287));
#14287 = SURFACE_STYLE_USAGE(.BOTH.,#14288);
#14288 = SURFACE_SIDE_STYLE('',(#14289));
#14289 = SURFACE_STYLE_FILL_AREA(#14290);
#14290 = FILL_AREA_STYLE('',(#14291));
#14291 = FILL_AREA_STYLE_COLOUR('',#11939);
#14292 = STYLED_ITEM('color',(#14293),#3634);
#14293 = PRESENTATION_STYLE_ASSIGNMENT((#14294));
#14294 = SURFACE_STYLE_USAGE(.BOTH.,#14295);
#14295 = SURFACE_SIDE_STYLE('',(#14296));
#14296 = SURFACE_STYLE_FILL_AREA(#14297);
#14297 = FILL_AREA_STYLE('',(#14298));
#14298 = FILL_AREA_STYLE_COLOUR('',#11939);
#14299 = MECHANICAL_DESIGN_GEOMETRIC_PRESENTATION_REPRESENTATION('',(
    #14300,#14307,#14314,#14321,#14328,#14335,#14342,#14349,#14356,
    #14363,#14370,#14377,#14384,#14391,#14398,#14405,#14412,#14419,
    #14426,#14433,#14440,#14447,#14454,#14461,#14468,#14475),#2734);
#14300 = STYLED_ITEM('color',(#14301),#1946);
#14301 = PRESENTATION_STYLE_ASSIGNMENT((#14302));
#14302 = SURFACE_STYLE_USAGE(.BOTH.,#14303);
#14303 = SURFACE_SIDE_STYLE('',(#14304));
#14304 = SURFACE_STYLE_FILL_AREA(#14305);
#14305 = FILL_AREA_STYLE('',(#14306));
#14306 = FILL_AREA_STYLE_COLOUR('',#11939);
#14307 = STYLED_ITEM('color',(#14308),#1986);
#14308 = PRESENTATION_STYLE_ASSIGNMENT((#14309));
#14309 = SURFACE_STYLE_USAGE(.BOTH.,#14310);
#14310 = SURFACE_SIDE_STYLE('',(#14311));
#14311 = SURFACE_STYLE_FILL_AREA(#14312);
#14312 = FILL_AREA_STYLE('',(#14313));
#14313 = FILL_AREA_STYLE_COLOUR('',#11939);
#14314 = STYLED_ITEM('color',(#14315),#2069);
#14315 = PRESENTATION_STYLE_ASSIGNMENT((#14316));
#14316 = SURFACE_STYLE_USAGE(.BOTH.,#14317);
#14317 = SURFACE_SIDE_STYLE('',(#14318));
#14318 = SURFACE_STYLE_FILL_AREA(#14319);
#14319 = FILL_AREA_STYLE('',(#14320));
#14320 = FILL_AREA_STYLE_COLOUR('',#11939);
#14321 = STYLED_ITEM('color',(#14322),#2094);
#14322 = PRESENTATION_STYLE_ASSIGNMENT((#14323));
#14323 = SURFACE_STYLE_USAGE(.BOTH.,#14324);
#14324 = SURFACE_SIDE_STYLE('',(#14325));
#14325 = SURFACE_STYLE_FILL_AREA(#14326);
#14326 = FILL_AREA_STYLE('',(#14327));
#14327 = FILL_AREA_STYLE_COLOUR('',#11939);
#14328 = STYLED_ITEM('color',(#14329),#2119);
#14329 = PRESENTATION_STYLE_ASSIGNMENT((#14330));
#14330 = SURFACE_STYLE_USAGE(.BOTH.,#14331);
#14331 = SURFACE_SIDE_STYLE('',(#14332));
#14332 = SURFACE_STYLE_FILL_AREA(#14333);
#14333 = FILL_AREA_STYLE('',(#14334));
#14334 = FILL_AREA_STYLE_COLOUR('',#11939);
#14335 = STYLED_ITEM('color',(#14336),#2186);
#14336 = PRESENTATION_STYLE_ASSIGNMENT((#14337));
#14337 = SURFACE_STYLE_USAGE(.BOTH.,#14338);
#14338 = SURFACE_SIDE_STYLE('',(#14339));
#14339 = SURFACE_STYLE_FILL_AREA(#14340);
#14340 = FILL_AREA_STYLE('',(#14341));
#14341 = FILL_AREA_STYLE_COLOUR('',#11939);
#14342 = STYLED_ITEM('color',(#14343),#2203);
#14343 = PRESENTATION_STYLE_ASSIGNMENT((#14344));
#14344 = SURFACE_STYLE_USAGE(.BOTH.,#14345);
#14345 = SURFACE_SIDE_STYLE('',(#14346));
#14346 = SURFACE_STYLE_FILL_AREA(#14347);
#14347 = FILL_AREA_STYLE('',(#14348));
#14348 = FILL_AREA_STYLE_COLOUR('',#11939);
#14349 = STYLED_ITEM('color',(#14350),#2220);
#14350 = PRESENTATION_STYLE_ASSIGNMENT((#14351));
#14351 = SURFACE_STYLE_USAGE(.BOTH.,#14352);
#14352 = SURFACE_SIDE_STYLE('',(#14353));
#14353 = SURFACE_STYLE_FILL_AREA(#14354);
#14354 = FILL_AREA_STYLE('',(#14355));
#14355 = FILL_AREA_STYLE_COLOUR('',#11989);
#14356 = STYLED_ITEM('color',(#14357),#2269);
#14357 = PRESENTATION_STYLE_ASSIGNMENT((#14358));
#14358 = SURFACE_STYLE_USAGE(.BOTH.,#14359);
#14359 = SURFACE_SIDE_STYLE('',(#14360));
#14360 = SURFACE_STYLE_FILL_AREA(#14361);
#14361 = FILL_AREA_STYLE('',(#14362));
#14362 = FILL_AREA_STYLE_COLOUR('',#11939);
#14363 = STYLED_ITEM('color',(#14364),#2286);
#14364 = PRESENTATION_STYLE_ASSIGNMENT((#14365));
#14365 = SURFACE_STYLE_USAGE(.BOTH.,#14366);
#14366 = SURFACE_SIDE_STYLE('',(#14367));
#14367 = SURFACE_STYLE_FILL_AREA(#14368);
#14368 = FILL_AREA_STYLE('',(#14369));
#14369 = FILL_AREA_STYLE_COLOUR('',#11939);
#14370 = STYLED_ITEM('color',(#14371),#2303);
#14371 = PRESENTATION_STYLE_ASSIGNMENT((#14372));
#14372 = SURFACE_STYLE_USAGE(.BOTH.,#14373);
#14373 = SURFACE_SIDE_STYLE('',(#14374));
#14374 = SURFACE_STYLE_FILL_AREA(#14375);
#14375 = FILL_AREA_STYLE('',(#14376));
#14376 = FILL_AREA_STYLE_COLOUR('',#11989);
#14377 = STYLED_ITEM('color',(#14378),#2352);
#14378 = PRESENTATION_STYLE_ASSIGNMENT((#14379));
#14379 = SURFACE_STYLE_USAGE(.BOTH.,#14380);
#14380 = SURFACE_SIDE_STYLE('',(#14381));
#14381 = SURFACE_STYLE_FILL_AREA(#14382);
#14382 = FILL_AREA_STYLE('',(#14383));
#14383 = FILL_AREA_STYLE_COLOUR('',#11989);
#14384 = STYLED_ITEM('color',(#14385),#2369);
#14385 = PRESENTATION_STYLE_ASSIGNMENT((#14386));
#14386 = SURFACE_STYLE_USAGE(.BOTH.,#14387);
#14387 = SURFACE_SIDE_STYLE('',(#14388));
#14388 = SURFACE_STYLE_FILL_AREA(#14389);
#14389 = FILL_AREA_STYLE('',(#14390));
#14390 = FILL_AREA_STYLE_COLOUR('',#11939);
#14391 = STYLED_ITEM('color',(#14392),#2438);
#14392 = PRESENTATION_STYLE_ASSIGNMENT((#14393));
#14393 = SURFACE_STYLE_USAGE(.BOTH.,#14394);
#14394 = SURFACE_SIDE_STYLE('',(#14395));
#14395 = SURFACE_STYLE_FILL_AREA(#14396);
#14396 = FILL_AREA_STYLE('',(#14397));
#14397 = FILL_AREA_STYLE_COLOUR('',#12032);
#14398 = STYLED_ITEM('color',(#14399),#2469);
#14399 = PRESENTATION_STYLE_ASSIGNMENT((#14400));
#14400 = SURFACE_STYLE_USAGE(.BOTH.,#14401);
#14401 = SURFACE_SIDE_STYLE('',(#14402));
#14402 = SURFACE_STYLE_FILL_AREA(#14403);
#14403 = FILL_AREA_STYLE('',(#14404));
#14404 = FILL_AREA_STYLE_COLOUR('',#12032);
#14405 = STYLED_ITEM('color',(#14406),#2493);
#14406 = PRESENTATION_STYLE_ASSIGNMENT((#14407));
#14407 = SURFACE_STYLE_USAGE(.BOTH.,#14408);
#14408 = SURFACE_SIDE_STYLE('',(#14409));
#14409 = SURFACE_STYLE_FILL_AREA(#14410);
#14410 = FILL_AREA_STYLE('',(#14411));
#14411 = FILL_AREA_STYLE_COLOUR('',#11939);
#14412 = STYLED_ITEM('color',(#14413),#2562);
#14413 = PRESENTATION_STYLE_ASSIGNMENT((#14414));
#14414 = SURFACE_STYLE_USAGE(.BOTH.,#14415);
#14415 = SURFACE_SIDE_STYLE('',(#14416));
#14416 = SURFACE_STYLE_FILL_AREA(#14417);
#14417 = FILL_AREA_STYLE('',(#14418));
#14418 = FILL_AREA_STYLE_COLOUR('',#12032);
#14419 = STYLED_ITEM('color',(#14420),#2586);
#14420 = PRESENTATION_STYLE_ASSIGNMENT((#14421));
#14421 = SURFACE_STYLE_USAGE(.BOTH.,#14422);
#14422 = SURFACE_SIDE_STYLE('',(#14423));
#14423 = SURFACE_STYLE_FILL_AREA(#14424);
#14424 = FILL_AREA_STYLE('',(#14425));
#14425 = FILL_AREA_STYLE_COLOUR('',#11939);
#14426 = STYLED_ITEM('color',(#14427),#2603);
#14427 = PRESENTATION_STYLE_ASSIGNMENT((#14428));
#14428 = SURFACE_STYLE_USAGE(.BOTH.,#14429);
#14429 = SURFACE_SIDE_STYLE('',(#14430));
#14430 = SURFACE_STYLE_FILL_AREA(#14431);
#14431 = FILL_AREA_STYLE('',(#14432));
#14432 = FILL_AREA_STYLE_COLOUR('',#11939);
#14433 = STYLED_ITEM('color',(#14434),#2620);
#14434 = PRESENTATION_STYLE_ASSIGNMENT((#14435));
#14435 = SURFACE_STYLE_USAGE(.BOTH.,#14436);
#14436 = SURFACE_SIDE_STYLE('',(#14437));
#14437 = SURFACE_STYLE_FILL_AREA(#14438);
#14438 = FILL_AREA_STYLE('',(#14439));
#14439 = FILL_AREA_STYLE_COLOUR('',#11939);
#14440 = STYLED_ITEM('color',(#14441),#2637);
#14441 = PRESENTATION_STYLE_ASSIGNMENT((#14442));
#14442 = SURFACE_STYLE_USAGE(.BOTH.,#14443);
#14443 = SURFACE_SIDE_STYLE('',(#14444));
#14444 = SURFACE_STYLE_FILL_AREA(#14445);
#14445 = FILL_AREA_STYLE('',(#14446));
#14446 = FILL_AREA_STYLE_COLOUR('',#11939);
#14447 = STYLED_ITEM('color',(#14448),#2654);
#14448 = PRESENTATION_STYLE_ASSIGNMENT((#14449));
#14449 = SURFACE_STYLE_USAGE(.BOTH.,#14450);
#14450 = SURFACE_SIDE_STYLE('',(#14451));
#14451 = SURFACE_STYLE_FILL_AREA(#14452);
#14452 = FILL_AREA_STYLE('',(#14453));
#14453 = FILL_AREA_STYLE_COLOUR('',#11939);
#14454 = STYLED_ITEM('color',(#14455),#2671);
#14455 = PRESENTATION_STYLE_ASSIGNMENT((#14456));
#14456 = SURFACE_STYLE_USAGE(.BOTH.,#14457);
#14457 = SURFACE_SIDE_STYLE('',(#14458));
#14458 = SURFACE_STYLE_FILL_AREA(#14459);
#14459 = FILL_AREA_STYLE('',(#14460));
#14460 = FILL_AREA_STYLE_COLOUR('',#11939);
#14461 = STYLED_ITEM('color',(#14462),#2688);
#14462 = PRESENTATION_STYLE_ASSIGNMENT((#14463));
#14463 = SURFACE_STYLE_USAGE(.BOTH.,#14464);
#14464 = SURFACE_SIDE_STYLE('',(#14465));
#14465 = SURFACE_STYLE_FILL_AREA(#14466);
#14466 = FILL_AREA_STYLE('',(#14467));
#14467 = FILL_AREA_STYLE_COLOUR('',#11939);
#14468 = STYLED_ITEM('color',(#14469),#2705);
#14469 = PRESENTATION_STYLE_ASSIGNMENT((#14470));
#14470 = SURFACE_STYLE_USAGE(.BOTH.,#14471);
#14471 = SURFACE_SIDE_STYLE('',(#14472));
#14472 = SURFACE_STYLE_FILL_AREA(#14473);
#14473 = FILL_AREA_STYLE('',(#14474));
#14474 = FILL_AREA_STYLE_COLOUR('',#12032);
#14475 = STYLED_ITEM('color',(#14476),#2722);
#14476 = PRESENTATION_STYLE_ASSIGNMENT((#14477));
#14477 = SURFACE_STYLE_USAGE(.BOTH.,#14478);
#14478 = SURFACE_SIDE_STYLE('',(#14479));
#14479 = SURFACE_STYLE_FILL_AREA(#14480);
#14480 = FILL_AREA_STYLE('',(#14481));
#14481 = FILL_AREA_STYLE_COLOUR('',#12032);
#14482 = MECHANICAL_DESIGN_GEOMETRIC_PRESENTATION_REPRESENTATION('',(
    #14483,#14490,#14497,#14504,#14511,#14518,#14525,#14532,#14539,
    #14546,#14553,#14560,#14567,#14574,#14581,#14588,#14595,#14602,
    #14609,#14616,#14623,#14630,#14637,#14644,#14651,#14658,#14665,
    #14672),#1070);
#14483 = STYLED_ITEM('color',(#14484),#218);
#14484 = PRESENTATION_STYLE_ASSIGNMENT((#14485));
#14485 = SURFACE_STYLE_USAGE(.BOTH.,#14486);
#14486 = SURFACE_SIDE_STYLE('',(#14487));
#14487 = SURFACE_STYLE_FILL_AREA(#14488);
#14488 = FILL_AREA_STYLE('',(#14489));
#14489 = FILL_AREA_STYLE_COLOUR('',#11939);
#14490 = STYLED_ITEM('color',(#14491),#294);
#14491 = PRESENTATION_STYLE_ASSIGNMENT((#14492));
#14492 = SURFACE_STYLE_USAGE(.BOTH.,#14493);
#14493 = SURFACE_SIDE_STYLE('',(#14494));
#14494 = SURFACE_STYLE_FILL_AREA(#14495);
#14495 = FILL_AREA_STYLE('',(#14496));
#14496 = FILL_AREA_STYLE_COLOUR('',#11939);
#14497 = STYLED_ITEM('color',(#14498),#325);
#14498 = PRESENTATION_STYLE_ASSIGNMENT((#14499));
#14499 = SURFACE_STYLE_USAGE(.BOTH.,#14500);
#14500 = SURFACE_SIDE_STYLE('',(#14501));
#14501 = SURFACE_STYLE_FILL_AREA(#14502);
#14502 = FILL_AREA_STYLE('',(#14503));
#14503 = FILL_AREA_STYLE_COLOUR('',#11939);
#14504 = STYLED_ITEM('color',(#14505),#350);
#14505 = PRESENTATION_STYLE_ASSIGNMENT((#14506));
#14506 = SURFACE_STYLE_USAGE(.BOTH.,#14507);
#14507 = SURFACE_SIDE_STYLE('',(#14508));
#14508 = SURFACE_STYLE_FILL_AREA(#14509);
#14509 = FILL_AREA_STYLE('',(#14510));
#14510 = FILL_AREA_STYLE_COLOUR('',#11939);
#14511 = STYLED_ITEM('color',(#14512),#375);
#14512 = PRESENTATION_STYLE_ASSIGNMENT((#14513));
#14513 = SURFACE_STYLE_USAGE(.BOTH.,#14514);
#14514 = SURFACE_SIDE_STYLE('',(#14515));
#14515 = SURFACE_STYLE_FILL_AREA(#14516);
#14516 = FILL_AREA_STYLE('',(#14517));
#14517 = FILL_AREA_STYLE_COLOUR('',#11939);
#14518 = STYLED_ITEM('color',(#14519),#399);
#14519 = PRESENTATION_STYLE_ASSIGNMENT((#14520));
#14520 = SURFACE_STYLE_USAGE(.BOTH.,#14521);
#14521 = SURFACE_SIDE_STYLE('',(#14522));
#14522 = SURFACE_STYLE_FILL_AREA(#14523);
#14523 = FILL_AREA_STYLE('',(#14524));
#14524 = FILL_AREA_STYLE_COLOUR('',#11939);
#14525 = STYLED_ITEM('color',(#14526),#423);
#14526 = PRESENTATION_STYLE_ASSIGNMENT((#14527));
#14527 = SURFACE_STYLE_USAGE(.BOTH.,#14528);
#14528 = SURFACE_SIDE_STYLE('',(#14529));
#14529 = SURFACE_STYLE_FILL_AREA(#14530);
#14530 = FILL_AREA_STYLE('',(#14531));
#14531 = FILL_AREA_STYLE_COLOUR('',#11939);
#14532 = STYLED_ITEM('color',(#14533),#448);
#14533 = PRESENTATION_STYLE_ASSIGNMENT((#14534));
#14534 = SURFACE_STYLE_USAGE(.BOTH.,#14535);
#14535 = SURFACE_SIDE_STYLE('',(#14536));
#14536 = SURFACE_STYLE_FILL_AREA(#14537);
#14537 = FILL_AREA_STYLE('',(#14538));
#14538 = FILL_AREA_STYLE_COLOUR('',#11939);
#14539 = STYLED_ITEM('color',(#14540),#473);
#14540 = PRESENTATION_STYLE_ASSIGNMENT((#14541));
#14541 = SURFACE_STYLE_USAGE(.BOTH.,#14542);
#14542 = SURFACE_SIDE_STYLE('',(#14543));
#14543 = SURFACE_STYLE_FILL_AREA(#14544);
#14544 = FILL_AREA_STYLE('',(#14545));
#14545 = FILL_AREA_STYLE_COLOUR('',#11939);
#14546 = STYLED_ITEM('color',(#14547),#490);
#14547 = PRESENTATION_STYLE_ASSIGNMENT((#14548));
#14548 = SURFACE_STYLE_USAGE(.BOTH.,#14549);
#14549 = SURFACE_SIDE_STYLE('',(#14550));
#14550 = SURFACE_STYLE_FILL_AREA(#14551);
#14551 = FILL_AREA_STYLE('',(#14552));
#14552 = FILL_AREA_STYLE_COLOUR('',#11939);
#14553 = STYLED_ITEM('color',(#14554),#576);
#14554 = PRESENTATION_STYLE_ASSIGNMENT((#14555));
#14555 = SURFACE_STYLE_USAGE(.BOTH.,#14556);
#14556 = SURFACE_SIDE_STYLE('',(#14557));
#14557 = SURFACE_STYLE_FILL_AREA(#14558);
#14558 = FILL_AREA_STYLE('',(#14559));
#14559 = FILL_AREA_STYLE_COLOUR('',#14179);
#14560 = STYLED_ITEM('color',(#14561),#608);
#14561 = PRESENTATION_STYLE_ASSIGNMENT((#14562));
#14562 = SURFACE_STYLE_USAGE(.BOTH.,#14563);
#14563 = SURFACE_SIDE_STYLE('',(#14564));
#14564 = SURFACE_STYLE_FILL_AREA(#14565);
#14565 = FILL_AREA_STYLE('',(#14566));
#14566 = FILL_AREA_STYLE_COLOUR('',#14179);
#14567 = STYLED_ITEM('color',(#14568),#632);
#14568 = PRESENTATION_STYLE_ASSIGNMENT((#14569));
#14569 = SURFACE_STYLE_USAGE(.BOTH.,#14570);
#14570 = SURFACE_SIDE_STYLE('',(#14571));
#14571 = SURFACE_STYLE_FILL_AREA(#14572);
#14572 = FILL_AREA_STYLE('',(#14573));
#14573 = FILL_AREA_STYLE_COLOUR('',#14179);
#14574 = STYLED_ITEM('color',(#14575),#657);
#14575 = PRESENTATION_STYLE_ASSIGNMENT((#14576));
#14576 = SURFACE_STYLE_USAGE(.BOTH.,#14577);
#14577 = SURFACE_SIDE_STYLE('',(#14578));
#14578 = SURFACE_STYLE_FILL_AREA(#14579);
#14579 = FILL_AREA_STYLE('',(#14580));
#14580 = FILL_AREA_STYLE_COLOUR('',#14179);
#14581 = STYLED_ITEM('color',(#14582),#681);
#14582 = PRESENTATION_STYLE_ASSIGNMENT((#14583));
#14583 = SURFACE_STYLE_USAGE(.BOTH.,#14584);
#14584 = SURFACE_SIDE_STYLE('',(#14585));
#14585 = SURFACE_STYLE_FILL_AREA(#14586);
#14586 = FILL_AREA_STYLE('',(#14587));
#14587 = FILL_AREA_STYLE_COLOUR('',#14179);
#14588 = STYLED_ITEM('color',(#14589),#706);
#14589 = PRESENTATION_STYLE_ASSIGNMENT((#14590));
#14590 = SURFACE_STYLE_USAGE(.BOTH.,#14591);
#14591 = SURFACE_SIDE_STYLE('',(#14592));
#14592 = SURFACE_STYLE_FILL_AREA(#14593);
#14593 = FILL_AREA_STYLE('',(#14594));
#14594 = FILL_AREA_STYLE_COLOUR('',#14179);
#14595 = STYLED_ITEM('color',(#14596),#730);
#14596 = PRESENTATION_STYLE_ASSIGNMENT((#14597));
#14597 = SURFACE_STYLE_USAGE(.BOTH.,#14598);
#14598 = SURFACE_SIDE_STYLE('',(#14599));
#14599 = SURFACE_STYLE_FILL_AREA(#14600);
#14600 = FILL_AREA_STYLE('',(#14601));
#14601 = FILL_AREA_STYLE_COLOUR('',#14179);
#14602 = STYLED_ITEM('color',(#14603),#755);
#14603 = PRESENTATION_STYLE_ASSIGNMENT((#14604));
#14604 = SURFACE_STYLE_USAGE(.BOTH.,#14605);
#14605 = SURFACE_SIDE_STYLE('',(#14606));
#14606 = SURFACE_STYLE_FILL_AREA(#14607);
#14607 = FILL_AREA_STYLE('',(#14608));
#14608 = FILL_AREA_STYLE_COLOUR('',#14179);
#14609 = STYLED_ITEM('color',(#14610),#772);
#14610 = PRESENTATION_STYLE_ASSIGNMENT((#14611));
#14611 = SURFACE_STYLE_USAGE(.BOTH.,#14612);
#14612 = SURFACE_SIDE_STYLE('',(#14613));
#14613 = SURFACE_STYLE_FILL_AREA(#14614);
#14614 = FILL_AREA_STYLE('',(#14615));
#14615 = FILL_AREA_STYLE_COLOUR('',#11939);
#14616 = STYLED_ITEM('color',(#14617),#858);
#14617 = PRESENTATION_STYLE_ASSIGNMENT((#14618));
#14618 = SURFACE_STYLE_USAGE(.BOTH.,#14619);
#14619 = SURFACE_SIDE_STYLE('',(#14620));
#14620 = SURFACE_STYLE_FILL_AREA(#14621);
#14621 = FILL_AREA_STYLE('',(#14622));
#14622 = FILL_AREA_STYLE_COLOUR('',#11939);
#14623 = STYLED_ITEM('color',(#14624),#889);
#14624 = PRESENTATION_STYLE_ASSIGNMENT((#14625));
#14625 = SURFACE_STYLE_USAGE(.BOTH.,#14626);
#14626 = SURFACE_SIDE_STYLE('',(#14627));
#14627 = SURFACE_STYLE_FILL_AREA(#14628);
#14628 = FILL_AREA_STYLE('',(#14629));
#14629 = FILL_AREA_STYLE_COLOUR('',#11939);
#14630 = STYLED_ITEM('color',(#14631),#914);
#14631 = PRESENTATION_STYLE_ASSIGNMENT((#14632));
#14632 = SURFACE_STYLE_USAGE(.BOTH.,#14633);
#14633 = SURFACE_SIDE_STYLE('',(#14634));
#14634 = SURFACE_STYLE_FILL_AREA(#14635);
#14635 = FILL_AREA_STYLE('',(#14636));
#14636 = FILL_AREA_STYLE_COLOUR('',#11939);
#14637 = STYLED_ITEM('color',(#14638),#939);
#14638 = PRESENTATION_STYLE_ASSIGNMENT((#14639));
#14639 = SURFACE_STYLE_USAGE(.BOTH.,#14640);
#14640 = SURFACE_SIDE_STYLE('',(#14641));
#14641 = SURFACE_STYLE_FILL_AREA(#14642);
#14642 = FILL_AREA_STYLE('',(#14643));
#14643 = FILL_AREA_STYLE_COLOUR('',#11939);
#14644 = STYLED_ITEM('color',(#14645),#963);
#14645 = PRESENTATION_STYLE_ASSIGNMENT((#14646));
#14646 = SURFACE_STYLE_USAGE(.BOTH.,#14647);
#14647 = SURFACE_SIDE_STYLE('',(#14648));
#14648 = SURFACE_STYLE_FILL_AREA(#14649);
#14649 = FILL_AREA_STYLE('',(#14650));
#14650 = FILL_AREA_STYLE_COLOUR('',#11939);
#14651 = STYLED_ITEM('color',(#14652),#987);
#14652 = PRESENTATION_STYLE_ASSIGNMENT((#14653));
#14653 = SURFACE_STYLE_USAGE(.BOTH.,#14654);
#14654 = SURFACE_SIDE_STYLE('',(#14655));
#14655 = SURFACE_STYLE_FILL_AREA(#14656);
#14656 = FILL_AREA_STYLE('',(#14657));
#14657 = FILL_AREA_STYLE_COLOUR('',#11939);
#14658 = STYLED_ITEM('color',(#14659),#1012);
#14659 = PRESENTATION_STYLE_ASSIGNMENT((#14660));
#14660 = SURFACE_STYLE_USAGE(.BOTH.,#14661);
#14661 = SURFACE_SIDE_STYLE('',(#14662));
#14662 = SURFACE_STYLE_FILL_AREA(#14663);
#14663 = FILL_AREA_STYLE('',(#14664));
#14664 = FILL_AREA_STYLE_COLOUR('',#11939);
#14665 = STYLED_ITEM('color',(#14666),#1037);
#14666 = PRESENTATION_STYLE_ASSIGNMENT((#14667));
#14667 = SURFACE_STYLE_USAGE(.BOTH.,#14668);
#14668 = SURFACE_SIDE_STYLE('',(#14669));
#14669 = SURFACE_STYLE_FILL_AREA(#14670);
#14670 = FILL_AREA_STYLE('',(#14671));
#14671 = FILL_AREA_STYLE_COLOUR('',#11939);
#14672 = STYLED_ITEM('color',(#14673),#1054);
#14673 = PRESENTATION_STYLE_ASSIGNMENT((#14674));
#14674 = SURFACE_STYLE_USAGE(.BOTH.,#14675);
#14675 = SURFACE_SIDE_STYLE('',(#14676));
#14676 = SURFACE_STYLE_FILL_AREA(#14677);
#14677 = FILL_AREA_STYLE('',(#14678));
#14678 = FILL_AREA_STYLE_COLOUR('',#11939);
ENDSEC;
END-ISO-10303-21;
